relative_path,role,bytes,modified_utc,sha256
Europe/non_stratified/EU_maps.zip,geospatial,11396974,2025-10-09 17:43:56 UTC,54d842446e791400e97b0e26522f4d15eb662b633717aabb14b94205b7ef1811
Europe/non_stratified/Figure1.R,code,6294,2025-11-23 22:10:22 UTC,2c55dab4c7171d4d8dafa55d3e092f1fea7fe6c208c82b912bf3d9f09d3253bc
Europe/non_stratified/Figure1.key,other,726908,2025-11-23 22:13:59 UTC,60edcb371944b645e3559f53a094ad3ca8db30c3133954bc843d080c922c897d
Europe/non_stratified/IE_result/IE_age_25_45.rda,result,362967,2025-10-09 17:44:05 UTC,e96f332e5f39b24cf1d86e4d0919bba75691b6b19e6c92153605ae5d65ba46d3
Europe/non_stratified/IE_result/IE_age_45_65.rda,result,379737,2025-10-09 17:44:06 UTC,242345d82a31e0b7720a5e296d37aee9f9c9edd64e8c094e2bd2ebdd9e2b0aff
Europe/non_stratified/IE_result/IE_age_65_85.rda,result,435485,2025-10-09 17:44:05 UTC,cf0a61de1c92fb1796e602ae3793ef067f5c2e20b2c0d34c8425d5bff46d06ae
Europe/non_stratified/IE_result/IE_age_85.rda,result,439956,2025-10-09 17:44:05 UTC,06470f6501e26a2983758f0ac142bafd09d5fafdf2b71cc48297ff65a9f19006
Europe/non_stratified/IE_result/IE_result_age_25_45.rda,result,417,2025-10-09 17:44:06 UTC,228b80eea9b48ebed97a0aa8c592bbbb41b8c27f35667ac371a8d887fa264054
Europe/non_stratified/IE_result/IE_result_age_45_65.rda,result,424,2025-10-09 17:44:05 UTC,cd8e1f1c69a7451200c3395cfb95633c6c917b1c4febaa5423d64821125405c6
Europe/non_stratified/IE_result/IE_result_age_65_85.rda,result,420,2025-10-09 17:44:05 UTC,858453f5117d96cdf48687b5dcd9a858f5b628dd5a92b2302cd5857f6b948d79
Europe/non_stratified/IE_result/IE_result_age_85.rda,result,421,2025-10-09 17:44:05 UTC,ea557236772f4e1c2909cb04210f3adc4f509180abf24cd1da15fae53182173d
Europe/non_stratified/UK_results/UK_result_65_85.rda,result,508,2025-10-09 17:40:06 UTC,728b4be2ca4536566d1c89865cc841e0621eb61a87da77ed4713c0f8d9250cbe
Europe/non_stratified/UK_results/UK_result_85.rda,result,510,2025-10-09 17:40:07 UTC,22462f493521cc79b12a7e77f45f15680342f708f820c0f6f8e5910f25851fc3
Europe/non_stratified/UK_results/UK_result_under_65.rda,result,514,2025-10-09 17:40:06 UTC,4674089a823fb7c34e6cdae6bec51e83c833df42c3e1b5ec3dafd042cc33ca3e
Europe/non_stratified/age_20_39.csv,input,2614559,2025-10-09 17:44:07 UTC,24690b111d22ecae10e7075b6e62806657e86ea8068a683c08198c1360ec15b8
Europe/non_stratified/age_20_39.csv.gz,input,137362,2025-10-09 17:45:02 UTC,6701242815902563a0c8499405a4262291ae8ba68525918872901b8c52a49e3f
Europe/non_stratified/age_40_59.csv,input,2637281,2025-10-09 17:44:56 UTC,c1fac839063e45646289c09526734ae3e833309e65a09f14a3307a5c0f23a747
Europe/non_stratified/age_40_59.csv.gz,input,152826,2025-10-09 17:42:51 UTC,a6a0f148ce2b1f31d2d29e63fa5fe914478dc91635a70a1e5db788528416ce1b
Europe/non_stratified/age_60_79.csv,input,2654223,2025-10-09 17:45:07 UTC,61034e4a264e81e0577f6ccee18b50acdb2435caddf25f6e3e2ba0ffbb9800ca
Europe/non_stratified/age_60_79.csv.gz,input,168467,2025-10-09 17:45:03 UTC,9258f34cdace5fd8b4cbf7387f38abdbdbabcf08d29de257d6668118689c96ba
Europe/non_stratified/age_80.csv,input,2656492,2025-10-09 17:45:02 UTC,f28f5ba9fb64c66c8c18c02e5918c6929d0bc557ebe930a7bc4f9eb88bc22694
Europe/non_stratified/age_80.csv.gz,input,173072,2025-10-09 17:44:06 UTC,ea04eecd8d28c21ad303911bb5dbf16a35f8d66df8a7838e841d07e0f1135c83
Europe/non_stratified/combine_results.R,code,2011,2025-10-09 17:44:57 UTC,bd33c70dc287be0bf03a13970ebcbf666044ff5e59c0d41b52985f7ead3e9b10
Europe/non_stratified/example.R,code,1041,2025-11-20 16:34:44 UTC,b2eae948149efee4c47cba696a817dee434a372c5adfd6585978b4bba9e92ca2
Europe/non_stratified/fitted_model/AL_age_20_39.rda,model,814660,2025-10-09 17:41:05 UTC,7d77a395c0aa847c2bfbae235475ff9ace0a3329efa23cccef755c5d823f6742
Europe/non_stratified/fitted_model/AL_age_40_59.rda,model,1027385,2025-10-09 17:41:53 UTC,18efbacea37dfc31970982eb723d5de2e7249f289a92ad605d9296b3580b00e5
Europe/non_stratified/fitted_model/AL_age_60_79.rda,model,1417231,2025-10-09 17:40:51 UTC,764602e5e9962352a71950b26d0a7a49494f59a9a77293da0c861c7c42796313
Europe/non_stratified/fitted_model/AL_age_80.rda,model,1531551,2025-10-09 17:41:45 UTC,1e56f6b1ec559115357b9ae5f4cdff004b1d58f5c099b32af2d33e160916c593
Europe/non_stratified/fitted_model/AT_age_20_39.rda,model,3392944,2025-10-09 17:41:14 UTC,e2979c0b325bd63ce3573a15b997e35c3fe0d91919f267d4ca0881455ee1c5ae
Europe/non_stratified/fitted_model/AT_age_40_59.rda,model,4378334,2025-10-09 17:41:07 UTC,06cc0b29ff388a2cb4301fe9d7bccccf0a9e7ec306a3999f0db1389d90f620c4
Europe/non_stratified/fitted_model/AT_age_60_79.rda,model,5609347,2025-10-09 17:41:11 UTC,08871ee0dddbdbd98c71b3677bf8f768b61d312fb91496de1cb136c86e292883
Europe/non_stratified/fitted_model/AT_age_80.rda,model,6184746,2025-10-09 17:41:20 UTC,20ceb499462e6fe690efd31866c4250c46d0e9170da3db8d11056c3e2b6bee45
Europe/non_stratified/fitted_model/BE_age_20_39.rda,model,3628304,2025-10-09 17:40:10 UTC,924869d5558694c8c04872ae9d455e783db8d61b6e080d8305e4673d574434ad
Europe/non_stratified/fitted_model/BE_age_40_59.rda,model,4721926,2025-10-09 17:40:50 UTC,2ac29929a69e7ca4b1b246cb7ec351787bc7c24ab37e1689e8f6d8cf6abe4a2a
Europe/non_stratified/fitted_model/BE_age_60_79.rda,model,5918976,2025-10-09 17:40:25 UTC,d5a3d563790ef04336f92a77951ad01b6b7b0f835d76fc4355b3f87a60573e78
Europe/non_stratified/fitted_model/BE_age_80.rda,model,6501650,2025-10-09 17:42:06 UTC,d3c952e12fd28784d74f9c750411616e4762703d66c38abf69459388e08f13a7
Europe/non_stratified/fitted_model/BG_age_20_39.rda,model,3700873,2025-10-09 17:41:14 UTC,f8a72cd95c756be40d8be2229a248910ec98d0fc5b0e506def7a9e800a9ffceb
Europe/non_stratified/fitted_model/BG_age_40_59.rda,model,5308374,2025-10-09 17:41:59 UTC,b8ec9c22f2a9ff54427cfa7f2571aab096c64cf3adb11f98aa48ed92e7357234
Europe/non_stratified/fitted_model/BG_age_60_79.rda,model,6260722,2025-10-09 17:41:19 UTC,52e4d6d661febc511094e95ebf5ec6b1ac8b2ed523ba9a945f26d9c59b539c19
Europe/non_stratified/fitted_model/BG_age_80.rda,model,6314897,2025-10-09 17:40:10 UTC,cc858869f42ad009f42d41113ca1abba3e65d12049c6926f8e8a63f0312e4896
Europe/non_stratified/fitted_model/CH_age_20_39.rda,model,3226114,2025-10-09 17:41:13 UTC,58f60b6b172d0a9b760641bf8c07f7140aaa35db08e1eb234342693501384a16
Europe/non_stratified/fitted_model/CH_age_40_59.rda,model,4098260,2025-10-09 17:41:13 UTC,9b973df8eba330cf715f4c77c95d704b8b96cffc1cb58c0cd80cc51974f68483
Europe/non_stratified/fitted_model/CH_age_60_79.rda,model,4985847,2025-10-09 17:41:08 UTC,b392293a0f6ba30704f9fb664f4840962e8765e67857d4d4dd23256286378ce6
Europe/non_stratified/fitted_model/CH_age_80.rda,model,6090832,2025-10-09 17:40:59 UTC,61452e22e1eeac6ecec4da37d6832ae94ff4e4bbf221de32821444d027a5de6d
Europe/non_stratified/fitted_model/CY_age_20_39.rda,model,743068,2025-10-09 17:40:11 UTC,6705ef7f32a79347937690fa22d7316942ffba341836c411e7fa44950214ad56
Europe/non_stratified/fitted_model/CY_age_40_59.rda,model,977813,2025-10-09 17:40:37 UTC,9225df98db2d9f69e608341bc5b4f431c74df4ab1f0bcb4a5173a893505a5da5
Europe/non_stratified/fitted_model/CY_age_60_79.rda,model,1326377,2025-10-09 17:42:09 UTC,0ac12aa1f5c94e409c6e33d072a95e4fc8c5c41c7ad3b0f7f5e334cb9d679103
Europe/non_stratified/fitted_model/CY_age_80.rda,model,1527269,2025-10-09 17:41:41 UTC,2690447805126071cb55dc6ac54f471e28058a80126c067ee9e83c8b8c16cf0b
Europe/non_stratified/fitted_model/CZ_age_20_39.rda,model,2815430,2025-10-09 17:40:53 UTC,ef4a1205de3b92f239eb8fa648c29a32097733c4d3a16ef2b48a959fabb810c3
Europe/non_stratified/fitted_model/CZ_age_40_59.rda,model,3967431,2025-10-09 17:41:02 UTC,6599c1588933eedd218b6fadbce6c3c6a262d1254079dae2681f51d4da7eb6a3
Europe/non_stratified/fitted_model/CZ_age_60_79.rda,model,4671853,2025-10-09 17:40:49 UTC,c2575b6bb568addf92aeb1d5d873a6707d7dcf60a09058b6fdba774ec0758a30
Europe/non_stratified/fitted_model/CZ_age_80.rda,model,4879949,2025-10-09 17:41:47 UTC,28f499eff9b80ebfc270562f19a71f8f4f48bf3956ad5388b4b4ab76fc9fc0ba
Europe/non_stratified/fitted_model/DE_age_20_39.rda,model,5094288,2025-10-09 17:40:08 UTC,b30893f62460d28f280312787d43b93dbef51729630f5a295bd4af0b6bfdd1c7
Europe/non_stratified/fitted_model/DE_age_40_59.rda,model,6169142,2025-10-09 17:41:51 UTC,d97838d6fdf8749607577e5fecd650887e159588e249457d4d314d05d6bcef3e
Europe/non_stratified/fitted_model/DE_age_60_79.rda,model,7249376,2025-10-09 17:41:10 UTC,ae1ecc087d7027a46528f8cee3a627da109b7fdc9167d03ec0538bb8c38eccc9
Europe/non_stratified/fitted_model/DE_age_80.rda,model,8111556,2025-10-09 17:40:58 UTC,d5a0d0094a696dc328dab09dc5c0f7767d4c1a926a31ff331911a06028d647c5
Europe/non_stratified/fitted_model/DK_age_20_39.rda,model,2135936,2025-10-09 17:40:38 UTC,86725b1cf98c3082f8e36c0a9092e65363c5beb68a05398e57e01c9d2d125b4c
Europe/non_stratified/fitted_model/DK_age_40_59.rda,model,3014277,2025-10-09 17:42:03 UTC,0a567b70d1f2e83dba33a37b97272750c29726734e1c4cc78370de4518aa9694
Europe/non_stratified/fitted_model/DK_age_60_79.rda,model,3599937,2025-10-09 17:40:24 UTC,ecb2eaf97004df714b3976f267ed3071979d4b88152e12f875a9b67e513415c7
Europe/non_stratified/fitted_model/DK_age_80.rda,model,3993350,2025-10-09 17:40:18 UTC,3d24b67e68890d7a0444b051b732acc3f50c6aa1accdc7ceee48249e7b82284e
Europe/non_stratified/fitted_model/EE_age_20_39.rda,model,2932196,2025-10-09 17:40:11 UTC,20b1aaa1b22007f639cbb25d8fcd9dc7d076a052e6451d0d24c653bb7d4fe25f
Europe/non_stratified/fitted_model/EE_age_40_59.rda,model,3889505,2025-10-09 17:41:15 UTC,47990def12e89d636a185a24e31fe55e9dd87daa8de8792c5a499abebd10ec0e
Europe/non_stratified/fitted_model/EE_age_60_79.rda,model,4626640,2025-10-09 17:40:19 UTC,518d09ec9abd90c47c14de6d5b34a886227738a8f57a1b25220b91ece2c75ca4
Europe/non_stratified/fitted_model/EE_age_80.rda,model,4713896,2025-10-09 17:40:16 UTC,e7914d8db5a7b60eb7428318cbe4dac02a92b06a45d8f21afd84f64f10ea94f5
Europe/non_stratified/fitted_model/EL_age_20_39.rda,model,1204261,2025-10-09 17:40:40 UTC,bdc84160326edfa67a2d94ea169b6752e20ec4a55b8276e2aaab7f24f9da08ed
Europe/non_stratified/fitted_model/EL_age_40_59.rda,model,1616427,2025-10-09 17:40:29 UTC,2b9e0163dd36bd2ab511c405261856b7f282b7ebd71cbdd9cc760e34c1b61e36
Europe/non_stratified/fitted_model/EL_age_60_79.rda,model,2118888,2025-10-09 17:40:23 UTC,752c938947d9a3fdc010b2150e1a2d071195f4159f1ede813d24b53a4925f71e
Europe/non_stratified/fitted_model/EL_age_80.rda,model,2401441,2025-10-09 17:41:40 UTC,da8893b3b882e857cbd2eaa39ebc1938a63da8606e8a8330e24621cfd61d9822
Europe/non_stratified/fitted_model/ES_age_20_39.rda,model,4754796,2025-10-09 17:41:29 UTC,3fd7aded25ccf1d15ae8d826f7701bad9eb6cd83bdae7b3075e8531674a72b41
Europe/non_stratified/fitted_model/ES_age_40_59.rda,model,5466749,2025-10-09 17:40:34 UTC,21961233081af958e77b97d2e96daf00b9971a78419cd1547500b83a8f3026fd
Europe/non_stratified/fitted_model/ES_age_60_79.rda,model,6749186,2025-10-09 17:40:21 UTC,079b7248c808d471ec551f34d947fb54acb748ba9607553b6bb746ceba61a0fa
Europe/non_stratified/fitted_model/ES_age_80.rda,model,7655850,2025-10-09 17:40:12 UTC,9926ceec3394a778bbd789d6a302414407b613adb694fe6b34669c9d565d8b02
Europe/non_stratified/fitted_model/FI_age_20_39.rda,model,3197564,2025-10-09 17:41:36 UTC,80b0b0482f381ca3b6d2c2c120aaa3d1da544e8be04dc878d782331de3f76bf7
Europe/non_stratified/fitted_model/FI_age_40_59.rda,model,4427048,2025-10-09 17:41:04 UTC,541639715618b3ecc3a49b5815f86e8231315b3f948bcd3606c4ef32fdc22ccd
Europe/non_stratified/fitted_model/FI_age_60_79.rda,model,5000229,2025-10-09 17:40:29 UTC,a8398bbc5bf038999edafeb69442ea1ec4ea40d035b85769cb86f492b54ba51b
Europe/non_stratified/fitted_model/FI_age_80.rda,model,5832839,2025-10-09 17:40:09 UTC,9b3fac90cc37c22d91142a3b6e37621218acd1242345252418d75bcedc765eb6
Europe/non_stratified/fitted_model/FR_age_20_39.rda,model,1961833,2025-10-09 17:41:05 UTC,2f536ffbe62d5698cfa8e60840b301dd6fdf3218e098a7d7780de4000e4a9119
Europe/non_stratified/fitted_model/FR_age_40_59.rda,model,2633638,2025-10-09 17:40:08 UTC,c6b336bfb634b71943ab82ec528f533b48146c1c0f53716e44cc7dc935e04e54
Europe/non_stratified/fitted_model/FR_age_60_79.rda,model,3017495,2025-10-09 17:41:08 UTC,1b3ebb8cae67b10163a5a495082d94a2573fc0680cbe75a44eb440c52be490d2
Europe/non_stratified/fitted_model/FR_age_80.rda,model,3481321,2025-10-09 17:40:31 UTC,5b311a017f8aab094ce0d7d6ba9da6d08f1b8d60a853a101d7d6ecf5f67c5502
Europe/non_stratified/fitted_model/HR_age_20_39.rda,model,3143433,2025-10-09 17:40:48 UTC,af9e0a30d6ff7c3663ca0e391d31e8c2276cb4ec0b18220aea027c0532061759
Europe/non_stratified/fitted_model/HR_age_40_59.rda,model,4353013,2025-10-09 17:40:12 UTC,abe8b93ae6a69065f5ddcd04b007bdbecebf589dbc2fd28b8f004bfed5ad4527
Europe/non_stratified/fitted_model/HR_age_60_79.rda,model,5714777,2025-10-09 17:40:20 UTC,03a33d06b00c222738fbd008b161bb63b765ba00396a0e27b87270b627bca798
Europe/non_stratified/fitted_model/HR_age_80.rda,model,5934269,2025-10-09 17:41:16 UTC,fcfc801bbb09f44f65bd710b2e1e754e9b2a33c2b4e19df892a93ddd66c2e68b
Europe/non_stratified/fitted_model/HU_age_20_39.rda,model,3853723,2025-10-09 17:40:30 UTC,ea81608cbca63249f61f591738a9f64f1dfeac56c0f471b88532da331c93af8c
Europe/non_stratified/fitted_model/HU_age_40_59.rda,model,5545326,2025-10-09 17:40:26 UTC,14bfb5982d195a161b760af852e750b0a27e59c18e11dc8114a0a045dabc1999
Europe/non_stratified/fitted_model/HU_age_60_79.rda,model,6233129,2025-10-09 17:40:28 UTC,12dfcbc04b562557ace660120c3c814fd37ff93c6faa53ce7969811784b5f200
Europe/non_stratified/fitted_model/HU_age_80.rda,model,6364943,2025-10-09 17:42:10 UTC,3124592ac68c399e1592b3c855431758f3ded20ab31c39c6488ba9249dd5b225
Europe/non_stratified/fitted_model/IS_age_20_39.rda,model,1639572,2025-10-09 17:40:16 UTC,7360f4d2013eba572ddc80340a01e537c719e78789aaf1cd4b006b6a98b4db47
Europe/non_stratified/fitted_model/IS_age_40_59.rda,model,2232047,2025-10-09 17:41:17 UTC,7f8f498e4413956960f0455e2acbbded5dfd3364f17227b99ac82ebc126c8456
Europe/non_stratified/fitted_model/IS_age_60_79.rda,model,2929390,2025-10-09 17:41:00 UTC,534a96a9674879b15c2226cad16e40ac143e626620687fa3166859f0412c4d80
Europe/non_stratified/fitted_model/IS_age_80.rda,model,3260314,2025-10-09 17:41:48 UTC,81d62b27f9ccff88a963b1cdfc6af5ae87d3101919788ff34ead88f1f3336746
Europe/non_stratified/fitted_model/IT_age_20_39.rda,model,2338891,2025-10-09 17:40:52 UTC,439a0423a998809c072b851c7ee7ed4a7f6ed004faf99e2a424787ccb0ed5749
Europe/non_stratified/fitted_model/IT_age_40_59.rda,model,3039552,2025-10-09 17:40:30 UTC,941a15d1a0a3d807daaaeb0c95d8428ce11d9443035bf814439fe8bae8b90e39
Europe/non_stratified/fitted_model/IT_age_60_79.rda,model,3666088,2025-10-09 17:41:18 UTC,92a67c20a7422dfa701d6bdf531a12824a25a5f01db180c30270982054d68a92
Europe/non_stratified/fitted_model/IT_age_80.rda,model,4162791,2025-10-09 17:41:21 UTC,f23dadd1cd8073686e512af388f8a619e27eda15218f0a8b8d393da095c885ae
Europe/non_stratified/fitted_model/LI_age_20_39.rda,model,496131,2025-10-09 17:41:14 UTC,55b06335020a2372ac813ce0f20a705cd8e45fce70a9f4c570508ebedfba77ef
Europe/non_stratified/fitted_model/LI_age_40_59.rda,model,1238344,2025-10-09 17:41:21 UTC,27c8f2fb52f64bf5c14fe982686463a7ef01cde2beeaae923b58b5c8acd6ee64
Europe/non_stratified/fitted_model/LI_age_60_79.rda,model,1911000,2025-10-09 17:40:28 UTC,b86941c1ad4d4dbd5760acf4d155410ecd0fa0acd84c17f2430f81569119f8d3
Europe/non_stratified/fitted_model/LI_age_80.rda,model,2058031,2025-10-09 17:41:52 UTC,7e43357d498874b68a9a9433021d0ebded635fd92f3752e1a7d8483208ea4d77
Europe/non_stratified/fitted_model/LT_age_20_39.rda,model,3663185,2025-10-09 17:41:17 UTC,7bb634c44a230e7c3c93e342223e246a77f85adbfee6796993a667d605efc2a5
Europe/non_stratified/fitted_model/LT_age_40_59.rda,model,4687659,2025-10-09 17:41:56 UTC,e313c712fd94eda11a42cee2c6628eb4b2974380ddc10727574864067fa86b7d
Europe/non_stratified/fitted_model/LT_age_60_79.rda,model,5420871,2025-10-09 17:40:42 UTC,ef2d61460dc736bf19ad1984ce883304ca29d0bfc291fbb02917445edf9210f5
Europe/non_stratified/fitted_model/LT_age_80.rda,model,5642994,2025-10-09 17:41:20 UTC,bb9d0649f54472b88a1d3511db680283db2005621e3f014054dc9ab0426d8fc7
Europe/non_stratified/fitted_model/LU_age_20_39.rda,model,1893571,2025-10-09 17:41:22 UTC,cf362c895bf3cc6bfa6c1fb7ed5bbfacbb8a1581089962b2bc2ea5662a6d6688
Europe/non_stratified/fitted_model/LU_age_40_59.rda,model,2678284,2025-10-09 17:41:18 UTC,897bd68ab06ed760a63c1232ed731dd42d6f231d70d2f776743f3f253a218a6e
Europe/non_stratified/fitted_model/LU_age_60_79.rda,model,3297335,2025-10-09 17:40:21 UTC,a611ca770cdfe32386883efca82383c6cf7e4292c7a48c99878e9a5d7e45c71e
Europe/non_stratified/fitted_model/LU_age_80.rda,model,3727297,2025-10-09 17:40:33 UTC,776824dc0e4767ecbbe54679805ea0bee6ced1708870987e85694241bc499782
Europe/non_stratified/fitted_model/LV_age_20_39.rda,model,3350956,2025-10-09 17:41:17 UTC,0f18296c91d7edd18ae1ff15d6f34e068e94a38b3df0674406f569dcd9f4dbab
Europe/non_stratified/fitted_model/LV_age_40_59.rda,model,4422650,2025-10-09 17:40:38 UTC,9e84dcd30a0a8341e344754d4f86e64467f3489d159408f91117d11324c71aad
Europe/non_stratified/fitted_model/LV_age_60_79.rda,model,5323916,2025-10-09 17:40:13 UTC,3b32e6bc3fdb72eefe4eac3cd579a2a6a82a6e06d674a141152a17ebba32663b
Europe/non_stratified/fitted_model/LV_age_80.rda,model,5222903,2025-10-09 17:40:09 UTC,49b84458768fe495cc253dfb163600f7faaf1757e31a9c45d2874f9f8129c7b3
Europe/non_stratified/fitted_model/ME_age_20_39.rda,model,1647139,2025-10-09 17:40:47 UTC,e91cdd5af1d5e4e18806490f7fe549dc9cfa482a986c6c28e368a6b550b556cd
Europe/non_stratified/fitted_model/ME_age_40_59.rda,model,2359356,2025-10-09 17:42:09 UTC,f332eefec1640297ba8ce983743e4bd67c10e2ac6c54cb9cac3d8f86c70fb951
Europe/non_stratified/fitted_model/ME_age_60_79.rda,model,2946314,2025-10-09 17:41:43 UTC,3894429e6d887183b0e28682c8490b6b23cacee074f9493a3566d5700a176d7d
Europe/non_stratified/fitted_model/ME_age_80.rda,model,3027315,2025-10-09 17:41:33 UTC,42d6ae718dedbc4e5c08db7a611045ab08c1e5fcc5bfb1b1bd4dfce63da8879e
Europe/non_stratified/fitted_model/MT_age_20_39.rda,model,912608,2025-10-09 17:41:18 UTC,576fdabf18da0af5bf2f82afd44cce635bcf496140ec30ab0d1e9ce1b571819b
Europe/non_stratified/fitted_model/MT_age_40_59.rda,model,1288321,2025-10-09 17:40:34 UTC,d524c3df01497b6a187223219dad933664befbcae75aee89e4615ad57e2da54e
Europe/non_stratified/fitted_model/MT_age_60_79.rda,model,1785655,2025-10-09 17:41:38 UTC,faeb87b3baa02fc6e5b0f2d07b9b1c65e314cd930291748d6b2470fed628ce1a
Europe/non_stratified/fitted_model/MT_age_80.rda,model,2001268,2025-10-09 17:40:40 UTC,c8148fd42455088f1191ab8acb81030e59c90d54815fc9bb2bc8a21d1e789d4b
Europe/non_stratified/fitted_model/NL_age_20_39.rda,model,3700530,2025-10-09 17:40:22 UTC,017b3e85aba1b8af438a099f51a8724c0ed2ece0ec8afc5f9898dc2099991413
Europe/non_stratified/fitted_model/NL_age_40_59.rda,model,5031973,2025-10-09 17:40:35 UTC,66a8d9f2d8f2a37ff9ac03c35f9db4d266fe8583ea83c6f43d8dda8a762aa7e5
Europe/non_stratified/fitted_model/NL_age_60_79.rda,model,5948555,2025-10-09 17:40:23 UTC,622845feaa513b03680600c34ed27c63f3e5eac774f06662e5714cab352eaf72
Europe/non_stratified/fitted_model/NL_age_80.rda,model,6591733,2025-10-09 17:41:12 UTC,84f66eb6764d9b46c3a27a10cee8ed308183f46b5838daad84ca7afca1b2f1ca
Europe/non_stratified/fitted_model/NO_age_20_39.rda,model,3083704,2025-10-09 17:42:08 UTC,d8076a44162172d8d082a4816e0edf3ebe001678282287bfb011eec356fcc05d
Europe/non_stratified/fitted_model/NO_age_40_59.rda,model,3892108,2025-10-09 17:40:09 UTC,5ed51a763ce93f6e0cba348bc5b03b045aef7f4c85d7c35f41831d51c3e398dc
Europe/non_stratified/fitted_model/NO_age_60_79.rda,model,4990320,2025-10-09 17:40:27 UTC,48fbb8c9ad2814941fe0f0607c69d955af90f14651c1e3a556822574b0ab671d
Europe/non_stratified/fitted_model/NO_age_80.rda,model,5558897,2025-10-09 17:41:06 UTC,e2432ee0102ca62645669a757c1e81b36d69c9ec60eeb8ca5fe91370e5921007
Europe/non_stratified/fitted_model/PL_age_20_39.rda,model,4890253,2025-10-09 17:40:43 UTC,7b161b8dcb149091052a91305a6cd6e80b17b8944d6758fd6f9c8a0086255ee3
Europe/non_stratified/fitted_model/PL_age_40_59.rda,model,6359845,2025-10-09 17:40:08 UTC,4ce9f23b53df1427264fad00e7e65f3d734a50d09260a8f8b71f4c816c2e7aa6
Europe/non_stratified/fitted_model/PL_age_60_79.rda,model,6868220,2025-10-09 17:40:56 UTC,8d7c2a6f5c4c95968ce7685b76d56a5f32f5542aed516722cbcd3ddd816f63e2
Europe/non_stratified/fitted_model/PL_age_80.rda,model,7289818,2025-10-09 17:40:55 UTC,cc05e4ee158dc6fdfb6d65badb79845f001f1726466e3ad1ad9294067adca397
Europe/non_stratified/fitted_model/PT_age_20_39.rda,model,3963989,2025-10-09 17:40:53 UTC,d19a594c94344bf4d0916c4f75cb7d4fb47fbc1494d345115a56a481b720d640
Europe/non_stratified/fitted_model/PT_age_40_59.rda,model,4713175,2025-10-09 17:40:39 UTC,a507686e429ebcda182d1d11060e00f895e8a446a3e0f27997d982a8c04b3869
Europe/non_stratified/fitted_model/PT_age_60_79.rda,model,6075716,2025-10-09 17:40:41 UTC,a4d8be99817fbd539951cdd18b8693c37239b1413735cc85b9db99c3d05a1e89
Europe/non_stratified/fitted_model/PT_age_80.rda,model,6693479,2025-10-09 17:40:07 UTC,3fce425f8c08f373f14d7e492fa1b83eccb9eee21ea930d748778cc45af9da99
Europe/non_stratified/fitted_model/RO_age_20_39.rda,model,1494753,2025-10-09 17:42:00 UTC,b1411ed05b880926e4505e788ebbb4d0bec835627b3b05aa6f75ae03ed9fc1cd
Europe/non_stratified/fitted_model/RO_age_40_59.rda,model,2037116,2025-10-09 17:40:11 UTC,6891ddefc5dd3f698ca2c697379cb60b7701166ba44bafb542373226f9d10aff
Europe/non_stratified/fitted_model/RO_age_60_79.rda,model,2389066,2025-10-09 17:41:03 UTC,0d63773e18f947d8badfb96c740054c47f04da1109bb28392518428351cb5867
Europe/non_stratified/fitted_model/RO_age_80.rda,model,2466236,2025-10-09 17:40:32 UTC,b5d0ec4fa6cbe4029b84f9feca2f03592af1c24d02101399b5eebfb0823f9f76
Europe/non_stratified/fitted_model/RS_age_20_39.rda,model,3504136,2025-10-09 17:40:42 UTC,3eb53946a8e8454c742d85a258c25bcab0245e24f1e6d436d0b60f344ac14c1f
Europe/non_stratified/fitted_model/RS_age_40_59.rda,model,5155846,2025-10-09 17:40:17 UTC,cd69c01e3612c7f3ac5700dd8d52c9462b48f86860b829a070fec768999b74c7
Europe/non_stratified/fitted_model/RS_age_60_79.rda,model,6285216,2025-10-09 17:40:47 UTC,0e46208b30f14334a86f35e92ebb9c75447a230e19a29299285733df1c0cbafe
Europe/non_stratified/fitted_model/RS_age_80.rda,model,6309840,2025-10-09 17:40:44 UTC,585d177c32f051db548490f92ee033f33289b76d9847f8639b783960dbe8bfa2
Europe/non_stratified/fitted_model/SE_age_20_39.rda,model,3198422,2025-10-09 17:40:32 UTC,c423f05ccb10d5978aef921eb4d537934104ec9a8447055254954b2be1fd5106
Europe/non_stratified/fitted_model/SE_age_40_59.rda,model,4375593,2025-10-09 17:40:37 UTC,5eb60357043d281e3dc292b52dd628be9efc37ac3fcfb934c40d3977a636aeb4
Europe/non_stratified/fitted_model/SE_age_60_79.rda,model,5485049,2025-10-09 17:41:23 UTC,8bdac1e30663f7712b7d69d3a42d1164311a360d22b040e475a99189c4d699b4
Europe/non_stratified/fitted_model/SE_age_80.rda,model,6109047,2025-10-09 17:40:15 UTC,153c822468dce5b3108121ec79cd3a4964ce1a0a9727107d359256fb555e4d07
Europe/non_stratified/fitted_model/SI_age_20_39.rda,model,2694512,2025-10-09 17:40:36 UTC,68592a3ed636e17c05ec189a741b7fabf0da9090ac39fe05cc62b7c93bd4b8c9
Europe/non_stratified/fitted_model/SI_age_40_59.rda,model,3729469,2025-10-09 17:40:45 UTC,bd93a1ffdedda313ab07edc9fe5c9c64ec8e61b9741397dad6bc69c83b4cf87d
Europe/non_stratified/fitted_model/SI_age_60_79.rda,model,4560457,2025-10-09 17:41:25 UTC,645da67507e7237ccd44d512fe0bd213e6e1d4484ac810a918841f7613cfe446
Europe/non_stratified/fitted_model/SI_age_80.rda,model,5200031,2025-10-09 17:40:46 UTC,76ddb79362af57ab261ca72363805c49979009621f2714b6aefc45631f5097ed
Europe/non_stratified/fitted_model/SK_age_20_39.rda,model,3380385,2025-10-09 17:41:30 UTC,2abdb28c04aa628129b0f2f9ab1ab48e107c6a2ffb502eebfe3a2f1384243299
Europe/non_stratified/fitted_model/SK_age_40_59.rda,model,4663719,2025-10-09 17:40:18 UTC,a2f6c67ad2f8d6cf22bc304d7a40169e14a1b109749b3059ae0a0b26066fde3f
Europe/non_stratified/fitted_model/SK_age_60_79.rda,model,5484374,2025-10-09 17:41:02 UTC,56eadc711ae843f252ca169483b4da211afb4b8a7916c0acf007f8823d485912
Europe/non_stratified/fitted_model/SK_age_80.rda,model,5562746,2025-10-09 17:41:27 UTC,69743706b95a007a17b3a69fce9bd2af66bedf0b813858a60c6c04e54156d475
Europe/non_stratified/fitted_model/UK_age_20_39.rda,model,1293597,2025-10-09 17:42:02 UTC,f99d001f156c7a6a084a93fe33f355ba30afad0d43d3e2d39561b100e5cb1856
Europe/non_stratified/fitted_model/UK_age_40_59.rda,model,1560560,2025-10-09 17:41:09 UTC,87b6b017aae90adae105c58ee134411708b402e2c16db3574ed547b6a175b4fb
Europe/non_stratified/fitted_model/UK_age_60_79.rda,model,1830584,2025-10-09 17:40:13 UTC,33091a475555d3ad8f6293f886d01f7bb34df1f4f7a1af935e4a0cef34687d6b
Europe/non_stratified/fitted_model/UK_age_80.rda,model,1980128,2025-10-09 17:42:08 UTC,8b14c9b542ce2d0c923e24634b76bff6bc201579731cdb2c1cc9f1260f4db751
Europe/non_stratified/function.R,code,15289,2025-10-09 17:45:02 UTC,6ed3b3a9c04b949893bec467c952bd6d58f69670153b5c9f9bea44920b79eeed
Europe/non_stratified/maps.zip,geospatial,34544774,2025-10-09 17:45:06 UTC,c4d96b47f4f54ce55974efe02bbf877115e3b1cc897fe660136f5b8755e64580
Europe/non_stratified/model_80_ES.rda,other,423468826,2025-10-09 17:43:52 UTC,36b7d1dce9e8a8199e07f4f8783fc9c1f8956a1a264cb81bbaf0f09f670656eb
Europe/non_stratified/model_80_NL.rda,other,424311872,2025-10-09 17:44:55 UTC,66da6063b2000d88fc3ae0b12640d0788880acd8ea173cb7ac71e482f45d9180
Europe/non_stratified/ne_10m_admin_0_countries_lakes.README.html,other,39383,2025-10-09 17:44:06 UTC,01e711029395bc94936ec82cabf06856f04f7d0e74747351799283c081c6631c
Europe/non_stratified/ne_10m_admin_0_countries_lakes.VERSION.txt,input,7,2025-10-09 17:45:03 UTC,548358969090d629b41888f5fe664ac31b7203dfd849f7c1ef820ac055b62191
Europe/non_stratified/ne_10m_admin_0_countries_lakes.cpg,geospatial,5,2025-10-09 17:43:56 UTC,3ad3031f5503a4404af825262ee8232cc04d4ea6683d42c5dd0a2f2a27ac9824
Europe/non_stratified/ne_10m_admin_0_countries_lakes.dbf,geospatial,878482,2025-10-09 17:43:56 UTC,c5dbd3dd5fd7e2ef49051fc88562c03819e8ea63a382642df6eadd1243bf4b49
Europe/non_stratified/ne_10m_admin_0_countries_lakes.prj,geospatial,145,2025-10-09 17:43:53 UTC,a02a27b1d1982c8516d83398e85a3c8b1aef1713c13ef4d84d7bde17430c07c4
Europe/non_stratified/ne_10m_admin_0_countries_lakes.shp,geospatial,9015152,2025-10-09 17:45:02 UTC,17bc623f3f3c5d926c474146377bcccd4524a9d73e62815e71ada21e1e820893
Europe/non_stratified/ne_10m_admin_0_countries_lakes.shx,geospatial,2164,2025-10-09 17:42:51 UTC,35c7bbc49513e5fd4b89dacb823e23c8856317ce6c8b1f2d76eb81c1da695d9a
Europe/non_stratified/plot_aggregate.R,code,10783,2025-10-09 17:42:51 UTC,f04fff45bed31b763f9af8f27382e43e605684b94dd3a15ecb36bd6159f58a8d
Europe/non_stratified/plot_decomp.R,code,3487,2025-10-09 17:44:56 UTC,2c8a22d6c5a87bcb553f16ab907083d64bf7d54a9f489182b249c3b045851cdc
Europe/non_stratified/plot_map.R,code,5088,2025-10-09 17:44:56 UTC,c6b718dcf1b86f8bbf5d74c54658ed9894d087e91ef8c94eb8f5e322f5402eab
Europe/non_stratified/plot_p_score_aggregated.R,code,10963,2025-10-09 17:43:54 UTC,b81db73f2d085c62441395a16dc4550cbe84a486a20283b8a600f6c9e714dda4
Europe/non_stratified/plot_series.R,code,21528,2025-10-09 17:44:04 UTC,62411346497de54d495a6341c228f6eea70fab693c9fd458eb7ed99e69b29459
Europe/non_stratified/result/all_result_age_20_39.rda,result,15492,2025-10-09 17:43:53 UTC,8c110aa38f0e0b35a4802be3d2b6f9624a0ee67a99d36c59a468587404b1ff96
Europe/non_stratified/result/all_result_age_40_59.rda,result,15054,2025-10-09 17:43:53 UTC,169ef5b0337a337ff833adcd40ca54347d454d26175e11a7e26b965969f24392
Europe/non_stratified/result/all_result_age_60_79.rda,result,15492,2025-10-09 17:43:54 UTC,c772dbdca96f7fadb7a11039a39386f563a0e8590d1a077e9a77a84a32acfbf5
Europe/non_stratified/result/all_result_age_80.rda,result,15492,2025-10-09 17:43:53 UTC,990ab87944cbe0033af4e61120a33779de0b0cc1e00f05e8e769438376bca4a1
Europe/non_stratified/result/result_age_20_39.rda,result,14762,2025-10-09 17:43:53 UTC,2b56d4ee985bbee36fe320e2105d115864033975d819b86f8fe67701140b183e
Europe/non_stratified/result/result_age_40_59.rda,result,14762,2025-10-09 17:43:54 UTC,0b9d9edacb6c64c78eea958a273394ed6fdeb4284227ffd29e10f642cf1cf492
Europe/non_stratified/result/result_age_60_79.rda,result,14762,2025-10-09 17:43:53 UTC,4c770852cf4fbccbb221390bbac026398abae9e6533c78abda0d8ac3b38c103b
Europe/non_stratified/result/result_age_80.rda,result,14762,2025-10-09 17:43:53 UTC,e3b187e8c05b893b706b2f633ee87909b2a9cd27e9031192bf6c3ad5f400d48c
Europe/non_stratified/script_server.R,code,6077,2025-10-09 17:42:51 UTC,8b367f6b0772f403266514d8ed43417b7b04d8387ec7fc94dea89e143d8e6322
Europe/non_stratified/tut.cpp,code,3364,2025-10-09 17:44:06 UTC,08576ddaabd19100115aecc362bbea01b9ed9f2ab904db1384b4ba6f14272ecd
Europe/non_stratified/tut.o,other,57787344,2025-10-09 17:44:04 UTC,b33fa15f70a49f2a925b19664a3361a333303ad8198eeb1648fe098477e4aeac
Europe/non_stratified/tut.so,other,36621904,2025-10-09 17:45:01 UTC,fe1fc0dc9988a905f6954f46b21ab5de62385c449c4d580f5870d94363ed8eb6
Europe/non_stratified/unpopulation_dataportal_20251020175328.txt,input,1282075,2025-10-20 22:53:28 UTC,a9fb77417e7abb77755eac9cc52c81afa0ce236f9413cb9bc8cd2125937a53b9
Europe/non_stratified/unpopulation_dataportal_20251020175343.csv,input,1282075,2025-10-20 22:53:43 UTC,19ff986bb6f052767e68b744f1df937f4f423720dbc1480d5f343fe583fb8ac8
Europe/non_stratified/vac_data_eu.rda,other,1250,2025-10-09 17:44:56 UTC,56e22a32216aa027ad354544c3ffb01eb64764cdef31d4d3725b91ea46dce95f
Europe/stratified/EU_maps.zip,geospatial,11396974,2025-10-09 18:02:54 UTC,54d842446e791400e97b0e26522f4d15eb662b633717aabb14b94205b7ef1811
Europe/stratified/IE_results_update/IE_result_age_25_45.rda,result,419,2025-10-09 18:03:24 UTC,082bf9facb98c2bcfbb3ebee85febfbed23e891f015a01328815456606c28e05
Europe/stratified/IE_results_update/IE_result_age_45_65.rda,result,424,2025-10-09 18:03:24 UTC,0fd45d46e4867dcc3db4bf85fb4ae5117568039c78d5d07eba65d61891645182
Europe/stratified/IE_results_update/IE_result_age_65_85.rda,result,425,2025-10-09 18:03:24 UTC,904eea981489051541f973ed87ea72cb87779973c6817dfce298e6ad4f393ec7
Europe/stratified/IE_results_update/IE_result_age_85.rda,result,421,2025-10-09 18:03:24 UTC,5d238d26700dae7dff2b53d844c6fea15698a95568e0f53b39624d41ee0fdd10
Europe/stratified/UK_results/UK_combined_final.rda,result,54125,2025-10-09 17:45:12 UTC,abca3f94b1f2e3417839beab77bfc8db93d29c20928b76f2fae985cb9befed84
Europe/stratified/UK_results/UK_result_65_85.rda,result,421,2025-10-09 17:45:11 UTC,593de78576c173e4c52637bfb355629c17cd53e49cb245172d5dbf2ebe2182b5
Europe/stratified/UK_results/UK_result_85.rda,result,422,2025-10-09 17:45:12 UTC,f2500cef001c4149d770b9483519d7eadb64537de621416e05e2b51800c8c78c
Europe/stratified/UK_results/UK_result_under_65.rda,result,419,2025-10-09 17:45:11 UTC,97b6286fb1fd0e3bbc21d09cf58430ffe4892a157b830d638b02c6acc83a9e16
Europe/stratified/UK_results/final_data.rda,result,433334,2025-10-09 17:45:12 UTC,d0123374e927b0fcbab65ae73e2b2588b0aead3e12c4433bf879ddb65fba8631
Europe/stratified/UK_results_update/UK_combined_final.rda,result,54125,2025-10-09 18:03:01 UTC,abca3f94b1f2e3417839beab77bfc8db93d29c20928b76f2fae985cb9befed84
Europe/stratified/UK_results_update/UK_result_65_85.rda,result,421,2025-10-09 18:03:01 UTC,593de78576c173e4c52637bfb355629c17cd53e49cb245172d5dbf2ebe2182b5
Europe/stratified/UK_results_update/UK_result_85.rda,result,422,2025-10-09 18:03:02 UTC,f2500cef001c4149d770b9483519d7eadb64537de621416e05e2b51800c8c78c
Europe/stratified/UK_results_update/UK_result_under_65.rda,result,419,2025-10-09 18:03:01 UTC,97b6286fb1fd0e3bbc21d09cf58430ffe4892a157b830d638b02c6acc83a9e16
Europe/stratified/UK_results_update/final_data.rda,result,433334,2025-10-09 18:03:01 UTC,d0123374e927b0fcbab65ae73e2b2588b0aead3e12c4433bf879ddb65fba8631
Europe/stratified/combined_result.R,code,2035,2025-10-09 18:03:01 UTC,2d7ec3b9946187b3de2f0e467913a8ebb0897bde4042114f1f956c89f017efc3
Europe/stratified/demo_r_mwk2_20__custom_8724659_linear.csv,input,25579441,2025-10-09 18:03:01 UTC,132b2fe07af7685d6389c3d2820cfb36d1160e3aea238c9b84d8948d53b83972
Europe/stratified/demo_r_mwk_20_linear.csv,input,57186545,2025-10-09 18:02:50 UTC,ebbe8800c3e43e3c725731472ad0dd7775c80782c514f316946b29d02c225c61
Europe/stratified/fitted_model/AD_TOTAL_F.rda,model,6273263,2025-10-09 17:48:12 UTC,d838a529778e823d85c9bc42947eac6ee29765fe88477359fe3b295ebec9ff71
Europe/stratified/fitted_model/AD_TOTAL_M.rda,model,6273263,2025-10-09 17:57:40 UTC,b8c7b0c0c3cc5e036e91c9e4c95e99587686edf55acdf2728e9c765566d218fc
Europe/stratified/fitted_model/AD_Y20-39_F.rda,model,6273263,2025-10-09 17:46:12 UTC,5394fce7c7e0852ba856765d6c9711cc547659672ea138b4c2edd7da305f2d7d
Europe/stratified/fitted_model/AD_Y20-39_M.rda,model,6273263,2025-10-09 17:48:58 UTC,b7eff9c1e83c3a9fba32c5e9b63ece17ff1c3f5b25c008b3c6f916e1257379a1
Europe/stratified/fitted_model/AD_Y20-39_T.rda,model,6273263,2025-10-09 17:45:19 UTC,cd3a9de9a29a4989f11574d93602b0806435a138ae3cdc9c60f186bd1c1796e4
Europe/stratified/fitted_model/AD_Y40-59_F.rda,model,6273263,2025-10-09 17:52:47 UTC,57f1c0aa9a8a9e1972c2cd44e5e2b11c55df92a3933774aa03a48d2bd4c368d6
Europe/stratified/fitted_model/AD_Y40-59_M.rda,model,6273263,2025-10-09 17:53:37 UTC,308682f558d555717e90f94adc94a8cf153f202c0a4ffb330bd5e81f96632cec
Europe/stratified/fitted_model/AD_Y40-59_T.rda,model,6273263,2025-10-09 17:47:25 UTC,05f059b11ecdfb5c1f99b91430f408cdca8216d2d85ec0e750ed9dc3692e5212
Europe/stratified/fitted_model/AD_Y60-79_F.rda,model,6273263,2025-10-09 17:48:31 UTC,4cb88f961190a2d3e9ff1799e57db9dad1ec19912398a0ee0e5f1c68e3803a26
Europe/stratified/fitted_model/AD_Y60-79_M.rda,model,6273263,2025-10-09 17:57:18 UTC,951c6223317e9b33349ccab779ff942c4350eba72af9a3a89d041d67763294ea
Europe/stratified/fitted_model/AD_Y60-79_T.rda,model,6273263,2025-10-09 17:49:45 UTC,12c0dbc8c54f626e81db779839f5070d4b0e761a0453ae94e789ba5e22cabac1
Europe/stratified/fitted_model/AM_Y20-39_F.rda,model,5779623,2025-10-09 17:47:58 UTC,e57dcc238db7da4867bc99fceb1cfa78e182414648f4750e57efeec7eac94975
Europe/stratified/fitted_model/AM_Y20-39_M.rda,model,5791663,2025-10-09 17:56:51 UTC,a1909e930333faa2582bd97032d67539395a01df45282141a8f899dfe2d2119d
Europe/stratified/fitted_model/AM_Y20-39_T.rda,model,5815743,2025-10-09 17:47:15 UTC,a8461a6c19fac2fead595a5cafab889865c5b394b2fee22bec4c51b9d41457d8
Europe/stratified/fitted_model/AM_Y40-59_F.rda,model,5803703,2025-10-09 17:52:42 UTC,4657652e6b14af09bd2aa7c740f43b7de3f7141868c75a180d3da296e9d24489
Europe/stratified/fitted_model/AM_Y40-59_M.rda,model,5815743,2025-10-09 17:50:19 UTC,c506a74144be162e9372a35805f9ce35203a0698b4f472907cb131211f461881
Europe/stratified/fitted_model/AM_Y40-59_T.rda,model,5815743,2025-10-09 17:57:52 UTC,4516199759e65d807e84f7eadbf6c0791ea1bae42774da77a889d8b675b91957
Europe/stratified/fitted_model/AM_Y60-79_F.rda,model,5815743,2025-10-09 17:49:01 UTC,3b0a9e8d0ed8a8cda781ae951991110204b15215baa9e7c716bd85fdf82d979b
Europe/stratified/fitted_model/AM_Y60-79_M.rda,model,5815743,2025-10-09 17:48:06 UTC,3d9f98ec6d933107da514d6e63cf912cf6c7c1aeddd72823d948a8ca91709ee7
Europe/stratified/fitted_model/AM_Y60-79_T.rda,model,5815743,2025-10-09 17:59:58 UTC,0d6439c6299582a495a208fc86696cc61ab4026ef8e41ae6026d089006ffbb1e
Europe/stratified/fitted_model/AM_Y_GE80_F.rda,model,5815743,2025-10-09 17:51:45 UTC,dc6945a4f16eb25ab3c33e990ba58c73aeaece3af9bdf4e257e8ee7c51c612d1
Europe/stratified/fitted_model/AM_Y_GE80_M.rda,model,5815743,2025-10-09 17:48:40 UTC,45eba6dbbb2be12bcef5b4530717d7dc8231c5e116570d9797d77ef754666135
Europe/stratified/fitted_model/AM_Y_GE80_T.rda,model,5815743,2025-10-09 17:56:09 UTC,ab4925309489ea1903c255ecdef2636632de82fea79f4f917501932dcd80a234
Europe/stratified/fitted_model/AT_Y20-39_F.rda,model,15243063,2025-10-09 17:54:57 UTC,5f6db68128b83327f07af4be761f7972e0f4e02ff5a3639c354baf94f2f98317
Europe/stratified/fitted_model/AT_Y20-39_M.rda,model,15243063,2025-10-09 17:55:28 UTC,0300d6611fde724ac9527978c8ad04ebbce5f0a96806d90397214b98ff521401
Europe/stratified/fitted_model/AT_Y20-39_T.rda,model,15243063,2025-10-09 17:49:49 UTC,8f3f45b576b2f6fad51c4a6faf3211978ec3a5be16869d379a9e40f1fb7b3aa9
Europe/stratified/fitted_model/AT_Y40-59_F.rda,model,15243063,2025-10-09 17:49:53 UTC,a63894d9bc2f6cdefcb1e3fb0b01c9215cb1cf4fda941aea15ba9289dbd25d24
Europe/stratified/fitted_model/AT_Y40-59_M.rda,model,15243063,2025-10-09 17:45:18 UTC,e3111fe63702b34f8928cd36c8714572bf53ddc62d28b75bad497aec0ce07bda
Europe/stratified/fitted_model/AT_Y40-59_T.rda,model,15243063,2025-10-09 17:52:20 UTC,b4afdc2233a12c7a4f494808e4a126c5aa871c34475b9a7c4ae517b1f715637c
Europe/stratified/fitted_model/AT_Y60-79_F.rda,model,15243063,2025-10-09 17:59:13 UTC,179321b7db802c1a1eab3ee77a85890824760c26a31ad5a73127cbacb0a0bc5d
Europe/stratified/fitted_model/AT_Y60-79_M.rda,model,15243063,2025-10-09 17:46:38 UTC,64c571492598dc49579c271701e263928969cc4d6b6438c10afcb84ff773ae7e
Europe/stratified/fitted_model/AT_Y60-79_T.rda,model,15243063,2025-10-09 17:55:02 UTC,40b717aa821a7b228aed3a7e12bd98313cfa64042c07cb0b344893a06200c1f5
Europe/stratified/fitted_model/AT_Y_GE80_F.rda,model,15243063,2025-10-09 17:59:32 UTC,d643b1868dc05b8c5ebe55ba6c58b036e8c102c384167bf651a9f9ea185b4f86
Europe/stratified/fitted_model/AT_Y_GE80_M.rda,model,15243063,2025-10-09 17:53:57 UTC,7ba5e929e4e59b1991c8d7774c00f550b263824bf13e6bfe823393bd6e679624
Europe/stratified/fitted_model/AT_Y_GE80_T.rda,model,15243063,2025-10-09 17:45:22 UTC,4f301b5e40914003fe00c5d21bcaf083cdd810a88bf1532eec51de8c2fbc0ff7
Europe/stratified/fitted_model/BE_Y20-39_F.rda,model,15255103,2025-10-09 17:57:04 UTC,4eb7d0312ac5f48507176376303cb46a8d941a335af6ded62374b0894ec62c37
Europe/stratified/fitted_model/BE_Y20-39_M.rda,model,15255103,2025-10-09 17:54:24 UTC,d966e5c062cd236a5ab38550d6830645421948424010450c7b3138208a262733
Europe/stratified/fitted_model/BE_Y20-39_T.rda,model,15255103,2025-10-09 17:56:29 UTC,a7dd88aa81996a9102eb875adac420cf7fba2956accddd3209b9cdc392f857fe
Europe/stratified/fitted_model/BE_Y40-59_F.rda,model,15255103,2025-10-09 17:59:57 UTC,00e0f182cf892b58ade991bbd8b61df6502c92143c20f194744e41106da4d73f
Europe/stratified/fitted_model/BE_Y40-59_M.rda,model,15255103,2025-10-09 17:53:46 UTC,9844dd234042aa713a09e19c93740f04f92a67a93b06a74f37eb5db9c3bc7e68
Europe/stratified/fitted_model/BE_Y40-59_T.rda,model,15255103,2025-10-09 17:52:46 UTC,2be1ccdbfe3a664a046e70d494286de41478da482cc8d7bb29ae2991b9ad130e
Europe/stratified/fitted_model/BE_Y60-79_F.rda,model,15255103,2025-10-09 17:51:08 UTC,0af68d3ea8d9e0fd939ddb428f8de9dbdeb0b08f4c9474779a88c95cde226eea
Europe/stratified/fitted_model/BE_Y60-79_M.rda,model,15255103,2025-10-09 17:49:39 UTC,848216d276f258e3ed272ed004ab0dd1ae0c6e2209ad74471c4479c76660d434
Europe/stratified/fitted_model/BE_Y60-79_T.rda,model,15255103,2025-10-09 17:50:02 UTC,b97d0d8b5c41172808e1a869a8b0d631386063edad7c0085bf64070169f142ad
Europe/stratified/fitted_model/BE_Y_GE80_F.rda,model,15255103,2025-10-09 17:45:45 UTC,32a88c2477eb4644e68d6b7faa286f27b08744e7aa08e2fdf200bbf68e13443c
Europe/stratified/fitted_model/BE_Y_GE80_M.rda,model,15255103,2025-10-09 17:54:38 UTC,74f29bdc503fd655e026dd957d5fb3dc6196dfb71ce0351a994f83de822cc71e
Europe/stratified/fitted_model/BE_Y_GE80_T.rda,model,15255103,2025-10-09 17:45:49 UTC,f632c1b7d997350e02b39a6de890cfd7119b09a770bfd35b37aed7700ea42b08
Europe/stratified/fitted_model/BG_Y20-39_F.rda,model,15231023,2025-10-09 17:54:51 UTC,fd4e848ea4c429dac0046bb8e931a6b977c91f09d030965060659515316e8e30
Europe/stratified/fitted_model/BG_Y20-39_M.rda,model,15231023,2025-10-09 17:48:33 UTC,00ace2d4d945b34168f6e2bbf78dd354e3194975fc8a8a7115a8b4755d8e5339
Europe/stratified/fitted_model/BG_Y20-39_T.rda,model,15231023,2025-10-09 17:49:29 UTC,625ca73737ea7e9ce51903f7b56e4ac6a3301f09031997e89544264e4459556e
Europe/stratified/fitted_model/BG_Y40-59_F.rda,model,15231023,2025-10-09 17:57:49 UTC,4e205f5d1690c8975cde82b496f9e2d4324cb4c3f0dba41a6aa6ad9e5d2349cb
Europe/stratified/fitted_model/BG_Y40-59_M.rda,model,15231023,2025-10-09 17:50:40 UTC,7bff1734055efca07ee8ed03b7c5bcc8a29736b6d2325e6e3c7a07f301bd0fbd
Europe/stratified/fitted_model/BG_Y40-59_T.rda,model,15231023,2025-10-09 17:46:26 UTC,91e7673406d85dd6eea71dac05c6a1e3a86bea7a9e7f0030d4086f1051a315c3
Europe/stratified/fitted_model/BG_Y60-79_F.rda,model,15231023,2025-10-09 17:52:41 UTC,eeae47947adddf3b9526fbf4638a2c052d55421e262cd905381d2a73d2fdfeb0
Europe/stratified/fitted_model/BG_Y60-79_M.rda,model,15231023,2025-10-09 17:46:29 UTC,18c0fb365e1edd7c5de117d9d00909e20554d0cbce75dfcec2cfbb5ae764d789
Europe/stratified/fitted_model/BG_Y60-79_T.rda,model,15231023,2025-10-09 17:56:59 UTC,eb1be49fcc7176678f8297f2190900a3d7b773dfe11d9f22860c399778490aca
Europe/stratified/fitted_model/BG_Y_GE80_F.rda,model,15231023,2025-10-09 17:57:54 UTC,43baf6f38de20f3400c39120deb07be2c3c9364d3a26e02364abb24c0db084bd
Europe/stratified/fitted_model/BG_Y_GE80_M.rda,model,15231023,2025-10-09 17:50:47 UTC,e04fd0f1db1f27b497b4cd13f2f18cf490ec6ca8ee3c64d70c17769dde299c81
Europe/stratified/fitted_model/BG_Y_GE80_T.rda,model,15231023,2025-10-09 17:58:08 UTC,1c441d8794ca11cd7416d31ffc9259761b032900a50e9bebf6d2da46b2aac732
Europe/stratified/fitted_model/CH_Y20-39_F.rda,model,15243063,2025-10-09 17:58:53 UTC,f45bbc3870ce9f11a65c9b10181ef2d31025cb2e512ca9dfda3df09848c24fec
Europe/stratified/fitted_model/CH_Y20-39_M.rda,model,15243063,2025-10-09 17:49:13 UTC,239b3c904567ee77e234ca6e55793363eaaf18850b36581c70b5d34b3147eab7
Europe/stratified/fitted_model/CH_Y20-39_T.rda,model,15243063,2025-10-09 17:48:25 UTC,71e6010b77cce9c335795742dbdd278afc7be847773da4a9346799fde9b20edf
Europe/stratified/fitted_model/CH_Y40-59_F.rda,model,15243063,2025-10-09 17:49:23 UTC,455330498b891e4f11a96e3897d2956d4a6433671e61c76ef855cf3a44522af4
Europe/stratified/fitted_model/CH_Y40-59_M.rda,model,15243063,2025-10-09 17:48:50 UTC,ab07a60eeaeaca9b2f3d7c8c3fb3ae2ed11f60afb49f9600d76ad3fc4aa5f0c8
Europe/stratified/fitted_model/CH_Y40-59_T.rda,model,15243063,2025-10-09 17:46:35 UTC,4ce9e726d12efc711cc8737687736737806ccaf3b524661111d5846deb134f93
Europe/stratified/fitted_model/CH_Y60-79_F.rda,model,15243063,2025-10-09 17:54:13 UTC,b98eaa9129cc0fbea0497de6e8b80eaeeea4bdac876f5c5d2f7e010f3b915d1e
Europe/stratified/fitted_model/CH_Y60-79_M.rda,model,15243063,2025-10-09 17:49:56 UTC,29f9285d869baebf0425fb09b3d5cb7ea8e58868c0460b15703a5bed3eac11a3
Europe/stratified/fitted_model/CH_Y60-79_T.rda,model,15243063,2025-10-09 17:50:30 UTC,673f60a4ee33387ef6f9e9a8b2f1431b4493e568e8098405ad448852c01a4398
Europe/stratified/fitted_model/CH_Y_GE80_F.rda,model,15243063,2025-10-09 17:52:38 UTC,d6ce38e1ef4f55cd9b9a08305830e5132cb3dbb2d5b716770eb153bb9e77bec2
Europe/stratified/fitted_model/CH_Y_GE80_M.rda,model,15243063,2025-10-09 17:49:36 UTC,f60be2cc6511db71bc6a8ac035c68957bac9f94ab7bbf65e40b0d98632ec394a
Europe/stratified/fitted_model/CH_Y_GE80_T.rda,model,15243063,2025-10-09 17:58:26 UTC,bb3678559465af0e618858b7ab47ba1509b92861a2ceb982629cd586592ce4e1
Europe/stratified/fitted_model/CY_Y20-39_F.rda,model,5827783,2025-10-09 17:54:30 UTC,a91bc043c33e0db344f9144262fe4c86ef7e8205bd752c8880811c19092e8538
Europe/stratified/fitted_model/CY_Y20-39_M.rda,model,5827783,2025-10-09 17:58:23 UTC,37cbe6fee40bb55f83bfc572bf4af390343856c1e31b181bb88e09441fc148db
Europe/stratified/fitted_model/CY_Y20-39_T.rda,model,5827783,2025-10-09 17:59:25 UTC,56b589ca6aed32ec5895e9f7e1feb4ad27e2e281c3d02b55f9fd5a34625ff082
Europe/stratified/fitted_model/CY_Y40-59_F.rda,model,5827783,2025-10-09 17:48:37 UTC,105de9e4bb0987cd01d5bffdc6fdc77e435db6da11e4bd30f0f28a363a58f0c3
Europe/stratified/fitted_model/CY_Y40-59_M.rda,model,5827783,2025-10-09 17:57:50 UTC,310c68dd21c70fbe5a35303ed5740d892e28b6bd2c97a2760b3aa3fdabc9b029
Europe/stratified/fitted_model/CY_Y40-59_T.rda,model,5827783,2025-10-09 17:46:07 UTC,4028a70a11d9016c2c44db4a30a4758366407e57f057da0f3724729cf3e502f0
Europe/stratified/fitted_model/CY_Y60-79_F.rda,model,5827783,2025-10-09 17:57:38 UTC,ab09713c483395d6afe0d26c285c170c0a5b84b73098ea48f94c811a9ebebe2a
Europe/stratified/fitted_model/CY_Y60-79_M.rda,model,5827783,2025-10-09 17:46:51 UTC,d9600c56134836fa0db27b158889dec689b70e638a4639acae31bda91bb92feb
Europe/stratified/fitted_model/CY_Y60-79_T.rda,model,5827783,2025-10-09 17:48:26 UTC,321f0a3470bcce01b698689a1b0436b08ebfdebee0923bf4cdaefa044df6db85
Europe/stratified/fitted_model/CY_Y_GE80_F.rda,model,5827783,2025-10-09 17:53:42 UTC,139a9a5445fb89b9aed8c80d73e97a7bcce3737e9b6087050d16469b0a96c6cb
Europe/stratified/fitted_model/CY_Y_GE80_M.rda,model,5827783,2025-10-09 17:48:57 UTC,00b538a4ea2d63ff4b3a3f11ea4c19ff2dd3251aade120030c3fcc36e0829140
Europe/stratified/fitted_model/CY_Y_GE80_T.rda,model,5827783,2025-10-09 17:59:15 UTC,2154cb3ee2fd87b74ca167cf1171fbaaec6e268660b071f93237a001cff6b029
Europe/stratified/fitted_model/CZ_Y20-39_F.rda,model,12088583,2025-10-09 17:49:05 UTC,4f7c58e5d996b6f31624c492d34a4db8ed0e45079c59c30a5b0b539fe55351e0
Europe/stratified/fitted_model/CZ_Y20-39_M.rda,model,12088583,2025-10-09 17:57:16 UTC,56f5859a622e43f09811a6ccbcf68a47d3c19720939654f0f39deef7a5f0dbb0
Europe/stratified/fitted_model/CZ_Y20-39_T.rda,model,12088583,2025-10-09 17:58:31 UTC,0ee68579b4d918fa96e27198b56c4288877ae6df1f47aa211b53f685cf17d6af
Europe/stratified/fitted_model/CZ_Y40-59_F.rda,model,12088583,2025-10-09 18:00:07 UTC,5f1930d01a5cfeb19b2647383cae840ba1162fa6699e958a91abdcacd184a09e
Europe/stratified/fitted_model/CZ_Y40-59_M.rda,model,12088583,2025-10-09 17:47:17 UTC,c72466da5e13176f31b94fd907bfe879cfc7f6340b26395a17e9dd6e041484d1
Europe/stratified/fitted_model/CZ_Y40-59_T.rda,model,12088583,2025-10-09 18:00:00 UTC,2b6524eaab2dc8985b574a440b5709e6e7dfa7ca92beeb4f1e89f178c4982eda
Europe/stratified/fitted_model/CZ_Y60-79_F.rda,model,12088583,2025-10-09 17:45:50 UTC,72baf3765c9194b29e28bbae80ba2fa4b7377b9652487b84f68045c4c2f6bfd5
Europe/stratified/fitted_model/CZ_Y60-79_M.rda,model,12088583,2025-10-09 17:46:27 UTC,76eed100b389fb317f686f7ea2caa253022e2b8a7f68f517a7b50817e82196e3
Europe/stratified/fitted_model/CZ_Y60-79_T.rda,model,12088583,2025-10-09 18:00:15 UTC,a48513bdb408f7f6b4ba3736dd04e14d9f516e7683cb50344acc166233807203
Europe/stratified/fitted_model/CZ_Y_GE80_F.rda,model,12088583,2025-10-09 17:49:16 UTC,cdd77d4ab4f65d568133299da3086b320704ce2541eaf3ffd548acc3ae372d5b
Europe/stratified/fitted_model/CZ_Y_GE80_M.rda,model,12088583,2025-10-09 17:54:04 UTC,fac2d99a569d4a21f8e3e706ae1ec1b4cd6e694f8c68fbda10f345d9015a62c0
Europe/stratified/fitted_model/CZ_Y_GE80_T.rda,model,12088583,2025-10-09 17:46:15 UTC,513249261aeb4e8b2d70b6b909123180b99d05518630d220c2e5d24b4136ff6f
Europe/stratified/fitted_model/DE_Y20-39_T.rda,model,15279183,2025-10-09 17:49:09 UTC,6a42cd6b951e39ce74f57f759f47c1abaa60605a9baa1a3075b18f69c8e39386
Europe/stratified/fitted_model/DE_Y40-59_T.rda,model,15279183,2025-10-09 17:55:31 UTC,382be72f949341d3314a19b5ebbfed2660c41c17d9852930cd9d8563dcb73c7a
Europe/stratified/fitted_model/DE_Y60-79_T.rda,model,15279183,2025-10-09 17:59:38 UTC,6184478c7ed049273ceeadaede74484901ef0bdcec2fc6453beff4072ad3d046
Europe/stratified/fitted_model/DE_Y_GE80_T.rda,model,15279183,2025-10-09 17:57:24 UTC,aecfe993043a5123fc99de878a18e4042ff558afbcda693ad611f1406a0dd411
Europe/stratified/fitted_model/DK_Y20-39_F.rda,model,10836423,2025-10-09 17:47:52 UTC,5580f6f82c21c8dc4a893bef5fed568d3f35ddc1373154281711c7f95a29ea5b
Europe/stratified/fitted_model/DK_Y20-39_M.rda,model,10824383,2025-10-09 17:52:04 UTC,ec2ccde4c35016157dc98e4934be4c520d2168b340e90ec9fcdf1cfecc0dde73
Europe/stratified/fitted_model/DK_Y20-39_T.rda,model,10836423,2025-10-09 17:52:58 UTC,fda2d3d5864b675e85c4c6a296b733592536fe3f155b16cedfbf1e7ba8a4059a
Europe/stratified/fitted_model/DK_Y40-59_F.rda,model,10836423,2025-10-09 17:47:23 UTC,22cb9e5d8fad69fb33775afaa0ba93cec1f150c69a52e9f86476177552d090da
Europe/stratified/fitted_model/DK_Y40-59_M.rda,model,10836423,2025-10-09 17:55:07 UTC,3143cec85cc64db100a9432c4510ee4b55e49fc0eb43a2a8d3c26ad256aac857
Europe/stratified/fitted_model/DK_Y40-59_T.rda,model,10836423,2025-10-09 17:51:54 UTC,e5f556dd3d06afa76a8ef7b3b98821adf382c7c5b39a48187c99098a48653eeb
Europe/stratified/fitted_model/DK_Y60-79_F.rda,model,10836423,2025-10-09 17:50:18 UTC,890ebacf07096de2c4ea562177830c993456f8367d3e05f9a04e3608c7621bb3
Europe/stratified/fitted_model/DK_Y60-79_M.rda,model,10836423,2025-10-09 17:53:06 UTC,69d1069806db690b3d79ce6eac3a420c292bd51fd5371661c348bb25ed43f1d0
Europe/stratified/fitted_model/DK_Y60-79_T.rda,model,10836423,2025-10-09 17:59:48 UTC,cc2d0d9753655c5ec130300c59c5972596f1434d219878d97b02c2d4e95f30e3
Europe/stratified/fitted_model/DK_Y_GE80_F.rda,model,10836423,2025-10-09 17:49:19 UTC,3a18b8ee5eab5d8cde9713a5c2ec574bba128c177f68b777e742084272dcd879
Europe/stratified/fitted_model/DK_Y_GE80_M.rda,model,10836423,2025-10-09 17:59:30 UTC,e277383339edb4bd2757429a67ede69775f7985c99a34286991fde2e94430d01
Europe/stratified/fitted_model/DK_Y_GE80_T.rda,model,10836423,2025-10-09 17:50:27 UTC,4a00d3df31ea3a542836cfd467e87eb243e3f96890bfbfa52fe839b3febe7a08
Europe/stratified/fitted_model/EE_Y20-39_F.rda,model,15303263,2025-10-09 17:55:38 UTC,ea5e8162b9a383dfd92346f72830e7e126e154ac473f703f152bbf0f0801d79c
Europe/stratified/fitted_model/EE_Y20-39_M.rda,model,15303263,2025-10-09 17:45:43 UTC,e2610acb5e1536c1cde252100910b281b1ad86b2ebdc4c81cbcbfc819aa503bc
Europe/stratified/fitted_model/EE_Y20-39_T.rda,model,15303263,2025-10-09 17:46:17 UTC,a29a366bbc31c90991becaead16b8151f0f0b3dd87f784085b94b1cb92eed05e
Europe/stratified/fitted_model/EE_Y40-59_F.rda,model,15303263,2025-10-09 17:57:02 UTC,fb7ee743e1660a63b43cd69ce97782b43806b82d49f0dd27273d92783cf9ce57
Europe/stratified/fitted_model/EE_Y40-59_M.rda,model,15303263,2025-10-09 17:45:54 UTC,286bf7f6511580276f22fc2eac6ec8a81075c40605a9fca5f8fad5111967d967
Europe/stratified/fitted_model/EE_Y40-59_T.rda,model,15303263,2025-10-09 17:58:40 UTC,c4f2a904a7efc7d34a5fd5e2aae9520b0e4072bfa99a476e93040b5874d5b955
Europe/stratified/fitted_model/EE_Y60-79_F.rda,model,15303263,2025-10-09 17:53:02 UTC,ea831704d5499f03e097cc6032bd395eb279302e0742770e0e8a4dd76f9c8fb6
Europe/stratified/fitted_model/EE_Y60-79_M.rda,model,15303263,2025-10-09 18:00:20 UTC,9a95d2999ceb7974f33fc1d4614cc853a0cffef2c5ce718c0dee204e7f266d01
Europe/stratified/fitted_model/EE_Y60-79_T.rda,model,15303263,2025-10-09 17:56:42 UTC,141a1be63a1891906f800aabb54c5e8388310ab2c163eccfaebb79b52b356dde
Europe/stratified/fitted_model/EE_Y_GE80_F.rda,model,15303263,2025-10-09 17:56:16 UTC,a6109b722404f0a65d3147d95516b6dab529cf3d2d8a021254ea3bc7cd374988
Europe/stratified/fitted_model/EE_Y_GE80_M.rda,model,15303263,2025-10-09 17:51:52 UTC,33ee35fe7a2d2166835b16c8f7da0e26df5c1183696f986fecdb3f0ee8cc3565
Europe/stratified/fitted_model/EE_Y_GE80_T.rda,model,15303263,2025-10-09 17:50:38 UTC,2902efa5cf8f606c552ad87134d4bd89a42ca068268676112f65b03beed72a22
Europe/stratified/fitted_model/EL_Y20-39_F.rda,model,5815743,2025-10-09 17:47:42 UTC,93ff65f6e5ef08f637b6c47d2507f52f55a976db6da501b870fc773498b0b037
Europe/stratified/fitted_model/EL_Y20-39_M.rda,model,5815743,2025-10-09 17:50:36 UTC,0f80f7060a422ce653f0689d709f1e275af41254c252dce57b8b88fa65e57560
Europe/stratified/fitted_model/EL_Y20-39_T.rda,model,5815743,2025-10-09 17:52:17 UTC,58190af23415f7f60a027ef87f88fbbfc763f334f420b18713e58bede712b3d7
Europe/stratified/fitted_model/EL_Y40-59_F.rda,model,5815743,2025-10-09 17:51:25 UTC,56fb2cfb7235e9ca311157fe3d51dc86d0c89e0ff03b5f2b66e6ab517cabfb32
Europe/stratified/fitted_model/EL_Y40-59_M.rda,model,5815743,2025-10-09 17:47:21 UTC,1237119fa09e389cf4291847fdd43dd7970ed24c790e655ceb111a47b7e85061
Europe/stratified/fitted_model/EL_Y40-59_T.rda,model,5815743,2025-10-09 18:00:12 UTC,03f9ad961682864753ce91c44ca85d55e2804db6de10ff9b2b4b28df2bf0f414
Europe/stratified/fitted_model/EL_Y60-79_F.rda,model,5815743,2025-10-09 17:45:20 UTC,62ccd23a45a38883a10450ccd3313a2569b888d57b73a0b8b063abc37b990857
Europe/stratified/fitted_model/EL_Y60-79_M.rda,model,5815743,2025-10-09 17:54:52 UTC,e41d3a9b0488a3ca66d60760d9a07da0e7cf98a980201d9762681c085f9cb9f9
Europe/stratified/fitted_model/EL_Y60-79_T.rda,model,5815743,2025-10-09 17:55:40 UTC,4bdc674e3b8b3f343b193c7e20a09456eb7718295fc435a402452dc0c4aa5957
Europe/stratified/fitted_model/EL_Y_GE80_F.rda,model,5815743,2025-10-09 17:50:15 UTC,75bbe0c5088e952ce4d516fc740d2302266fb2506a02559c475746338a2da1f7
Europe/stratified/fitted_model/EL_Y_GE80_M.rda,model,5815743,2025-10-09 17:51:16 UTC,0825a8878348e4d0ceffb3e7827dfc347129ca19ab3c64d01777353b912426a9
Europe/stratified/fitted_model/EL_Y_GE80_T.rda,model,5815743,2025-10-09 17:57:25 UTC,2cae12a5c079fb4c7f9efab753459c01423d5e7caa92b1ff652913f4a204c0b6
Europe/stratified/fitted_model/ES_Y20-39_F.rda,model,15279183,2025-10-09 17:58:22 UTC,52be1349c8d6e6c8e70423b4709e8f8525dd009c3349ebf8c5bcf601a6873ee3
Europe/stratified/fitted_model/ES_Y20-39_M.rda,model,15279183,2025-10-09 17:53:30 UTC,8b602d069515063362193f680f7f4a47c6f5f5b1447fe8f443a74640fd67e63f
Europe/stratified/fitted_model/ES_Y20-39_T.rda,model,15279183,2025-10-09 17:50:23 UTC,3c4e2b92401b44ada8e196428794397b445cf10f0458ff01cecbea4f14a58894
Europe/stratified/fitted_model/ES_Y40-59_F.rda,model,15279183,2025-10-09 17:52:32 UTC,6252e3626824d240c7d792cdc039524f6b35fb6753b88f02dfbc3db690c0870b
Europe/stratified/fitted_model/ES_Y40-59_M.rda,model,15279183,2025-10-09 17:53:20 UTC,86cff3ae4bd1367274f5af3b3328b6002dc89b217552a70e9a53e4e0af21cb4a
Europe/stratified/fitted_model/ES_Y40-59_T.rda,model,15279183,2025-10-09 17:58:17 UTC,e9b8a037c011082327611e0f3328805fd891c95568defdabff04b7bbd5e697a3
Europe/stratified/fitted_model/ES_Y60-79_F.rda,model,15279183,2025-10-09 17:56:25 UTC,9089a32c1272a786639de47c85c42cda2438694fcecf493bdeedf9802302be5f
Europe/stratified/fitted_model/ES_Y60-79_M.rda,model,15279183,2025-10-09 17:45:35 UTC,bc523b2346320f3aaa88ce8b7cc7258d2365e21f50a1c9b289f33de7f4533797
Europe/stratified/fitted_model/ES_Y60-79_T.rda,model,15279183,2025-10-09 17:48:16 UTC,80d805568cf6a19106ce8aa1621f24c29be63184ae1ac55492c866ecefffea23
Europe/stratified/fitted_model/ES_Y_GE80_F.rda,model,15279183,2025-10-09 17:55:57 UTC,f9538b7aba1433fe21c9c2536f518133f04eccf356d74eda1c604c4d0cc2c6be
Europe/stratified/fitted_model/ES_Y_GE80_M.rda,model,15279183,2025-10-09 17:50:28 UTC,205bbd9ab4789b21feabb1a128c17af1f4c6f9ad20f5a3bb73ad325b7139084b
Europe/stratified/fitted_model/ES_Y_GE80_T.rda,model,15279183,2025-10-09 17:57:34 UTC,65beff78bcbb178d62fff9fd2f58ef8809c8b63da02504821aacf2c15a65eaf2
Europe/stratified/fitted_model/FI_Y20-39_F.rda,model,15255103,2025-10-09 17:48:53 UTC,c4642d3936549fe28039ecdf5e375143076af1c947a63535151c3771370234f3
Europe/stratified/fitted_model/FI_Y20-39_M.rda,model,15255103,2025-10-09 17:45:30 UTC,c410f487ba069ea0652e4dad5105655af7f2bb5df3f3220e0db35daeaddf088c
Europe/stratified/fitted_model/FI_Y20-39_T.rda,model,15255103,2025-10-09 17:48:48 UTC,df92e33989b24b24ba3fc72ecc3b4b7890d95fd9f6943c2fc8eac135e6df897f
Europe/stratified/fitted_model/FI_Y40-59_F.rda,model,15255103,2025-10-09 17:54:17 UTC,89fb5b20c68c90a79f7b3ba7fb494ec5d9c04d26f823158e0aeb24214c1de27d
Europe/stratified/fitted_model/FI_Y40-59_M.rda,model,15255103,2025-10-09 17:46:24 UTC,b25b9b330507d31284c6e71ce98cfe64d89215e9624f7a0a12edf3ee795810f9
Europe/stratified/fitted_model/FI_Y40-59_T.rda,model,15255103,2025-10-09 17:59:08 UTC,6b9f67679534a997c09836b0a8e660a314a769b7a8a5d3536067d4ae469555bf
Europe/stratified/fitted_model/FI_Y60-79_F.rda,model,15255103,2025-10-09 18:00:09 UTC,f4961336edb3c389c959c95855c8c916ef637c8f292b220c30a3d1b815c67319
Europe/stratified/fitted_model/FI_Y60-79_M.rda,model,15255103,2025-10-09 17:57:08 UTC,c6ca32c644f784ed7172a4b5e17e4cf17c0400da416d75595179bbeb9c55751d
Europe/stratified/fitted_model/FI_Y60-79_T.rda,model,15255103,2025-10-09 17:49:58 UTC,d90d75e9611d3ed11c5193baae4b26c1acee3739591a4a0d1daab7b90e97e773
Europe/stratified/fitted_model/FI_Y_GE80_F.rda,model,15255103,2025-10-09 17:52:12 UTC,49a5f295a70e0c11921d1e0fd33130d168c8e505792129335e03bc93e4984263
Europe/stratified/fitted_model/FI_Y_GE80_M.rda,model,15255103,2025-10-09 17:46:14 UTC,e7b956a741ac1f693ffe9eaa734471fd7009065badf24be22d02393d21480655
Europe/stratified/fitted_model/FI_Y_GE80_T.rda,model,15255103,2025-10-09 17:45:37 UTC,0a10798e8ac129719992074bf972b965adba3fc0da73b65cd3964059d641ea24
Europe/stratified/fitted_model/FR_Y20-39_F.rda,model,7079943,2025-10-09 17:51:36 UTC,d8f60c0f5bdff348ae0e89b4543a4d371d6cc2c410b431341155b58b4ff5737a
Europe/stratified/fitted_model/FR_Y20-39_M.rda,model,7079943,2025-10-09 18:00:34 UTC,b94d8c24a93485adb98f4a612dc840e5ec74557d73570de7367846b23df17d37
Europe/stratified/fitted_model/FR_Y20-39_T.rda,model,7079943,2025-10-09 17:50:35 UTC,b82254f54de2fc64c24e84fd543cfd4c198da683448e88beb0578dee62e0ca02
Europe/stratified/fitted_model/FR_Y40-59_F.rda,model,7079943,2025-10-09 17:51:00 UTC,fcb972c67a519f8c5e677dbed2db6d745d081a8a4aac4f4552f7f015831bf26f
Europe/stratified/fitted_model/FR_Y40-59_M.rda,model,7079943,2025-10-09 17:55:08 UTC,b922da044380dc39a26b542a73487fe8119741d464a77d8efbfed7b0c8f8911b
Europe/stratified/fitted_model/FR_Y40-59_T.rda,model,7079943,2025-10-09 17:48:29 UTC,b2a001a8bb5d33bb9736447c72dcc17b50558841ccc77d2ffdcc45bfd9742183
Europe/stratified/fitted_model/FR_Y60-79_F.rda,model,7079943,2025-10-09 17:46:21 UTC,4dbdd86d1637b5bcd10688e3e0c495d85122da1f2655cb7fcd639de5a3ecce5b
Europe/stratified/fitted_model/FR_Y60-79_M.rda,model,7079943,2025-10-09 17:45:28 UTC,b9a3d461f182c487de0bad311c11ac3abaa8c317ec1df9754ec1afe2900d06a6
Europe/stratified/fitted_model/FR_Y60-79_T.rda,model,7079943,2025-10-09 17:53:35 UTC,0c290ad44b719ca9b2b6dbdc0b7c5079b0eae819aa31f0591cfd26cff67073fc
Europe/stratified/fitted_model/FR_Y_GE80_F.rda,model,7079943,2025-10-09 17:45:23 UTC,0899bf405a846872f17be226f37ad9f8d1b4fdcd193b0ed7ab35a4de012a98a1
Europe/stratified/fitted_model/FR_Y_GE80_M.rda,model,7079943,2025-10-09 17:50:14 UTC,990a3b29e7275f0fdcbf1baa981cadcc827b35b87a146eb9288180b1b4a5b8ee
Europe/stratified/fitted_model/FR_Y_GE80_T.rda,model,7079943,2025-10-09 17:53:32 UTC,3abd9ed46265d2eb835d26b7a2d7468a9bf2cc6a9bc9b9104660f0ade3a98825
Europe/stratified/fitted_model/HR_Y20-39_F.rda,model,15231023,2025-10-09 17:53:04 UTC,9636d53db073dbcacca6d9820c922ad06bb0586f6128d47d4588fe206020b81a
Europe/stratified/fitted_model/HR_Y20-39_M.rda,model,15231023,2025-10-09 17:56:32 UTC,5494d065c9c96e8cd4c942237ab205c740528f3a16a5eb8f987e0856e47c5cb0
Europe/stratified/fitted_model/HR_Y20-39_T.rda,model,15231023,2025-10-09 17:56:47 UTC,ed55c7940491d382b584a0068e7922fccc6985893facb05f9cfbd365e85d7f69
Europe/stratified/fitted_model/HR_Y40-59_F.rda,model,15231023,2025-10-09 17:56:05 UTC,622f7f4e60dd1e326b28f3b246b0c427bd8179219eb729f4de8f98e2d510e967
Europe/stratified/fitted_model/HR_Y40-59_M.rda,model,15231023,2025-10-09 17:54:02 UTC,4ea0221ac7673bc2ae29db5b59b21aae94450b2238682be9da5a4c66cb6a2738
Europe/stratified/fitted_model/HR_Y40-59_T.rda,model,15231023,2025-10-09 17:52:56 UTC,5534c29d4a89337c1e54c5896f400020d84ef6b46cdea74454aecbe43eb29abb
Europe/stratified/fitted_model/HR_Y60-79_F.rda,model,15231023,2025-10-09 17:46:12 UTC,0cc77e286dee639308155dcefa8d3d8b7b2dda9a55e79270d7983f00820eaf8a
Europe/stratified/fitted_model/HR_Y60-79_M.rda,model,15231023,2025-10-09 17:50:34 UTC,21de965c5b573dacac5c36884ed83ab89a6ec2e72cc4042ebbbad3a36f477e70
Europe/stratified/fitted_model/HR_Y60-79_T.rda,model,15231023,2025-10-09 17:55:46 UTC,506633183134c6b9421f699702537f3ad78cf90e7c068bc60c32b697868b79e5
Europe/stratified/fitted_model/HR_Y_GE80_F.rda,model,15231023,2025-10-09 17:50:21 UTC,00f088cbcfe917a314693c296b5e9994c084bcb01b85759bf0dc21f141956269
Europe/stratified/fitted_model/HR_Y_GE80_M.rda,model,15231023,2025-10-09 17:52:44 UTC,48e86153c4eea4adec2a7882b3dfe8958a9ca10e565ab5210e4affd036efdd94
Europe/stratified/fitted_model/HR_Y_GE80_T.rda,model,15231023,2025-10-09 17:45:55 UTC,d60cbf020142390d578bb886cceddcfcc9a2dea0c6410dd3bc152078d8a05ded
Europe/stratified/fitted_model/HU_Y20-39_F.rda,model,15231023,2025-10-09 17:55:16 UTC,eb2c1fabfa07a3f030cf846d0bceb865516eb2c5211446bd155721b76e1f5fb4
Europe/stratified/fitted_model/HU_Y20-39_M.rda,model,15231023,2025-10-09 17:59:40 UTC,b46fd79a9419f14836eef914b73a8ad8543fb8e4bd7298eccc6231a7902f6e35
Europe/stratified/fitted_model/HU_Y20-39_T.rda,model,15231023,2025-10-09 17:55:42 UTC,8e2f1eda13a345ea52b941bf86731798bcf8e0acc71cb753917085debb871555
Europe/stratified/fitted_model/HU_Y40-59_F.rda,model,15231023,2025-10-09 17:52:50 UTC,6969e86218275494f50eeeba9a58a6e1d59c4c8c29c55a26f84339223e6df2cf
Europe/stratified/fitted_model/HU_Y40-59_M.rda,model,15231023,2025-10-09 17:48:43 UTC,4b645ece8e1362a9554e0c965bace81ee228b0cda65fa2f9e9dbd912c533a194
Europe/stratified/fitted_model/HU_Y40-59_T.rda,model,15231023,2025-10-09 18:00:43 UTC,473e003f82335088a0ff8533dc4867dfc1079562e49dbef913a0f755fb691c85
Europe/stratified/fitted_model/HU_Y60-79_F.rda,model,15231023,2025-10-09 17:53:09 UTC,498625e0b9f7f457922b97551c8780e03d16d28824756b62ef1f1e714c6aac16
Europe/stratified/fitted_model/HU_Y60-79_M.rda,model,15231023,2025-10-09 17:55:48 UTC,51d8b9abfd6c4751d66b79a9fd5ff1b418c080b7d2e9c45e672e85880df6d92f
Europe/stratified/fitted_model/HU_Y60-79_T.rda,model,15231023,2025-10-09 17:49:14 UTC,e261f06239abbe348c63fc3028d910c0d9880e42b092225fb04911a37e40421b
Europe/stratified/fitted_model/HU_Y_GE80_F.rda,model,15231023,2025-10-09 17:56:54 UTC,1426cff39070711ae7b40d0569f92d437ae809ccc802abcde4b3a89db392a20d
Europe/stratified/fitted_model/HU_Y_GE80_M.rda,model,15231023,2025-10-09 17:46:41 UTC,6213ff1ac012e5c6c3c141042bb03001dea7a9ec22adee8fc4b75da5bb2f6127
Europe/stratified/fitted_model/HU_Y_GE80_T.rda,model,15231023,2025-10-09 17:49:44 UTC,621d114179eaf353c37c8293116cc4b6b9bfe860d8df0bb38bc37ac1456d6bbd
Europe/stratified/fitted_model/IS_Y20-39_F.rda,model,15218983,2025-10-09 17:47:14 UTC,407a7ad4cc50ce0beb9a9c8e359814de9584a6ad7cf9790a5e555bfe5e3ec153
Europe/stratified/fitted_model/IS_Y20-39_M.rda,model,15218983,2025-10-09 17:58:12 UTC,61941d13cbbb7a73efbd9dafd7da80b2f125d2c58f00bbc88ed969c1dc4d0422
Europe/stratified/fitted_model/IS_Y20-39_T.rda,model,15218983,2025-10-09 17:45:33 UTC,c5aeb52876b3a3de19f55893db67cc70f18e289ae870fa3a531b7dbba6081174
Europe/stratified/fitted_model/IS_Y40-59_F.rda,model,15218983,2025-10-09 17:58:48 UTC,9d6bb283a8ce27fd17a7b9dd11193bffc64acff83f657b336268980cb99d64c3
Europe/stratified/fitted_model/IS_Y40-59_M.rda,model,15218983,2025-10-09 17:45:27 UTC,e62c6c427411ecd04a58f16a63ca759429034782917094220de9a1483237d5ba
Europe/stratified/fitted_model/IS_Y40-59_T.rda,model,15218983,2025-10-09 17:55:54 UTC,84db6ba64d9e792f1891b05a50147eb904eaafebbd9f17a4e8cf0b9aa387819d
Europe/stratified/fitted_model/IS_Y60-79_F.rda,model,15218983,2025-10-09 17:57:21 UTC,ae0e500782e200aa4bc1fbeb3755295c826b114ce6b2f247d4172cd2fbcaa706
Europe/stratified/fitted_model/IS_Y60-79_M.rda,model,15218983,2025-10-09 17:58:45 UTC,e91efd860b52f8834d66d5f8995c2f74c236490659135d9816403d049155ceb6
Europe/stratified/fitted_model/IS_Y60-79_T.rda,model,15218983,2025-10-09 17:59:22 UTC,7e158104853b3547bbc60750128d8fe329186670c24eb54800374e3f314ba7d6
Europe/stratified/fitted_model/IS_Y_GE80_F.rda,model,15218983,2025-10-09 17:51:30 UTC,e0469a5461c6a9bcd23c59121d4c3122b9729f2245fe7ed0408a2f1c51fd0929
Europe/stratified/fitted_model/IS_Y_GE80_M.rda,model,15218983,2025-10-09 17:54:10 UTC,7f51e131a2263e0cd7a54dfa4887972d373a7b2aff0e91d9a6d9629bfb7ff9f6
Europe/stratified/fitted_model/IS_Y_GE80_T.rda,model,15218983,2025-10-09 17:57:37 UTC,6cda9f934b7e678873c0fb19750a78ee9a27126f28557a83adc0759d8e71c554
Europe/stratified/fitted_model/IT_Y20-39_F.rda,model,8320063,2025-10-09 17:49:00 UTC,bb86aadb86da29cc45337540e858b0ec1295182248c6224d1917dccf8dd11af0
Europe/stratified/fitted_model/IT_Y20-39_M.rda,model,8320063,2025-10-09 17:45:16 UTC,ba9386977875826bd47f5825866d8a2c62d9f6044cb6ca16bc916d5123d62ac9
Europe/stratified/fitted_model/IT_Y20-39_T.rda,model,8320063,2025-10-09 17:46:19 UTC,a7ca3cc4bafe0ed2d1c6a491cf87b5d19f1904d54133239d003d952424844800
Europe/stratified/fitted_model/IT_Y40-59_F.rda,model,8320063,2025-10-09 17:58:58 UTC,96dd5839258f72f51a824d91b9df3e5bea0e44ae4bc61581960858b4b0552720
Europe/stratified/fitted_model/IT_Y40-59_M.rda,model,8320063,2025-10-09 17:45:15 UTC,f8028918b182ab33aa70c0ae6536055e10e72d67583d7151894a54df5b7db432
Europe/stratified/fitted_model/IT_Y40-59_T.rda,model,8320063,2025-10-09 17:46:18 UTC,30107e393b20fb81d10237292bdd62c8c4fcd3339713d184340e3146133c76a3
Europe/stratified/fitted_model/IT_Y60-79_F.rda,model,8320063,2025-10-09 17:55:58 UTC,5a7970f4b585671db8e21da5fd38c33a1c5bac1abd999b612d04b77e85f5de91
Europe/stratified/fitted_model/IT_Y60-79_M.rda,model,8320063,2025-10-09 17:58:10 UTC,6f1f2313ffb586ea7f1b2437488a5976afbd7afdedd3ccc6bd622b21d2a448f1
Europe/stratified/fitted_model/IT_Y60-79_T.rda,model,8320063,2025-10-09 17:46:54 UTC,84bf3fc447d261ef62d0d1503fc56e5a297507184ef2c514ed64afe6a5de02ae
Europe/stratified/fitted_model/IT_Y_GE80_F.rda,model,8320063,2025-10-09 17:49:11 UTC,8dc9a7cc4e16fd0b2bd685c2a960a7b48545d75f316a5f517dab371af499a5f9
Europe/stratified/fitted_model/IT_Y_GE80_M.rda,model,8320063,2025-10-09 17:47:00 UTC,5f58f814fce4b9385920b710eadc0a36536df7d3aa6315bf6cf9d9a3a01ad516
Europe/stratified/fitted_model/IT_Y_GE80_T.rda,model,8320063,2025-10-09 17:52:57 UTC,c08de346238ef9b2c844a9ba63ffc359c587b5a3823cb67b6161a1fa74836bbd
Europe/stratified/fitted_model/LI_Y20-39_F.rda,model,14616983,2025-10-09 17:49:33 UTC,4ad166d4fb0bffabecb2af1996e120d2313d7f74a296a6871395ba131fd6b99f
Europe/stratified/fitted_model/LI_Y20-39_M.rda,model,14616983,2025-10-09 17:48:10 UTC,a9bbfe6169e6c0bc4aef372b647346f58812c4db7b79ea7bce5e39987aebc0a0
Europe/stratified/fitted_model/LI_Y20-39_T.rda,model,14616983,2025-10-09 17:53:22 UTC,4c372a7a2c1d1a3117e9eecab8a95380e889a7b57ef4a76f2fdb33f346ca890c
Europe/stratified/fitted_model/LI_Y40-59_F.rda,model,14616983,2025-10-09 17:50:42 UTC,c2724fcd5c340fca8a27110bb42e19cec40e4595de0e2339df4da609954aa233
Europe/stratified/fitted_model/LI_Y40-59_M.rda,model,14616983,2025-10-09 17:53:13 UTC,e40cc5a66a39eea0c4d5886f74a104bf98874104a22d753fe3b6758f8ab74ae9
Europe/stratified/fitted_model/LI_Y40-59_T.rda,model,14616983,2025-10-09 17:49:54 UTC,732968712744b52d58f059e1a00e7b3fe202ba923aa7bd1b353855b108e4b577
Europe/stratified/fitted_model/LI_Y60-79_F.rda,model,14616983,2025-10-09 17:59:11 UTC,540eb138c124b35adde96ce4aa4d673d7e5089ddca67dd75cf9a5c7d72d98f3d
Europe/stratified/fitted_model/LI_Y60-79_M.rda,model,14616983,2025-10-09 17:49:51 UTC,914d909604c14538687ccd873bea8f2bad27eea22717a1d8e81f28aa7d38f6dd
Europe/stratified/fitted_model/LI_Y60-79_T.rda,model,14616983,2025-10-09 17:55:23 UTC,078da7c253feded268c509b7bdeb5ae19f13fde21823e4dfe2667fa79c6a8588
Europe/stratified/fitted_model/LI_Y_GE80_F.rda,model,14616983,2025-10-09 17:59:45 UTC,e9d7261d9973e1af9c9d160c9a2579876e7185aab528c79619abbd9fb033bc0b
Europe/stratified/fitted_model/LI_Y_GE80_M.rda,model,14616983,2025-10-09 17:57:11 UTC,a6e28032915d76bb12d07efd85ae08d6886f99c97694c2c2b3cb519c9248e44e
Europe/stratified/fitted_model/LI_Y_GE80_T.rda,model,14616983,2025-10-09 17:52:23 UTC,67dfa31ba5fc909215eff8d90ef6662b633c8c7f605e62e876fb2e33aa92ca11
Europe/stratified/fitted_model/LT_Y20-39_F.rda,model,15279183,2025-10-09 17:46:23 UTC,f324532dd68517b4d91c114565ea0661a62e5febc036c0422f68b1b52517bd15
Europe/stratified/fitted_model/LT_Y20-39_M.rda,model,15279183,2025-10-09 17:50:10 UTC,050bd060c72423170cf9fea9ad6bed670e355f00f3a8b3351473aa10f0f66ea3
Europe/stratified/fitted_model/LT_Y20-39_T.rda,model,15279183,2025-10-09 17:56:40 UTC,4f33cffaa7f0493a8353fbed6427538d068fca2413630005dc17f203d5067478
Europe/stratified/fitted_model/LT_Y40-59_F.rda,model,15279183,2025-10-09 17:49:03 UTC,8df2b7313b46a3ce7dbbb363d744ee34626d5469fe4019309558956bfc9ee023
Europe/stratified/fitted_model/LT_Y40-59_M.rda,model,15279183,2025-10-09 17:52:53 UTC,5ea260242c0fe99cdc9da321f5f81b21524a718d2a7d4f6a4ed8351bc63142b0
Europe/stratified/fitted_model/LT_Y40-59_T.rda,model,15279183,2025-10-09 17:54:54 UTC,9825d2a0cbdc66b6efd6f55d66de0c64fe3815b5fc3d6c3090f48e4cdb5c93e4
Europe/stratified/fitted_model/LT_Y60-79_F.rda,model,15279183,2025-10-09 17:47:08 UTC,7d8b8c04263ff5abadcd4647bb976d6b19a5e5c05c1fa63d7b8c4121ca329af3
Europe/stratified/fitted_model/LT_Y60-79_M.rda,model,15279183,2025-10-09 18:00:29 UTC,c9d912677ee6bc01b0410b2254d3ef8d00edf7f32266580911af731d59e2cbbd
Europe/stratified/fitted_model/LT_Y60-79_T.rda,model,15279183,2025-10-09 17:50:17 UTC,d2258ca4e1251b23eee699be5f8c2a749b80abddede33d080a32f34ce9da633b
Europe/stratified/fitted_model/LT_Y_GE80_F.rda,model,15279183,2025-10-09 17:48:35 UTC,a9520ef89c18fa2b5ece003e5d6459a8178eb8de948a47a49b2dc1ead8ffb237
Europe/stratified/fitted_model/LT_Y_GE80_M.rda,model,15279183,2025-10-09 17:59:43 UTC,9be8705becff285e37c55c5f09d5b5a73d92bb89be3f7249332baedf125dfb61
Europe/stratified/fitted_model/LT_Y_GE80_T.rda,model,15279183,2025-10-09 17:53:50 UTC,6a325bbb232b499998816f5647069237777704f0454a17cf33ce7367fdada132
Europe/stratified/fitted_model/LU_Y20-39_F.rda,model,15218983,2025-10-09 17:57:51 UTC,a49c37f9551b6091fe83df1c3b9f888b89d4161b772724076ca36860e4cf6bbc
Europe/stratified/fitted_model/LU_Y20-39_M.rda,model,15218983,2025-10-09 17:53:17 UTC,63248e352046c35b104a4ae8cd9abc036f28bd1ffbc6e63f942fe1a9b68bee18
Europe/stratified/fitted_model/LU_Y20-39_T.rda,model,15218983,2025-10-09 17:52:01 UTC,f0f26559636e59b2b6efe1eafe81c371c763a1f5abfacc13dcb47ed0e35779e5
Europe/stratified/fitted_model/LU_Y40-59_F.rda,model,15218983,2025-10-09 17:50:20 UTC,aa149c68b06eca6acc1106f8e5c13a12fdc0427eb6c248e0830c219c39db7a45
Europe/stratified/fitted_model/LU_Y40-59_M.rda,model,15218983,2025-10-09 17:54:43 UTC,b3cd7161e96ccbe8dd16e8ec9a99bf44beda1aa28dab3e9684f44fe7511ce2ae
Europe/stratified/fitted_model/LU_Y40-59_T.rda,model,15218983,2025-10-09 17:51:57 UTC,4f790544fa74627ae5a076c32240578fa5e0ac4e05edb838fe3ecf5efc58f69b
Europe/stratified/fitted_model/LU_Y60-79_F.rda,model,15218983,2025-10-09 17:53:41 UTC,6e0da524364e522789f76ff5c78b17cc1a7eca5cb64697f0b90e869d1202c48b
Europe/stratified/fitted_model/LU_Y60-79_M.rda,model,15218983,2025-10-09 17:58:05 UTC,183b77a075b0b9fa619feeea37b2d664e4e8273057cb054423fb358e71e9e5a9
Europe/stratified/fitted_model/LU_Y60-79_T.rda,model,15218983,2025-10-09 17:59:51 UTC,9c3898443f84dd6c82da1fd8d9878ca948912226a1648802b23d31516ce3c5c2
Europe/stratified/fitted_model/LU_Y_GE80_F.rda,model,15218983,2025-10-09 17:47:30 UTC,969245ed8d84ecf4e4175b8627fe363cab5d5c19d0286c4988c39c13a2b35894
Europe/stratified/fitted_model/LU_Y_GE80_M.rda,model,15218983,2025-10-09 17:57:32 UTC,fbec2cb270f7750c4d9f9b78e56b6f009a9aed548ccaabece7f41b7da7688579
Europe/stratified/fitted_model/LU_Y_GE80_T.rda,model,15218983,2025-10-09 17:47:07 UTC,5b7c2b61f7cc33c467158d7861151c826dd42cca85bf1e1a98fbaf524f0ef89b
Europe/stratified/fitted_model/LV_Y20-39_F.rda,model,15291223,2025-10-09 17:56:38 UTC,8c8e351d7d31659a4f5eec780f8d4e2b3802d670fca96177a90aac6696ac86f9
Europe/stratified/fitted_model/LV_Y20-39_M.rda,model,15291223,2025-10-09 17:50:06 UTC,94b9fa6a962a1d9d8cb81cca582f2dd809503199e4f78738371f7964313b7aec
Europe/stratified/fitted_model/LV_Y20-39_T.rda,model,15291223,2025-10-09 17:53:25 UTC,74529c54c3a9c4486255c006d01d4ac0f2576c4330226bef543fb2ead8edc77c
Europe/stratified/fitted_model/LV_Y40-59_F.rda,model,15291223,2025-10-09 17:58:15 UTC,26ecf61f2c56d58852d52156dd2a39d0e82b84a33bfd8151e5b1bbdf195878d4
Europe/stratified/fitted_model/LV_Y40-59_M.rda,model,15291223,2025-10-09 17:47:56 UTC,d126c18175f1a9204753c713961bed3c6592be7ad4b4d07e5e8fe93849b58663
Europe/stratified/fitted_model/LV_Y40-59_T.rda,model,15291223,2025-10-09 17:52:08 UTC,db9c0c38e4053a0e009b3d6dd93faa2822d37305d135c9694151fe07874a92a8
Europe/stratified/fitted_model/LV_Y60-79_F.rda,model,15291223,2025-10-09 17:46:10 UTC,634040655e5f0d1d736dd9ed456ff3c863a7db6adc1b1bd76987b1d105e34fa4
Europe/stratified/fitted_model/LV_Y60-79_M.rda,model,15291223,2025-10-09 17:56:13 UTC,950c99eb61fb16313876bdc82e5b17568bbbaa54bc014c4b97ff540131f2deae
Europe/stratified/fitted_model/LV_Y60-79_T.rda,model,15291223,2025-10-09 17:54:07 UTC,5d9f3cc4e787b68ae90b9fe8d1264b6c03d697fd64d4c70e67ce912d873ae0df
Europe/stratified/fitted_model/LV_Y_GE80_F.rda,model,15291223,2025-10-09 17:48:36 UTC,21dd402098dbcf8b4c1f48d0c924ff61eaff16b7c1abea689d5016e716e8efc3
Europe/stratified/fitted_model/LV_Y_GE80_M.rda,model,15291223,2025-10-09 17:59:05 UTC,e75e12b431985af54cbc93dc399ed7555a167ad30867fe4202f35cb497e48255
Europe/stratified/fitted_model/LV_Y_GE80_T.rda,model,15291223,2025-10-09 17:58:19 UTC,a06d059747c7b164749c870852b4354fc238aeb97e7cb79ac8c6c00b07390b4b
Europe/stratified/fitted_model/ME_Y20-39_F.rda,model,11883903,2025-10-09 17:50:45 UTC,f5b997d93c2857245e2b8bae5f6a703c882820c8d976b37c089f847cc3a25912
Europe/stratified/fitted_model/ME_Y20-39_M.rda,model,11883903,2025-10-09 17:55:21 UTC,ca5f34ed7322db1d7207225e6d8e3e82397d60652ee9178655714cb40ab8bbfb
Europe/stratified/fitted_model/ME_Y20-39_T.rda,model,11883903,2025-10-09 17:50:57 UTC,bb595decf6df80507bca913c7ff967f6c0e39442544b6e21cd3978553a1cbee0
Europe/stratified/fitted_model/ME_Y40-59_F.rda,model,11883903,2025-10-09 17:52:16 UTC,300f9740b0c9a81a7d7ac2828db7523f55138859fc09e558bf593d1427d79b74
Europe/stratified/fitted_model/ME_Y40-59_M.rda,model,11883903,2025-10-09 17:57:27 UTC,80d2f4269c5192ff276fdc6253ea475fcfc61ec2d5417350fe57bf06e4a364d5
Europe/stratified/fitted_model/ME_Y40-59_T.rda,model,11883903,2025-10-09 17:52:34 UTC,b965443a9b703ff9d46035c452d129b0d20d3ef83ebc41e9710b24018e4d6606
Europe/stratified/fitted_model/ME_Y60-79_F.rda,model,11883903,2025-10-09 17:56:00 UTC,0f295fd1531360364d32e43a53b7ee8d4732fdd2f3ae1ec88248644089dbe08a
Europe/stratified/fitted_model/ME_Y60-79_M.rda,model,11883903,2025-10-09 17:48:55 UTC,7da22a37ab673113f01c7828fb7772f28dc739cacfaab712d04eebe0b61d48ed
Europe/stratified/fitted_model/ME_Y60-79_T.rda,model,11883903,2025-10-09 17:59:01 UTC,3ceef09cff27e850acf2ca9a9d9cb5d0e767e7b62cb315bfd7299877d7e6f7be
Europe/stratified/fitted_model/ME_Y_GE80_F.rda,model,11883903,2025-10-09 17:48:03 UTC,06b61e6dd096af36efe2e19eef550cfdfe12e6071275824397a39dd26e098a57
Europe/stratified/fitted_model/ME_Y_GE80_M.rda,model,11883903,2025-10-09 18:00:41 UTC,cd5e7de251e244a72274e97390866b01aed6d8953b55081b79c2575e6facd34c
Europe/stratified/fitted_model/ME_Y_GE80_T.rda,model,11883903,2025-10-09 17:48:39 UTC,c20700199d6b154a7757fe578d87c9d71b96d0ac352817968f273875db8414a0
Europe/stratified/fitted_model/MT_Y20-39_F.rda,model,8380263,2025-10-09 17:59:47 UTC,2debfbb509652b03408d34df59920f7b4eea551b94da55afae2a4c0994b32c1e
Europe/stratified/fitted_model/MT_Y20-39_M.rda,model,8380263,2025-10-09 17:54:59 UTC,d8ee8a48755c1480d21d18717c2cf7e9ac03115ce8980871ea035a2ccb77e266
Europe/stratified/fitted_model/MT_Y20-39_T.rda,model,8380263,2025-10-09 18:00:26 UTC,a16de47e1add0cf813838f76ef21410d565750f4c3e75f4ba0b4cbbf2663fd02
Europe/stratified/fitted_model/MT_Y40-59_F.rda,model,8380263,2025-10-09 17:59:31 UTC,e991935dfb193229935d1b6ac8143a73b85f3bd98f51b40ac878228b9fc6b6c7
Europe/stratified/fitted_model/MT_Y40-59_M.rda,model,8380263,2025-10-09 18:00:01 UTC,be1fecfe2b33a8018c14c0d028fe51720621e9833ae1eef3bcd9d5bb1e020a08
Europe/stratified/fitted_model/MT_Y40-59_T.rda,model,8380263,2025-10-09 17:58:56 UTC,2559e1c500a8c7cce731272bd08dd42b15759c01b135bf44e5318534a6e54b13
Europe/stratified/fitted_model/MT_Y60-79_F.rda,model,8380263,2025-10-09 17:55:24 UTC,a84068d889791a569cc08e6baab5e698dfbbce820dae7e7d6f3441990b0d8ad4
Europe/stratified/fitted_model/MT_Y60-79_M.rda,model,8380263,2025-10-09 17:49:48 UTC,a200a712b1b54bfe554cc7b623bb7ffdaf11c2e0ed412a6a77e47a83e9e7535a
Europe/stratified/fitted_model/MT_Y60-79_T.rda,model,8380263,2025-10-09 17:50:07 UTC,4123de04613a67c28ea79a85d15b43b7d925b9546073f7166cd4c0449fec5998
Europe/stratified/fitted_model/MT_Y_GE80_F.rda,model,8380263,2025-10-09 17:55:50 UTC,b9882cf6a8648522fb52faf6fde3eaab8c049195e1d2232abed81838f8cc94b3
Europe/stratified/fitted_model/MT_Y_GE80_M.rda,model,8380263,2025-10-09 17:52:14 UTC,5d468e8179e5a6e5f6b635bdea5ef0f754b8c3599788677dc78ce26795d46e05
Europe/stratified/fitted_model/MT_Y_GE80_T.rda,model,8380263,2025-10-09 17:57:55 UTC,456b121bcd9267967eb406c92aa5ddc44cad9e636f7559ba7ca62660bf14a183
Europe/stratified/fitted_model/NL_Y20-39_F.rda,model,15279183,2025-10-09 17:49:21 UTC,dcceb4aa86b1ff0adbd490451ea2e92061fddf752dd0999d7d2d855ab0d44c07
Europe/stratified/fitted_model/NL_Y20-39_M.rda,model,15279183,2025-10-09 18:00:37 UTC,84f5a8052ddcab79ebbe7c426e5ed950089fcce12b45ab2acf4126d7245d6bde
Europe/stratified/fitted_model/NL_Y20-39_T.rda,model,15279183,2025-10-09 17:51:44 UTC,6f99b4a2f6d2aba42469e9d4aaef6ccbbc1c4f3b2a793cdf81a335c2a4c77501
Europe/stratified/fitted_model/NL_Y40-59_F.rda,model,15279183,2025-10-09 17:51:50 UTC,2d7180f36754b3c68a03e1568ec2c9e997d4f8190ca11fa7ef71dc4438305e99
Europe/stratified/fitted_model/NL_Y40-59_M.rda,model,15279183,2025-10-09 17:51:46 UTC,7033a1a24d6e6f252cc20a88ab6ace3fd53a5cda6d12f325e3a596172fb51768
Europe/stratified/fitted_model/NL_Y40-59_T.rda,model,15279183,2025-10-09 17:47:10 UTC,415cfdc7ac5dfac5fec5a856570a9e466b21a3cf63cb115985488959a21147f2
Europe/stratified/fitted_model/NL_Y60-79_F.rda,model,15279183,2025-10-09 17:53:00 UTC,d2f6fa4d1f93c0e04bd8268cb692e9e72b742dcc7d845893d30d383ca89cdc5e
Europe/stratified/fitted_model/NL_Y60-79_M.rda,model,15279183,2025-10-09 17:51:40 UTC,b6dddcb4e5e6ccf9d8dbf570aa6f876b4ae58a881109ecc563c57994e31fd36f
Europe/stratified/fitted_model/NL_Y60-79_T.rda,model,15279183,2025-10-09 17:55:44 UTC,dada9a826470e06e7f9e712695b6644b0c0256aa607fa6e29b04fa77116280a1
Europe/stratified/fitted_model/NL_Y_GE80_F.rda,model,15279183,2025-10-09 17:58:29 UTC,1f29e1ff6532e0a29a4a14178a05cf194ccc48fdd0b1f73251a511ab8cfae90c
Europe/stratified/fitted_model/NL_Y_GE80_M.rda,model,15279183,2025-10-09 17:49:31 UTC,942e5b17f4ddf28986f52f0580835405c96b1a42a2535c2e287b06001596e6c1
Europe/stratified/fitted_model/NL_Y_GE80_T.rda,model,15279183,2025-10-09 17:49:18 UTC,34462b4598d83e80d945e19190bcff94b8e98eab323183c9e3e3b481573149b8
Europe/stratified/fitted_model/NO_Y20-39_F.rda,model,15255103,2025-10-09 17:47:40 UTC,583e028ecd1694272ba644126f40c6a9a78c8bfc859e385f46902a8019725537
Europe/stratified/fitted_model/NO_Y20-39_M.rda,model,15255103,2025-10-09 17:46:45 UTC,3d20321ec6990f54c51ef17f89aa859b06207d7a14b51dd45a3c8e2fd2dbd26d
Europe/stratified/fitted_model/NO_Y20-39_T.rda,model,15255103,2025-10-09 17:45:40 UTC,59718769f887e511f5edcfb73a40c8f2d1355048b57ee2af8f635b7a13930032
Europe/stratified/fitted_model/NO_Y40-59_F.rda,model,15255103,2025-10-09 17:46:31 UTC,4ce7107fe5ef5d87f4aaa5729eaddee8fb1a278a257a94ed5560ef4061d391c4
Europe/stratified/fitted_model/NO_Y40-59_M.rda,model,15255103,2025-10-09 17:47:06 UTC,d31921530c589557ddd43f5467596917b57d00eda0cf62fa137d4984defb95c2
Europe/stratified/fitted_model/NO_Y40-59_T.rda,model,15255103,2025-10-09 17:58:43 UTC,69c31905d75a4e18fe251c9ef2019cc9194617b99e185ff7253cd9f29685f873
Europe/stratified/fitted_model/NO_Y60-79_F.rda,model,15255103,2025-10-09 17:55:19 UTC,d2c48fd830e46d3d996dd7479e61a6c2865f563816be7ea0b420ec0761fc0a4f
Europe/stratified/fitted_model/NO_Y60-79_M.rda,model,15255103,2025-10-09 17:46:36 UTC,ea91bee8cdcf7604b03dd449d6107962e9dec02a465307293a3257502522e749
Europe/stratified/fitted_model/NO_Y60-79_T.rda,model,15255103,2025-10-09 18:00:31 UTC,3698b7f1efe9089d4d69b826a1db4eec1734c225b314fe050fe43091f4c54371
Europe/stratified/fitted_model/NO_Y_GE80_F.rda,model,15255103,2025-10-09 17:47:12 UTC,8182ff994b443472feb1fb3a5fb0cd5ec7d39f5efead24b11bcced12010a0e83
Europe/stratified/fitted_model/NO_Y_GE80_M.rda,model,15255103,2025-10-09 17:51:48 UTC,05881d416704dc313358d1819d14aa72f15e4c734e78f8f714f3fea4ac91b96e
Europe/stratified/fitted_model/NO_Y_GE80_T.rda,model,15255103,2025-10-09 17:56:50 UTC,94931190442994f62108689c983e8579e67933f0e8ac89428489a9091e0a7811
Europe/stratified/fitted_model/PL_Y20-39_M.rda,model,15255103,2025-10-09 17:46:03 UTC,fc86352ffa3d038bab1f5536fa2ad31abfa0433a04540823f1e9669eb2e50de6
Europe/stratified/fitted_model/PL_Y20-39_T.rda,model,15255103,2025-10-09 17:50:13 UTC,bb7d709abec4a50edd66e259d04f8e539112064209f14d24f1f5ef89b7deee16
Europe/stratified/fitted_model/PL_Y40-59_F.rda,model,15255103,2025-10-09 17:56:02 UTC,6db684c752f413e8722a4ca87a943e36881614da3ac14adedfba4e03ebec7f08
Europe/stratified/fitted_model/PL_Y40-59_M.rda,model,15255103,2025-10-09 17:56:56 UTC,e7d2de4585dc7d891542ba04510a6fb23839a1c9ea21f95c3a64ce29c09dd974
Europe/stratified/fitted_model/PL_Y40-59_T.rda,model,15255103,2025-10-09 17:46:00 UTC,2b6c2216a83e5290e264b707c5b23375eef88d411dab9704d087fb78c31d15f8
Europe/stratified/fitted_model/PL_Y60-79_F.rda,model,15255103,2025-10-09 17:58:51 UTC,8fbe34a660688ccd2e17e48e6cb75a5a7d757eb52c889c205320526707e5c0f7
Europe/stratified/fitted_model/PL_Y60-79_M.rda,model,15255103,2025-10-09 17:59:54 UTC,77b6acd6ad19af965cc791c347103416966417914f4b5009fe4bdee6708faf9f
Europe/stratified/fitted_model/PL_Y60-79_T.rda,model,15255103,2025-10-09 17:59:28 UTC,54c0254e591931329f15eeb4368bacf3176888d825f13cf02cb809beef5cb331
Europe/stratified/fitted_model/PL_Y_GE80_F.rda,model,15255103,2025-10-09 17:46:21 UTC,1718f8cbdc742a497165d50ba9622dd40e8f1cf4e402a3f25264ff6ad3ae7582
Europe/stratified/fitted_model/PL_Y_GE80_M.rda,model,15255103,2025-10-09 17:45:52 UTC,50d63ec12922c9b777562dfd769c093eaacfdfef714dbb41bc9562785b3dffce
Europe/stratified/fitted_model/PL_Y_GE80_T.rda,model,15255103,2025-10-09 17:47:19 UTC,f17e8493de7b971247dfb65410faff666139701bd120dc763184f3cac487377e
Europe/stratified/fitted_model/PT_Y20-39_F.rda,model,15231023,2025-10-09 17:51:22 UTC,a346c00bd87f16eea37eb6a747830991c92385c01e4638e3b3d76165f4cdbd79
Europe/stratified/fitted_model/PT_Y20-39_M.rda,model,15231023,2025-10-09 17:56:08 UTC,6baaeb5919950f252c28ca7cc7e821386e8f9c733af2c3cab1d9ec4d83b249fb
Europe/stratified/fitted_model/PT_Y20-39_T.rda,model,15231023,2025-10-09 17:58:38 UTC,6f53fb96c67832becd925ee8b7eb5bf773c87b70a816098e0d935bdb0d64cf89
Europe/stratified/fitted_model/PT_Y40-59_F.rda,model,15231023,2025-10-09 17:52:28 UTC,211a310e558c62645153c5b3d2e38489544636d3bd68b6bbeae0bd4d0c9f0a64
Europe/stratified/fitted_model/PT_Y40-59_M.rda,model,15231023,2025-10-09 17:59:18 UTC,cd032fd2b1384c1e67c9b7b8ec5ad946023bbd786960bfe76c52d045d1a831fd
Europe/stratified/fitted_model/PT_Y40-59_T.rda,model,15231023,2025-10-09 17:56:20 UTC,adbc54edc327e687996fd80465081949b137a3a3fd3ace8c7a391e04e73471a4
Europe/stratified/fitted_model/PT_Y60-79_F.rda,model,15231023,2025-10-09 17:50:49 UTC,381b7e24fda0b9668590886648aa3869fffd1bb600dcbe9ea5e509d524958bdc
Europe/stratified/fitted_model/PT_Y60-79_M.rda,model,15231023,2025-10-09 17:49:47 UTC,7f2bcabb7c31091b0cb6fcffbc47cb28576a12810bfea04ba1327ffe710be5ab
Europe/stratified/fitted_model/PT_Y60-79_T.rda,model,15231023,2025-10-09 17:55:13 UTC,b3f028c90dbe11385ee167f562fe8406a68dca36aae783b2b4443b9766bcaf0b
Europe/stratified/fitted_model/PT_Y_GE80_F.rda,model,15231023,2025-10-09 17:58:01 UTC,742bbe7e399b7313bda888a4950cfc96a8416912c2a4e70440b517f80380ced4
Europe/stratified/fitted_model/PT_Y_GE80_M.rda,model,15231023,2025-10-09 17:50:25 UTC,417d9ea1cf08f4238f11e3306248bd1cf68e5ed43968ec7b8dcc95dc4a1ce98c
Europe/stratified/fitted_model/PT_Y_GE80_T.rda,model,15231023,2025-10-09 17:58:34 UTC,8d288f00d05008e892dae37119dc46e872718403be7c94c0088eebe188e5562e
Europe/stratified/fitted_model/RO_Y20-39_F.rda,model,5815743,2025-10-09 17:47:01 UTC,56116ced98750b0a295e22f51ca4a3fff77b77553a492abaf511cadfadbcfa7e
Europe/stratified/fitted_model/RO_Y20-39_M.rda,model,5815743,2025-10-09 17:58:54 UTC,4944a0a1f0347d9c7aa2b9b5bda066d8dc0e18497641c4517fc2a3239deb8cf3
Europe/stratified/fitted_model/RO_Y20-39_T.rda,model,5815743,2025-10-09 17:55:39 UTC,ab9e05e1261cf6d43c3d1f2cf03877c5858f7e1f9e95e61948d5b54444fe5c06
Europe/stratified/fitted_model/RO_Y40-59_F.rda,model,5815743,2025-10-09 17:51:02 UTC,24bdb1bda3b0a4666861023a492c98fa1d2deab530b93b9d52b44f8114dbd616
Europe/stratified/fitted_model/RO_Y40-59_M.rda,model,5815743,2025-10-09 17:53:27 UTC,721da45789c31a2cf82ef4fd5d70d5970ef7d4ed9c2ca0ad2e54260ca6b21eaf
Europe/stratified/fitted_model/RO_Y40-59_T.rda,model,5815743,2025-10-09 18:00:39 UTC,840a597929ef5a0ba0f1996f6be9e5186969ae1d80d452f80ea99090e2c198a3
Europe/stratified/fitted_model/RO_Y60-79_F.rda,model,5815743,2025-10-09 17:46:32 UTC,7e1f406f18ef5de8ae8aac5a925631bd9180469244c843b026dbfcd5f536d286
Europe/stratified/fitted_model/RO_Y60-79_M.rda,model,5815743,2025-10-09 17:50:00 UTC,6aa9924ae0a1495cfd78fd12553a64a107e2e25136585736b095cba0f6ee55af
Europe/stratified/fitted_model/RO_Y60-79_T.rda,model,5815743,2025-10-09 17:54:14 UTC,01b6305bedb7233e8dffdf486a7c781222fed0ea17f398523feafc852ea8df73
Europe/stratified/fitted_model/RO_Y_GE80_F.rda,model,5815743,2025-10-09 17:47:26 UTC,1f604c0ede215453f4c33ee259e21d21d73d1fa72c3486869aef17b32799ed94
Europe/stratified/fitted_model/RO_Y_GE80_M.rda,model,5815743,2025-10-09 17:45:31 UTC,a6541909f49c6843c5aa907ac93906b86a6bac0c96e12bbc14699b80fcdb950c
Europe/stratified/fitted_model/RO_Y_GE80_T.rda,model,5815743,2025-10-09 17:45:25 UTC,c9a0fb76bcc3105d81b2e2e097cd6b0a51c5f76617b0cee8995ec4f68110843f
Europe/stratified/fitted_model/RS_Y20-39_F.rda,model,15026343,2025-10-09 17:55:05 UTC,ad9bc8e700dca35f0fd0fee1b84fe8161d6a97c09aedd35803a315a16294869c
Europe/stratified/fitted_model/RS_Y20-39_M.rda,model,15026343,2025-10-09 17:57:47 UTC,1f49fcc24769495c2c9c1d857397bdb02e837e2c1354dfbd85d952325ab3ccc8
Europe/stratified/fitted_model/RS_Y20-39_T.rda,model,15026343,2025-10-09 17:55:11 UTC,efc22426f1f9b12faf075d5b1ed5bef4151cd18e12d8578bb4aa3873ab17de29
Europe/stratified/fitted_model/RS_Y40-59_F.rda,model,15026343,2025-10-09 17:49:07 UTC,db0e6cb7dd367ba81818d866fd904a5a6742d9440f86085423c1a2306dd9d64a
Europe/stratified/fitted_model/RS_Y40-59_M.rda,model,15026343,2025-10-09 17:46:33 UTC,0b8980a8b2042531e8d9cba78ceedf44f45012488a465ffd3f9cc1c1137592cf
Europe/stratified/fitted_model/RS_Y40-59_T.rda,model,15026343,2025-10-09 17:46:42 UTC,4a1b118618990022c48c41bad77f97e504f73809ec72506bf0af7268f52facbf
Europe/stratified/fitted_model/RS_Y60-79_F.rda,model,15026343,2025-10-09 17:54:20 UTC,cdb565a2828b797182255a953152e8556a7c907aadc22142128a328f6502da5e
Europe/stratified/fitted_model/RS_Y60-79_M.rda,model,15026343,2025-10-09 17:56:36 UTC,51797c5fa6e6ce5f68bf6d885a5c7f9a16585cb0b34cf3065aedf4cd5123271b
Europe/stratified/fitted_model/RS_Y60-79_T.rda,model,15026343,2025-10-09 17:49:42 UTC,6a37bf6171f16fe193b8e912aed32b6366814e145732554b7fde521dd8bf1a09
Europe/stratified/fitted_model/RS_Y_GE80_F.rda,model,15026343,2025-10-09 17:47:35 UTC,88c884efe172fa82e85da72bf46f89829a43cf4337d66ecba0fee0c74e0a8704
Europe/stratified/fitted_model/RS_Y_GE80_M.rda,model,15026343,2025-10-09 18:00:05 UTC,e7e7de3499b2235f0878b5103806df4860a5ff07be00cfccd7897137cd9b7823
Europe/stratified/fitted_model/RS_Y_GE80_T.rda,model,15026343,2025-10-09 17:45:14 UTC,f6fab59dafda9d224ef2d6226aae8793b61b512ae00a78e245ceba5fb1704263
Europe/stratified/fitted_model/SE_Y20-39_F.rda,model,15267143,2025-10-09 17:51:56 UTC,01e88df92a07e2b21b357cfdca899f6a974591c255ec7e0a69f4a37392a2367a
Europe/stratified/fitted_model/SE_Y20-39_M.rda,model,15267143,2025-10-09 17:47:04 UTC,39385f9020c763ee06f0fb30a37d1b14f059d479fdbfab4a9f87f8b247f0f867
Europe/stratified/fitted_model/SE_Y20-39_T.rda,model,15267143,2025-10-09 18:00:23 UTC,e76f1e62d442fe90646392572132f1b63adf96de6dae2b8d9b42a4e19683ca3d
Europe/stratified/fitted_model/SE_Y40-59_F.rda,model,15267143,2025-10-09 17:59:35 UTC,229a30bb2a4742097858d06ecdfbb83680323f51342665e53ef96ae38ddf081d
Europe/stratified/fitted_model/SE_Y40-59_M.rda,model,15267143,2025-10-09 17:57:45 UTC,f0ade85ab303d193e0279e5ac723c20d94104cb95dcfa4f2d8d974bc1caa482b
Europe/stratified/fitted_model/SE_Y40-59_T.rda,model,15267143,2025-10-09 17:46:28 UTC,dd7d255c200154bbbde2aea9701fbdd66a2fe26d1672ba1ddce08479ead5478d
Europe/stratified/fitted_model/SE_Y60-79_F.rda,model,15267143,2025-10-09 17:54:26 UTC,460f20f626ea6d645f3e9e2e03021f130c21f33a590a42ba1414669f12fe0fae
Europe/stratified/fitted_model/SE_Y60-79_M.rda,model,15267143,2025-10-09 18:00:25 UTC,338f62349d0be15db1139cfa2e3353ae47d75ef5c79cb105b144279f57b694ea
Europe/stratified/fitted_model/SE_Y60-79_T.rda,model,15267143,2025-10-09 17:57:14 UTC,f480bf23896db5ebed32074eeccfa78b0d27ab81a049dfd646bef04bd8caeed3
Europe/stratified/fitted_model/SE_Y_GE80_F.rda,model,15267143,2025-10-09 17:45:58 UTC,8bd7a394c30de7a35d44334adbd3143ca17694ae0d979e184bbdea403c9a4caf
Europe/stratified/fitted_model/SE_Y_GE80_M.rda,model,15267143,2025-10-09 17:50:53 UTC,5e36e9d8b13be072543a9f3bf05657859d2707749d61e2ddd8a14c187234722e
Europe/stratified/fitted_model/SE_Y_GE80_T.rda,model,15267143,2025-10-09 17:49:59 UTC,852ba9da781a4609010604bfe87496ef1e10c5b330a6789acac20f4b8a03c3fc
Europe/stratified/fitted_model/SI_Y20-39_F.rda,model,15267143,2025-10-09 17:59:24 UTC,c7cd14069bd7cf1313b6efe378ff1fafa1a3083efcf0c006337dbd9cec1261d8
Europe/stratified/fitted_model/SI_Y20-39_M.rda,model,15267143,2025-10-09 17:48:20 UTC,f7ff9042280c4c61b37b43de11396c38c0b46db0d37d9d26dfcab940ec2e7208
Europe/stratified/fitted_model/SI_Y20-39_T.rda,model,15267143,2025-10-09 17:46:05 UTC,973b83d3bc86ca9a523502fb6cbf1502c3400d5ea9256d2cd011a2cd8e9aaa72
Europe/stratified/fitted_model/SI_Y40-59_F.rda,model,15267143,2025-10-09 17:57:58 UTC,85ec9fdcb181f3a19e4d7c804e695c4b43bdf13bafef425605a5f70bfae19836
Europe/stratified/fitted_model/SI_Y40-59_M.rda,model,15267143,2025-10-09 17:50:44 UTC,f9a72863b23d35c554f24c422dde8e9c1aba4062a00539e726a58409cda5e053
Europe/stratified/fitted_model/SI_Y40-59_T.rda,model,15267143,2025-10-09 17:55:35 UTC,f32b0a2ebe5e5fff894c6ab7fa5ffc6378cf560f339cbdca2bc14eb35bce6b3d
Europe/stratified/fitted_model/SI_Y60-79_F.rda,model,15267143,2025-10-09 17:57:30 UTC,d94b8dbe8eb64719d29b7bcfa715989e5d98daa27abb6bcdaa1dda3e5ff6b1b0
Europe/stratified/fitted_model/SI_Y60-79_M.rda,model,15267143,2025-10-09 17:49:25 UTC,c147d175572fbf5000a362ef357f4a50a8d9951dda7aea114b79dd85a4c622c1
Europe/stratified/fitted_model/SI_Y60-79_T.rda,model,15267143,2025-10-09 17:53:52 UTC,cbd717772ad82c62222c0240ab72bf9bf7b31bb59b6a592ead06b3826fae9f88
Europe/stratified/fitted_model/SI_Y_GE80_F.rda,model,15267143,2025-10-09 17:46:49 UTC,13d8a840c7c80f1fabe36a2f182c0206fe3036165149d71f3441339a2d3a58c3
Europe/stratified/fitted_model/SI_Y_GE80_M.rda,model,15267143,2025-10-09 17:46:58 UTC,583f0af5e2c1464e15a216e78ef26b665c87052d6cf2fb6b96b531735b20d11e
Europe/stratified/fitted_model/SI_Y_GE80_T.rda,model,15267143,2025-10-09 17:49:10 UTC,a8057b5ffc96a6e5b22b797e403406ebdc8f69faa386fb77c0fc1d761f5939ed
Europe/stratified/fitted_model/SK_Y20-39_F.rda,model,15279183,2025-10-09 17:54:45 UTC,ad9c6707e90544ca5958ed7241a8e376c75764b946fadf240a0c0a5cf5515a02
Europe/stratified/fitted_model/SK_Y20-39_M.rda,model,15279183,2025-10-09 17:49:27 UTC,ab0ff79879e1b5e760f499435685732f3a882b328f9b55fe69ab1b8d00c16775
Europe/stratified/fitted_model/SK_Y20-39_T.rda,model,15279183,2025-10-09 17:45:47 UTC,0a82b6b3b328907dcb3f319869bbf311a9b96e0087c0b6c2b8d126b19e77f9fe
Europe/stratified/fitted_model/SK_Y40-59_F.rda,model,15279183,2025-10-09 17:47:48 UTC,28006808ab28dd144c706c84c9532d9c46c5391e536b928249905cbe090245e8
Europe/stratified/fitted_model/SK_Y40-59_M.rda,model,15279183,2025-10-09 17:57:42 UTC,15e0541a879f53083b6ce51595b0ee2b96428ebf58c8d3a16de78b4196be82ee
Europe/stratified/fitted_model/SK_Y40-59_T.rda,model,15279183,2025-10-09 17:51:34 UTC,af094b30da183eb550ad6bf52eaa286f69bd9b73f1b3e18760ad70e176e961b5
Europe/stratified/fitted_model/SK_Y60-79_F.rda,model,15279183,2025-10-09 17:48:46 UTC,80c7b91fde3ff98d1ef40f5a31f37f7536c28d3e3144db901635a31ba88135c0
Europe/stratified/fitted_model/SK_Y60-79_M.rda,model,15279183,2025-10-09 17:54:29 UTC,717f2fac2291db7c2feb5c0314675087f02c9d095d0a0a00abd7847b2960c92a
Europe/stratified/fitted_model/SK_Y60-79_T.rda,model,15279183,2025-10-09 17:54:48 UTC,c5aace31ae5107f6e4f0c350f406608c1e27b2d75065aadf7b0cdf3f84a139b0
Europe/stratified/fitted_model/SK_Y_GE80_F.rda,model,15279183,2025-10-09 17:54:33 UTC,ab5559bb74c583c3358a23a73edc39eafe7b784413af28d8473fdfcdf910b8a7
Europe/stratified/fitted_model/SK_Y_GE80_M.rda,model,15279183,2025-10-09 17:50:04 UTC,ff4578d2175e9d3da9cb455c42762a41a49a81faef2065565e37d9c4528d7fc4
Europe/stratified/fitted_model/SK_Y_GE80_T.rda,model,15279183,2025-10-09 17:51:13 UTC,0d1eebb802431aa439143b34b41fcee6627d96b718268584d320babc33280a5b
Europe/stratified/maps.zip,geospatial,34544774,2025-10-09 18:03:15 UTC,c4d96b47f4f54ce55974efe02bbf877115e3b1cc897fe660136f5b8755e64580
Europe/stratified/ne_10m_admin_0_countries_lakes.README.html,other,39383,2025-10-09 18:03:01 UTC,01e711029395bc94936ec82cabf06856f04f7d0e74747351799283c081c6631c
Europe/stratified/ne_10m_admin_0_countries_lakes.VERSION.txt,input,7,2025-10-09 18:03:09 UTC,548358969090d629b41888f5fe664ac31b7203dfd849f7c1ef820ac055b62191
Europe/stratified/ne_10m_admin_0_countries_lakes.cpg,geospatial,5,2025-10-09 18:02:54 UTC,3ad3031f5503a4404af825262ee8232cc04d4ea6683d42c5dd0a2f2a27ac9824
Europe/stratified/ne_10m_admin_0_countries_lakes.dbf,geospatial,878482,2025-10-09 18:02:54 UTC,c5dbd3dd5fd7e2ef49051fc88562c03819e8ea63a382642df6eadd1243bf4b49
Europe/stratified/ne_10m_admin_0_countries_lakes.prj,geospatial,145,2025-10-09 18:02:50 UTC,a02a27b1d1982c8516d83398e85a3c8b1aef1713c13ef4d84d7bde17430c07c4
Europe/stratified/ne_10m_admin_0_countries_lakes.shp,geospatial,9015152,2025-10-09 18:03:09 UTC,17bc623f3f3c5d926c474146377bcccd4524a9d73e62815e71ada21e1e820893
Europe/stratified/ne_10m_admin_0_countries_lakes.shx,geospatial,2164,2025-10-09 18:02:43 UTC,35c7bbc49513e5fd4b89dacb823e23c8856317ce6c8b1f2d76eb81c1da695d9a
Europe/stratified/result/combined_data_pseries.rda,result,27608527,2025-10-09 18:02:53 UTC,78fc2efe81086748f60757b3ab80a486407b6e203be1c9f9c4f56b0d276bd290
Europe/stratified/result/result_all_age.rda,result,147480,2025-10-09 18:02:53 UTC,df63b69d5de4dad1a6bbafc1fd224fc4613baaa1feab030cef97bb17e91561c5
Europe/stratified/result/result_all_age_complete.rda,result,150520,2025-10-09 18:02:53 UTC,6bb94668077ba8fefc1b86cbb69d9db19629a508ad678e54fc3851544de808be
Europe/stratified/result/result_all_age_pooled.rda,result,14041,2025-10-09 18:02:53 UTC,f8fb238ddbec563d60b203e87ce8da30380ee700faf0749e59f6991c65fc7384
Europe/stratified/script/NL_Y_GE80_T_model_list.rda,other,415902550,2025-11-23 21:54:22 UTC,159e0f0eec2209a17ad10996bc0eda62daaafbf80c5def88b0a198a6b5a9dfc4
Europe/stratified/script/combine_results.R,code,1608,2025-10-09 18:03:03 UTC,5834442c892facf1cc8c869415bdeb0d10bc580ed27f102f44fd261dcfaf13b7
Europe/stratified/script/function.R,code,14997,2025-10-09 18:03:03 UTC,efd4c69c3e692d1c902f0a843202bb6b18db539f6fc6ce00f9b3fbf15c70c677
Europe/stratified/script/plot_aggregate.R,code,2628,2025-10-09 18:03:02 UTC,ad01650e68cd04df64e3f76e0586ef18d998a6d767476d390835695314897fbe
Europe/stratified/script/plot_decomp.R,code,2138,2025-10-09 18:03:03 UTC,736b7868d7fe330648f6a668dd39012716430a8f88d77d4a5ca3ebdc6b3694cf
Europe/stratified/script/plot_map.R,code,4350,2025-10-09 18:03:03 UTC,8b61c264fd6c5a469f9268b75cf9a584fa3286b3ce931a12674075138deb850f
Europe/stratified/script/plot_series.R,code,7920,2025-10-09 18:03:02 UTC,eeecae505c4231bd3ae78048babedd421ddd070f5676208ce12c048b77f98e02
Europe/stratified/script/prepare_table.R,code,2393,2025-11-24 03:43:09 UTC,26c3036762cb95cb1822948ca923eacaae006df23d05b395dd4e6f1cbaa7a302
Europe/stratified/script/pscore_diff.R,code,21278,2025-10-09 18:03:02 UTC,03ee1765c2daca111b5db8498bd3b815fa3077ce1cd083dc79424c27a466cacb
Europe/stratified/script/script_server.R,code,3582,2025-11-23 21:55:29 UTC,221df9fb1f929ef76477d12244ee16da913fb4c46edb1a5ed486cffd5980453f
Europe/stratified/script/script_server_pooled.R,code,3506,2025-10-09 18:03:03 UTC,6fa383f790cfc31f09df7aedca40d3ff05abeac7857a13cfc88d45750f820cef
Europe/stratified/script/sensitivity_EU.R,code,16519,2025-10-09 18:03:03 UTC,7475f900a64226644392471ecd75368fbac7367b38b967f092870513500b6ded
Europe/stratified/script/vac_data_eu.rda,other,1250,2025-10-09 18:03:03 UTC,56e22a32216aa027ad354544c3ffb01eb64764cdef31d4d3725b91ea46dce95f
Europe/stratified/tut.cpp,code,3364,2025-10-09 18:03:01 UTC,08576ddaabd19100115aecc362bbea01b9ed9f2ab904db1384b4ba6f14272ecd
Europe/stratified/tut.o,other,43590344,2025-11-23 21:45:10 UTC,1b66f1b01a669558c96b96aeff2895f189cb2243189b497ae03aa6a7d1db42a3
Europe/stratified/tut.so,other,12857432,2025-11-23 21:45:10 UTC,52e96bd9f47df80c6c74a62d8d006520fde265bb9fdd90dbd954ea383d4521f1
Europe/stratified/vac_data_eu.rda,other,1250,2025-10-09 18:03:03 UTC,56e22a32216aa027ad354544c3ffb01eb64764cdef31d4d3725b91ea46dce95f
Ireland/IE_result/IE_age_25_45.rda,result,362967,2023-10-19 03:48:36 UTC,e96f332e5f39b24cf1d86e4d0919bba75691b6b19e6c92153605ae5d65ba46d3
Ireland/IE_result/IE_age_45_65.rda,result,379737,2023-10-19 03:48:33 UTC,242345d82a31e0b7720a5e296d37aee9f9c9edd64e8c094e2bd2ebdd9e2b0aff
Ireland/IE_result/IE_age_65_85.rda,result,435485,2023-10-19 03:48:49 UTC,cf0a61de1c92fb1796e602ae3793ef067f5c2e20b2c0d34c8425d5bff46d06ae
Ireland/IE_result/IE_age_85.rda,result,439956,2023-10-19 03:48:57 UTC,06470f6501e26a2983758f0ac142bafd09d5fafdf2b71cc48297ff65a9f19006
Ireland/IE_result/IE_result_age_25_45.rda,result,419,2024-06-01 21:53:14 UTC,082bf9facb98c2bcfbb3ebee85febfbed23e891f015a01328815456606c28e05
Ireland/IE_result/IE_result_age_45_65.rda,result,424,2024-06-01 21:53:14 UTC,0fd45d46e4867dcc3db4bf85fb4ae5117568039c78d5d07eba65d61891645182
Ireland/IE_result/IE_result_age_65_85.rda,result,425,2024-06-01 21:53:15 UTC,904eea981489051541f973ed87ea72cb87779973c6817dfce298e6ad4f393ec7
Ireland/IE_result/IE_result_age_85.rda,result,421,2024-06-01 21:53:15 UTC,5d238d26700dae7dff2b53d844c6fea15698a95568e0f53b39624d41ee0fdd10
Ireland/IE_result/function.R,code,16305,2024-06-01 21:52:56 UTC,06d7abb4f6dfd9ccc614c7370ade779d36c5375a71085e8f143cea0e1e4b034c
Ireland/IE_result/ireland_quater.csv,result,54429,2023-10-18 21:44:57 UTC,132445a49df325f114081c831a8c93c586336096bddd0908414dc228eec37d6b
Ireland/IE_result/mixed.cpp,code,3433,2023-09-01 20:51:59 UTC,8876a32b0b150b6599e71d78238297e5c4273f5f4f4f5dadd2dfcda1ec0b2a96
Ireland/IE_result/mixed.o,other,43514368,2025-10-09 20:13:42 UTC,9401fc50fc9391da2a4cc021d581739f21e1d2dc7b16096d3a8e34a16ffd443e
Ireland/IE_result/mixed.so,other,12854408,2025-10-09 20:13:43 UTC,aa2f6089fb2d32f99f1b5443d52b3fb4e4f3646f793cc870ef3e1af54d5ce7bb
Ireland/IE_result/script_IE.R,code,3666,2023-11-17 21:15:51 UTC,b36f893d11a5726402f0e200f74e21ac4d70c30b4eed9c4adbb88388d188c396
Ireland/data_process.R,code,1228,2023-10-19 00:31:44 UTC,8b3239f5bd2c606d2af3923b8a25ab005ddb7bcb859efb1d7a751e1b47fc7f34
Ireland/final.data,input,2120,2023-10-19 00:31:43 UTC,8ad390a7c3b62b723245f3aee10925059dfa83df9e65f98345ba7a16eb8ba55b
Ireland/function.R,code,16305,2024-06-01 21:52:56 UTC,06d7abb4f6dfd9ccc614c7370ade779d36c5375a71085e8f143cea0e1e4b034c
Ireland/ireland_quater.csv,input,54429,2023-10-18 21:44:57 UTC,132445a49df325f114081c831a8c93c586336096bddd0908414dc228eec37d6b
Ireland/mixed.cpp,code,3433,2023-09-01 20:51:59 UTC,8876a32b0b150b6599e71d78238297e5c4273f5f4f4f5dadd2dfcda1ec0b2a96
Ireland/mixed.o,other,29242552,2023-10-19 00:32:33 UTC,76ec53e5aa9580adfd674b66075647201f46036703f827a66eb2ef0b8a668bdb
Ireland/mixed.so,other,12629365,2023-10-19 00:32:33 UTC,8526cda04bd674fd162cec71613b2840aff693515f94b40bf74e85b534390b44
Ireland/my_experiment.R,code,2048,2023-10-19 02:09:13 UTC,610c08682ce95a9b12127ec1e6733a88612f88fea9a8044d9fda54a478bf7a19
Ireland/script_IE.R,code,3750,2025-10-09 20:20:29 UTC,8202aed8e07973f51d336a129afbf3a4f36cefadc62425b96f942eee4afd0615
North_America/non-stratified/Canada/13100768.csv,input,29765588,2025-10-09 17:42:14 UTC,dc46e74c61945e316953e53748ba4655e7b2ff11cd7ce632c726fb5985982307
North_America/non-stratified/Canada/Canada_weekly_result.rda,result,5662,2025-10-09 17:42:11 UTC,577bf6dcbf3b94628487b1759ea11eec351985d094aabac3a37113fda9359e96
North_America/non-stratified/Canada/canada_map.zip,geospatial,4281885,2025-10-09 17:42:09 UTC,464f997779c451d0279f3e9c8f5104ba3ce7a6042119558792eff17b8431cc06
North_America/non-stratified/Canada/data_process.R,code,2103,2025-10-09 17:42:11 UTC,e28bdbd7a4f6ef21a0bb6f2bd24223ee157abc71367c9937d6e8db49a746622e
North_America/non-stratified/Canada/final_data.rda,other,44485,2025-10-09 17:42:10 UTC,5715343e70ac3bdbb831e4c592952cea1f929da7030681c54c325c79faba5fcf
North_America/non-stratified/Canada/fitted_model/AB_age_0-44.rda,model,2056144,2025-10-09 17:40:52 UTC,61591bf4cadfd8fce006845e17ed7b76cdd7207365abb4dbe6dc8a7c98fdba2b
North_America/non-stratified/Canada/fitted_model/AB_age_45-64.rda,model,2330741,2025-10-09 17:40:43 UTC,257c148334d7c62ef6666b5c3ad3d75ed1cb62425d456e1a88daca6b3217982a
North_America/non-stratified/Canada/fitted_model/AB_age_65-84.rda,model,2769933,2025-10-09 17:40:47 UTC,aa52632c3ec3d3ef0540246d8f1b7d24c8c08f44437cd65572620869480439ce
North_America/non-stratified/Canada/fitted_model/AB_age_over 85.rda,model,2776707,2025-10-09 17:40:48 UTC,506cb57ff9f2f5d6f6bacf64992586eb01c0014da0760b8e4b17642fd00d490c
North_America/non-stratified/Canada/fitted_model/BC_age_0-44.rda,model,2031090,2025-10-09 17:40:46 UTC,dc2f76479dd50e9454b459623893c130c5c3d288ebc57b9ec1d38f442dfb80b3
North_America/non-stratified/Canada/fitted_model/BC_age_45-64.rda,model,2350409,2025-10-09 17:40:53 UTC,a769529981283eb40d27c97cb9b6f1ebb6f2218b9be87cb6d93f32dff32d9d99
North_America/non-stratified/Canada/fitted_model/BC_age_65-84.rda,model,2973252,2025-10-09 17:41:09 UTC,81c65d3db41bb7929a32c2a39e7a7800783e39e4a1c1124bd8dd7e4f2fea818c
North_America/non-stratified/Canada/fitted_model/BC_age_over 85.rda,model,3085983,2025-10-09 17:40:52 UTC,2dabe6e9500497cbe061853a1fb19370e1681d4dc8ee4ec81dcf6daca06930d4
North_America/non-stratified/Canada/fitted_model/MB_age_0-44.rda,model,1645233,2025-10-09 17:41:12 UTC,ae8c7495326c13820e0322d6b4cc2ed3090f5eeac720320347456c285fc33f53
North_America/non-stratified/Canada/fitted_model/MB_age_45-64.rda,model,1818701,2025-10-09 17:41:09 UTC,30109ab0ece3f43f4f81096d5d6233fe4e6ee9e8cff5a9c7779cb0a37911c4e3
North_America/non-stratified/Canada/fitted_model/MB_age_65-84.rda,model,2168732,2025-10-09 17:40:58 UTC,706db75b6ca6416d2c8535057d8bb75eb1cc61838323356e8cc6cd738b2a51cc
North_America/non-stratified/Canada/fitted_model/MB_age_over 85.rda,model,2209373,2025-10-09 17:41:12 UTC,98c14c43d863f4406c65a1ee28f5a1605c388b8c69c0e4cbe52a1565d4b137ee
North_America/non-stratified/Canada/fitted_model/NB_age_0-44.rda,model,1551837,2025-10-09 17:41:08 UTC,3925c8abf6dbbc5c059d95da878d08dd47f5fdee91877b44fc0b7b2713e9e8f0
North_America/non-stratified/Canada/fitted_model/NB_age_45-64.rda,model,1796018,2025-10-09 17:41:03 UTC,6bdbda17a5b8640fbb1d9d9dd263679cffde56accdd880c4e9dd7c8722be23b7
North_America/non-stratified/Canada/fitted_model/NB_age_65-84.rda,model,2296454,2025-10-09 17:41:06 UTC,30a19ae6dc78901f79de2043bfd7eb485bb20e5a6c5e56d0ee5b618bf9dcd3d1
North_America/non-stratified/Canada/fitted_model/NB_age_over 85.rda,model,2138699,2025-10-09 17:41:07 UTC,251b5675327b19d0fd2c9bbc684e826db636f0173ddb960853926af613fccaa5
North_America/non-stratified/Canada/fitted_model/NL_age_0-44.rda,model,1611542,2025-10-09 17:40:53 UTC,a95d2df19da700e758bc1ffea2946d9c27202da5589257ef45504f3a25c00d7c
North_America/non-stratified/Canada/fitted_model/NL_age_45-64.rda,model,1731246,2025-10-09 17:41:00 UTC,1e3620e4d237f6c363e0ead33173bb8b61e0550a4465c5d0b30daca30bb92177
North_America/non-stratified/Canada/fitted_model/NL_age_65-84.rda,model,2153836,2025-10-09 17:40:45 UTC,929ba704dc6417628f9ed4c03ecd8ca922f383ec85a8cc5c53d95b9df141a291
North_America/non-stratified/Canada/fitted_model/NL_age_over 85.rda,model,1966533,2025-10-09 17:41:01 UTC,49f4c96a2db6e602b680d8eb929ff24ba5272b7fc9bd55510a7904e86be2ddde
North_America/non-stratified/Canada/fitted_model/NS_age_0-44.rda,model,1622629,2025-10-09 17:40:47 UTC,25fd0f3c02afaa09b8e1145de357b55a54f90193c2fe449865d545b41ed542c0
North_America/non-stratified/Canada/fitted_model/NS_age_45-64.rda,model,1865799,2025-10-09 17:41:04 UTC,a34a066029008511ebde5f20ab862b2ae877c65861cf042682105aa74e843080
North_America/non-stratified/Canada/fitted_model/NS_age_65-84.rda,model,2376535,2025-10-09 17:40:49 UTC,311d74bb1847eb3b4193ae96432fe982b74a61d8b6c8554c200125c97ad030a6
North_America/non-stratified/Canada/fitted_model/NS_age_over 85.rda,model,2275675,2025-10-09 17:40:59 UTC,2b3d31d909cdd824608e49c8955e4b007754396203db15bdae80844d5779176c
North_America/non-stratified/Canada/fitted_model/ON_age_0-44.rda,model,2343133,2025-10-09 17:41:00 UTC,23fc128f7fe1b27b8e40b40752e53fb797d9edfd9a20deee7d2bc7648ad8a056
North_America/non-stratified/Canada/fitted_model/ON_age_45-64.rda,model,2702031,2025-10-09 17:41:05 UTC,312e3473bd7a8b71998c6a2e5acfe139d0febe14edc3fec57f09986adb8077b0
North_America/non-stratified/Canada/fitted_model/ON_age_65-84.rda,model,3351076,2025-10-09 17:40:56 UTC,672e53334b0514a03da292c021aec1cb75fa069d719b2379918966be528422f1
North_America/non-stratified/Canada/fitted_model/ON_age_over 85.rda,model,3459635,2025-10-09 17:41:10 UTC,835c7118854c69149b545bbd283901cb6c04c0eb1c2b8b280cb6e531a67c83e4
North_America/non-stratified/Canada/fitted_model/PE_age_0-44.rda,model,792416,2025-10-09 17:41:02 UTC,84ae00020613d0d5430d8b2ede908d37783655df84a3c899e15ee83d2feb4b8b
North_America/non-stratified/Canada/fitted_model/PE_age_45-64.rda,model,1574155,2025-10-09 17:41:13 UTC,7d3ccf0bcd797227bf8ec59dbbec071a5e3bf02392f14ffd08f49e4b8185b58b
North_America/non-stratified/Canada/fitted_model/PE_age_65-84.rda,model,1705579,2025-10-09 17:40:44 UTC,457b0029c85e1a28d5f947c3b46d582e07b1b066774a7b3017e747c524dc9721
North_America/non-stratified/Canada/fitted_model/PE_age_over 85.rda,model,1668758,2025-10-09 17:40:44 UTC,911d92f21f76a920fbe4d4e773662829d517494c88289b348b7123b4c65a6fcc
North_America/non-stratified/Canada/fitted_model/QC_age_0-44.rda,model,1990173,2025-10-09 17:40:46 UTC,ec7dd5db29f05cf74560914cf99b58bb649c86d2465028af78c69952d8a8234c
North_America/non-stratified/Canada/fitted_model/QC_age_45-64.rda,model,2605440,2025-10-09 17:41:03 UTC,1cba71155724fb9ef61a8fe342fcf9b1168bcdfd15d3fda56d60d1851f7fb060
North_America/non-stratified/Canada/fitted_model/QC_age_65-84.rda,model,3307431,2025-10-09 17:41:11 UTC,0f6c4ea784fd98895d5a363dcb41cdf25626ef2d93bdeaebe8b745a8b81c712c
North_America/non-stratified/Canada/fitted_model/QC_age_over 85.rda,model,3417586,2025-10-09 17:40:51 UTC,d0595297aef86cb1dbae059f03dc7ae90aeb1248c3639122b284cf483c9d2bc5
North_America/non-stratified/Canada/fitted_model/SK_age_0-44.rda,model,1716111,2025-10-09 17:40:55 UTC,86153ee4d6c414ce89a5cd397dbd015d38f9b1677b8c713c06872a1a34d58b87
North_America/non-stratified/Canada/fitted_model/SK_age_45-64.rda,model,1865632,2025-10-09 17:40:54 UTC,fa6f7497bfe4cf7b3b27c63a75215160f9f516d495ca41e9e025a2864ce4ad6d
North_America/non-stratified/Canada/fitted_model/SK_age_65-84.rda,model,2204052,2025-10-09 17:41:05 UTC,7e6580018fcef5c0ef6471fd0a6fda4a5897d5e5a3d76a4456e7ea3abb787d09
North_America/non-stratified/Canada/fitted_model/SK_age_over 85.rda,model,2270732,2025-10-09 17:41:06 UTC,7c0b65be2a7337633295386be8065d2f252d847de10af77aa78458fde919f64a
North_America/non-stratified/Canada/function.R,code,13064,2025-10-09 17:42:11 UTC,61f8ce621b63772fd4e178becdd4f141586bf2a91c4a72cc6f6eb17f8c71c463
North_America/non-stratified/Canada/lpr_000b21a_e/lpr_000b21a_e.dbf,geospatial,4918,2025-10-09 17:42:08 UTC,34c024a209176eeb64ee6d95418b290ed4bd135e8f840ef0a89703781e0b0851
North_America/non-stratified/Canada/lpr_000b21a_e/lpr_000b21a_e.prj,geospatial,524,2025-10-09 17:42:08 UTC,ab73d71a919003b760582daea9d1653b857b98c0a66efecb65d7d3c30911908b
North_America/non-stratified/Canada/lpr_000b21a_e/lpr_000b21a_e.shp,geospatial,265901524,2025-10-09 17:42:07 UTC,46c62ecd4a8dce05e0f8343e919fbf9c7f87c6d4ec0f556a1a7b662aaedcca52
North_America/non-stratified/Canada/lpr_000b21a_e/lpr_000b21a_e.shx,geospatial,204,2025-10-09 17:42:08 UTC,9e5fe372d0c512c76d214ef9502ffaa54112ffea74a26e7c6bd159f6593b98b8
North_America/non-stratified/Canada/lpr_000b21a_e/lpr_000b21a_e.xml,other,48085,2025-10-09 17:42:08 UTC,b0412cf29db8ac0f197dbc742bd13791236075e84e0bd711eec8158c51182d88
North_America/non-stratified/Canada/plot_aggregate.R,code,3231,2025-10-09 17:41:22 UTC,644a0a02168cb91382f29eff7e632a1456c4f7824942feff6121083c6af94da5
North_America/non-stratified/Canada/plot_map.R,code,2482,2025-10-09 17:42:10 UTC,fce908a485f7b9af1d9dd5ee9763a5c00ce2e57b4229c9771816f092f23b4835
North_America/non-stratified/Canada/plot_series.R,code,8817,2025-10-09 17:42:08 UTC,da36faf25abbc9f7a96db9ab3d5c7ddcacc37aacfd1e76f486cd7f237dff391d
North_America/non-stratified/Canada/script_server.R,code,3198,2025-10-09 17:41:22 UTC,cf0f0fb189c7753d0804e8862d0fa09c56964ef01c52ca0c95dc6a5cfa48946c
North_America/non-stratified/Canada_weekly_result.rda,result,5662,2025-10-09 17:48:31 UTC,577bf6dcbf3b94628487b1759ea11eec351985d094aabac3a37113fda9359e96
North_America/non-stratified/NA_map.zip,geospatial,16275793,2025-10-09 17:48:30 UTC,9b3ce315b13590ca8928a01a94cae8fa47d3b9262f9a35d31962cd83fd3f1505
North_America/non-stratified/USA/SCPRC-EST2019-18+POP-RES.csv,input,2363,2025-10-22 18:21:30 UTC,5b354a0f681c6b6211d455cb928d31045b287231bfc5e152b011c27a3f67a71d
North_America/non-stratified/USA/USA_monthly.rda,other,170693,2025-10-09 17:47:01 UTC,ee0510efe3048608ace9e1a22cee1d83ce72d14c497d427670c71220d287dcce
North_America/non-stratified/USA/USA_monthly_maps.zip,geospatial,9830690,2025-10-09 17:47:04 UTC,a46c7829020dc4a95809d67e12d104f9ffd9f31fdb81e776f0946f5aa29da18c
North_America/non-stratified/USA/USA_monthly_result.rda,result,28362,2025-10-09 17:46:36 UTC,711192fb5a7162f0e96272d8c7d9a07b5bf72d73d4705494155fb1c40820317f
North_America/non-stratified/USA/cb_2018_us_state_500k.zip,geospatial,3304931,2025-10-09 17:47:06 UTC,b37b0aede4378d85adc6fcdbd7ef67a3e2449b82025a499ddbe8a857dada8a5d
North_America/non-stratified/USA/cb_2018_us_state_500k/cb_2018_us_state_500k.cpg,geospatial,5,2025-10-09 17:46:39 UTC,3ad3031f5503a4404af825262ee8232cc04d4ea6683d42c5dd0a2f2a27ac9824
North_America/non-stratified/USA/cb_2018_us_state_500k/cb_2018_us_state_500k.dbf,geospatial,9058,2025-10-09 17:46:38 UTC,89eb50d0ae403c7d2efef682b4fb7e70842056935e5afd1e0e889d79f5ad4da8
North_America/non-stratified/USA/cb_2018_us_state_500k/cb_2018_us_state_500k.prj,geospatial,165,2025-10-09 17:46:40 UTC,0b9041e921d9ebb43247d314608fe9e38a0b008ee793067fc1806199ea1fb9dd
North_America/non-stratified/USA/cb_2018_us_state_500k/cb_2018_us_state_500k.shp,geospatial,4721868,2025-10-09 17:46:37 UTC,910ca4d7d6490ce286800ac857fcd384e001b140bc59b5c2c363c065645209c7
North_America/non-stratified/USA/cb_2018_us_state_500k/cb_2018_us_state_500k.shp.ea.iso.xml,other,17905,2025-10-09 17:46:38 UTC,eaa5c2b46932f1e4aa44cb83add8d18ea37b6b6805f377f063b4f16fffe0246c
North_America/non-stratified/USA/cb_2018_us_state_500k/cb_2018_us_state_500k.shp.iso.xml,other,32982,2025-10-09 17:46:39 UTC,5190ce1c3ff5f0f946e028fe9958d857c42c6d6e6504734a1f1659d99947148a
North_America/non-stratified/USA/cb_2018_us_state_500k/cb_2018_us_state_500k.shx,geospatial,548,2025-10-09 17:46:40 UTC,81917f840e9868d2eda20e38b3922a67f1c709112f7efe58402337d50e8afd5f
North_America/non-stratified/USA/data_process.R,code,9757,2025-10-09 17:47:23 UTC,12c15f0e61b134d1e02c6ddfc13c63027c27ef2c43ea2af47f47279b904e2851
North_America/non-stratified/USA/fitted_model/Alabama_age_20-39.rda,model,1133120,2025-10-09 17:42:15 UTC,8079d9de80be0161252983d4b553862579ddfed287c23bea0ae60e44931e6642
North_America/non-stratified/USA/fitted_model/Alabama_age_40-59.rda,model,1379908,2025-10-09 17:42:28 UTC,29a4b7fc7388050ba1866d2f743b1a69fc081b66770f31d17cf5a88eeb5f3e8e
North_America/non-stratified/USA/fitted_model/Alabama_age_60-79.rda,model,1601751,2025-10-09 17:42:24 UTC,37fe679500cfdd4a3a0e9249f9ced4a29a31101ba8f1ce5e07ca100f1bcb1525
North_America/non-stratified/USA/fitted_model/Alabama_age_Over 80.rda,model,1571658,2025-10-09 17:42:49 UTC,1ff53a348ee1997917788951cd87fa58fa51373cb701cfd41f55f33db98eea1f
North_America/non-stratified/USA/fitted_model/Alaska_age_20-39.rda,model,467537,2025-10-09 17:42:19 UTC,c6a12a958648cb21a1bae53e9c73bca912fc0bf5ff31b2508b67dd26ba794a7b
North_America/non-stratified/USA/fitted_model/Alaska_age_40-59.rda,model,1002022,2025-10-09 17:42:48 UTC,7cf6abe40491f9b9d9b53375e8625affea25253774e31f986aaf2bdf9dbfe88e
North_America/non-stratified/USA/fitted_model/Alaska_age_60-79.rda,model,1182460,2025-10-09 17:42:25 UTC,99874df0ce5364fd829e98a88c3ffafdd9a9fbe04caae3a2f8b872d6e3b4bb55
North_America/non-stratified/USA/fitted_model/Alaska_age_Over 80.rda,model,1112873,2025-10-09 17:42:31 UTC,7d6bedff46225d633b3589687bf1f2c52d13ab10eb56cc04f9e57141564cd3d4
North_America/non-stratified/USA/fitted_model/Arizona_age_20-39.rda,model,1268040,2025-10-09 17:42:55 UTC,ec7e368af9465ed92f35b143aa4f6deade82bab863c82dcc2d91105bd760b40a
North_America/non-stratified/USA/fitted_model/Arizona_age_40-59.rda,model,1401104,2025-10-09 17:42:44 UTC,9fe0bba75f7a53d22369687ba9dc6cedfb7d5d0da18d98aca11f36f660d846a1
North_America/non-stratified/USA/fitted_model/Arizona_age_60-79.rda,model,1629203,2025-10-09 17:42:23 UTC,d62d3502afbe834d869b2fb2e4b42c3d2d2c179bd817ae8b54ba78c256e9ad9a
North_America/non-stratified/USA/fitted_model/Arizona_age_Over 80.rda,model,1674817,2025-10-09 17:42:46 UTC,1b5ea7939c6a33797bfc670fe4bcc0b2fcba1ffabb8dd513166360c4bfc762df
North_America/non-stratified/USA/fitted_model/Arkansas_age_20-39.rda,model,1004352,2025-10-09 17:43:10 UTC,60a6316a7707a01c434faf6953bb969ade7e893c07cdfdac9e5d8b4259b46126
North_America/non-stratified/USA/fitted_model/Arkansas_age_40-59.rda,model,1278923,2025-10-09 17:42:43 UTC,0679bb57494579cb2c32a86c3a55e9402d776fc8cecf576f820b28c71859e051
North_America/non-stratified/USA/fitted_model/Arkansas_age_60-79.rda,model,1521154,2025-10-09 17:42:40 UTC,de1ad4a88863c1349103c7d2a1b67a087395bb5237ca170db2420ec6490feba0
North_America/non-stratified/USA/fitted_model/Arkansas_age_Over 80.rda,model,1503802,2025-10-09 17:42:18 UTC,7050e4f89b9dbacec24af28b4e48dc3ac55dd84a9d27e0a62d491dfd033ea06b
North_America/non-stratified/USA/fitted_model/California_age_20-39.rda,model,1490036,2025-10-09 17:43:36 UTC,011103be4d35a4254ff081f3d6f7e987c3051d6fa4065061a1a05e28cbfe70eb
North_America/non-stratified/USA/fitted_model/California_age_40-59.rda,model,1614092,2025-10-09 17:42:51 UTC,8d5b0badbbde3dd688e3d0032b9f5ff29f21bae29c458f9042401e8b89239014
North_America/non-stratified/USA/fitted_model/California_age_60-79.rda,model,1854260,2025-10-09 17:42:42 UTC,8780573d49c218bb8a3fb8aab2e5fb6e4acc217e9b64809fce9b62f9a1a36359
North_America/non-stratified/USA/fitted_model/California_age_Over 80.rda,model,1936811,2025-10-09 17:42:27 UTC,230658fc856526396b4d5c83d295d2b5acb7c3e974781e0720a4e25232d97808
North_America/non-stratified/USA/fitted_model/Colorado_age_20-39.rda,model,1189292,2025-10-09 17:42:37 UTC,54cb3a4fc483935572f7a09c1840468c47a37e5cab732c774ff25e7bf28e0376
North_America/non-stratified/USA/fitted_model/Colorado_age_40-59.rda,model,1297010,2025-10-09 17:43:12 UTC,36e4cf97802a1312fff3fe8130972bef588a419863949d1c033d316132250a89
North_America/non-stratified/USA/fitted_model/Colorado_age_60-79.rda,model,1543396,2025-10-09 17:42:30 UTC,ceff0f417270221728cc42c57f795534867a1f8c18e7bcddced7e05543dc059b
North_America/non-stratified/USA/fitted_model/Colorado_age_Over 80.rda,model,1583990,2025-10-09 17:42:25 UTC,b3b5af5c8a0fcdc93afdbc489994ed59df2f59628fa15a4f3afc7ccacecae1af
North_America/non-stratified/USA/fitted_model/Connecticut_age_20-39.rda,model,1081068,2025-10-09 17:43:54 UTC,156ebbeb08a5a2fc79cd2309e97ec35eecebc7b88c47702c9425e969bc2d71a0
North_America/non-stratified/USA/fitted_model/Connecticut_age_40-59.rda,model,1167810,2025-10-09 17:42:24 UTC,20e3c508c227f51c82765d1e27d970d91f92695e486b49dd401652884d9e7022
North_America/non-stratified/USA/fitted_model/Connecticut_age_60-79.rda,model,1480862,2025-10-09 17:42:38 UTC,db6d2699eccc08c605c707212372839a446ffe4e7808782c85b9edaea02deec2
North_America/non-stratified/USA/fitted_model/Connecticut_age_Over 80.rda,model,1545852,2025-10-09 17:42:56 UTC,56ecca9415d80b393e26f073e2ed95b1df2984242561b7a2e7cf39ff1e1a13f5
North_America/non-stratified/USA/fitted_model/Delaware_age_20-39.rda,model,550043,2025-10-09 17:43:19 UTC,602059794760067705405bfc5d26fec031f1b414ae59e61610c8d6ca6ea4c1eb
North_America/non-stratified/USA/fitted_model/Delaware_age_40-59.rda,model,1002355,2025-10-09 17:42:32 UTC,9644050109076eccb27850b8d9158766d41ead8551084e9b3d47df7abc0a695d
North_America/non-stratified/USA/fitted_model/Delaware_age_60-79.rda,model,1286552,2025-10-09 17:42:48 UTC,1b620deb9eafd4740a578d456d8cff53ba7eae9407de0e12be0efaa41e4c61c9
North_America/non-stratified/USA/fitted_model/Delaware_age_Over 80.rda,model,1357244,2025-10-09 17:42:17 UTC,070cf312ca4a98bd7bd1997a68af55b7d429d344a7c1337d0c51a64252287e33
North_America/non-stratified/USA/fitted_model/District of Columbia_age_20-39.rda,model,443019,2025-10-09 17:43:22 UTC,06f51b511fc88c2e35073a511b7e703e09c780c9c76fd6ce03d8461179dfb529
North_America/non-stratified/USA/fitted_model/District of Columbia_age_40-59.rda,model,1073572,2025-10-09 17:43:37 UTC,d0f420613d72eb5d502fd78e2969b78be1d80221b6b457e6b2acf182d6ddf066
North_America/non-stratified/USA/fitted_model/District of Columbia_age_60-79.rda,model,1123311,2025-10-09 17:42:39 UTC,0c3c655fa4b20a902fb6d5aa79ef7469ff93abd892d7c2b13ee1fa98944772c2
North_America/non-stratified/USA/fitted_model/District of Columbia_age_Over 80.rda,model,1107562,2025-10-09 17:43:38 UTC,9e555ab2dea5e4e37aeb94237a394fd32183cf78903fa69ca861af927b0db61f
North_America/non-stratified/USA/fitted_model/Florida_age_20-39.rda,model,1462271,2025-10-09 17:43:13 UTC,14efee9156cf57f8825e960d41390caa038984926ce714514e5ba1157de44b0f
North_America/non-stratified/USA/fitted_model/Florida_age_40-59.rda,model,1550336,2025-10-09 17:43:00 UTC,7435a5345517809b80efa25025e94fe89205511d525d1a69c2afe39b5411b23c
North_America/non-stratified/USA/fitted_model/Florida_age_60-79.rda,model,1811939,2025-10-09 17:42:49 UTC,da00ea005a2799b3bda497ed5a2952f566efb3b1735eb81f19038cae734ae2a2
North_America/non-stratified/USA/fitted_model/Florida_age_Over 80.rda,model,1847921,2025-10-09 17:42:27 UTC,068ecec7d4d61471a40f36a9df67b1a13f152f71f29a8ecc4e531c8da85e29e3
North_America/non-stratified/USA/fitted_model/Georgia_age_20-39.rda,model,1262276,2025-10-09 17:42:29 UTC,5cd8b665cbc0e59265fbedd85486069636198c3ecb94bb33b618028cceb40bd9
North_America/non-stratified/USA/fitted_model/Georgia_age_40-59.rda,model,1467180,2025-10-09 17:42:38 UTC,80b171ef292a765394bf34c7774dafc3db5039ab04471bfdba1a9709990c198a
North_America/non-stratified/USA/fitted_model/Georgia_age_60-79.rda,model,1705918,2025-10-09 17:42:40 UTC,db6f9fb4ceaf5cb955e8f1911e5ca1a146dffb43518cb95b3cdd82fde4e57fa5
North_America/non-stratified/USA/fitted_model/Georgia_age_Over 80.rda,model,1680536,2025-10-09 17:42:44 UTC,a02b65169dc1d884739bb7a96becbfdbe230e7cb35e893cd4662c3f833e9ad96
North_America/non-stratified/USA/fitted_model/Hawaii_age_20-39.rda,model,529877,2025-10-09 17:43:56 UTC,3dd83102f84b0726360faf6931d14046c05fb201fcf1ada30cdcac6ae0385042
North_America/non-stratified/USA/fitted_model/Hawaii_age_40-59.rda,model,1014138,2025-10-09 17:42:52 UTC,bc33064a31c3e23b18486399756867592704524f420dde40766da13de23b4834
North_America/non-stratified/USA/fitted_model/Hawaii_age_60-79.rda,model,1318887,2025-10-09 17:43:54 UTC,c75540844ebbc5834f0fe246975f7c968e37ef1e704feb10df95099d402bf6c8
North_America/non-stratified/USA/fitted_model/Hawaii_age_Over 80.rda,model,1395269,2025-10-09 17:42:21 UTC,4e7914e0eb923e8763ab79b1431c83bebdcfcc87c3f89a708005810fde7731a0
North_America/non-stratified/USA/fitted_model/Idaho_age_20-39.rda,model,885156,2025-10-09 17:42:42 UTC,a37c01f961ec851f776e3da39068cb79291ad711e0a83a68921ba3ef97b5ca37
North_America/non-stratified/USA/fitted_model/Idaho_age_40-59.rda,model,1084039,2025-10-09 17:42:27 UTC,88f2b6dc3ee7fe89c7ffd96e3fd7ec31b60a2c84b690677ac0cc3d0051bb714d
North_America/non-stratified/USA/fitted_model/Idaho_age_60-79.rda,model,1393689,2025-10-09 17:42:43 UTC,ebf1458b1559da8cf6cca8eaabecf020ddd36c581843cbc043a8faf8e8e39ab5
North_America/non-stratified/USA/fitted_model/Idaho_age_Over 80.rda,model,1429373,2025-10-09 17:43:56 UTC,3453a797df8f44a58eef1bfec3ee4bcc270406ae80db30ebfcf523c101c48456
North_America/non-stratified/USA/fitted_model/Illinois_age_20-39.rda,model,1295189,2025-10-09 17:43:17 UTC,c05d8f2739a303654d0d6482b7c5b02394de4166d528ca14a86c1363eba40af2
North_America/non-stratified/USA/fitted_model/Illinois_age_40-59.rda,model,1430230,2025-10-09 17:44:06 UTC,95c7d07666358ca0e60a3afe57b809064ba146ef827604c06a51fbc022366b9f
North_America/non-stratified/USA/fitted_model/Illinois_age_60-79.rda,model,1676586,2025-10-09 17:43:48 UTC,443182da9e81ea7346cdce61aad878488e75b1bd58ccf5a107fc37214d690caa
North_America/non-stratified/USA/fitted_model/Illinois_age_Over 80.rda,model,1722030,2025-10-09 17:42:22 UTC,452b33df2cfe3b0f2cce93f33a090753f7ce7829cb65b06f4f69eeff64939979
North_America/non-stratified/USA/fitted_model/Indiana_age_20-39.rda,model,1210281,2025-10-09 17:44:05 UTC,af96c97da8f4c4b5defc092e49b66c3cd9ef4027ebf1f6406f6590ca0b4d6cf3
North_America/non-stratified/USA/fitted_model/Indiana_age_40-59.rda,model,1415121,2025-10-09 17:42:50 UTC,6772128f5be41809a8b45d868200bea196db378a882707d031473d7b6aaf454e
North_America/non-stratified/USA/fitted_model/Indiana_age_60-79.rda,model,1628038,2025-10-09 17:42:48 UTC,1c225a51afe4bceb9e9203b6cd56bff4f426d9b6758bf76618a97b75bf6d968a
North_America/non-stratified/USA/fitted_model/Indiana_age_Over 80.rda,model,1646393,2025-10-09 17:42:53 UTC,bacce2ae318a625d2d910c8b2b84667e357ad570d79415976f1f3e05c535e129
North_America/non-stratified/USA/fitted_model/Iowa_age_20-39.rda,model,1071909,2025-10-09 17:42:51 UTC,77992dfde78f8fa2de7ece045cff0285ca0fc0c2a0af46eb26e1f16c77d179bb
North_America/non-stratified/USA/fitted_model/Iowa_age_40-59.rda,model,1233553,2025-10-09 17:42:40 UTC,4c49a3e23576d0c5965cbb052557339462d49b7e459cb82ba6c34a6bb8ea13a0
North_America/non-stratified/USA/fitted_model/Iowa_age_60-79.rda,model,1498988,2025-10-09 17:42:20 UTC,66a59fc3036d8a3f8bcafde987897150df9aebac90d02370f27c1280031a6243
North_America/non-stratified/USA/fitted_model/Iowa_age_Over 80.rda,model,1529665,2025-10-09 17:43:41 UTC,c7f7cafcde508cc68077fbed8304f2eaf8dc6dcf882bca0eff61eb8ed5dcaa12
North_America/non-stratified/USA/fitted_model/Kansas_age_20-39.rda,model,1012164,2025-10-09 17:42:35 UTC,c176ef3b86b056fcd5f2f549cba19918cf33b6ba37dfd472ddcfd449f4275790
North_America/non-stratified/USA/fitted_model/Kansas_age_40-59.rda,model,1208137,2025-10-09 17:42:50 UTC,815db61f4934dc2f3a05a70fe4a53b3661f5b85c643b7dbdd3e46739e5691e6a
North_America/non-stratified/USA/fitted_model/Kansas_age_60-79.rda,model,1470822,2025-10-09 17:43:06 UTC,f554eb830e4f86944e453c2c84fa072b63b4b6fae4836c9ada86ba48886deafa
North_America/non-stratified/USA/fitted_model/Kansas_age_Over 80.rda,model,1505948,2025-10-09 17:42:19 UTC,35c06eb0d8313c7aa6f9fd8ec14b444892485fe8d48740afa353ffaabcee1943
North_America/non-stratified/USA/fitted_model/Kentucky_age_20-39.rda,model,1142644,2025-10-09 17:44:01 UTC,9c796fd5a5ed9de6ca57376f73e9ccbe2537e44d731da468e3720d46f0635e6c
North_America/non-stratified/USA/fitted_model/Kentucky_age_40-59.rda,model,1406977,2025-10-09 17:42:50 UTC,c919fcbe666646647a67b6eab7edf778f30514b785eedf8e172ece49ca40cf04
North_America/non-stratified/USA/fitted_model/Kentucky_age_60-79.rda,model,1592119,2025-10-09 17:43:28 UTC,d8cf10a8f2a3330259a424ff05859d0bbf577e7a1ebdfab67cfd9d34eb359181
North_America/non-stratified/USA/fitted_model/Kentucky_age_Over 80.rda,model,1568678,2025-10-09 17:42:46 UTC,f48a88a3155d91ff0cf952cf3440a5510c017dc7dd390f58728440ad3031c6e7
North_America/non-stratified/USA/fitted_model/Louisiana_age_20-39.rda,model,1146300,2025-10-09 17:42:47 UTC,1a324d73988823dce83c7420154ad713b67f4b9e4d4639832fabf6775a749c6e
North_America/non-stratified/USA/fitted_model/Louisiana_age_40-59.rda,model,1348632,2025-10-09 17:42:45 UTC,b742d02ca6ef08cbe00427172cbb559a004da4723b0107c84f23880519807434
North_America/non-stratified/USA/fitted_model/Louisiana_age_60-79.rda,model,1568033,2025-10-09 17:42:20 UTC,390389425129fee899fbd9b5b67ac6dc5f430b6af8b01f434c35ab3ae410fb45
North_America/non-stratified/USA/fitted_model/Louisiana_age_Over 80.rda,model,1535906,2025-10-09 17:42:45 UTC,54ac01e77bfdee3374fb2c5ddda31c2cf469d8c067130e10a7a715715bb609ba
North_America/non-stratified/USA/fitted_model/Maine_age_20-39.rda,model,730082,2025-10-09 17:42:15 UTC,1a4bc032fc5a52f950070aa7976e2dcd06f32cabe82731cd550d44b333534543
North_America/non-stratified/USA/fitted_model/Maine_age_40-59.rda,model,1065001,2025-10-09 17:42:28 UTC,6844486b3e5222ab24e5bf5d07854a5d59941fab2d162ccb0bd2d87429f6a5f9
North_America/non-stratified/USA/fitted_model/Maine_age_60-79.rda,model,1378624,2025-10-09 17:42:30 UTC,76450d5a4ffa00bc245de8aa3c49df551bf2f3a79b0bc664af7b6d1926e02c3e
North_America/non-stratified/USA/fitted_model/Maine_age_Over 80.rda,model,1443941,2025-10-09 17:42:47 UTC,536aef14c20af1a2c69eb5521a1eeb303a9e17921bebb968fcd1272077c324c2
North_America/non-stratified/USA/fitted_model/Maryland_age_20-39.rda,model,1230639,2025-10-09 17:42:29 UTC,27c7d1f3d0fd4a4865fd6eee5c6dcfaf3a944c1fe4a918fa0aa9a347db99a484
North_America/non-stratified/USA/fitted_model/Maryland_age_40-59.rda,model,1312437,2025-10-09 17:42:38 UTC,15626584bc5ae8f6074a5466b3c7e44e8721e50391c0c973a470d03a34965b1f
North_America/non-stratified/USA/fitted_model/Maryland_age_60-79.rda,model,1570177,2025-10-09 17:43:29 UTC,220c7feeabed277a641966a30e23a318452893f24f617533926187d2d79f2b6b
North_America/non-stratified/USA/fitted_model/Maryland_age_Over 80.rda,model,1607529,2025-10-09 17:42:18 UTC,657bd797d71e05c197bf450db89ec1226c4bbf5f8de0de39b5b24f6c1f7a4ee0
North_America/non-stratified/USA/fitted_model/Massachusetts_age_20-39.rda,model,1187940,2025-10-09 17:42:45 UTC,5daf7893731e6b53c8d04f8a8db8003a316578c2fa55463934c5d25624575e6f
North_America/non-stratified/USA/fitted_model/Massachusetts_age_40-59.rda,model,1321660,2025-10-09 17:43:58 UTC,11da51ae92fb5cee592eac05e2051a4df6024d8cd496eab89343f5dbde75b9bc
North_America/non-stratified/USA/fitted_model/Massachusetts_age_60-79.rda,model,1577319,2025-10-09 17:42:26 UTC,5101679b91f5c451693229ef3eb21287f0df1d632c35966ee9b5cc03cb11a43d
North_America/non-stratified/USA/fitted_model/Massachusetts_age_Over 80.rda,model,1653404,2025-10-09 17:43:56 UTC,2bc8249eb4a6a5ccee19a8ed51aa767ac903c4f4464c435799d0f3714d62fc26
North_America/non-stratified/USA/fitted_model/Michigan_age_20-39.rda,model,1271930,2025-10-09 17:43:57 UTC,39dc5e6deea36344eddad78c7a120c08f4996038b2a83cd26bbb72778977c214
North_America/non-stratified/USA/fitted_model/Michigan_age_40-59.rda,model,1456254,2025-10-09 17:44:04 UTC,4b221c7a72af5fc86f01c72c4f470868397c29c46582d29231083496670ffd36
North_America/non-stratified/USA/fitted_model/Michigan_age_60-79.rda,model,1690443,2025-10-09 17:44:05 UTC,20a7fe66c3cbcdf18e304bd0a968fc6e70cf5f246188703557e6c7037ad3dfa7
North_America/non-stratified/USA/fitted_model/Michigan_age_Over 80.rda,model,1715420,2025-10-09 17:43:54 UTC,aa0843f788fa0108dedb6b1cc07c038ef2b7fc8edf578a7f02231c5030ef05fd
North_America/non-stratified/USA/fitted_model/Minnesota_age_20-39.rda,model,1089938,2025-10-09 17:43:30 UTC,5b1bee06dfe22e615adbb9205ec049b73401d128a436e2526001e1df40f6f81d
North_America/non-stratified/USA/fitted_model/Minnesota_age_40-59.rda,model,1239862,2025-10-09 17:43:53 UTC,0a568548f8d16519055ed45450139094306862ef56591ba372d12830c67cc821
North_America/non-stratified/USA/fitted_model/Minnesota_age_60-79.rda,model,1552907,2025-10-09 17:43:16 UTC,120d69fd1e1c59dcf9701f82129bb97bbad9d48093b8edae77f0cb141e4feccd
North_America/non-stratified/USA/fitted_model/Minnesota_age_Over 80.rda,model,1610489,2025-10-09 17:42:22 UTC,cfd2f49a79e15e918cb930ae05525f3fd7985f80f388cef2a428b1cdc68e5d5f
North_America/non-stratified/USA/fitted_model/Mississippi_age_20-39.rda,model,1036844,2025-10-09 17:42:24 UTC,62414e6019660b78479c392c3171036a7199073366f055a48b5f6131623d96f8
North_America/non-stratified/USA/fitted_model/Mississippi_age_40-59.rda,model,1290955,2025-10-09 17:42:44 UTC,b1b8df877b73b65609d81a12d722ba694c0a7d7401c5f55b014887df4ccf0f63
North_America/non-stratified/USA/fitted_model/Mississippi_age_60-79.rda,model,1523131,2025-10-09 17:43:49 UTC,4f8dcdf14ddd1a56eff1919e5f7fc9281e10ad06e80679ae3794c12cca7cba62
North_America/non-stratified/USA/fitted_model/Mississippi_age_Over 80.rda,model,1478579,2025-10-09 17:42:42 UTC,dfcc21521ebc817423e4a331ed3254f7762e151147ebe33e5acb9d2dd6ef764f
North_America/non-stratified/USA/fitted_model/Missouri_age_20-39.rda,model,1227601,2025-10-09 17:42:43 UTC,760b4b827129899d5b3d8341c7748e14ceade358c13173c085e91f3254afe284
North_America/non-stratified/USA/fitted_model/Missouri_age_40-59.rda,model,1370773,2025-10-09 17:42:37 UTC,b58e8bf47a2bcdb6468e3a39226a4ccea281e58bb699befe8f63fef94d723aa6
North_America/non-stratified/USA/fitted_model/Missouri_age_60-79.rda,model,1612246,2025-10-09 17:42:43 UTC,bcc47a5425b4291610f0cf38a3478d67946004651039e574531c6a0f326cbd2c
North_America/non-stratified/USA/fitted_model/Missouri_age_Over 80.rda,model,1624145,2025-10-09 17:43:42 UTC,1a3a2d1a8d968d65bdfdb792cb3092359b140fb989cc95850a4a81a51c67ae96
North_America/non-stratified/USA/fitted_model/Montana_age_20-39.rda,model,569130,2025-10-09 17:42:16 UTC,a3df25e0ab52f9031241b6a943ab67cd37ad56ffd8dafeb49da9dd0c3d917925
North_America/non-stratified/USA/fitted_model/Montana_age_40-59.rda,model,1043222,2025-10-09 17:44:06 UTC,5d14d25e55c1ccd11fb0e0c5b0736ade98ed4da7159f3cd62bc0b777a4a88863
North_America/non-stratified/USA/fitted_model/Montana_age_60-79.rda,model,1328315,2025-10-09 17:42:26 UTC,4096e2cf7b7f088e3016917a05fe60730d9c4edb6e3700cceee9419705bba7b8
North_America/non-stratified/USA/fitted_model/Montana_age_Over 80.rda,model,1316662,2025-10-09 17:42:33 UTC,7855e7e163980c3322e3eb40c1b41654edb1877d7172d0b7bc6d5cd392d0bb14
North_America/non-stratified/USA/fitted_model/Nebraska_age_20-39.rda,model,929096,2025-10-09 17:43:52 UTC,7a8c5012db394f0c7f9694d722c8562fa9fc199e99be4427bc3eaeb28c93f8c5
North_America/non-stratified/USA/fitted_model/Nebraska_age_40-59.rda,model,1088194,2025-10-09 17:44:03 UTC,fc906af94852ce6e4d1079389329da5666e3b8cda3f8cdfd962b4fdc3a39fe21
North_America/non-stratified/USA/fitted_model/Nebraska_age_60-79.rda,model,1373553,2025-10-09 17:43:53 UTC,8627f693d794738f0dbde1b11ec7ecdfea21f5d71e9cce2545f2f22393877893
North_America/non-stratified/USA/fitted_model/Nebraska_age_Over 80.rda,model,1432108,2025-10-09 17:42:39 UTC,14c767ae3b06b7722dfdc64a6a8772390222fa1c62fbbafc4212ea9c63c7adee
North_America/non-stratified/USA/fitted_model/Nevada_age_20-39.rda,model,1034722,2025-10-09 17:42:30 UTC,bf20e02bae30d464e8132c975333ae95206398adb7dd6c29eba62d8b2aa346ef
North_America/non-stratified/USA/fitted_model/Nevada_age_40-59.rda,model,1256565,2025-10-09 17:43:14 UTC,1562b6190c1a0f6a6595bd0f8e3d34d706da253a0f12347899ce25a77cf857ce
North_America/non-stratified/USA/fitted_model/Nevada_age_60-79.rda,model,1503783,2025-10-09 17:42:47 UTC,9805cc14d53af349859b0bda166cac1bc48ccea4be736facbe7c89338a478cc4
North_America/non-stratified/USA/fitted_model/Nevada_age_Over 80.rda,model,1514451,2025-10-09 17:43:26 UTC,0a5e9f32e9221938d8e2ebf29744cc3e53da04470869a8e115607a3e5100b961
North_America/non-stratified/USA/fitted_model/New Hampshire_age_20-39.rda,model,661407,2025-10-09 17:43:11 UTC,26953ee10ee2c7d49ff71584147ae71f9371ddf37c5a9fb7d3e24dd2fb35995b
North_America/non-stratified/USA/fitted_model/New Hampshire_age_40-59.rda,model,1059879,2025-10-09 17:42:33 UTC,28c923a044d240cfb959f04751f89667e56227d63d653e7eb668ae4685dc09bf
North_America/non-stratified/USA/fitted_model/New Hampshire_age_60-79.rda,model,1353211,2025-10-09 17:43:46 UTC,ddc18240a2b7905c85415c595d414187c1691185c3588db4bd23a799a06b0cbd
North_America/non-stratified/USA/fitted_model/New Hampshire_age_Over 80.rda,model,1428402,2025-10-09 17:43:39 UTC,9a5a7b7a3ba2c796d038404701be01de3d425dfd226528f6a3edd3ca58d2fed4
North_America/non-stratified/USA/fitted_model/New Jersey_age_20-39.rda,model,1318171,2025-10-09 17:42:46 UTC,ede86e57b3bc35ef6885ae448894fb300b93ed43c4cc7950696eecb9c43b3470
North_America/non-stratified/USA/fitted_model/New Jersey_age_40-59.rda,model,1412316,2025-10-09 17:42:50 UTC,db66d14774349594b842eb61868f423ea56cd51f9b77b8ee0ad3e6ad1e2c4295
North_America/non-stratified/USA/fitted_model/New Jersey_age_60-79.rda,model,1609206,2025-10-09 17:42:19 UTC,e2d4558366bec66bb290064f4d65aa6d1a568f7201326a9a6b8d5c097490ee36
North_America/non-stratified/USA/fitted_model/New Jersey_age_Over 80.rda,model,1684399,2025-10-09 17:42:23 UTC,148ff40ec88b2bc949636c8328864e0ef438fb1bb7b171b754ebc5b8210ffd12
North_America/non-stratified/USA/fitted_model/New Mexico_age_20-39.rda,model,1090489,2025-10-09 17:42:26 UTC,e4748e9e1ec8355dad57082a1f270b74d0bfe55b0f26f6c137cc58737c3574b0
North_America/non-stratified/USA/fitted_model/New Mexico_age_40-59.rda,model,1218447,2025-10-09 17:42:15 UTC,facf07d01709aa61aa443293ec055ecfc2cd0e4f27496f628c0c5684cb010110
North_America/non-stratified/USA/fitted_model/New Mexico_age_60-79.rda,model,1434396,2025-10-09 17:42:15 UTC,c4777bab051ce618a6c90c6c406e0ded43b41885f46251398da15ba179da7f3a
North_America/non-stratified/USA/fitted_model/New Mexico_age_Over 80.rda,model,1463636,2025-10-09 17:42:32 UTC,c8011b1a00fbf6f186ff705a94575c66d2ac9ea8823253fe0e47a5712aaa6cc2
North_America/non-stratified/USA/fitted_model/New York_age_20-39.rda,model,1411482,2025-10-09 17:42:42 UTC,754cd7384bff8e696e90bf4807ec0034c82cc06f103bd351c952c22d1f79297e
North_America/non-stratified/USA/fitted_model/New York_age_40-59.rda,model,1558985,2025-10-09 17:42:38 UTC,382f1b86fd7623d463469ac6c7d141050393b8ed4bc2bc7a5730066c38f936e7
North_America/non-stratified/USA/fitted_model/New York_age_60-79.rda,model,1735351,2025-10-09 17:42:34 UTC,3c6f25c602e27be1d232ed66afd1a856424fe111b681e987b88bbd0f6ad23205
North_America/non-stratified/USA/fitted_model/New York_age_Over 80.rda,model,1799446,2025-10-09 17:43:43 UTC,3c8e134a18c36e8c43ba4659e4b69809d00ed2a39324e5de6b08f9636ee0d89c
North_America/non-stratified/USA/fitted_model/North Carolina_age_20-39.rda,model,1311871,2025-10-09 17:42:39 UTC,1ca35bfaa5df85f094fe2172be66faaa9d177ed58f68b976e732627be8761ebf
North_America/non-stratified/USA/fitted_model/North Carolina_age_40-59.rda,model,1471864,2025-10-09 17:42:16 UTC,ca6539bf5c20956c9dee82e54239ab93e2f0fd899b58e7f043e10a5a79c52426
North_America/non-stratified/USA/fitted_model/North Carolina_age_60-79.rda,model,1708073,2025-10-09 17:42:28 UTC,e479b7bde67f85fc512745c2863b624691fe977c00eb020372e865413302c49d
North_America/non-stratified/USA/fitted_model/North Carolina_age_Over 80.rda,model,1730380,2025-10-09 17:42:23 UTC,86e8552d5a7c6fa4cecce67961bc8a1b8eb357997de434881d26ff3f08b5b018
North_America/non-stratified/USA/fitted_model/North Dakota_age_20-39.rda,model,176393,2025-10-09 17:42:24 UTC,441884eb6e60b081f2d277ccdf904d14b4e9ac4715c43aba3899b3cf75764503
North_America/non-stratified/USA/fitted_model/North Dakota_age_40-59.rda,model,993778,2025-10-09 17:43:09 UTC,3cb5b32350bbbeaf84aa6be52e7bf17df3c3993cfe0f3c4a3ee0adc3bc998439
North_America/non-stratified/USA/fitted_model/North Dakota_age_60-79.rda,model,1167266,2025-10-09 17:42:31 UTC,7c634b2993c63dc3c96ff67a90045fdd61c4df9a461b34057f312918332819a3
North_America/non-stratified/USA/fitted_model/North Dakota_age_Over 80.rda,model,1262419,2025-10-09 17:42:17 UTC,fd32640090713bfac5d6d9a18afeb2a0047d17698555358c5fab34542a172bbf
North_America/non-stratified/USA/fitted_model/Ohio_age_20-39.rda,model,1375365,2025-10-09 17:42:41 UTC,2e72a6cba61c89e5e9d25f05d2499730caebea60e71a363c6ca1401df7381fbc
North_America/non-stratified/USA/fitted_model/Ohio_age_40-59.rda,model,1493638,2025-10-09 17:42:40 UTC,4188f466c0b3ef073d65bd4b9d491ff5f6d05e21041e09302bcdeb617495baf2
North_America/non-stratified/USA/fitted_model/Ohio_age_60-79.rda,model,1732842,2025-10-09 17:43:50 UTC,4fe67a7f86033ea8e9ea1e471a9dc9c665f71c05f95b18003586699b4b1fc23d
North_America/non-stratified/USA/fitted_model/Ohio_age_Over 80.rda,model,1759000,2025-10-09 17:44:00 UTC,260c1a17ec93b6a6320d6e5cd4e5cc0be7d38dc54f8a46c607972f287fcc0d57
North_America/non-stratified/USA/fitted_model/Oklahoma_age_20-39.rda,model,1072765,2025-10-09 17:43:23 UTC,2f9ad92603d95350ca1f8da78e75da9d9a0df381c11333f217247bf3be6ae2ee
North_America/non-stratified/USA/fitted_model/Oklahoma_age_40-59.rda,model,1388702,2025-10-09 17:42:41 UTC,4330f6dc7dcde7823d5a6609d75efea91db2301316cf488507ab377abbde5489
North_America/non-stratified/USA/fitted_model/Oklahoma_age_60-79.rda,model,1559314,2025-10-09 17:42:35 UTC,25bea2ad2df3ff48f02a76631174ffdf84e5dedc0f8e01007193aa9ed220a1fe
North_America/non-stratified/USA/fitted_model/Oklahoma_age_Over 80.rda,model,1528546,2025-10-09 17:42:19 UTC,4fb7a970efba693972ff8cc0260d730b5a908b09d93232bffbafd8f34f8d6494
North_America/non-stratified/USA/fitted_model/Oregon_age_20-39.rda,model,1042826,2025-10-09 17:43:34 UTC,44fbd0c70be90e4a4f09427a2d6ac35602b663faada51373faf718b76d3f0e3c
North_America/non-stratified/USA/fitted_model/Oregon_age_40-59.rda,model,1239626,2025-10-09 17:42:30 UTC,0ff0e58067c24f13d18aa2d84c9bb226a63b5e207d181fc36c37077cacdaa6c0
North_America/non-stratified/USA/fitted_model/Oregon_age_60-79.rda,model,1528624,2025-10-09 17:43:03 UTC,cfede22147ad3256f354c3582ecd66f83a65bf814ac0d7c032135fadf938e481
North_America/non-stratified/USA/fitted_model/Oregon_age_Over 80.rda,model,1537695,2025-10-09 17:42:31 UTC,3fc2cd98312ea62b5d27175c68829d8ab24eddd48078e914bf2d5c23e8347732
North_America/non-stratified/USA/fitted_model/Pennsylvania_age_20-39.rda,model,1341098,2025-10-09 17:42:34 UTC,657d47e40e0faa688cebc755d3a39ffc5b0481f117d057ff0d4cf54b702088b1
North_America/non-stratified/USA/fitted_model/Pennsylvania_age_40-59.rda,model,1481272,2025-10-09 17:43:52 UTC,6d70cbb0ad612fe7ccd1d635967971d9ecdd9f1144e14350ad6bac3ef2be43c1
North_America/non-stratified/USA/fitted_model/Pennsylvania_age_60-79.rda,model,1711582,2025-10-09 17:42:16 UTC,13766c2711e31f5d3d764a9702f8ceb7923156fc87aa2c8ae7eb2721fcda9028
North_America/non-stratified/USA/fitted_model/Pennsylvania_age_Over 80.rda,model,1782589,2025-10-09 17:43:21 UTC,24dc65afd253f454d2b2243f4b69911f9010fe2dc647ca206d95f23a03753e94
North_America/non-stratified/USA/fitted_model/Rhode Island_age_20-39.rda,model,369837,2025-10-09 17:42:20 UTC,ddfcaf1553a2720f182629cabd59be67e1bc21c87eccc8bde1a129e126823694
North_America/non-stratified/USA/fitted_model/Rhode Island_age_40-59.rda,model,1012279,2025-10-09 17:42:25 UTC,ec84174c5098de09547493a2ca692bee35cde1c036ce3ab18775f45ef0ff0a5a
North_America/non-stratified/USA/fitted_model/Rhode Island_age_60-79.rda,model,1292220,2025-10-09 17:42:18 UTC,d7300856793b8198c13c3ea6c448c6086e06869e6abb327574181e81cfd5e3b7
North_America/non-stratified/USA/fitted_model/Rhode Island_age_Over 80.rda,model,1365865,2025-10-09 17:42:21 UTC,aacff502a53a422db568dc7383ce4c29b610b749a2c10c3d3c7309696709e3e8
North_America/non-stratified/USA/fitted_model/South Carolina_age_20-39.rda,model,1188100,2025-10-09 17:42:58 UTC,49645a7a003e6e5a4c9a9ab59216eab77df74c7cd17eb85038272cd98f9841df
North_America/non-stratified/USA/fitted_model/South Carolina_age_40-59.rda,model,1349575,2025-10-09 17:42:16 UTC,96b2377559f9bf300fbb18232368e471eaf0034c4e88dce546b1c5732f2b1528
North_America/non-stratified/USA/fitted_model/South Carolina_age_60-79.rda,model,1609397,2025-10-09 17:43:04 UTC,dcd7aa4cc00359de1a8d213af2a0e8079a16f44d018ff5072bfab4ca333a5c09
North_America/non-stratified/USA/fitted_model/South Carolina_age_Over 80.rda,model,1608013,2025-10-09 17:42:20 UTC,a2236def70d86132da658f1a61daf516c434407540ce98d8197b6a8a50c85b19
North_America/non-stratified/USA/fitted_model/South Dakota_age_20-39.rda,model,264244,2025-10-09 17:42:37 UTC,af7002adcbc708654468f522d050b2822a18d26c8cfa889236932e99f00e1b67
North_America/non-stratified/USA/fitted_model/South Dakota_age_40-59.rda,model,1009280,2025-10-09 17:42:17 UTC,457411a562afa0c5b937219df9eec11f93bdc204687db316a24db340f2107c37
North_America/non-stratified/USA/fitted_model/South Dakota_age_60-79.rda,model,1241981,2025-10-09 17:42:48 UTC,d64fce6faa467190e84477e9c979c8768d817fb099bc3cb77d84dbbe9a806b26
North_America/non-stratified/USA/fitted_model/South Dakota_age_Over 80.rda,model,1295366,2025-10-09 17:42:49 UTC,914135bf14f64eaf67c81fdf0a01fde0fb00a63d92a163057d7336d2237b59d2
North_America/non-stratified/USA/fitted_model/Tennessee_age_20-39.rda,model,1254053,2025-10-09 17:42:33 UTC,34cf50a4a99d3b20206012229188d39c57044c79b47ff2729b53bb7c3b9eefc9
North_America/non-stratified/USA/fitted_model/Tennessee_age_40-59.rda,model,1442591,2025-10-09 17:42:29 UTC,4626dcbecbfec3cf53390c8dc60b0b39fc3e8f29b3ba883a44314c27fea475a8
North_America/non-stratified/USA/fitted_model/Tennessee_age_60-79.rda,model,1655460,2025-10-09 17:44:05 UTC,f7f150f5479843fc6e9dfc78b64be0b70d207c01674dedd5d2ebc3ae49252a45
North_America/non-stratified/USA/fitted_model/Tennessee_age_Over 80.rda,model,1638286,2025-10-09 17:42:20 UTC,2bf1105ba29b5cad1d1c6c7c93f09134c765f2f70bd08fb6c07789e501e9d037
North_America/non-stratified/USA/fitted_model/Texas_age_20-39.rda,model,1434395,2025-10-09 17:43:24 UTC,5f673da48699c837f940205133b6db71bce199431ad9172db47a583e5fd34b71
North_America/non-stratified/USA/fitted_model/Texas_age_40-59.rda,model,1616545,2025-10-09 17:42:29 UTC,cbdafa1a87f2e55a38a4ae90d440bec2c1372333bda6f6ce732328017c3ede31
North_America/non-stratified/USA/fitted_model/Texas_age_60-79.rda,model,1857828,2025-10-09 17:42:36 UTC,430fd462609954a22c49e415a5b389536dcfbc65c91e654e1bed8beddcf0fcdc
North_America/non-stratified/USA/fitted_model/Texas_age_Over 80.rda,model,1860418,2025-10-09 17:42:36 UTC,b4831b72b2926eedb37180188e2f1eadde13feedcb7d1da0b1560c95fb567d53
North_America/non-stratified/USA/fitted_model/Utah_age_20-39.rda,model,1052204,2025-10-09 17:42:44 UTC,46010034ac41c678ff1534e3c7a2f3b3dc047077b3c735f45a66122b27e3d2fc
North_America/non-stratified/USA/fitted_model/Utah_age_40-59.rda,model,1169611,2025-10-09 17:42:17 UTC,d0cf91be2b07363d3c66517c45612c567337d0fc1ef6b3b251feb9cae6827e42
North_America/non-stratified/USA/fitted_model/Utah_age_60-79.rda,model,1402174,2025-10-09 17:42:59 UTC,b6b5747729c71be602fcc47b367eb34f5feb23deab22f6881284902237dd997f
North_America/non-stratified/USA/fitted_model/Utah_age_Over 80.rda,model,1469711,2025-10-09 17:43:33 UTC,5224425022be265f4dff9b6ece4e112042e711266faf8fdbfb5be6c5d0f8114d
North_America/non-stratified/USA/fitted_model/Vermont_age_20-39.rda,model,201223,2025-10-09 17:43:31 UTC,e18376ecb9e56f0525f5a954875ba2ffcad51f487dbb66f78ae7ea5c76859bf1
North_America/non-stratified/USA/fitted_model/Vermont_age_40-59.rda,model,959888,2025-10-09 17:42:36 UTC,e9954a4ccfcb4a4a27c284c254b8e7da6c8050cb58137221108a35e3b80adbaf
North_America/non-stratified/USA/fitted_model/Vermont_age_60-79.rda,model,1169620,2025-10-09 17:44:04 UTC,665013a0cd8a22f0c8cb5d14f398b6c61e28e434a58542b88c4ad5f89f784c78
North_America/non-stratified/USA/fitted_model/Vermont_age_Over 80.rda,model,1247333,2025-10-09 17:42:25 UTC,0492401ef7ccff25be4248a51f4f2cb304efb97a67721c65060d6bb315343fe6
North_America/non-stratified/USA/fitted_model/Virginia_age_20-39.rda,model,1206740,2025-10-09 17:43:32 UTC,f0b54b2085624ec93f0728b0aeec019c2bcd1858a597cbbf25a324aa1490230f
North_America/non-stratified/USA/fitted_model/Virginia_age_40-59.rda,model,1405771,2025-10-09 17:42:34 UTC,9891cafb74047489144ae6d9a182d248770b45e8681a10bdc86bc4f023196e7a
North_America/non-stratified/USA/fitted_model/Virginia_age_60-79.rda,model,1630854,2025-10-09 17:42:21 UTC,781b5b0d3e501589c3e0f52325ece25d0fd9f723d510030f6a9dabb039305439
North_America/non-stratified/USA/fitted_model/Virginia_age_Over 80.rda,model,1676427,2025-10-09 17:42:33 UTC,1db0cbeb82a2c3349131fae81e5b334b551205b9a477b978be5ed7e68fb26a9c
North_America/non-stratified/USA/fitted_model/Washington_age_20-39.rda,model,1173747,2025-10-09 17:44:02 UTC,a9f735777278d97bca654e270a7e324f47a2d2c5fceff05c32c5c24288d968f9
North_America/non-stratified/USA/fitted_model/Washington_age_40-59.rda,model,1347650,2025-10-09 17:43:08 UTC,a6b56025066e7244ca0b75a4eb82af729a6925016d51ba6341f846ed6a96dc9f
North_America/non-stratified/USA/fitted_model/Washington_age_60-79.rda,model,1611174,2025-10-09 17:42:36 UTC,dcbc12a1f724b8992e96d857c5dc8137251f1b2150c0f493be25535de137ec94
North_America/non-stratified/USA/fitted_model/Washington_age_Over 80.rda,model,1635544,2025-10-09 17:44:06 UTC,f0236a105011a108543d8e603ba4afbe1aa0016fe13071234db8ccd71bbd8cad
North_America/non-stratified/USA/fitted_model/West Virginia_age_20-39.rda,model,1075874,2025-10-09 17:42:35 UTC,f65da533f7c2c2da0f37f075701dc1139efc37f77a1201648d23459cd8205fb0
North_America/non-stratified/USA/fitted_model/West Virginia_age_40-59.rda,model,1243132,2025-10-09 17:42:47 UTC,d56ee191d323a67905b4533d913ab6720ff1012c96e35bf4b75dc10d95e568fe
North_America/non-stratified/USA/fitted_model/West Virginia_age_60-79.rda,model,1460655,2025-10-09 17:43:44 UTC,9f2e2f8ceadc387ceeb02c795fb5c1f4ae3f8c3ed786a6b4a40ebe8f3bdb6173
North_America/non-stratified/USA/fitted_model/West Virginia_age_Over 80.rda,model,1454520,2025-10-09 17:42:32 UTC,6b8a8b9db5c4611f8887873fab58a3ac1a94d3020960680cc12357339e803b1e
North_America/non-stratified/USA/fitted_model/Wisconsin_age_20-39.rda,model,1110952,2025-10-09 17:42:18 UTC,d4bf56376779542e9972bc381eacb187e1cf17cb54bcd0e0c0cfe4677bac83a3
North_America/non-stratified/USA/fitted_model/Wisconsin_age_40-59.rda,model,1335567,2025-10-09 17:43:01 UTC,a42cdc32be8318c1dc9102ad7bc257209d48b2c12196786cefbad6aaeb70ffc8
North_America/non-stratified/USA/fitted_model/Wisconsin_age_60-79.rda,model,1581990,2025-10-09 17:42:49 UTC,76c6461eee0ae66d5407ae4863a8cb15ae921d8426a432f4baa8ce2017ab3ae8
North_America/non-stratified/USA/fitted_model/Wisconsin_age_Over 80.rda,model,1626470,2025-10-09 17:42:32 UTC,d8ff423f90f5ba4a67151da59e716f49e504032e04846e4f9e5f1e9134eb1ce5
North_America/non-stratified/USA/fitted_model/Wyoming_age_20-39.rda,model,240969,2025-10-09 17:42:26 UTC,9f19248605df7c416a9de0a677ffa7ad88a29a77c3731eae653170d1df8d5d22
North_America/non-stratified/USA/fitted_model/Wyoming_age_40-59.rda,model,990491,2025-10-09 17:42:48 UTC,2c601a1a58d44d2d753f776c3d6ece232eb0ec6f72204bf826bbd2693b9823d1
North_America/non-stratified/USA/fitted_model/Wyoming_age_60-79.rda,model,1157900,2025-10-09 17:42:27 UTC,5f172c1dbba12e8afb6a701629d84277083595c37c210189240dbc0f07b1a29c
North_America/non-stratified/USA/fitted_model/Wyoming_age_Over 80.rda,model,1149080,2025-10-09 17:43:53 UTC,9322c1689eaa240c6f33a66d2d113e3c455954a9314f7044a7df0bd5172a83ad
North_America/non-stratified/USA/function.R,code,10104,2025-10-09 17:47:04 UTC,a8b893604a6b27b140d5bfc72c1f6d158cd6acf9d63654d3e3c5a6aa1283a7d7
North_America/non-stratified/USA/monthly_data/USA_monthly.rda,other,170693,2025-10-09 17:46:56 UTC,ee0510efe3048608ace9e1a22cee1d83ce72d14c497d427670c71220d287dcce
North_America/non-stratified/USA/monthly_data/USA_monthly_1999_2002.txt,input,4795344,2025-10-09 17:46:55 UTC,897c281f6e22cf467bf52ae14cfa1e0c99ad190486819e993e919876475de02f
North_America/non-stratified/USA/monthly_data/USA_monthly_2003_2006.txt,input,4774834,2025-10-09 17:46:46 UTC,79b92d55b302d15670ba5acd881324f0509de6fdfa493300570674a015372e9d
North_America/non-stratified/USA/monthly_data/USA_monthly_2007_2010.txt,input,4744035,2025-10-09 17:47:00 UTC,d8d2677599bd3540b18d47a3aef7be33694bd1134af224b1d324bb94b1bb039f
North_America/non-stratified/USA/monthly_data/USA_monthly_2011_2014.txt,input,4717097,2025-10-09 17:46:59 UTC,a1605784a29b502f6a5e9e25ffe83f71f39d47a0cf2346d120f2bc927ad40133
North_America/non-stratified/USA/monthly_data/USA_monthly_2015_2017.txt,input,3585093,2025-10-09 17:46:49 UTC,1eee2e6d2ded994fcd973b998dc509d4881d99f236219f0955ab267c1e24596e
North_America/non-stratified/USA/monthly_data/USA_monthly_2018_2020.txt,input,3601705,2025-10-09 17:46:53 UTC,5d8f730cd43897f7cdc8ab57c273f3e056457380cd8099bdb95ca413248bd534
North_America/non-stratified/USA/monthly_data/USA_monthly_2021_2023.txt,input,4073319,2025-10-09 17:46:50 UTC,25d71e64d8407fd09dec8f5db351602c47e0b98b4a23a082161794d991e53ee6
North_America/non-stratified/USA/plot_aggregate.R,code,7649,2025-10-09 17:46:41 UTC,69015e5c022c0ea8f053d0d7aa53ee2cceaef941b921098a851be4087760d12b
North_America/non-stratified/USA/plot_map.R,code,3940,2025-10-09 17:47:01 UTC,91ab9fd520b16baf32e5e853ce0ccd4662f5b46ce7bd41bb90ef1c96ffce8aff
North_America/non-stratified/USA/plot_pscore_aggregated.R,code,12171,2025-10-09 17:46:36 UTC,474423a2960f2a63d227fec0e332cdf91fd7b45d133e27ddd537fe6235867151
North_America/non-stratified/USA/plot_series.R,code,5239,2025-10-09 17:46:42 UTC,c0d1cca784703f9ac3457e338dde5404d80bac0bded70aea9a8058e9e6491a48
North_America/non-stratified/USA/script_server.R,code,3348,2025-10-09 17:46:36 UTC,d534a6f40996483245099e60380db6a5ff1edf157ea7e51ce3bcdab7aadddec7
North_America/non-stratified/USA/us_state_vaccinations_select.rda,other,1103,2025-10-09 17:47:04 UTC,1239b26bd97e778fd0cd6dba1ed3f21ba707bd95ea01945d29a5c4d071c25bd4
North_America/non-stratified/USA_monthly.rda,other,170693,2025-10-09 17:48:31 UTC,ee0510efe3048608ace9e1a22cee1d83ce72d14c497d427670c71220d287dcce
North_America/non-stratified/USA_monthly_result.rda,result,28362,2025-10-09 17:42:15 UTC,711192fb5a7162f0e96272d8c7d9a07b5bf72d73d4705494155fb1c40820317f
North_America/non-stratified/cb_2018_us_state_500k/cb_2018_us_state_500k.cpg,geospatial,5,2025-10-09 17:47:27 UTC,3ad3031f5503a4404af825262ee8232cc04d4ea6683d42c5dd0a2f2a27ac9824
North_America/non-stratified/cb_2018_us_state_500k/cb_2018_us_state_500k.dbf,geospatial,9058,2025-10-09 17:47:26 UTC,89eb50d0ae403c7d2efef682b4fb7e70842056935e5afd1e0e889d79f5ad4da8
North_America/non-stratified/cb_2018_us_state_500k/cb_2018_us_state_500k.prj,geospatial,165,2025-10-09 17:47:28 UTC,0b9041e921d9ebb43247d314608fe9e38a0b008ee793067fc1806199ea1fb9dd
North_America/non-stratified/cb_2018_us_state_500k/cb_2018_us_state_500k.shp,geospatial,4721868,2025-10-09 17:47:25 UTC,910ca4d7d6490ce286800ac857fcd384e001b140bc59b5c2c363c065645209c7
North_America/non-stratified/cb_2018_us_state_500k/cb_2018_us_state_500k.shp.ea.iso.xml,other,17905,2025-10-09 17:47:25 UTC,eaa5c2b46932f1e4aa44cb83add8d18ea37b6b6805f377f063b4f16fffe0246c
North_America/non-stratified/cb_2018_us_state_500k/cb_2018_us_state_500k.shp.iso.xml,other,32982,2025-10-09 17:47:26 UTC,5190ce1c3ff5f0f946e028fe9958d857c42c6d6e6504734a1f1659d99947148a
North_America/non-stratified/cb_2018_us_state_500k/cb_2018_us_state_500k.shx,geospatial,548,2025-10-09 17:47:27 UTC,81917f840e9868d2eda20e38b3922a67f1c709112f7efe58402337d50e8afd5f
North_America/non-stratified/final_data.rda,other,44485,2025-10-09 17:48:31 UTC,5715343e70ac3bdbb831e4c592952cea1f929da7030681c54c325c79faba5fcf
North_America/non-stratified/lpr_000b21a_e/lpr_000b21a_e.dbf,geospatial,4918,2025-10-09 17:48:25 UTC,34c024a209176eeb64ee6d95418b290ed4bd135e8f840ef0a89703781e0b0851
North_America/non-stratified/lpr_000b21a_e/lpr_000b21a_e.prj,geospatial,524,2025-10-09 17:48:25 UTC,ab73d71a919003b760582daea9d1653b857b98c0a66efecb65d7d3c30911908b
North_America/non-stratified/lpr_000b21a_e/lpr_000b21a_e.shp,geospatial,265901524,2025-10-09 17:48:23 UTC,46c62ecd4a8dce05e0f8343e919fbf9c7f87c6d4ec0f556a1a7b662aaedcca52
North_America/non-stratified/lpr_000b21a_e/lpr_000b21a_e.shx,geospatial,204,2025-10-09 17:48:25 UTC,9e5fe372d0c512c76d214ef9502ffaa54112ffea74a26e7c6bd159f6593b98b8
North_America/non-stratified/lpr_000b21a_e/lpr_000b21a_e.xml,other,48085,2025-10-09 17:48:24 UTC,b0412cf29db8ac0f197dbc742bd13791236075e84e0bd711eec8158c51182d88
North_America/non-stratified/plot_map_all.R,code,5020,2025-10-09 17:47:29 UTC,b831169717ac4262bad79857f603faf0fa1e2d0256798b67705d592a8772dffb
North_America/non-stratified/table2.R,code,3092,2025-10-22 19:58:48 UTC,c5c5b6b92b16b3cdb8209b114fb51efe9482843599e7d4b49bda347c35198a85
North_America/sex-stratified/.RData,other,12891180,2025-10-09 18:04:36 UTC,ab983a7f0903d8576fe322b52c9bb0ee3a26938d4bc904848b864c68a97f7d0c
North_America/sex-stratified/Canada/13100768.csv,input,29765588,2025-10-09 17:51:55 UTC,dc46e74c61945e316953e53748ba4655e7b2ff11cd7ce632c726fb5985982307
North_America/sex-stratified/Canada/Canada_weekly_result.rda,result,9546,2025-10-09 17:51:48 UTC,bae27cbf127e6f341f24d6cd725c44a26830df320e96ff6480c3cc2aa78848af
North_America/sex-stratified/Canada/canada_map.zip,geospatial,4281885,2025-10-09 17:51:47 UTC,464f997779c451d0279f3e9c8f5104ba3ce7a6042119558792eff17b8431cc06
North_America/sex-stratified/Canada/data_process.R,code,2108,2025-10-09 17:51:50 UTC,84b15a711b846f3e929ae572692fff5dfd91cc94fa15f414f171231b517c5890
North_America/sex-stratified/Canada/final_data.rda,other,78762,2025-10-09 17:51:48 UTC,3c8bd159c67c4f24193685a6dcc846939c20ca6956ec08015a7f3a8996a96af9
North_America/sex-stratified/Canada/fitted_model/AB_age_0-44_sex_Females.rda,model,1755456,2025-10-09 17:49:15 UTC,9fbc05940b8bd0a650346829554cdd17fa61bddc2da3239a31094daf469a00a9
North_America/sex-stratified/Canada/fitted_model/AB_age_0-44_sex_Males.rda,model,1914369,2025-10-09 17:49:24 UTC,c7c6418849412ff284e7673e979d7b7daa707e42cdcec109ba49a99dd41bb52f
North_America/sex-stratified/Canada/fitted_model/AB_age_45-64_sex_Females.rda,model,1947586,2025-10-09 17:48:59 UTC,788d6102162ecf1f96ada08c6827359a34af37adec355fd002e2c8150dc70152
North_America/sex-stratified/Canada/fitted_model/AB_age_45-64_sex_Males.rda,model,2168687,2025-10-09 17:49:49 UTC,67ac8da7837e64c637e2aef3a9f20aea40eb8b9abf83f950429129eef94611d5
North_America/sex-stratified/Canada/fitted_model/AB_age_65-84_sex_Females.rda,model,2353145,2025-10-09 17:49:05 UTC,6e55189762f5501234a87acbb0be2a5914997942ba8a3379e43f9832659827ab
North_America/sex-stratified/Canada/fitted_model/AB_age_65-84_sex_Males.rda,model,2469581,2025-10-09 17:49:20 UTC,dd72dcc9c43a1cb27bc5b1553a77cbacf3165bfc2d75826d88116ee264ac2a4a
North_America/sex-stratified/Canada/fitted_model/AB_age_over 85_sex_Females.rda,model,2449677,2025-10-09 17:49:51 UTC,2811b00560bd031af6c2f5cd9b4ff58dbf01f97546656addda30b8bb682d830c
North_America/sex-stratified/Canada/fitted_model/AB_age_over 85_sex_Males.rda,model,2378639,2025-10-09 17:49:52 UTC,844263b0e5e341e4c90080070efe4c02866f202137900eee235aebd5795d8ecd
North_America/sex-stratified/Canada/fitted_model/BC_age_0-44_sex_Females.rda,model,1734030,2025-10-09 17:48:51 UTC,320820313d4577ccd1ff933a96e081d904dc3d35dc6ab2da5dfe475915e46d06
North_America/sex-stratified/Canada/fitted_model/BC_age_0-44_sex_Males.rda,model,1917290,2025-10-09 17:49:39 UTC,cd16a2aedacdd5bbd6c5e854457b531b962ff4b75dc7ce644c63a668db0d2cc5
North_America/sex-stratified/Canada/fitted_model/BC_age_45-64_sex_Females.rda,model,2012501,2025-10-09 17:49:33 UTC,ca19718038582c593a94b158168c63407e14e92bdb47d4aee2bb76fb12c7c1ea
North_America/sex-stratified/Canada/fitted_model/BC_age_45-64_sex_Males.rda,model,2209086,2025-10-09 17:49:11 UTC,79e0c816da93df295d2890a4fbe301b7905216814848c41a2fcd6d0b339a6b28
North_America/sex-stratified/Canada/fitted_model/BC_age_65-84_sex_Females.rda,model,2493312,2025-10-09 17:49:32 UTC,f2118f28f14b520fa4e8ebe6f60fb6e8ed3696888b2f427c2102c390c825fc69
North_America/sex-stratified/Canada/fitted_model/BC_age_65-84_sex_Males.rda,model,2672271,2025-10-09 17:48:58 UTC,30799e0548d1cd05e3d410e224fc171f34712e8814c310361c19faf6d96d283e
North_America/sex-stratified/Canada/fitted_model/BC_age_over 85_sex_Females.rda,model,2758086,2025-10-09 17:49:09 UTC,8feb8b73ac44a6d20ac3c231acc168924bbecb0fb5945b71f609b2625a7c987d
North_America/sex-stratified/Canada/fitted_model/BC_age_over 85_sex_Males.rda,model,2596351,2025-10-09 17:49:21 UTC,093fdd5996bb858aba15ad241a945363519925e32a461be789257083c6f7a027
North_America/sex-stratified/Canada/fitted_model/MB_age_0-44_sex_Females.rda,model,1441929,2025-10-09 17:49:21 UTC,884063d3dccdd3e24a1441201bf5cb8fc0b349fffe3fbd681af7bdacf619f8c9
North_America/sex-stratified/Canada/fitted_model/MB_age_0-44_sex_Males.rda,model,1512561,2025-10-09 17:49:10 UTC,6c13f5f92e0dc5e0348c19dd9bbccbbc239a3c55a1499c626c72011f38ee0cc6
North_America/sex-stratified/Canada/fitted_model/MB_age_45-64_sex_Females.rda,model,1610305,2025-10-09 17:48:51 UTC,51d05f2b810317cb9113f2f177db0dde80f9da48b12e4610192b85b88aedb173
North_America/sex-stratified/Canada/fitted_model/MB_age_45-64_sex_Males.rda,model,1679747,2025-10-09 17:49:07 UTC,0cc0597cab99c9ad03ef193b3f10c81f6d6e86c0d55e997951d211d5d7f98d58
North_America/sex-stratified/Canada/fitted_model/MB_age_65-84_sex_Females.rda,model,1898063,2025-10-09 17:49:42 UTC,543f640e895c2f497448a094add799fbdebc03db8521603d855f5f319e40aea2
North_America/sex-stratified/Canada/fitted_model/MB_age_65-84_sex_Males.rda,model,1966439,2025-10-09 17:48:57 UTC,e287603154013a8a102c34e2a84da083def132d9bcb0cf3ab0269c11dc4ff6b8
North_America/sex-stratified/Canada/fitted_model/MB_age_over 85_sex_Females.rda,model,2009854,2025-10-09 17:48:54 UTC,7712a98643d51bf7a1ad7005861e0c5bda830e96f82980f4a62be0d58fe4a1c2
North_America/sex-stratified/Canada/fitted_model/MB_age_over 85_sex_Males.rda,model,1815314,2025-10-09 17:49:42 UTC,a3074dd0a4adae4bd7c21c84ca8e74144fe0a7b30ed793cc515e0f8a35bf648b
North_America/sex-stratified/Canada/fitted_model/NB_age_0-44_sex_Females.rda,model,1306433,2025-10-09 17:48:49 UTC,a66f6a3ceaec9c7f47f50a50a688a4e2be2fb4a9ef6fc41cb2c1ce8d40ffb3ec
North_America/sex-stratified/Canada/fitted_model/NB_age_0-44_sex_Males.rda,model,1487770,2025-10-09 17:49:07 UTC,ef99c1a2eb9020759a847faf14eeea5cb9017b7c960fb2355bc6b11f52c415fd
North_America/sex-stratified/Canada/fitted_model/NB_age_45-64_sex_Females.rda,model,1561327,2025-10-09 17:49:09 UTC,2edf3451ea434905a85f95a46d02e3fe0a40c796b5da0f60e68c2f4d742e8260
North_America/sex-stratified/Canada/fitted_model/NB_age_45-64_sex_Males.rda,model,1655025,2025-10-09 17:49:40 UTC,2e4e7d852c90381400b5d47bf96613aca7525b006718d6f8d15e799199ca8a4d
North_America/sex-stratified/Canada/fitted_model/NB_age_65-84_sex_Females.rda,model,1920413,2025-10-09 17:49:50 UTC,eae0ef90b00520beb065a54dd2223745f729ff022c7b2cd6a0388d77a9a9a963
North_America/sex-stratified/Canada/fitted_model/NB_age_65-84_sex_Males.rda,model,2056478,2025-10-09 17:49:29 UTC,ad7498a598cf08eba2c8e0776eb05d75040e9b3b44509d8f0623cdcf5f7cb6cf
North_America/sex-stratified/Canada/fitted_model/NB_age_over 85_sex_Females.rda,model,1941087,2025-10-09 17:49:51 UTC,3a1e58321d136f28aa75cadb38287b4d91d7d33c3ac5ffe08cc03aa48f304335
North_America/sex-stratified/Canada/fitted_model/NB_age_over 85_sex_Males.rda,model,1796718,2025-10-09 17:49:25 UTC,0461f44e4ecbcf7db58ac7bf6b9a01be6df9ef9d8945871c10c42a90356b3714
North_America/sex-stratified/Canada/fitted_model/NL_age_0-44_sex_Females.rda,model,1211924,2025-10-09 17:49:44 UTC,0e5891777cd385eff379aa2c9bee8922baa63b6037c84a97a91d6c8ef549637f
North_America/sex-stratified/Canada/fitted_model/NL_age_0-44_sex_Males.rda,model,1465242,2025-10-09 17:49:36 UTC,04b8cf91425bc8370b28aa27c873bce8bfc5cb93588966a62206ad4e535b349b
North_America/sex-stratified/Canada/fitted_model/NL_age_45-64_sex_Females.rda,model,1526867,2025-10-09 17:49:00 UTC,1fa6ca4a95fee347a003aaf67f12cdec968c0f48727d38adf844d13a6aa7e564
North_America/sex-stratified/Canada/fitted_model/NL_age_45-64_sex_Males.rda,model,1604114,2025-10-09 17:49:11 UTC,21b83169d551f3ddce45d588e8737f73991c5d87f0fcb4e8c48702e3557904e0
North_America/sex-stratified/Canada/fitted_model/NL_age_65-84_sex_Females.rda,model,1843933,2025-10-09 17:49:30 UTC,db0ea4f226c7f08c9083a54d98799948655ecd631f5f10a70f57bebd68e4d659
North_America/sex-stratified/Canada/fitted_model/NL_age_65-84_sex_Males.rda,model,1939242,2025-10-09 17:49:35 UTC,a7642ac3e4fd6832430bf00695823b9b88f3fc855cbe5dfab3248e60751f6af8
North_America/sex-stratified/Canada/fitted_model/NL_age_over 85_sex_Females.rda,model,1818828,2025-10-09 17:49:31 UTC,b524b532091e31143026c9b9804e1dabf34c081acec4fe79129c70cd2612e7f6
North_America/sex-stratified/Canada/fitted_model/NL_age_over 85_sex_Males.rda,model,1696722,2025-10-09 17:49:23 UTC,eee2f0ebd2be453747a85f17e5f9070b6dfab1c2e04cfec1dda70e766e1556c5
North_America/sex-stratified/Canada/fitted_model/NS_age_0-44_sex_Females.rda,model,1477090,2025-10-09 17:49:26 UTC,7d115919e937a9781c21a1791cc50568048056854de4b96e5a4059bc5f4e9214
North_America/sex-stratified/Canada/fitted_model/NS_age_0-44_sex_Males.rda,model,1480617,2025-10-09 17:49:48 UTC,6ab2c385f565bbbf9115c0874e5f8a910de8d16bac43386933fdc01791b97db8
North_America/sex-stratified/Canada/fitted_model/NS_age_45-64_sex_Females.rda,model,1663564,2025-10-09 17:49:19 UTC,427088dc331a407a35678ae9d7ffc54f932605fbafa17394db9a6a0852fc076c
North_America/sex-stratified/Canada/fitted_model/NS_age_45-64_sex_Males.rda,model,1748700,2025-10-09 17:49:02 UTC,17ad5742e6f97c50a1f9040eeef7a4af5d7d985746e3348923f829c5bb4b0163
North_America/sex-stratified/Canada/fitted_model/NS_age_65-84_sex_Females.rda,model,2040232,2025-10-09 17:48:50 UTC,7cb23e7d88d1b6b15c941d2280069f13c1c7d4a4d81f9d975231e3ef3376226b
North_America/sex-stratified/Canada/fitted_model/NS_age_65-84_sex_Males.rda,model,2126908,2025-10-09 17:49:12 UTC,4b73df2e5c745927bd6b6859f2daab201ff17b45fcbd85d0bbdb4d828bdfc283
North_America/sex-stratified/Canada/fitted_model/NS_age_over 85_sex_Females.rda,model,2051430,2025-10-09 17:49:13 UTC,b0936b20d5c7b55740afa3a4e77246dbf46c7c42036fd9db0d3dcddff508147a
North_America/sex-stratified/Canada/fitted_model/NS_age_over 85_sex_Males.rda,model,1902724,2025-10-09 17:49:43 UTC,8fcb92add32a8888239776ed93cfed26e678dca2a9007d2c22ee8eefe9a497ea
North_America/sex-stratified/Canada/fitted_model/ON_age_0-44_sex_Females.rda,model,1923671,2025-10-09 17:49:18 UTC,b7d02035505358b8b20acb3d2aa78ecf376a75f6c5f3d0348a12f1b51a0e30ad
North_America/sex-stratified/Canada/fitted_model/ON_age_0-44_sex_Males.rda,model,2195289,2025-10-09 17:48:55 UTC,65f7518b48c3f4790d4254bd8ea01eab7918fd23eddf65ed433b26a4039a4d46
North_America/sex-stratified/Canada/fitted_model/ON_age_45-64_sex_Females.rda,model,2312018,2025-10-09 17:49:17 UTC,0359a828448ef387d69cca467d949006e26e970db5ab1bf4fe1f5deb4e168477
North_America/sex-stratified/Canada/fitted_model/ON_age_45-64_sex_Males.rda,model,2481942,2025-10-09 17:49:45 UTC,d6d9241a2ba7713c749b31a333f79006bdcbf6d59389753157c3f18b167ac012
North_America/sex-stratified/Canada/fitted_model/ON_age_65-84_sex_Females.rda,model,2938636,2025-10-09 17:49:28 UTC,a85af852484884617a300543fa4f4c2058890096baad2806157865def5a54cfc
North_America/sex-stratified/Canada/fitted_model/ON_age_65-84_sex_Males.rda,model,3147474,2025-10-09 17:49:27 UTC,51be0a3167c39ef40bf66f30e0dc20da60246319a4e20c082773d1d3ccd17199
North_America/sex-stratified/Canada/fitted_model/ON_age_over 85_sex_Females.rda,model,3257010,2025-10-09 17:49:46 UTC,e3f04f40ae9506d13b41d8b36c92a68c304cc568c418702f1d83cdf57eb35489
North_America/sex-stratified/Canada/fitted_model/ON_age_over 85_sex_Males.rda,model,3139917,2025-10-09 17:49:37 UTC,61d849f8befb419f0b02c7a6778d2ee1ca512aa58c807a568389ab104044c36f
North_America/sex-stratified/Canada/fitted_model/QC_age_0-44_sex_Females.rda,model,1704653,2025-10-09 17:48:53 UTC,aff23675664a58ce1e3b81b0adcb77bec469194c3cbae3b5d530aa5d3017674e
North_America/sex-stratified/Canada/fitted_model/QC_age_0-44_sex_Males.rda,model,1822808,2025-10-09 17:49:45 UTC,d46747b765eed75dbbfa6c4990f75ab763f5e100b5d6292a2357d0f67b428ac6
North_America/sex-stratified/Canada/fitted_model/QC_age_45-64_sex_Females.rda,model,2280831,2025-10-09 17:49:03 UTC,634741350cf69c8f5fb95609b701957acbcdbe46d94a82c588ad6bc74373a9fb
North_America/sex-stratified/Canada/fitted_model/QC_age_45-64_sex_Males.rda,model,2353709,2025-10-09 17:49:22 UTC,73eff4e631bffc9b31e2d357c9ac3cbbadf603d8bc7e1edc37091d66957b9450
North_America/sex-stratified/Canada/fitted_model/QC_age_65-84_sex_Females.rda,model,2927643,2025-10-09 17:49:14 UTC,14e7e2a14ac5480274d0badbd2ca2c3ab3366d9df558ff6cf755fdd7b353f44f
North_America/sex-stratified/Canada/fitted_model/QC_age_65-84_sex_Males.rda,model,2996413,2025-10-09 17:49:04 UTC,5a4639cc50085da662c6f18ab08f0cbb908dc1681d41a8b5a4d9c92afdb039c5
North_America/sex-stratified/Canada/fitted_model/QC_age_over 85_sex_Females.rda,model,3219725,2025-10-09 17:49:16 UTC,8c97ea6f85474746cb69bd88c7e97a8d04a2605fc4dc910bbeb7cc0ab7b3564c
North_America/sex-stratified/Canada/fitted_model/QC_age_over 85_sex_Males.rda,model,2983851,2025-10-09 17:49:15 UTC,106e8d2f5572d1ac215a478bf42d91a552dc6131efb4664c78179e36f1c88546
North_America/sex-stratified/Canada/fitted_model/SK_age_0-44_sex_Females.rda,model,1501568,2025-10-09 17:49:13 UTC,b44ba6d46966ac93363123f9d6091b6b260afd3221fb1de36e47426a114eb0b5
North_America/sex-stratified/Canada/fitted_model/SK_age_0-44_sex_Males.rda,model,1572352,2025-10-09 17:49:06 UTC,0e97d56bd899cf7ed2046919ebd13e288a0f506c05c4aec620ca229a1629b3d8
North_America/sex-stratified/Canada/fitted_model/SK_age_45-64_sex_Females.rda,model,1646427,2025-10-09 17:49:47 UTC,57d418b05dcbc9c377cacb8bcda2c0878230cc087ef8d3ba985184c0180961e3
North_America/sex-stratified/Canada/fitted_model/SK_age_45-64_sex_Males.rda,model,1745083,2025-10-09 17:49:20 UTC,4d09eaabfdd7f380293a95cf329fd1c3d6eba0b376b1cbc114d374a21b1b1b7d
North_America/sex-stratified/Canada/fitted_model/SK_age_65-84_sex_Females.rda,model,1910172,2025-10-09 17:49:03 UTC,1046f1b00886fe0cbe84de2c33fb7e58116b221bdcb52430d96c0c0b426cb17f
North_America/sex-stratified/Canada/fitted_model/SK_age_65-84_sex_Males.rda,model,2001041,2025-10-09 17:49:01 UTC,c415acac6903a3ba2f5fed05048d21cce7fc65696e3c6577c7be3f1ed1edc291
North_America/sex-stratified/Canada/fitted_model/SK_age_over 85_sex_Females.rda,model,2056195,2025-10-09 17:49:29 UTC,d984ae9cf69ba3dda3365cdfdd5829e7754a5d135755fbbb378f9c97a3bd95d3
North_America/sex-stratified/Canada/fitted_model/SK_age_over 85_sex_Males.rda,model,1935414,2025-10-09 17:49:48 UTC,106a6a07e180ec4c95f8ef70b088fc5bf950a573207d1413b17a5f3fab32778a
North_America/sex-stratified/Canada/function.R,code,13064,2025-10-09 17:51:49 UTC,8321deacdd43e4c48ff806f1f49c22627f8107f8ccf95604f73b44160f0d97e7
North_America/sex-stratified/Canada/lpr_000b21a_e/lpr_000b21a_e.dbf,geospatial,4918,2025-10-09 17:51:45 UTC,34c024a209176eeb64ee6d95418b290ed4bd135e8f840ef0a89703781e0b0851
North_America/sex-stratified/Canada/lpr_000b21a_e/lpr_000b21a_e.prj,geospatial,524,2025-10-09 17:51:44 UTC,ab73d71a919003b760582daea9d1653b857b98c0a66efecb65d7d3c30911908b
North_America/sex-stratified/Canada/lpr_000b21a_e/lpr_000b21a_e.shp,geospatial,265901524,2025-10-09 17:51:44 UTC,46c62ecd4a8dce05e0f8343e919fbf9c7f87c6d4ec0f556a1a7b662aaedcca52
North_America/sex-stratified/Canada/lpr_000b21a_e/lpr_000b21a_e.shx,geospatial,204,2025-10-09 17:51:45 UTC,9e5fe372d0c512c76d214ef9502ffaa54112ffea74a26e7c6bd159f6593b98b8
North_America/sex-stratified/Canada/lpr_000b21a_e/lpr_000b21a_e.xml,other,48085,2025-10-09 17:51:44 UTC,b0412cf29db8ac0f197dbc742bd13791236075e84e0bd711eec8158c51182d88
North_America/sex-stratified/Canada/plot_aggregate.R,code,2332,2025-10-09 17:50:49 UTC,2386897af5cbe5f03179645aad7deb9140ee47bd45b2ba32bdf76bf1da57bb22
North_America/sex-stratified/Canada/plot_map.R,code,2823,2025-10-09 17:51:48 UTC,c153125347a8ddbdad237b74a406cfa5852dfff34245f147f0eea230437aa10b
North_America/sex-stratified/Canada/plot_series.R,code,6823,2025-10-09 17:51:45 UTC,efac350d94613e4e21db493d3180dcada4330d927b52d7fd1bc1816c0411124e
North_America/sex-stratified/Canada/pscore_diff.R,code,8803,2025-10-09 17:51:45 UTC,e4ba2ac1605de2e80e9412f25887caf23292e4e78b12e23f47caa62579ca3ea0
North_America/sex-stratified/Canada/script_server.R,code,3468,2025-10-09 17:50:48 UTC,aa008d07f848ac8c4e674507787aeb48c44233c5191c1744a16c082d729c80e5
North_America/sex-stratified/Canada_weekly_result.rda,result,9546,2025-10-09 18:04:34 UTC,bae27cbf127e6f341f24d6cd725c44a26830df320e96ff6480c3cc2aa78848af
North_America/sex-stratified/NA_map.zip,geospatial,16275793,2025-10-09 18:04:34 UTC,9b3ce315b13590ca8928a01a94cae8fa47d3b9262f9a35d31962cd83fd3f1505
North_America/sex-stratified/USA/USA_monthly.rda,other,273224,2025-10-09 18:03:46 UTC,fb45fabda4977a2250739af54e75df24c951b90dd43f8ec12bd70651b3f58522
North_America/sex-stratified/USA/USA_monthly_maps.zip,geospatial,9830690,2025-10-09 18:03:48 UTC,a46c7829020dc4a95809d67e12d104f9ffd9f31fdb81e776f0946f5aa29da18c
North_America/sex-stratified/USA/USA_monthly_result.rda,result,42031,2025-10-09 18:03:18 UTC,5cdce35cdf230521dd7ce95cf1a84ab6f318f11d33379e8976fe18e6ee8445aa
North_America/sex-stratified/USA/USA_monthly_result_pooled.rda,result,21837,2025-10-09 18:03:18 UTC,ffbcd2b0ab959d97fa6a19e3dce53efc72a184b392f5abac74e0028c3e9db1b6
North_America/sex-stratified/USA/cb_2018_us_state_500k.zip,geospatial,3304931,2025-10-09 18:03:49 UTC,b37b0aede4378d85adc6fcdbd7ef67a3e2449b82025a499ddbe8a857dada8a5d
North_America/sex-stratified/USA/cb_2018_us_state_500k/cb_2018_us_state_500k.cpg,geospatial,5,2025-10-09 18:03:20 UTC,3ad3031f5503a4404af825262ee8232cc04d4ea6683d42c5dd0a2f2a27ac9824
North_America/sex-stratified/USA/cb_2018_us_state_500k/cb_2018_us_state_500k.dbf,geospatial,9058,2025-10-09 18:03:20 UTC,89eb50d0ae403c7d2efef682b4fb7e70842056935e5afd1e0e889d79f5ad4da8
North_America/sex-stratified/USA/cb_2018_us_state_500k/cb_2018_us_state_500k.prj,geospatial,165,2025-10-09 18:03:20 UTC,0b9041e921d9ebb43247d314608fe9e38a0b008ee793067fc1806199ea1fb9dd
North_America/sex-stratified/USA/cb_2018_us_state_500k/cb_2018_us_state_500k.shp,geospatial,4721868,2025-10-09 18:03:19 UTC,910ca4d7d6490ce286800ac857fcd384e001b140bc59b5c2c363c065645209c7
North_America/sex-stratified/USA/cb_2018_us_state_500k/cb_2018_us_state_500k.shp.ea.iso.xml,other,17905,2025-10-09 18:03:19 UTC,eaa5c2b46932f1e4aa44cb83add8d18ea37b6b6805f377f063b4f16fffe0246c
North_America/sex-stratified/USA/cb_2018_us_state_500k/cb_2018_us_state_500k.shp.iso.xml,other,32982,2025-10-09 18:03:20 UTC,5190ce1c3ff5f0f946e028fe9958d857c42c6d6e6504734a1f1659d99947148a
North_America/sex-stratified/USA/cb_2018_us_state_500k/cb_2018_us_state_500k.shx,geospatial,548,2025-10-09 18:03:20 UTC,81917f840e9868d2eda20e38b3922a67f1c709112f7efe58402337d50e8afd5f
North_America/sex-stratified/USA/data_process.R,code,2165,2025-10-09 18:03:59 UTC,e20a8997549867a39494f721372d980a7d1b26f8d0b953d4227d9395ab5b7a9e
North_America/sex-stratified/USA/fitted_model/Alabama_age_0-44_sex_F.rda,model,3588343,2025-10-09 17:54:07 UTC,77dce08ae2a28503796051589623c1c03dcd107cf3848a5475540e1034d5f1da
North_America/sex-stratified/USA/fitted_model/Alabama_age_0-44_sex_M.rda,model,3600383,2025-10-09 17:58:12 UTC,359f54dde8f810c28129c6946a5815b0d908e3ff12d9896898b99db4a1db8672
North_America/sex-stratified/USA/fitted_model/Alabama_age_45-64_sex_F.rda,model,3600383,2025-10-09 18:00:57 UTC,39591ed99042d814e87e1a50fc3ebd512d7a51d8df4a74d3b320c46d8b0626af
North_America/sex-stratified/USA/fitted_model/Alabama_age_45-64_sex_M.rda,model,3600383,2025-10-09 17:58:29 UTC,c445b6f6ae04061f08da363699724dcabe711ede6a1e960aeb1e172eaf4d9f32
North_America/sex-stratified/USA/fitted_model/Alabama_age_65-84_sex_F.rda,model,3600383,2025-10-09 17:54:21 UTC,6509ce6d4c1251e750763bf550b5ec93f8c69c5f21fbbe1c66dab5dd76e33d36
North_America/sex-stratified/USA/fitted_model/Alabama_age_65-84_sex_M.rda,model,3600383,2025-10-09 17:53:44 UTC,02498538ffd86cdfed0b49669c757ce1a1c96e2bc76add05160bf8fd24c9fa6e
North_America/sex-stratified/USA/fitted_model/Alabama_age_Over 85_sex_F.rda,model,3600383,2025-10-09 17:58:17 UTC,68cacccba5b0df1718692e16b03373ec8c12577c8b2aeaf21ae0ec876735076b
North_America/sex-stratified/USA/fitted_model/Alabama_age_Over 85_sex_M.rda,model,3600383,2025-10-09 17:56:56 UTC,9b67d8a35a24e545ed87ce42672e013e73dabd14520667bf5d08596b73957802
North_America/sex-stratified/USA/fitted_model/Alabama_age_all_sex_F.rda,model,1587009,2025-10-09 17:58:22 UTC,4b88e39202c4b81a320500c17be1100ba4d272ce3f17aad8b430220cb2834dd3
North_America/sex-stratified/USA/fitted_model/Alabama_age_all_sex_M.rda,model,1607427,2025-10-09 17:53:06 UTC,abbccdb2af774bd2f1274f7959c1641de4263c3373d2fdba38a6c7d5297cafb3
North_America/sex-stratified/USA/fitted_model/Alaska_age_0-44_sex_F.rda,model,915463,2025-10-09 17:56:47 UTC,9fdbbf8ad06f9a95cc133d2f660be8497b001bb3f10c29cd9ce87a297050c2b4
North_America/sex-stratified/USA/fitted_model/Alaska_age_0-44_sex_M.rda,model,3034503,2025-10-09 18:01:25 UTC,428e5f108a73250fcc95e4fa55c1dd0a1d2519f3dfa4068ef343b95070a860d7
North_America/sex-stratified/USA/fitted_model/Alaska_age_45-64_sex_F.rda,model,3540183,2025-10-09 17:57:56 UTC,9e8d11bc31b3a66a8851df8af30708b1ed4c24b778162e48d0e425ad00a93b63
North_America/sex-stratified/USA/fitted_model/Alaska_age_45-64_sex_M.rda,model,3588343,2025-10-09 17:55:33 UTC,4acf8f7a864fc1980e2ed3212ee2532657ebbb66c22c509b0264ef9b5c6ab7d6
North_America/sex-stratified/USA/fitted_model/Alaska_age_65-84_sex_F.rda,model,3588343,2025-10-09 17:54:12 UTC,99bc15ecdf8e854d26ce20d52244ae26ad8226435acb00c8792a01e28f460d0d
North_America/sex-stratified/USA/fitted_model/Alaska_age_65-84_sex_M.rda,model,3588343,2025-10-09 17:57:57 UTC,6286b70de85e84ce0a00c2fdc51be94af0fdac57651c4ef9d540cfc553dc3aa1
North_America/sex-stratified/USA/fitted_model/Alaska_age_Over 85_sex_F.rda,model,3588343,2025-10-09 17:56:09 UTC,151b0d8b7d4daf4afc1e9dc8ff2352c0ed47689698426c094cbf5485753e59d7
North_America/sex-stratified/USA/fitted_model/Alaska_age_Over 85_sex_M.rda,model,3383663,2025-10-09 18:00:58 UTC,311e16bef18db5347f867b02e24e3dfaf58e1ea2e1698bfbe03f206536dcdf46
North_America/sex-stratified/USA/fitted_model/Alaska_age_all_sex_F.rda,model,1189670,2025-10-09 18:01:11 UTC,020633bcd585d68db12db6543a3c3e859f950e6ff6a2aba5b8aaf2404f00d0a4
North_America/sex-stratified/USA/fitted_model/Alaska_age_all_sex_M.rda,model,1255119,2025-10-09 18:01:07 UTC,5556e9b10d124502887ed41923edf45aea2fbb1b3a4070f3b90fa49ed1307927
North_America/sex-stratified/USA/fitted_model/Arizona_age_0-44_sex_F.rda,model,3600383,2025-10-09 17:55:39 UTC,2227709943c3e679d6afb866920a1a50800f20a19c0cee06a4dc343168939e13
North_America/sex-stratified/USA/fitted_model/Arizona_age_0-44_sex_M.rda,model,3600383,2025-10-09 17:59:08 UTC,3813c729b6918f17ad84e786be51935b2a492d7aae9531e1b9efdd802504c2e4
North_America/sex-stratified/USA/fitted_model/Arizona_age_45-64_sex_F.rda,model,3600383,2025-10-09 17:56:59 UTC,a4218aae6f6be4054823108e71dde1d8ef502327477db659b19d4db79daa590e
North_America/sex-stratified/USA/fitted_model/Arizona_age_45-64_sex_M.rda,model,3600383,2025-10-09 17:57:45 UTC,3f9cb787aeb14d1c8208eb3afdacc8ac2d4fa83a0a1651e8a6e11a20238fd0da
North_America/sex-stratified/USA/fitted_model/Arizona_age_65-84_sex_F.rda,model,3600383,2025-10-09 17:55:40 UTC,6636d1d2375a29d33304ad4398a1fa88f52b8314b7b4828aaf73d50d53eadccf
North_America/sex-stratified/USA/fitted_model/Arizona_age_65-84_sex_M.rda,model,3600383,2025-10-09 18:00:37 UTC,7c57b59c53d34b4e2134099170ae8c5c3a7bf4b29f2d8789f29ff994b8192302
North_America/sex-stratified/USA/fitted_model/Arizona_age_Over 85_sex_F.rda,model,3600383,2025-10-09 18:01:21 UTC,f651087b77fc8028eea3d1b1b26ae0862c00dc2dd918bdc0f76cc7dedd34e15f
North_America/sex-stratified/USA/fitted_model/Arizona_age_Over 85_sex_M.rda,model,3600383,2025-10-09 17:56:07 UTC,dfc05c52aa6cf148b67468f38e849b1cf2eab9db44759fa77b9b9ed848d9646a
North_America/sex-stratified/USA/fitted_model/Arizona_age_all_sex_F.rda,model,1654696,2025-10-09 17:55:16 UTC,b628629907b834f07edb4e384610ffe6117007bd796e9f1df36027f6c0af3829
North_America/sex-stratified/USA/fitted_model/Arizona_age_all_sex_M.rda,model,1675755,2025-10-09 17:58:30 UTC,19469453c81cfb6ef630d6d6d8de5c295b94075ea652a978146bf50412b38639
North_America/sex-stratified/USA/fitted_model/Arkansas_age_0-44_sex_F.rda,model,3588343,2025-10-09 17:55:14 UTC,b8f535f297b20512507ee1d4fd2c2695524585e761005073f116972d1b0efb4d
North_America/sex-stratified/USA/fitted_model/Arkansas_age_0-44_sex_M.rda,model,3600383,2025-10-09 17:57:49 UTC,efc2d4b67999913c3f9583ecfb77fa79e9e354168518fae91b06158a00c248bb
North_America/sex-stratified/USA/fitted_model/Arkansas_age_45-64_sex_F.rda,model,3600383,2025-10-09 17:57:09 UTC,74a62677fd84e9f31f9482b4e80d4d9913f202382b27639cdc0881cbf746842e
North_America/sex-stratified/USA/fitted_model/Arkansas_age_45-64_sex_M.rda,model,3600383,2025-10-09 17:54:06 UTC,e03ea01cde1851b7ab396491823b5393aeec8f81b3d8d87bd7a0a08e0322406f
North_America/sex-stratified/USA/fitted_model/Arkansas_age_65-84_sex_F.rda,model,3600383,2025-10-09 18:01:31 UTC,60fe57d1ddd846bdbc53ec296a728e26e5a8e875cc3d9cf1095747e2afd94166
North_America/sex-stratified/USA/fitted_model/Arkansas_age_65-84_sex_M.rda,model,3600383,2025-10-09 17:58:04 UTC,96ed92455271ea0cbad5e1ca91998b9b1ede77bcb61768ae38ab3088873ced93
North_America/sex-stratified/USA/fitted_model/Arkansas_age_Over 85_sex_F.rda,model,3600383,2025-10-09 18:01:17 UTC,48327db2ab8e4f537b7771359ca6d2530a391c526dadfde8792e1abb7bee6372
North_America/sex-stratified/USA/fitted_model/Arkansas_age_Over 85_sex_M.rda,model,3600383,2025-10-09 17:56:36 UTC,049f74deb0c3b67bfdae8867facd33c15ffadfc13173279fe85f643ee497383f
North_America/sex-stratified/USA/fitted_model/Arkansas_age_all_sex_F.rda,model,1516559,2025-10-09 18:00:50 UTC,18d267577936b6d8b2e9a9984a8b3c40564853f3f34766c1f64993e25f455537
North_America/sex-stratified/USA/fitted_model/Arkansas_age_all_sex_M.rda,model,1525751,2025-10-09 17:55:46 UTC,36a30c13b00a27b0a7f0b1439ac7579375f689342f8a2a475d19de5419d5355d
North_America/sex-stratified/USA/fitted_model/California_age_0-44_sex_F.rda,model,3600383,2025-10-09 17:56:40 UTC,eacc42bd50ff19c47c542715d9711fc088c48fa394a279890b0756c7daeb3d53
North_America/sex-stratified/USA/fitted_model/California_age_0-44_sex_M.rda,model,3600383,2025-10-09 18:00:49 UTC,a4b68140c58d7a71a783a925db341923fe32817fa82af44439c4db3eaedf0413
North_America/sex-stratified/USA/fitted_model/California_age_45-64_sex_F.rda,model,3600383,2025-10-09 17:58:55 UTC,66143cfb2a0f0aad8d0b715ab1a7ff25e082793e8740f97d9c0e56d7810d1919
North_America/sex-stratified/USA/fitted_model/California_age_45-64_sex_M.rda,model,3600383,2025-10-09 17:59:07 UTC,8f1c93e57ad984d17030a83af5a9a6c169d655c8e4cf49c88ab1df18ef134928
North_America/sex-stratified/USA/fitted_model/California_age_65-84_sex_F.rda,model,3600383,2025-10-09 17:52:28 UTC,ca9e2400ac8a942224ce27c6c372592ddb768b6ca230a598bc0af699eab96f9b
North_America/sex-stratified/USA/fitted_model/California_age_65-84_sex_M.rda,model,3600383,2025-10-09 17:54:09 UTC,ba3396aafd4b3cfc0ce86978833fb8cf37c4da52cdbb7cbc1ecce74dc7428e48
North_America/sex-stratified/USA/fitted_model/California_age_Over 85_sex_F.rda,model,3600383,2025-10-09 17:52:53 UTC,0952b34bd0708323eabb6cb8aa83a44f6b122b37e1e879059052acf9608f21d5
North_America/sex-stratified/USA/fitted_model/California_age_Over 85_sex_M.rda,model,3600383,2025-10-09 17:56:00 UTC,b3460cf6dd5d71b7223858db861e329dfddda908f03e820eebe13157427d64b1
North_America/sex-stratified/USA/fitted_model/California_age_all_sex_F.rda,model,1866216,2025-10-09 18:00:27 UTC,a706329ea12954aead1d9f6b4360ef97ccc64ae69cf1bac7231183aa35ca1932
North_America/sex-stratified/USA/fitted_model/California_age_all_sex_M.rda,model,1899282,2025-10-09 17:58:19 UTC,f0ea4164d1a70a7f6b4fc6fa2656917a0cfa39bc8186cea9c0b597922d491d46
North_America/sex-stratified/USA/fitted_model/Colorado_age_0-44_sex_F.rda,model,3588343,2025-10-09 18:00:45 UTC,6ee1be308aeac770e1c76232668c7277fd6093c187c0dc6709d46febf8cd565e
North_America/sex-stratified/USA/fitted_model/Colorado_age_0-44_sex_M.rda,model,3600383,2025-10-09 18:01:09 UTC,ad0fa2a00e3ded3881418d1eda49c675d7d4580b0a8ae1449d900fb94ca9eb49
North_America/sex-stratified/USA/fitted_model/Colorado_age_45-64_sex_F.rda,model,3600383,2025-10-09 17:58:15 UTC,356e00a616cd352ac88dde909e76859cc1b931d164fe20df0655f3b8d76b474e
North_America/sex-stratified/USA/fitted_model/Colorado_age_45-64_sex_M.rda,model,3600383,2025-10-09 17:53:47 UTC,33d25ae4bf3adeeb2ee3263e5e80afcfeb88f7b9253e11ec3e6fb4939a295a88
North_America/sex-stratified/USA/fitted_model/Colorado_age_65-84_sex_F.rda,model,3600383,2025-10-09 17:58:34 UTC,1f62a158b836c9b9920d652bbc1eedf962ce23f55ad6690b65bfdfb6abdd8020
North_America/sex-stratified/USA/fitted_model/Colorado_age_65-84_sex_M.rda,model,3600383,2025-10-09 17:57:13 UTC,c1cc54b40d122f6a5b004207418231fd1f16a9207a2e3c00140171a4de55458d
North_America/sex-stratified/USA/fitted_model/Colorado_age_Over 85_sex_F.rda,model,3600383,2025-10-09 17:54:48 UTC,ca48e6ebf9f0ee1c5f5e71ef9e00111b444ec1fed66e45cf748c8f8a24ebe3bd
North_America/sex-stratified/USA/fitted_model/Colorado_age_Over 85_sex_M.rda,model,3600383,2025-10-09 17:52:31 UTC,d9a6fd6f9e99150be1b0c9c6000ccd12cc1c6285607fec8a1b2c9dacf57c43b0
North_America/sex-stratified/USA/fitted_model/Colorado_age_all_sex_F.rda,model,1562562,2025-10-09 18:00:00 UTC,02460b38b5d96a5c196f2f5fa15b7bc7523c579f8dbc116eaee5a6f2648dbbf2
North_America/sex-stratified/USA/fitted_model/Colorado_age_all_sex_M.rda,model,1575421,2025-10-09 17:53:04 UTC,353ae17f3667fad2650414e64eb17402be9d793ce6fe3d2f5aa8f1126e1ef1f6
North_America/sex-stratified/USA/fitted_model/Connecticut_age_0-44_sex_F.rda,model,3588343,2025-10-09 17:52:45 UTC,e844d8d7a9b914934ecd999231421e6297f6c93df677b58dadb2bbe2f4dea110
North_America/sex-stratified/USA/fitted_model/Connecticut_age_0-44_sex_M.rda,model,3600383,2025-10-09 17:54:13 UTC,3722ce66b9662861b8fc30cdd5e9692a78f127e4101a3ece04cf85abebee5043
North_America/sex-stratified/USA/fitted_model/Connecticut_age_45-64_sex_F.rda,model,3600383,2025-10-09 17:56:43 UTC,26cc0062a556b84f911978cd0dab8581bfddb56bddbfb272a38a86e062991eaf
North_America/sex-stratified/USA/fitted_model/Connecticut_age_45-64_sex_M.rda,model,3600383,2025-10-09 17:55:31 UTC,926885f91a1ab26163783644f441ce41e46980b86097a1b11985dc47bd88f7fb
North_America/sex-stratified/USA/fitted_model/Connecticut_age_65-84_sex_F.rda,model,3600383,2025-10-09 17:58:09 UTC,21a3a48d5785ccec849cf33ba5a6a2816e5288e64f74357f2b41233e6a942998
North_America/sex-stratified/USA/fitted_model/Connecticut_age_65-84_sex_M.rda,model,3600383,2025-10-09 18:01:34 UTC,b3098716def7976c9c39013394fa0005b470c5ee0a6ede52071f1c1c2dd4fa01
North_America/sex-stratified/USA/fitted_model/Connecticut_age_Over 85_sex_F.rda,model,3600383,2025-10-09 17:55:41 UTC,922723cf956dc6271a3d3d2c12f7fb916705418cff74079dec51ce1ef2074a86
North_America/sex-stratified/USA/fitted_model/Connecticut_age_Over 85_sex_M.rda,model,3600383,2025-10-09 17:57:59 UTC,b665c78fef43f6c7e26dd7a1b8bc679c9e807c2b459467750df570c29559fd7d
North_America/sex-stratified/USA/fitted_model/Connecticut_age_all_sex_F.rda,model,1504269,2025-10-09 17:53:56 UTC,5b00e4b1fdf712bf27a66d931f9e95cf07da0786a569adf136222a4057d3aeb0
North_America/sex-stratified/USA/fitted_model/Connecticut_age_all_sex_M.rda,model,1501690,2025-10-09 17:52:46 UTC,caa1b8c7bfb9bd3de08fc6edd641a6169a404bae90d16070021f6f775da5dbbe
North_America/sex-stratified/USA/fitted_model/Delaware_age_0-44_sex_F.rda,model,1312783,2025-10-09 18:01:36 UTC,aea046bd7dbfffec6a36fcd8c8e324b71b2e5801993451abd53096784c905979
North_America/sex-stratified/USA/fitted_model/Delaware_age_0-44_sex_M.rda,model,3287343,2025-10-09 17:52:21 UTC,9ce9ddc3d1982fcc0d2cb97160918293be1b6ad1d4fe32f69711294b57dd175d
North_America/sex-stratified/USA/fitted_model/Delaware_age_45-64_sex_F.rda,model,3600383,2025-10-09 17:52:09 UTC,53527c6405e4b61c980a200d2120c2a0a8783917f597980cbbc77418af52d329
North_America/sex-stratified/USA/fitted_model/Delaware_age_45-64_sex_M.rda,model,3600383,2025-10-09 17:53:21 UTC,0f03062e72431c64911f060d1b886846267bd5a498db4f3bb8a74b024a56e4e6
North_America/sex-stratified/USA/fitted_model/Delaware_age_65-84_sex_F.rda,model,3600383,2025-10-09 18:00:07 UTC,a5f52d280f3ee6bbd3ff11028f5d9cc578189785f02315c849fcc24ae469aee8
North_America/sex-stratified/USA/fitted_model/Delaware_age_65-84_sex_M.rda,model,3600383,2025-10-09 17:52:42 UTC,1ea1466f8223f343f9788cdd17cc1544505f522509aaf20ab88e02b02355da4b
North_America/sex-stratified/USA/fitted_model/Delaware_age_Over 85_sex_F.rda,model,3600383,2025-10-09 17:56:19 UTC,512742d8e23a9b5cdf96d5ddaae3a00c194fd3c3bbb3867f473f18d30be9db2a
North_America/sex-stratified/USA/fitted_model/Delaware_age_Over 85_sex_M.rda,model,3600383,2025-10-09 17:56:05 UTC,d6ee1d3bcd03c5db2f07f06bb44636625c7d2488ce0615b87de9b3ceb6547244
North_America/sex-stratified/USA/fitted_model/Delaware_age_all_sex_F.rda,model,1328629,2025-10-09 18:01:24 UTC,1958d72eb6113605a676aeead984e75e9f3fd0642c2e0256262982d5cfbaa6e9
North_America/sex-stratified/USA/fitted_model/Delaware_age_all_sex_M.rda,model,1366575,2025-10-09 17:57:54 UTC,34a9bfca32ae863aeda02048788227b387e501accc8e01600627d2357b45d2d4
North_America/sex-stratified/USA/fitted_model/District of Columbia_age_0-44_sex_F.rda,model,1120143,2025-10-09 17:59:09 UTC,c582608a183de9be32d71b914434c07523d07f679f220154f27b97b60a0e4f54
North_America/sex-stratified/USA/fitted_model/District of Columbia_age_0-44_sex_M.rda,model,2890023,2025-10-09 18:01:37 UTC,db4b1bbfba9e55bb5f49946fa59f64ec9852a77a686c190f7979f6517084cb8a
North_America/sex-stratified/USA/fitted_model/District of Columbia_age_45-64_sex_F.rda,model,3588343,2025-10-09 17:59:29 UTC,c38f3f30c0c06c5a7e6b84c88526d4816ff6ec51a811975f123b8757dc6ca44d
North_America/sex-stratified/USA/fitted_model/District of Columbia_age_45-64_sex_M.rda,model,3588343,2025-10-09 17:59:49 UTC,5399ec51535e0c411234f393b8bb3bd78debf85af0ffba3b8c62e1fb1722d8d3
North_America/sex-stratified/USA/fitted_model/District of Columbia_age_65-84_sex_F.rda,model,3600383,2025-10-09 17:55:45 UTC,82a1c8eb194671c7c09b04b2cbb1bd049fd39b114ff9551f28d0bbb8be1998f6
North_America/sex-stratified/USA/fitted_model/District of Columbia_age_65-84_sex_M.rda,model,3588343,2025-10-09 17:57:02 UTC,fbb29649a3b01c92e840c859ed1a8dcb099d55441d1e4f458182f20c2b081740
North_America/sex-stratified/USA/fitted_model/District of Columbia_age_Over 85_sex_F.rda,model,3588343,2025-10-09 17:59:26 UTC,22668a856a2191835189f3e168568fa8cc408b73ffc35169f07265793778d324
North_America/sex-stratified/USA/fitted_model/District of Columbia_age_Over 85_sex_M.rda,model,3588343,2025-10-09 17:59:17 UTC,979de5753a51b9220bd3b76c9f95e4a69426c11bed3e88561fc6d89fcafa341b
North_America/sex-stratified/USA/fitted_model/District of Columbia_age_all_sex_F.rda,model,1181018,2025-10-09 18:00:39 UTC,4594bf12163ebbd9f7a937325687d27f5d5c097df54cf453f2902f8d8879b432
North_America/sex-stratified/USA/fitted_model/District of Columbia_age_all_sex_M.rda,model,1225263,2025-10-09 17:54:17 UTC,40db9400d2d03c17c944a534537e7c5c0ec1e8de1cc4de5d6ae16e39fda04213
North_America/sex-stratified/USA/fitted_model/Florida_age_0-44_sex_F.rda,model,3600383,2025-10-09 17:59:57 UTC,096e8d1a7e46e81404d18d022b0762f7ace81046da234768772273dc2cba4629
North_America/sex-stratified/USA/fitted_model/Florida_age_0-44_sex_M.rda,model,3600383,2025-10-09 17:55:12 UTC,a55faf86b4183514abe4257e54d95df0c5421b021af56422e8c9a3399a903f93
North_America/sex-stratified/USA/fitted_model/Florida_age_45-64_sex_F.rda,model,3600383,2025-10-09 17:55:54 UTC,a71b55507ec931785a9116039d1a5e4c4467326124a4a232d857472edc250aa5
North_America/sex-stratified/USA/fitted_model/Florida_age_45-64_sex_M.rda,model,3600383,2025-10-09 17:57:11 UTC,4048a2649210f2ee3fdc5ea89026f5e78510121c3fe4ad78ad3d9d2650d6bb37
North_America/sex-stratified/USA/fitted_model/Florida_age_65-84_sex_F.rda,model,3600383,2025-10-09 18:00:53 UTC,94d1f19cf6f2b2a87443a741f650d9414254334389a77d1ecceb6b92bcbbded8
North_America/sex-stratified/USA/fitted_model/Florida_age_65-84_sex_M.rda,model,3600383,2025-10-09 18:01:40 UTC,1cf6e7fbac065dde021ed174651090be304714c51283c92417aaf3b2450dc72b
North_America/sex-stratified/USA/fitted_model/Florida_age_Over 85_sex_F.rda,model,3600383,2025-10-09 17:54:48 UTC,e980728c5c6a2693162ddda47ed77606dba7553493b0d50772310569e18c75ac
North_America/sex-stratified/USA/fitted_model/Florida_age_Over 85_sex_M.rda,model,3600383,2025-10-09 18:01:30 UTC,a8f3bca8dd563b29d9daa580122c0eb7390d07577f82152621027b027f5b1ca9
North_America/sex-stratified/USA/fitted_model/Florida_age_all_sex_F.rda,model,1812993,2025-10-09 17:59:47 UTC,144999aa7a090b824c0824fdca6bc7e47e60ab35caa67b0436a011ebf588695b
North_America/sex-stratified/USA/fitted_model/Florida_age_all_sex_M.rda,model,1852952,2025-10-09 17:54:21 UTC,772017308189ad511ca4e09be79bdd72bd089f7cfc0c0b641ea083ac39a51ff1
North_America/sex-stratified/USA/fitted_model/Georgia_age_0-44_sex_F.rda,model,3600383,2025-10-09 17:53:53 UTC,ad352b54cdb7ae6cfbc3d6928583219bb6a1705ecc2eff884ea578989194f609
North_America/sex-stratified/USA/fitted_model/Georgia_age_0-44_sex_M.rda,model,3600383,2025-10-09 17:58:01 UTC,e85fd4828d5d24722180c11be558de12410cb4a362e492039607c2f0fe418c5b
North_America/sex-stratified/USA/fitted_model/Georgia_age_45-64_sex_F.rda,model,3600383,2025-10-09 17:52:41 UTC,b3e5442ab7e9d180391ae1c841fa254e2e46556fd9f6480c8927be6a6872d4d4
North_America/sex-stratified/USA/fitted_model/Georgia_age_45-64_sex_M.rda,model,3600383,2025-10-09 17:54:24 UTC,8da918367e653e4aeab098ca85d991f7f287b1537f7aef4e83cf15e1b7671949
North_America/sex-stratified/USA/fitted_model/Georgia_age_65-84_sex_F.rda,model,3600383,2025-10-09 17:53:19 UTC,963ffdc91732e0de95a8b1833e7a362a129070718062f42defff2875aa89e1e8
North_America/sex-stratified/USA/fitted_model/Georgia_age_65-84_sex_M.rda,model,3600383,2025-10-09 17:55:49 UTC,51a1c1dabbef3a997c100d5ce0a0dfb68ddb2af273fc19e79ecc0023b0a92ac6
North_America/sex-stratified/USA/fitted_model/Georgia_age_Over 85_sex_F.rda,model,3600383,2025-10-09 17:59:13 UTC,2ff536a510bd2395d537740aaab1e57db2f52b1e9e288ed5a0cb18c5f49df8d9
North_America/sex-stratified/USA/fitted_model/Georgia_age_Over 85_sex_M.rda,model,3600383,2025-10-09 18:01:23 UTC,4c1a125c480faf7a1930884e102bc3ede46418d514b5c852ed6a4e412d4d2250
North_America/sex-stratified/USA/fitted_model/Georgia_age_all_sex_F.rda,model,1699667,2025-10-09 18:00:43 UTC,84ce64cb1ce9f97a38da80493bb7f8d1b8a038f8932a5d27cde45eb6516e2816
North_America/sex-stratified/USA/fitted_model/Georgia_age_all_sex_M.rda,model,1711534,2025-10-09 17:53:35 UTC,aa9cf3bc0e1f6e0eb5a3c88ac4403112af7bf2d0ed44987e811192964c2d683c
North_America/sex-stratified/USA/fitted_model/Hawaii_age_0-44_sex_F.rda,model,1204423,2025-10-09 18:01:00 UTC,88061ad71f6b738cb6db44577fa388962d9fc8758a22ae75ebe4f4e1ef5d5a53
North_America/sex-stratified/USA/fitted_model/Hawaii_age_0-44_sex_M.rda,model,3516103,2025-10-09 17:56:26 UTC,e0d02a18dc88a83e250e61fc9edd8eb8a067107fcc5278617824127e7605bfc9
North_America/sex-stratified/USA/fitted_model/Hawaii_age_45-64_sex_F.rda,model,3588343,2025-10-09 18:01:10 UTC,e80a687f5ae440e6a9464ea80a92d865c18b126de459c746f1983bd2a5eed019
North_America/sex-stratified/USA/fitted_model/Hawaii_age_45-64_sex_M.rda,model,3600383,2025-10-09 17:52:34 UTC,e0c2efd1483ab9ccda9a25b4d2f16e28f7d7b0abd37ece171e8a6649f08d05d6
North_America/sex-stratified/USA/fitted_model/Hawaii_age_65-84_sex_F.rda,model,3600383,2025-10-09 17:54:56 UTC,9246e6283fbc6ce6084e6903b423c648b537dd9298c2743773b963e34b11849d
North_America/sex-stratified/USA/fitted_model/Hawaii_age_65-84_sex_M.rda,model,3600383,2025-10-09 18:00:18 UTC,500c15c544ac89d7ee73ea2a72757895b127eafcc521a28831fb577df53af08b
North_America/sex-stratified/USA/fitted_model/Hawaii_age_Over 85_sex_F.rda,model,3600383,2025-10-09 18:01:24 UTC,1f32a72f042e12e87e11d712a978fa0651344eb243fdb7447366355088c954a2
North_America/sex-stratified/USA/fitted_model/Hawaii_age_Over 85_sex_M.rda,model,3600383,2025-10-09 17:58:32 UTC,b8715beec743eded0f36a8de77dfbe9fda887073bce808ee6eaf261194b4faaf
North_America/sex-stratified/USA/fitted_model/Hawaii_age_all_sex_F.rda,model,1349157,2025-10-09 17:57:40 UTC,18e2bfe1bf6491880d079d167538c0ecf049e989c8698eeb1fe57004d4e4b038
North_America/sex-stratified/USA/fitted_model/Hawaii_age_all_sex_M.rda,model,1374418,2025-10-09 17:55:20 UTC,8f7361eb840967694408c816d38d32fc674e31634f61b1b4f813f9a022913a6e
North_America/sex-stratified/USA/fitted_model/Idaho_age_0-44_sex_F.rda,model,2492703,2025-10-09 18:01:31 UTC,f4eea0dd17b6918c60d0f23a293280b393064f42c43da80115734f9906d36ae4
North_America/sex-stratified/USA/fitted_model/Idaho_age_0-44_sex_M.rda,model,3540183,2025-10-09 17:58:44 UTC,7fe55d41c6e4a35b836e38095591285b42c5c4c53278fb56c04f16689e080189
North_America/sex-stratified/USA/fitted_model/Idaho_age_45-64_sex_F.rda,model,3600383,2025-10-09 18:01:25 UTC,4def1958061cb23018b4726f64695c653313fafccb90ae08b0a2addde611164b
North_America/sex-stratified/USA/fitted_model/Idaho_age_45-64_sex_M.rda,model,3600383,2025-10-09 17:54:54 UTC,6bef160eb9580031803736f535636abaab55e9b49b3514785316033334d992d9
North_America/sex-stratified/USA/fitted_model/Idaho_age_65-84_sex_F.rda,model,3600383,2025-10-09 18:01:07 UTC,a0642fdc13d755259c835f2ce19b4aa04793a608d8bcb0c28682343b11216ba9
North_America/sex-stratified/USA/fitted_model/Idaho_age_65-84_sex_M.rda,model,3600383,2025-10-09 17:53:31 UTC,67a270c49fe115888da77a7a349ce82234b308ab58c2c64a8637611a623416ac
North_America/sex-stratified/USA/fitted_model/Idaho_age_Over 85_sex_F.rda,model,3600383,2025-10-09 17:57:38 UTC,7c4453a12ec1cf45da7b64f646b9788bcafdcc0be42a8be2444fe31060632909
North_America/sex-stratified/USA/fitted_model/Idaho_age_Over 85_sex_M.rda,model,3600383,2025-10-09 17:55:05 UTC,828f6331ce5b6d2e248cfae001fa61954dd0b316c026d0f736152026cada94fd
North_America/sex-stratified/USA/fitted_model/Idaho_age_all_sex_F.rda,model,1411832,2025-10-09 17:55:21 UTC,8d3fa4559a0f04d988c73ea084608baf4b018c097f399510b6bcacefb1d7b6d8
North_America/sex-stratified/USA/fitted_model/Idaho_age_all_sex_M.rda,model,1414063,2025-10-09 17:53:52 UTC,029355a55bea9d66fce1c467ed9dcb29ed41bdbd4a8cf99f7b6bb46bff2ebc59
North_America/sex-stratified/USA/fitted_model/Illinois_age_0-44_sex_F.rda,model,3600383,2025-10-09 17:57:17 UTC,6edf562023f405bbdbd0f1c87a03ee55a19acb32627a34db40c7c8e2b8e60ca8
North_America/sex-stratified/USA/fitted_model/Illinois_age_0-44_sex_M.rda,model,3600383,2025-10-09 17:55:57 UTC,dc5b543c4e4d4d2cc03c1d93fc1ed4a47b787d9af1b2d50bf708ad6a1af92ad5
North_America/sex-stratified/USA/fitted_model/Illinois_age_45-64_sex_F.rda,model,3600383,2025-10-09 17:55:18 UTC,b154b9c85b39e11f7ada38afcb8772cdc6b2005b471ca5e9f4659f1152ae3536
North_America/sex-stratified/USA/fitted_model/Illinois_age_45-64_sex_M.rda,model,3600383,2025-10-09 17:55:46 UTC,7211cf9b7739a9f684b5f453d4a0ece50e4eb98b3a6d1f69c43ba045d248c020
North_America/sex-stratified/USA/fitted_model/Illinois_age_65-84_sex_F.rda,model,3600383,2025-10-09 17:57:16 UTC,9dfa6f1eb3116081f9304d0298e5530eea534611eb24ac1e6a3c98af8b50c3dd
North_America/sex-stratified/USA/fitted_model/Illinois_age_65-84_sex_M.rda,model,3600383,2025-10-09 17:57:37 UTC,f82c9fad7f523e56d3ef52fa7c386ee770419ccdd2e1904ae1d7008e13ec5af0
North_America/sex-stratified/USA/fitted_model/Illinois_age_Over 85_sex_F.rda,model,3600383,2025-10-09 17:52:37 UTC,770fab46aab187153520297c3c302c2bb3622d6a2e0a3bb192f78ade426d4957
North_America/sex-stratified/USA/fitted_model/Illinois_age_Over 85_sex_M.rda,model,3600383,2025-10-09 18:01:22 UTC,3455a0d17100ac0e79e338a26728df2c362deeca1b521d05d1972b78da4ea6f9
North_America/sex-stratified/USA/fitted_model/Illinois_age_all_sex_F.rda,model,1696188,2025-10-09 17:58:05 UTC,470c02ad1bf7285cf7fe52fa31d309fdfd0efdc275447a5a94ecbe0c8ea45b43
North_America/sex-stratified/USA/fitted_model/Illinois_age_all_sex_M.rda,model,1690774,2025-10-09 18:01:39 UTC,f3bd6eae235f1b9f90e8c3b9f3278e1e398ea7a41e8a42083d237092be411ee8
North_America/sex-stratified/USA/fitted_model/Indiana_age_0-44_sex_F.rda,model,3600383,2025-10-09 17:53:37 UTC,d7d22922f0d17fa22abf7dc7aa1ebf601c48b513bff8b20f502b8ea953e473de
North_America/sex-stratified/USA/fitted_model/Indiana_age_0-44_sex_M.rda,model,3600383,2025-10-09 17:54:36 UTC,612e4f8e4091bd5cb6b6e6ab39db45eb80f714293726bc02c9031e48414e08f6
North_America/sex-stratified/USA/fitted_model/Indiana_age_45-64_sex_F.rda,model,3600383,2025-10-09 17:54:15 UTC,0a3465fe3c573e22c82e5fdd09e1db9a088c502232b972776df9e3cd9c1f99b4
North_America/sex-stratified/USA/fitted_model/Indiana_age_45-64_sex_M.rda,model,3600383,2025-10-09 17:59:05 UTC,0c58848bc7640c473d9b4035be8090f876307353049abfd7d230c3b550a8395a
North_America/sex-stratified/USA/fitted_model/Indiana_age_65-84_sex_F.rda,model,3600383,2025-10-09 17:53:20 UTC,6ab90abda7f6bc5a20528417c7b721bbde38574282cf9878a32e48012fccda1b
North_America/sex-stratified/USA/fitted_model/Indiana_age_65-84_sex_M.rda,model,3600383,2025-10-09 17:59:36 UTC,e1987f8f789c5a8c5fe0f1ae292553a64ed9438d3802b5eea89cf2677da76500
North_America/sex-stratified/USA/fitted_model/Indiana_age_Over 85_sex_F.rda,model,3600383,2025-10-09 17:57:27 UTC,ffdd6b837b40a493a915699eeb0d7abb8c13b506ff2a6486ab97b643da54e443
North_America/sex-stratified/USA/fitted_model/Indiana_age_Over 85_sex_M.rda,model,3600383,2025-10-09 17:52:23 UTC,af8d87a29f39b767c4beee05fb46b2f3598c71207afaef866643512172085123
North_America/sex-stratified/USA/fitted_model/Indiana_age_all_sex_F.rda,model,1636513,2025-10-09 17:55:43 UTC,4999a12799bbc1179f8d256754b8caeb4b8383ec28c37acc1ccfc7c09615c273
North_America/sex-stratified/USA/fitted_model/Indiana_age_all_sex_M.rda,model,1641846,2025-10-09 18:00:05 UTC,4db50782ab09f6196ad774b338f822364ff2f9979f00a23eb5afe6e5e01d28ee
North_America/sex-stratified/USA/fitted_model/Iowa_age_0-44_sex_F.rda,model,3576303,2025-10-09 17:54:51 UTC,792ce3e5735ed98facafb5a401d3fbc44d8b52bcc8f60dd1fd26ab28f4695ed0
North_America/sex-stratified/USA/fitted_model/Iowa_age_0-44_sex_M.rda,model,3588343,2025-10-09 17:52:40 UTC,2f75ae6ddd5d1347c29238a1fe44523774036b07c9c841a115e5d2f9c637bb40
North_America/sex-stratified/USA/fitted_model/Iowa_age_45-64_sex_F.rda,model,3600383,2025-10-09 17:58:57 UTC,ff4d54763c1bcf4103ecc0d2b0ed6fc3320f04d7203296147ab5c559e275389f
North_America/sex-stratified/USA/fitted_model/Iowa_age_45-64_sex_M.rda,model,3600383,2025-10-09 18:01:33 UTC,4bd9923c00433ea928a0d5924c5b1ad83c331bf1c1b6c2fda600b4d6db3a6e2f
North_America/sex-stratified/USA/fitted_model/Iowa_age_65-84_sex_F.rda,model,3600383,2025-10-09 17:52:59 UTC,91e719d399735a2ec7a74b9f5cbc256ec6015542ca13567fedfca11848d40e85
North_America/sex-stratified/USA/fitted_model/Iowa_age_65-84_sex_M.rda,model,3600383,2025-10-09 17:56:10 UTC,4507947860b985d301cff0b59a42d0ddbc2c2453fe3eea43cbdce26c3b6ad646
North_America/sex-stratified/USA/fitted_model/Iowa_age_Over 85_sex_F.rda,model,3600383,2025-10-09 17:59:40 UTC,92ff845e7bb1018f711108420bd912a7da3ee63aa200d3e1256e637ed75e904b
North_America/sex-stratified/USA/fitted_model/Iowa_age_Over 85_sex_M.rda,model,3600383,2025-10-09 17:57:34 UTC,1f5f7079bb38fbe40f9458caa9caeb15958a89f5bf2c35135e47760669d26588
North_America/sex-stratified/USA/fitted_model/Iowa_age_all_sex_F.rda,model,1507902,2025-10-09 17:54:29 UTC,0e8226a5ff2a37e5915a391adb67f6e1fe569f9def1e70b14b8ae974f18f69f8
North_America/sex-stratified/USA/fitted_model/Iowa_age_all_sex_M.rda,model,1508688,2025-10-09 17:52:32 UTC,ad6bed7bffbc762164f84c980e8e5f2377d49736b69d1a8c47048ce186794187
North_America/sex-stratified/USA/fitted_model/Kansas_age_0-44_sex_F.rda,model,3588343,2025-10-09 17:52:43 UTC,46650b032b4b2017640cd421e33a5e55b50c22e49f33840b2d0430493990be9c
North_America/sex-stratified/USA/fitted_model/Kansas_age_0-44_sex_M.rda,model,3588343,2025-10-09 17:59:38 UTC,6404f7aab299d10594698a689fdb4a305f9fd0659498a0ea29e12acffb02c5cb
North_America/sex-stratified/USA/fitted_model/Kansas_age_45-64_sex_F.rda,model,3588343,2025-10-09 17:52:54 UTC,bb5e9158aa100d95bebacbb23b5bee9a1ffaa421f3d570e077c3d5249da5cfee
North_America/sex-stratified/USA/fitted_model/Kansas_age_45-64_sex_M.rda,model,3588343,2025-10-09 18:00:57 UTC,237b1cc0ba7ffd113dbb8fc33886a8d00a6c8821f49374d71516c56e5d1e4331
North_America/sex-stratified/USA/fitted_model/Kansas_age_65-84_sex_F.rda,model,3600383,2025-10-09 17:59:47 UTC,80cf77e35b38cfd70bea841d93b54e462697f2f484126ca4860a783e854cc52c
North_America/sex-stratified/USA/fitted_model/Kansas_age_65-84_sex_M.rda,model,3600383,2025-10-09 17:56:30 UTC,46e0fc5fb4341c735ca15a01cb8ba2b0666346181a88a0af3bff13a033e8a642
North_America/sex-stratified/USA/fitted_model/Kansas_age_Over 85_sex_F.rda,model,3600383,2025-10-09 17:59:24 UTC,ace244d22eaefc1f82c2bae71c5db0edd7e2ef3f9a825bf4b096f70978b402c3
North_America/sex-stratified/USA/fitted_model/Kansas_age_Over 85_sex_M.rda,model,3600383,2025-10-09 17:55:19 UTC,95056ea2f1943e2f52425a20869ec391da5bd72d13e5e85401cccaf460ad383f
North_America/sex-stratified/USA/fitted_model/Kansas_age_all_sex_F.rda,model,1492941,2025-10-09 18:01:30 UTC,208d8535de794265d4a1d6c0ceb9c1d5d7fe3516cc23908bab16b62d786782bd
North_America/sex-stratified/USA/fitted_model/Kansas_age_all_sex_M.rda,model,1496624,2025-10-09 17:53:17 UTC,529467720f038dd21c7cc06124c773f0998799f242936e2b7c31948a2aead985
North_America/sex-stratified/USA/fitted_model/Kentucky_age_0-44_sex_F.rda,model,3588343,2025-10-09 17:56:52 UTC,ed60d2c95d24e0eb6bc685223fca74482d99c2bd183647a0cb39a919f5f7a240
North_America/sex-stratified/USA/fitted_model/Kentucky_age_0-44_sex_M.rda,model,3588343,2025-10-09 17:58:49 UTC,f3b38658c1a0916f24d78abe31e24bd1b9c4582012d9ee01a63245107040bcb8
North_America/sex-stratified/USA/fitted_model/Kentucky_age_45-64_sex_F.rda,model,3600383,2025-10-09 18:00:56 UTC,8986b01df4c1860bc345bf31a67cec5296ef20d4d35878ac781a2dd960b6e2ff
North_America/sex-stratified/USA/fitted_model/Kentucky_age_45-64_sex_M.rda,model,3600383,2025-10-09 17:58:41 UTC,ee234c2491e1ad95f108233330edfe08f73b279591551de13df6f51ea8d8b781
North_America/sex-stratified/USA/fitted_model/Kentucky_age_65-84_sex_F.rda,model,3600383,2025-10-09 17:58:11 UTC,37c8e01a72377cf4b63bb5924a86207a90a56355af9f2c3740cf68c02aa213fa
North_America/sex-stratified/USA/fitted_model/Kentucky_age_65-84_sex_M.rda,model,3600383,2025-10-09 18:01:37 UTC,73a061ec754363b7059fd1496ba01cbf61785a06f6e126957e45eca0edfe4a41
North_America/sex-stratified/USA/fitted_model/Kentucky_age_Over 85_sex_F.rda,model,3600383,2025-10-09 18:01:10 UTC,f3350e4c458a2f05edef640b9ec9ea87d622dbc98dfd0a3eb7455caebea724cb
North_America/sex-stratified/USA/fitted_model/Kentucky_age_Over 85_sex_M.rda,model,3600383,2025-10-09 17:59:46 UTC,a5ebd349dad1962e5ab0fd06151ccca0e004f1f4cfc91ac6f16653211539ab4e
North_America/sex-stratified/USA/fitted_model/Kentucky_age_all_sex_F.rda,model,1590610,2025-10-09 17:59:15 UTC,630a210dbe5fa153f9ceef0ca908825acec18b79965cda1fc6713a20dc85b099
North_America/sex-stratified/USA/fitted_model/Kentucky_age_all_sex_M.rda,model,1595728,2025-10-09 17:55:06 UTC,399b5b5e5ebcfcc32543ab2dbb27d542aecec4348b523505e526f4f84b6ec5e0
North_America/sex-stratified/USA/fitted_model/Louisiana_age_0-44_sex_F.rda,model,3588343,2025-10-09 18:01:05 UTC,6b4ee0a386ed68f3bff175ba2461582b78020b2b105a72f8637f8e51e41bf504
North_America/sex-stratified/USA/fitted_model/Louisiana_age_0-44_sex_M.rda,model,3588343,2025-10-09 18:00:40 UTC,8abc5a61a2b4ed4658fb13b9fa454430509c2e69aad00ab406a19adfbc852318
North_America/sex-stratified/USA/fitted_model/Louisiana_age_45-64_sex_F.rda,model,3600383,2025-10-09 17:52:02 UTC,24e284a10a315b90b445225baa93cbc70ca39304d88706b6cc624e54d27fd4f9
North_America/sex-stratified/USA/fitted_model/Louisiana_age_45-64_sex_M.rda,model,3600383,2025-10-09 17:57:39 UTC,6823215acafc400e24b52612ac91c5a2d7abaa2d401ec41b9893d8efe488d68d
North_America/sex-stratified/USA/fitted_model/Louisiana_age_65-84_sex_F.rda,model,3600383,2025-10-09 17:55:15 UTC,d75ec7d7ecec5fddeec4bce395071532f7f081ebb383e63fd9c20b4e06bea469
North_America/sex-stratified/USA/fitted_model/Louisiana_age_65-84_sex_M.rda,model,3600383,2025-10-09 17:58:54 UTC,f054df4ebbfecf72f7e900a1a0f4b68217f98ae98d401bbfd73549a6fa58303d
North_America/sex-stratified/USA/fitted_model/Louisiana_age_Over 85_sex_F.rda,model,3600383,2025-10-09 18:01:12 UTC,f476e502cd29577d1f60576fe2277bad72dc0a092703f5df3c4edb6b2321e5cd
North_America/sex-stratified/USA/fitted_model/Louisiana_age_Over 85_sex_M.rda,model,3600383,2025-10-09 17:52:39 UTC,883de79946af75bd6d20235f65a4038c7959b4fd02edc3429c01879a595722d2
North_America/sex-stratified/USA/fitted_model/Louisiana_age_all_sex_F.rda,model,1552238,2025-10-09 17:59:43 UTC,0f827755db51a990184288ed035bcd47a4ff0d38e38c971c45effa58519f88bf
North_America/sex-stratified/USA/fitted_model/Louisiana_age_all_sex_M.rda,model,1560271,2025-10-09 17:54:26 UTC,b40007d6063a07264b32a6ca726fccb6e0c4d16345de17ce78232e798d2ca695
North_America/sex-stratified/USA/fitted_model/Maine_age_0-44_sex_F.rda,model,1830503,2025-10-09 17:55:25 UTC,a1885267ea24fb2b68707f061c8289099071397b636bb3be9e75efa9e04c8edd
North_America/sex-stratified/USA/fitted_model/Maine_age_0-44_sex_M.rda,model,3552223,2025-10-09 18:00:46 UTC,91f72b9dac0b27298211ece1944efc5ecdeeae67fb31e96e2827b58a3c567b28
North_America/sex-stratified/USA/fitted_model/Maine_age_45-64_sex_F.rda,model,3600383,2025-10-09 17:59:35 UTC,1c8078f0b1855594e4bc6360f7ee4bba6a474e5634ee8d5bbb3c9fbd5cfebae4
North_America/sex-stratified/USA/fitted_model/Maine_age_45-64_sex_M.rda,model,3600383,2025-10-09 17:54:40 UTC,c16425593773af3044573a860fe9e55d3ef7f2f5b50c35fdd04d0ed5b0ca8c7b
North_America/sex-stratified/USA/fitted_model/Maine_age_65-84_sex_F.rda,model,3600383,2025-10-09 17:59:11 UTC,d3f54362120f3e35ab489e4e74d4d80d096f5580e869f347131961317355e522
North_America/sex-stratified/USA/fitted_model/Maine_age_65-84_sex_M.rda,model,3600383,2025-10-09 18:01:38 UTC,c6474643f00d4094f6d206d37ab0e6432cd5c88b7cd5c1c575f64712b09fcf95
North_America/sex-stratified/USA/fitted_model/Maine_age_Over 85_sex_F.rda,model,3600383,2025-10-09 17:55:03 UTC,5bf514437d440c78d6d3279b397b4e3afa0ac6eb2a4a770e145e317576a2b766
North_America/sex-stratified/USA/fitted_model/Maine_age_Over 85_sex_M.rda,model,3600383,2025-10-09 17:58:02 UTC,8e5213b393a5961be0c2c1fa250d83f5e16fcc0abc766e74d294298ef05eb4d9
North_America/sex-stratified/USA/fitted_model/Maine_age_all_sex_F.rda,model,1412400,2025-10-09 17:59:41 UTC,1f4743fbf3769adbef6539862d535104861e0cdbb14fafc9c0b175a4aa39b54a
North_America/sex-stratified/USA/fitted_model/Maine_age_all_sex_M.rda,model,1438007,2025-10-09 17:59:48 UTC,7836f8b3ae4c4ae7719b20e5a86584f0d06221263d5f3df90396df782b39ed2f
North_America/sex-stratified/USA/fitted_model/Maryland_age_0-44_sex_F.rda,model,3600383,2025-10-09 17:55:51 UTC,8db740840be02e55b055b6dea0844650c4daa84cc5efcbaf7e407ec73180c9d1
North_America/sex-stratified/USA/fitted_model/Maryland_age_0-44_sex_M.rda,model,3600383,2025-10-09 17:55:09 UTC,65dcd8a982c2b7e9822e139fb6419e35370778a5a543eb371dd0f89f8d35f193
North_America/sex-stratified/USA/fitted_model/Maryland_age_45-64_sex_F.rda,model,3600383,2025-10-09 17:57:52 UTC,c88ddfc0867a2ac295eac8c15fec7bbceb42037f7e86bc1c8e4ef203fe12d451
North_America/sex-stratified/USA/fitted_model/Maryland_age_45-64_sex_M.rda,model,3600383,2025-10-09 17:56:25 UTC,6f0c7c76bb7d7e0243c2252234e485c82b48300b5dd75f848a880242447a9c4f
North_America/sex-stratified/USA/fitted_model/Maryland_age_65-84_sex_F.rda,model,3600383,2025-10-09 17:53:14 UTC,1fc71e37c1b36e1faba4b39e82334784f6d43f5f28957cd372fd822bb1b5cc59
North_America/sex-stratified/USA/fitted_model/Maryland_age_65-84_sex_M.rda,model,3600383,2025-10-09 18:01:08 UTC,98ce8f8f099f41f9e70d3ebbefb7380343cf298173bd2e16596955a2ea081f94
North_America/sex-stratified/USA/fitted_model/Maryland_age_Over 85_sex_F.rda,model,3600383,2025-10-09 18:00:41 UTC,9983663bd1d1719b7877b6c0559ecda832f407cb58cded0daca71b260d8b22b4
North_America/sex-stratified/USA/fitted_model/Maryland_age_Over 85_sex_M.rda,model,3600383,2025-10-09 17:54:16 UTC,19c40d41e4a3ca1579c5b83b6a8f40a88993fc8095177c86159f7dcf2c185605
North_America/sex-stratified/USA/fitted_model/Maryland_age_all_sex_F.rda,model,1583001,2025-10-09 17:56:14 UTC,bb4f4377e5fdaea497883cbf3f2628067c4d1c40c145858f16f0a73419ed09b3
North_America/sex-stratified/USA/fitted_model/Maryland_age_all_sex_M.rda,model,1585964,2025-10-09 18:00:10 UTC,e1cf4577c49048ae0a9a8d97c586f31ae85bc10289e1f7a1fe8915596690bfd2
North_America/sex-stratified/USA/fitted_model/Massachusetts_age_0-44_sex_F.rda,model,3588343,2025-10-09 17:58:54 UTC,74f3a913d21b1873b5f30b671e62934cd1ddb6ee6ec1ed245b20c909148aa39d
North_America/sex-stratified/USA/fitted_model/Massachusetts_age_0-44_sex_M.rda,model,3600383,2025-10-09 17:56:38 UTC,6ddd36e6bcf770191360ae2f805ab1a7d83c1e0ebe9128501a83ccd7194ad03e
North_America/sex-stratified/USA/fitted_model/Massachusetts_age_45-64_sex_F.rda,model,3600383,2025-10-09 17:59:31 UTC,657984378f9e1bf0e974bd0df34d7de6610cc7fb7381f0eb22f85c1f95c1d5c3
North_America/sex-stratified/USA/fitted_model/Massachusetts_age_45-64_sex_M.rda,model,3600383,2025-10-09 18:01:19 UTC,d6fb45b81840b51a389c3a99b4de5d2cc946d2e41d81ff3953cf43ce6b49b439
North_America/sex-stratified/USA/fitted_model/Massachusetts_age_65-84_sex_F.rda,model,3600383,2025-10-09 17:53:16 UTC,c49ce33770712f59f411b32046491bca5b73af9981acffaa1abe8b898e58ea50
North_America/sex-stratified/USA/fitted_model/Massachusetts_age_65-84_sex_M.rda,model,3600383,2025-10-09 17:55:59 UTC,d2302a2f9bd2a504e709e643f2c29910c6319868aef4482992bb5599af719c52
North_America/sex-stratified/USA/fitted_model/Massachusetts_age_Over 85_sex_F.rda,model,3600383,2025-10-09 17:59:55 UTC,8924fd8994efd45d9a52fc6f70d3ade94ee8b036eb9f8df4a35a7bfe42b6119d
North_America/sex-stratified/USA/fitted_model/Massachusetts_age_Over 85_sex_M.rda,model,3600383,2025-10-09 17:59:12 UTC,e01606ae4338cb7c55dfb1be1a7867d4524fc54e59933ea62e8eb674ceab6ebb
North_America/sex-stratified/USA/fitted_model/Massachusetts_age_all_sex_F.rda,model,1617697,2025-10-09 17:53:02 UTC,30685e88408a89db7b18c897fc1ac51d04e8c480afbd1214166fc8fb6e550cf1
North_America/sex-stratified/USA/fitted_model/Massachusetts_age_all_sex_M.rda,model,1610297,2025-10-09 17:57:52 UTC,277acc1cb20de3ea424fc4cd1eaa4f3e2c6ec11545d9809e950705c8db031329
North_America/sex-stratified/USA/fitted_model/Michigan_age_0-44_sex_F.rda,model,3600383,2025-10-09 17:53:35 UTC,87d7885d8c570ec999ba0a6a50ba55c5868fca6f0ec50ff1e7e9254fbdf0ec54
North_America/sex-stratified/USA/fitted_model/Michigan_age_0-44_sex_M.rda,model,3600383,2025-10-09 17:56:34 UTC,dc884cd94aa077848038d935b06e123a3b5f8135d8533d0ba57f7f035ec251c6
North_America/sex-stratified/USA/fitted_model/Michigan_age_45-64_sex_F.rda,model,3600383,2025-10-09 18:00:46 UTC,dbb349a65304e4d863b4afd5bea9af81659671301b27a2b2d9f24569e9cc6711
North_America/sex-stratified/USA/fitted_model/Michigan_age_45-64_sex_M.rda,model,3600383,2025-10-09 18:01:00 UTC,ae53667d3e4e91137741ea60adfb10dd0443be5d26d68f87414f874ea56878f1
North_America/sex-stratified/USA/fitted_model/Michigan_age_65-84_sex_F.rda,model,3600383,2025-10-09 17:58:07 UTC,84dd55e89210310ad857e5cfdc357579cfdc3ba2083e8b570a0c6ba007c2cc0b
North_America/sex-stratified/USA/fitted_model/Michigan_age_65-84_sex_M.rda,model,3600383,2025-10-09 17:58:23 UTC,c2b9befb6d33ca846e02c71af13f39c31ba8b62af0e73364c5867e121cb7c3ff
North_America/sex-stratified/USA/fitted_model/Michigan_age_Over 85_sex_F.rda,model,3600383,2025-10-09 17:56:48 UTC,2fb3416fe3a7f3fc0880cfd05caf66021841df1ee814d0a65f4c53ac1472f4ed
North_America/sex-stratified/USA/fitted_model/Michigan_age_Over 85_sex_M.rda,model,3600383,2025-10-09 17:55:02 UTC,46ded3a0e2baa10289990de812ad523be01f3b6b560771b26f2a71f41d87ce8a
North_America/sex-stratified/USA/fitted_model/Michigan_age_all_sex_F.rda,model,1682494,2025-10-09 18:01:26 UTC,cc17bff2d3bf38ac665bd018ad6b27edeafe71d70f7cdfc13433dd2973ff4fca
North_America/sex-stratified/USA/fitted_model/Michigan_age_all_sex_M.rda,model,1689842,2025-10-09 17:51:57 UTC,ca579d11aef5c83204bcf7d4e2fcbbfdb2b625a9fbd6808ef47dba7c28942280
North_America/sex-stratified/USA/fitted_model/Minnesota_age_0-44_sex_F.rda,model,3588343,2025-10-09 17:52:05 UTC,e93c00ed15f3da1dd5de183194038e47935fb5b76b4ca59af08bd6fc31425f3e
North_America/sex-stratified/USA/fitted_model/Minnesota_age_0-44_sex_M.rda,model,3588343,2025-10-09 17:59:21 UTC,2ea195727c189cd4f740f2e5ce7b2524b4bbebd4abcff515c9eeb4d172f73092
North_America/sex-stratified/USA/fitted_model/Minnesota_age_45-64_sex_F.rda,model,3600383,2025-10-09 17:56:02 UTC,075bafb35d731cfdb3fd0cf1115e7b23e0bedb9aad758a1ed8c77655b2d8fece
North_America/sex-stratified/USA/fitted_model/Minnesota_age_45-64_sex_M.rda,model,3600383,2025-10-09 17:52:24 UTC,f1d1922b59a6c3778d3ef21a5a4d887710e3ec259a2858f415239e3c5006a262
North_America/sex-stratified/USA/fitted_model/Minnesota_age_65-84_sex_F.rda,model,3600383,2025-10-09 17:59:58 UTC,fbd79c94629177b8b3049973d3e58f5e98eb24a9238d75ea5b22ba2d9d226e82
North_America/sex-stratified/USA/fitted_model/Minnesota_age_65-84_sex_M.rda,model,3600383,2025-10-09 17:56:00 UTC,552617d4ca44851c15536d166d214239e39342ed9f4db6097528ea5b44b0d2dd
North_America/sex-stratified/USA/fitted_model/Minnesota_age_Over 85_sex_F.rda,model,3600383,2025-10-09 17:55:29 UTC,bbcc7d88b227a2e083fdc161e7ed2b6fe5f94a81bffa4360bdf9448aab322b2f
North_America/sex-stratified/USA/fitted_model/Minnesota_age_Over 85_sex_M.rda,model,3600383,2025-10-09 18:00:06 UTC,25c9fb6c696b6b1fb997daa22a494c8a4de3865290e88341ea1d8e22ce590d30
North_America/sex-stratified/USA/fitted_model/Minnesota_age_all_sex_F.rda,model,1578170,2025-10-09 17:52:13 UTC,c51f805dd8ec595ae35a0241dac9e4435191f03bd1281331dcfe322e137de585
North_America/sex-stratified/USA/fitted_model/Minnesota_age_all_sex_M.rda,model,1581498,2025-10-09 18:01:35 UTC,a3f1e6dfc205d7103f95353e95b92b19fc1641347496309cb4c6d820062fa7e5
North_America/sex-stratified/USA/fitted_model/Mississippi_age_0-44_sex_F.rda,model,3588343,2025-10-09 17:54:02 UTC,0e65fd9bb3edffb2d60b441f235c462625b3d4cbc413e4d122b4b1578be6692a
North_America/sex-stratified/USA/fitted_model/Mississippi_age_0-44_sex_M.rda,model,3600383,2025-10-09 18:00:02 UTC,d138df50b8905cdd3b166b8ddd255d4b4e83569783af0ac782ab92992e7f6614
North_America/sex-stratified/USA/fitted_model/Mississippi_age_45-64_sex_F.rda,model,3600383,2025-10-09 17:55:07 UTC,5c6da1229258e4a71f0bb8e46d6f3a6acfb78561a5f2d861a121fb6449776989
North_America/sex-stratified/USA/fitted_model/Mississippi_age_45-64_sex_M.rda,model,3600383,2025-10-09 17:58:51 UTC,a7e54736b45f623fce1f721c151695db2d9e2defc507a5b54db6b8f7ba79360f
North_America/sex-stratified/USA/fitted_model/Mississippi_age_65-84_sex_F.rda,model,3600383,2025-10-09 17:54:43 UTC,d1fde06a3df958971aad582964fe810ce9d2c8ffb6f3b2ea83bb419b06f90616
North_America/sex-stratified/USA/fitted_model/Mississippi_age_65-84_sex_M.rda,model,3600383,2025-10-09 18:01:18 UTC,5cc8a723c5c39c38c24c74324435d62ed60a0cb5eb78545bc0ad9eedc9221cc0
North_America/sex-stratified/USA/fitted_model/Mississippi_age_Over 85_sex_F.rda,model,3600383,2025-10-09 17:51:56 UTC,9719bba163e94ba42bf2de4ba63769b6a8da631c9c92cd0d985335d77f1fa1fe
North_America/sex-stratified/USA/fitted_model/Mississippi_age_Over 85_sex_M.rda,model,3600383,2025-10-09 17:58:38 UTC,43548aa6139689ffc4673e4cd969038e43d893dee5c0d5e48d9873a99e47157b
North_America/sex-stratified/USA/fitted_model/Mississippi_age_all_sex_F.rda,model,1498061,2025-10-09 17:59:25 UTC,0031e632aa8943635243d8a51c033bcceeb6e2511f923a32b264e20e34088873
North_America/sex-stratified/USA/fitted_model/Mississippi_age_all_sex_M.rda,model,1518309,2025-10-09 18:01:30 UTC,e85d774dc96898c380dd849121d950856b39db01896ccd21106ec924384185a4
North_America/sex-stratified/USA/fitted_model/Missouri_age_0-44_sex_F.rda,model,3588343,2025-10-09 18:01:04 UTC,c2ec283da436cd03c7a1b03c075385877043c92a6fbe4182bdc50a50415c3b24
North_America/sex-stratified/USA/fitted_model/Missouri_age_0-44_sex_M.rda,model,3588343,2025-10-09 17:53:28 UTC,18aa485523017b036b1208cc4a9a94ae465e9e2acab35bde9bc4a33d6f844b78
North_America/sex-stratified/USA/fitted_model/Missouri_age_45-64_sex_F.rda,model,3600383,2025-10-09 17:59:37 UTC,4b7cb7f6bcab09e680d4703ea570eac17de30f341d3a3a93697cdd0e7870342b
North_America/sex-stratified/USA/fitted_model/Missouri_age_45-64_sex_M.rda,model,3600383,2025-10-09 18:00:00 UTC,04988a685b1353fcbbd8cd19db46a48c0c9aec7d05d885717354b063a2f8d7d3
North_America/sex-stratified/USA/fitted_model/Missouri_age_65-84_sex_F.rda,model,3600383,2025-10-09 17:53:51 UTC,a7246c570286b0138b30897f9e8f0dd8c259e30438758195f9dfed17c4d9ed16
North_America/sex-stratified/USA/fitted_model/Missouri_age_65-84_sex_M.rda,model,3600383,2025-10-09 18:00:23 UTC,cb6836f5f4df6e8d6c0c9e75a1d9a4f4f5e1ff8d29b6af43a6c292ebd9181c8a
North_America/sex-stratified/USA/fitted_model/Missouri_age_Over 85_sex_F.rda,model,3600383,2025-10-09 17:52:29 UTC,465f1dd128640311345e12eaf179f41d997f45748a51d2008d20ebdd566c8a68
North_America/sex-stratified/USA/fitted_model/Missouri_age_Over 85_sex_M.rda,model,3600383,2025-10-09 17:53:41 UTC,3d036cd8516706a073d947ddf3231fd0ad3db9d08e14766a5c556e4f30344941
North_America/sex-stratified/USA/fitted_model/Missouri_age_all_sex_F.rda,model,1614514,2025-10-09 17:52:35 UTC,2a9a04114f6d908e550020eb538a27e45a9676b65efadffabbc404fab5e49ac4
North_America/sex-stratified/USA/fitted_model/Missouri_age_all_sex_M.rda,model,1632395,2025-10-09 18:01:15 UTC,ff239abd185b055f547602a7858aa41795db2b04c062b99689e340b6e0e11220
North_America/sex-stratified/USA/fitted_model/Montana_age_0-44_sex_F.rda,model,1348903,2025-10-09 18:01:39 UTC,27127640febdbaca4d997fc597b0972fcf6d3bd36ade52475b3923853b320510
North_America/sex-stratified/USA/fitted_model/Montana_age_0-44_sex_M.rda,model,3407743,2025-10-09 18:00:08 UTC,06697b6b8271e7507e982615acb2d2edc0f1ddcce80c6f9bd9395e2c4db40169
North_America/sex-stratified/USA/fitted_model/Montana_age_45-64_sex_F.rda,model,3588343,2025-10-09 17:55:58 UTC,54047d77dd09f859a9618aafe1185660c2accce6b91e0139b6864b0f7b0ce226
North_America/sex-stratified/USA/fitted_model/Montana_age_45-64_sex_M.rda,model,3600383,2025-10-09 18:00:47 UTC,8e03b0db05ad514032b81ba5aa37a6cc5d4f079cc63291cdeb02a7c048fee379
North_America/sex-stratified/USA/fitted_model/Montana_age_65-84_sex_F.rda,model,3600383,2025-10-09 17:54:55 UTC,aa0f27307e826428ba72734832b778c9f315c34078ce3250a620f28b0ada107b
North_America/sex-stratified/USA/fitted_model/Montana_age_65-84_sex_M.rda,model,3600383,2025-10-09 17:57:10 UTC,a1c00dee225748313d676c7a0d447e758bf00cc0a28019f2be2396e5e8b704f0
North_America/sex-stratified/USA/fitted_model/Montana_age_Over 85_sex_F.rda,model,3600383,2025-10-09 18:00:43 UTC,704e747f216af56935b38b6961f6c9a8dda298b1a38e7bc9613cf6e501ff9597
North_America/sex-stratified/USA/fitted_model/Montana_age_Over 85_sex_M.rda,model,3600383,2025-10-09 17:55:42 UTC,fa4c225348758c8b9d05561a403bd0768070cd6a39cb7e812ce8cddfce4c7aa9
North_America/sex-stratified/USA/fitted_model/Montana_age_all_sex_F.rda,model,1286156,2025-10-09 18:01:05 UTC,8880d82db4e31ca6517d366e28710890fb61018838d8de122f70aa32d2481a61
North_America/sex-stratified/USA/fitted_model/Montana_age_all_sex_M.rda,model,1345593,2025-10-09 17:57:30 UTC,1dc4a773c97a038558a6a99e1cd78ce61daa45987c10cdf7d07a1283be296156
North_America/sex-stratified/USA/fitted_model/Nebraska_age_0-44_sex_F.rda,model,2793703,2025-10-09 17:58:16 UTC,5830dd3405edaaa946d762511823670abb8b7fa89ab22a3bdd4df4e9787ef332
North_America/sex-stratified/USA/fitted_model/Nebraska_age_0-44_sex_M.rda,model,3576303,2025-10-09 17:58:58 UTC,47bcbeaebc35a1a5f54590f9156a87efbafbd915e3708f53f2547b82d33db2e3
North_America/sex-stratified/USA/fitted_model/Nebraska_age_45-64_sex_F.rda,model,3588343,2025-10-09 17:53:05 UTC,be4f25637eeab4599209b81cc8318cc62aad866bc27f1e239661ec818ca9b5ee
North_America/sex-stratified/USA/fitted_model/Nebraska_age_45-64_sex_M.rda,model,3588343,2025-10-09 17:55:27 UTC,17e2a10b6f2d64536710857180a7a9d21683c844060cae630dee84f7ac81b874
North_America/sex-stratified/USA/fitted_model/Nebraska_age_65-84_sex_F.rda,model,3600383,2025-10-09 17:56:54 UTC,05d1c5aded56dce40a9a426d37dae149d4440573a5e5ec2f508d11547b312aa7
North_America/sex-stratified/USA/fitted_model/Nebraska_age_65-84_sex_M.rda,model,3600383,2025-10-09 18:00:32 UTC,0bc631baa8f3948ca750840e5f50cdfff9a536c8eaa92963bf7912c9427957d0
North_America/sex-stratified/USA/fitted_model/Nebraska_age_Over 85_sex_F.rda,model,3600383,2025-10-09 17:58:39 UTC,c3a35dfa2cd933ce40cd578781cee9f5a039e5fa38f93014de776b3f7faa6fa4
North_America/sex-stratified/USA/fitted_model/Nebraska_age_Over 85_sex_M.rda,model,3600383,2025-10-09 17:55:55 UTC,a58ce85e9179cf44f418115067bcee0523b95a31985d93f65c7249f1f4e422ef
North_America/sex-stratified/USA/fitted_model/Nebraska_age_all_sex_F.rda,model,1404734,2025-10-09 17:59:24 UTC,16b6ae43d7191e61ee833b1dd4ec9ede7e5981b293e454c9856e1c3db4b4c0d9
North_America/sex-stratified/USA/fitted_model/Nebraska_age_all_sex_M.rda,model,1409635,2025-10-09 17:56:53 UTC,598f26b0935ac0aa031464c6b407e31bb9537679bb6872b16111bf907ce1cf12
North_America/sex-stratified/USA/fitted_model/Nevada_age_0-44_sex_F.rda,model,3564263,2025-10-09 17:56:04 UTC,04ea9326d909ca37f3e305236a27202158f5422fb15de6e211aa2ac55d0be957
North_America/sex-stratified/USA/fitted_model/Nevada_age_0-44_sex_M.rda,model,3576303,2025-10-09 18:00:28 UTC,a6043ff92ee108ca71fceab5df01396cd706506bed6171ac489da97de116804a
North_America/sex-stratified/USA/fitted_model/Nevada_age_45-64_sex_F.rda,model,3576303,2025-10-09 18:01:04 UTC,91c23ff93a75d282cf4167a430e2d56894c9c9dc58de7d8bb02518e2620bcf5e
North_America/sex-stratified/USA/fitted_model/Nevada_age_45-64_sex_M.rda,model,3588343,2025-10-09 18:01:21 UTC,2d3719fa1fd8ffd31bbfcf591f1f51d6623c9cb8e4f58463f34a4234ca9cf154
North_America/sex-stratified/USA/fitted_model/Nevada_age_65-84_sex_F.rda,model,3588343,2025-10-09 17:53:26 UTC,9a1b3c25e9b9f2aec29fbaf8559fdb34878863f40542a2640aa0edef5a0fb171
North_America/sex-stratified/USA/fitted_model/Nevada_age_65-84_sex_M.rda,model,3588343,2025-10-09 17:56:21 UTC,37938bb25b895ff36cae9394b41042590f57f35be885dfcd52af0f05535faae2
North_America/sex-stratified/USA/fitted_model/Nevada_age_Over 85_sex_F.rda,model,3588343,2025-10-09 17:52:00 UTC,454b930c93fdce439114b76e95c1c3af7ef4a840fdaa2dad24802b886078e71d
North_America/sex-stratified/USA/fitted_model/Nevada_age_Over 85_sex_M.rda,model,3588343,2025-10-09 18:00:38 UTC,18c4552637b929cd97b0e147a28fb0f042540830efcd067a3ba1a91342fa4989
North_America/sex-stratified/USA/fitted_model/Nevada_age_all_sex_F.rda,model,1508637,2025-10-09 17:57:55 UTC,5a5632595fa6a29e22e17955a90df025709b928e137f35a7311adb36e326c1b6
North_America/sex-stratified/USA/fitted_model/Nevada_age_all_sex_M.rda,model,1533931,2025-10-09 17:57:24 UTC,2981126da0ce9e9dbc3531d2d25cbe355f511f847d59fe9be191812cca94617f
North_America/sex-stratified/USA/fitted_model/New Hampshire_age_0-44_sex_F.rda,model,1505423,2025-10-09 17:55:47 UTC,7d0863226a65497302c67311fa511b7028536537d19a614e405f0f76b910a295
North_America/sex-stratified/USA/fitted_model/New Hampshire_age_0-44_sex_M.rda,model,3371623,2025-10-09 17:54:52 UTC,f2310cfee961ecbcf44f69ac1974999898cadeeb0aed3ca4793e2cc2b77ce13d
North_America/sex-stratified/USA/fitted_model/New Hampshire_age_45-64_sex_F.rda,model,3600383,2025-10-09 18:00:14 UTC,72edf32770a50536aabb92131681775d4e5e1f39ba211291a595479896bb9a8e
North_America/sex-stratified/USA/fitted_model/New Hampshire_age_45-64_sex_M.rda,model,3600383,2025-10-09 17:56:37 UTC,36f2601a79ab4d36d0c3a14a2c23a5f8467e47e2311be829f540a20b5c06d579
North_America/sex-stratified/USA/fitted_model/New Hampshire_age_65-84_sex_F.rda,model,3600383,2025-10-09 17:53:33 UTC,1d43b10cff012bf0398ba34e5b26eb98f8753a4fc217a1d40a4637d215c201ed
North_America/sex-stratified/USA/fitted_model/New Hampshire_age_65-84_sex_M.rda,model,3600383,2025-10-09 17:57:20 UTC,60ed64e33354d29882a8bf0107ea63ba49d3164c8ca0f0a09582a987e1c127a0
North_America/sex-stratified/USA/fitted_model/New Hampshire_age_Over 85_sex_F.rda,model,3600383,2025-10-09 17:57:35 UTC,4dc41f34303611be1d38440a215302150a49eb644db92d23ea72a3a181775097
North_America/sex-stratified/USA/fitted_model/New Hampshire_age_Over 85_sex_M.rda,model,3600383,2025-10-09 17:57:23 UTC,16cb014a5c3d715ccde7f70e8d6e2eb229f8570b2f1b3b999655072404ed045e
North_America/sex-stratified/USA/fitted_model/New Hampshire_age_all_sex_F.rda,model,1395308,2025-10-09 17:56:42 UTC,4c72ea24dbccb733a281df1d76a12334bcbd1c4aafd1160e69541318dbcedd98
North_America/sex-stratified/USA/fitted_model/New Hampshire_age_all_sex_M.rda,model,1402311,2025-10-09 17:57:31 UTC,b7076d3136987cf14f1fd0dc9b9b28d6b8c48d41b4a900410c028e29589f0f97
North_America/sex-stratified/USA/fitted_model/New Jersey_age_0-44_sex_F.rda,model,3600383,2025-10-09 17:54:01 UTC,32ce6f1dc48ccffbbbcf793566a5e626a9ca951b260791acd3719e67cc87d709
North_America/sex-stratified/USA/fitted_model/New Jersey_age_0-44_sex_M.rda,model,3600383,2025-10-09 17:59:54 UTC,d4b1c139ec3d205cefb9f1e5eccc7799d8727c59b3f5aadccb90d426966f3dc1
North_America/sex-stratified/USA/fitted_model/New Jersey_age_45-64_sex_F.rda,model,3600383,2025-10-09 17:56:17 UTC,2e5baaad7af272e23bf34f8da96fed911c4dfdd0c52f18ad5c42648b95130771
North_America/sex-stratified/USA/fitted_model/New Jersey_age_45-64_sex_M.rda,model,3600383,2025-10-09 17:53:24 UTC,a13fb9cfd460e1203a9d8096538f0f1d4a03cab9c843d06e5db0d42a361c3d9c
North_America/sex-stratified/USA/fitted_model/New Jersey_age_65-84_sex_F.rda,model,3600383,2025-10-09 18:01:26 UTC,ef315808eafb63baba4907bd6e34576f5e32def98fb487d8d9f145464c093829
North_America/sex-stratified/USA/fitted_model/New Jersey_age_65-84_sex_M.rda,model,3600383,2025-10-09 17:58:14 UTC,739a74b529156111c4451adcdef62114e96ef9e47a506df2191a65fae47b467a
North_America/sex-stratified/USA/fitted_model/New Jersey_age_Over 85_sex_F.rda,model,3600383,2025-10-09 18:00:52 UTC,b18d58caf8ded09e1b18c9965e4123bb3daa9998e95330d05f372c5706b957fd
North_America/sex-stratified/USA/fitted_model/New Jersey_age_Over 85_sex_M.rda,model,3600383,2025-10-09 18:00:58 UTC,7b814a40078405e4ee18138759866e7437a5907b9e24638853a0619eac60ef19
North_America/sex-stratified/USA/fitted_model/New Jersey_age_all_sex_F.rda,model,1655878,2025-10-09 17:54:57 UTC,ac69e8e7c87e5380d0cda7586250a621c8e930212ea889c9bc04795bf3e89c24
North_America/sex-stratified/USA/fitted_model/New Jersey_age_all_sex_M.rda,model,1632941,2025-10-09 18:01:27 UTC,2e43e86ae9294dfed68fe774fd04342a407eef1049ddd3db3826cf6b0e892e51
North_America/sex-stratified/USA/fitted_model/New Mexico_age_0-44_sex_F.rda,model,3576303,2025-10-09 18:01:33 UTC,71f92acb907cd056a3227f8f00e4cf1be5d1da25d11d501f2c9fdea7d33ab1c4
North_America/sex-stratified/USA/fitted_model/New Mexico_age_0-44_sex_M.rda,model,3588343,2025-10-09 18:01:29 UTC,e01c69c3199d2960fc9bb0d51ff19003a54838031f4661c6dfaf730d286723d4
North_America/sex-stratified/USA/fitted_model/New Mexico_age_45-64_sex_F.rda,model,3600383,2025-10-09 17:54:27 UTC,1d2c745d9da45a577f58e2578468be93e901cd96728e44fcbd146d646821e4c0
North_America/sex-stratified/USA/fitted_model/New Mexico_age_45-64_sex_M.rda,model,3600383,2025-10-09 18:00:53 UTC,f63440af585aaa14c1e9c25bea353eb6afeaad4e389ab22fbceb183b8f15ee9a
North_America/sex-stratified/USA/fitted_model/New Mexico_age_65-84_sex_F.rda,model,3600383,2025-10-09 17:52:16 UTC,06e1f1a79998e80d70c77919d5aa073e3adcd8a57e79977e5f8254dec8943b32
North_America/sex-stratified/USA/fitted_model/New Mexico_age_65-84_sex_M.rda,model,3600383,2025-10-09 17:59:32 UTC,c14be38472bf38fa9885df3fafb886050b3a4e69b03cfb3ff1547314e6c322c9
North_America/sex-stratified/USA/fitted_model/New Mexico_age_Over 85_sex_F.rda,model,3600383,2025-10-09 18:01:02 UTC,2e43c42d9959d1091b74117a418e4797bd1d88dc05ed7be34012f91bfdaf5cf7
North_America/sex-stratified/USA/fitted_model/New Mexico_age_Over 85_sex_M.rda,model,3600383,2025-10-09 17:56:33 UTC,51c40ddf706fa49c5f64e3bfbe838f348697cbeca604c8f3a73d6a8881d75e28
North_America/sex-stratified/USA/fitted_model/New Mexico_age_all_sex_F.rda,model,1461904,2025-10-09 18:01:35 UTC,3fa72a9b22c8e27740f673dc358e58c615d6f5579a33c3a5eb234fa395d534c1
North_America/sex-stratified/USA/fitted_model/New Mexico_age_all_sex_M.rda,model,1470327,2025-10-09 18:00:49 UTC,e99431e820073135d7d925c93bbdf371a0dd7569c9c6a7489daa9a85575de797
North_America/sex-stratified/USA/fitted_model/New York_age_0-44_sex_F.rda,model,3600383,2025-10-09 18:00:34 UTC,4930fe47887949afbd9c187f2eae00c31ec96563a52877637d1fc62211c09216
North_America/sex-stratified/USA/fitted_model/New York_age_0-44_sex_M.rda,model,3600383,2025-10-09 17:57:47 UTC,989e5ce415aaf738acbe5d40ab7cb8973e662a26c599edee3f90114c81fe6fe6
North_America/sex-stratified/USA/fitted_model/New York_age_45-64_sex_F.rda,model,3600383,2025-10-09 18:01:19 UTC,027b962ec04227e8a9510cc278cc3846423fbf07d012115751bf4ffcdb68e607
North_America/sex-stratified/USA/fitted_model/New York_age_45-64_sex_M.rda,model,3600383,2025-10-09 18:01:14 UTC,08e10deeff39feb09d03d6d346972fb5c9358cee5a50e38fa9d6edbd2d6a8aa1
North_America/sex-stratified/USA/fitted_model/New York_age_65-84_sex_F.rda,model,3600383,2025-10-09 17:54:04 UTC,3b4af0b9b4f4b23342a0939abaf2c3e255243b793f9b2a1d5c7c97cc178a0778
North_America/sex-stratified/USA/fitted_model/New York_age_65-84_sex_M.rda,model,3600383,2025-10-09 17:53:30 UTC,5be0eeb45368a3b32f17eea06f52e4a6be9c2be087beb10ca4f9e6e9106dd666
North_America/sex-stratified/USA/fitted_model/New York_age_Over 85_sex_F.rda,model,3600383,2025-10-09 17:58:21 UTC,29cbb05d8595d02675f093a82175aee3f97c2404b635825986f491fa017c149a
North_America/sex-stratified/USA/fitted_model/New York_age_Over 85_sex_M.rda,model,3600383,2025-10-09 17:55:00 UTC,f571cb8958d1e35ee04bf26ba835a7a8b1fb76f1e7d51401723f5ca7983787cc
North_America/sex-stratified/USA/fitted_model/New York_age_all_sex_F.rda,model,1776301,2025-10-09 18:00:45 UTC,361e52cfd7ba88fb67feed216c16da04d1e640891d1932736d155f4ff37f0d89
North_America/sex-stratified/USA/fitted_model/New York_age_all_sex_M.rda,model,1749852,2025-10-09 18:01:09 UTC,d4bfb632f5a312a5c82692f68a73aaff5753ccdd3d9ed5a3fdf2988e30ff0bdc
North_America/sex-stratified/USA/fitted_model/North Carolina_age_0-44_sex_F.rda,model,3588343,2025-10-09 17:54:59 UTC,aa71a7260d89d5fe86d6857c7d7611ac526f4c6265f3f12066ba10b10cf28719
North_America/sex-stratified/USA/fitted_model/North Carolina_age_0-44_sex_M.rda,model,3600383,2025-10-09 17:52:48 UTC,a993c3ec3cbe16f505b6940681f92ca32b9fd287575a761d2b1f6151cf4ddf48
North_America/sex-stratified/USA/fitted_model/North Carolina_age_45-64_sex_F.rda,model,3600383,2025-10-09 18:00:29 UTC,0a23efea244e5ba87bed8a2a7d3eac500c68055aac802c337cac5fc282f96afe
North_America/sex-stratified/USA/fitted_model/North Carolina_age_45-64_sex_M.rda,model,3600383,2025-10-09 17:54:30 UTC,a053a8825c9db42c4b07e9e8cba38e1d7d7cd298e18939d82a12d840c359a473
North_America/sex-stratified/USA/fitted_model/North Carolina_age_65-84_sex_F.rda,model,3600383,2025-10-09 17:52:50 UTC,3465bcdf416f2f655e4c4676523aed81a5568e1008004e60d8614f102505e506
North_America/sex-stratified/USA/fitted_model/North Carolina_age_65-84_sex_M.rda,model,3600383,2025-10-09 18:00:54 UTC,fb79246fdfb51d1ff6678c4d56d6b7ddcb55d58197e539debae847da97e0509e
North_America/sex-stratified/USA/fitted_model/North Carolina_age_Over 85_sex_F.rda,model,3600383,2025-10-09 18:01:28 UTC,0d1d3cdf19469d76aaaa42fa36b4f322ac18bff06eedb8079a53665ca45616d2
North_America/sex-stratified/USA/fitted_model/North Carolina_age_Over 85_sex_M.rda,model,3600383,2025-10-09 17:52:58 UTC,a77d314b25ad5a572363e8a29b50f7e377d7277214953a7e9c060e2639a8dff2
North_America/sex-stratified/USA/fitted_model/North Carolina_age_all_sex_F.rda,model,1723279,2025-10-09 18:00:44 UTC,a766dc1a23c477b0fbec0ce85f1731078f89ee5c4f49d425ae4c8b89900e6ad6
North_America/sex-stratified/USA/fitted_model/North Carolina_age_all_sex_M.rda,model,1731138,2025-10-09 18:00:35 UTC,bbca8e1a36786658ea12f0e3077dda0b365205174e328b75c0eaa1d4afbcc79d
North_America/sex-stratified/USA/fitted_model/North Dakota_age_0-44_sex_F.rda,model,264863,2025-10-09 18:01:40 UTC,2b9d0ca0fff2d6ee946a338c40484574c19b2b4905c516eea4ec8cd5d4ab8168
North_America/sex-stratified/USA/fitted_model/North Dakota_age_0-44_sex_M.rda,model,1686023,2025-10-09 17:55:07 UTC,9c4439e7f1ac9e7aaf92d8314da04ee4421b51308f7e8ba8d60ec8aa689b00bf
North_America/sex-stratified/USA/fitted_model/North Dakota_age_45-64_sex_F.rda,model,3552223,2025-10-09 17:58:10 UTC,7127f1a9d2f3157fbc3716852d82f7c2f244ecf181129b970b9e365c3469e251
North_America/sex-stratified/USA/fitted_model/North Dakota_age_45-64_sex_M.rda,model,3588343,2025-10-09 17:55:36 UTC,f9b7f771ea63a35e04b95424b71783aa2245090489e735178fb7b6f36862c003
North_America/sex-stratified/USA/fitted_model/North Dakota_age_65-84_sex_F.rda,model,3588343,2025-10-09 17:54:10 UTC,f1f7f2dbc1a032b3797feb2dbcc600f172d00a81d3f07e6f9d247f7bb556a5f5
North_America/sex-stratified/USA/fitted_model/North Dakota_age_65-84_sex_M.rda,model,3600383,2025-10-09 17:56:39 UTC,f0aaa306d1a4daf4f05c4021afcc978f57e3fb3339488cb115b4f4c5d4f686ab
North_America/sex-stratified/USA/fitted_model/North Dakota_age_Over 85_sex_F.rda,model,3600383,2025-10-09 18:01:23 UTC,b0de0edacd4e084a874888c7f7009aae59cb7ba8a4e8812fbef01853a585d2f4
North_America/sex-stratified/USA/fitted_model/North Dakota_age_Over 85_sex_M.rda,model,3600383,2025-10-09 17:52:19 UTC,8ee004979010a8818712585443561ae89900452b0094c80d02667f704e72ebbc
North_America/sex-stratified/USA/fitted_model/North Dakota_age_all_sex_F.rda,model,1235979,2025-10-09 18:00:48 UTC,32b924d14e6dc1a95ffa18a2a610f07b9bc8fc679ac2d583c6cd1fdf3d49889d
North_America/sex-stratified/USA/fitted_model/North Dakota_age_all_sex_M.rda,model,1239076,2025-10-09 17:57:30 UTC,14f7cb9ac28a77913b0b61dc3207519464acc57e1502ebe682baa723826a1bc5
North_America/sex-stratified/USA/fitted_model/Ohio_age_0-44_sex_F.rda,model,3600383,2025-10-09 17:55:38 UTC,bd594d93453bc2be01d3f29a6818181878d4c6f1a530379974080a1b02ac8cf8
North_America/sex-stratified/USA/fitted_model/Ohio_age_0-44_sex_M.rda,model,3600383,2025-10-09 17:59:22 UTC,1b42d6a30b14ced820f2e706bef8727ffcadec96b0de015d903bb6bbca954166
North_America/sex-stratified/USA/fitted_model/Ohio_age_45-64_sex_F.rda,model,3600383,2025-10-09 17:52:58 UTC,6f0b807270fe4320d14bafa12d28d05303fa1a36428562457c35adef06712668
North_America/sex-stratified/USA/fitted_model/Ohio_age_45-64_sex_M.rda,model,3600383,2025-10-09 17:59:44 UTC,3dad06f12b01940f472b6704015d27231fb549aa38497ca3e4c12ca012311ed6
North_America/sex-stratified/USA/fitted_model/Ohio_age_65-84_sex_F.rda,model,3600383,2025-10-09 18:00:12 UTC,e7ce479be12cb7f579024fb62dd9c9d62d146dd6e164c74b6dcfcd5aa85348ea
North_America/sex-stratified/USA/fitted_model/Ohio_age_65-84_sex_M.rda,model,3600383,2025-10-09 17:52:56 UTC,56c6a6fa1db378b939f8219b8356b2f1569277a759d59f1016c41457223f9ab4
North_America/sex-stratified/USA/fitted_model/Ohio_age_Over 85_sex_F.rda,model,3600383,2025-10-09 18:01:36 UTC,c314f97b136ee64c6fdebcfc8c80d102f4889f41773a5ca64c408dde37c2fa17
North_America/sex-stratified/USA/fitted_model/Ohio_age_Over 85_sex_M.rda,model,3600383,2025-10-09 17:53:13 UTC,2f4b0f4866451d0f87a5cea5c5acbd4e0ed0ce61acac9b62eaa907eb107aa4c4
North_America/sex-stratified/USA/fitted_model/Ohio_age_all_sex_F.rda,model,1739337,2025-10-09 17:58:27 UTC,4d1b26e9dc04d2050a2129f70b47cd44d89a6de68d2ef9ea983c56146c681328
North_America/sex-stratified/USA/fitted_model/Ohio_age_all_sex_M.rda,model,1744449,2025-10-09 18:01:11 UTC,5728cc7e7081d8a43480a77ced84dcb4346ce59b84162aca46834ae943747cbd
North_America/sex-stratified/USA/fitted_model/Oklahoma_age_0-44_sex_F.rda,model,3588343,2025-10-09 17:52:57 UTC,cbcbc7a810be5d90772b5f62fd22da7db630fad8aee23d1b9ab0178093fa6b49
North_America/sex-stratified/USA/fitted_model/Oklahoma_age_0-44_sex_M.rda,model,3600383,2025-10-09 18:01:01 UTC,707d90ef350999e53231514e240b3d0f010910ec3117aa64bbe56422db189025
North_America/sex-stratified/USA/fitted_model/Oklahoma_age_45-64_sex_F.rda,model,3600383,2025-10-09 18:00:59 UTC,c36fc3b8cb5d3a0cef935d94ee69f331604f38c217be677cbe3e86aadf010c3c
North_America/sex-stratified/USA/fitted_model/Oklahoma_age_45-64_sex_M.rda,model,3600383,2025-10-09 18:00:04 UTC,8ecd7b32937dcee22a138950268bb8b5cb226fb0bf8e2f922f59cb7cbd2b4b34
North_America/sex-stratified/USA/fitted_model/Oklahoma_age_65-84_sex_F.rda,model,3600383,2025-10-09 17:55:44 UTC,5beec1f7b1ce97ef27827108e413199c31433c31619d5c2dd9abf55f9864fe97
North_America/sex-stratified/USA/fitted_model/Oklahoma_age_65-84_sex_M.rda,model,3600383,2025-10-09 18:01:13 UTC,550f71415e1a3264de40254bf1f2c512ac56c5da326b0c88097ef5f29c896f26
North_America/sex-stratified/USA/fitted_model/Oklahoma_age_Over 85_sex_F.rda,model,3600383,2025-10-09 17:57:26 UTC,4fcd53714fdc307646ca5dde39ad1d7eba6aa29e47b6ec18d44589c3403a86d8
North_America/sex-stratified/USA/fitted_model/Oklahoma_age_Over 85_sex_M.rda,model,3600383,2025-10-09 17:58:26 UTC,e0502d22d1b1e1cb91d8b0bd1017b31f0d769a88c260ceddc99fe8be783f00e5
North_America/sex-stratified/USA/fitted_model/Oklahoma_age_all_sex_F.rda,model,1541707,2025-10-09 18:01:40 UTC,ade413e0dd9b7749f854298eb7e995eb93d593c99070ead057c0a9470e56046c
North_America/sex-stratified/USA/fitted_model/Oklahoma_age_all_sex_M.rda,model,1563433,2025-10-09 17:54:05 UTC,b857ef5bfd4c332a4129e894a563eeabd5c4577daf0f576469766cf6df8adc8e
North_America/sex-stratified/USA/fitted_model/Oregon_age_0-44_sex_F.rda,model,3588343,2025-10-09 17:56:23 UTC,1f1d60697ef04e00821d6aca8213795d640175df92dfb0aed2c5c16f6fa4d737
North_America/sex-stratified/USA/fitted_model/Oregon_age_0-44_sex_M.rda,model,3588343,2025-10-09 18:00:21 UTC,7994cbd3620ca892159a193a06dac52cf506a97d4cf2f0c089e971cdf5feaefb
North_America/sex-stratified/USA/fitted_model/Oregon_age_45-64_sex_F.rda,model,3600383,2025-10-09 17:56:46 UTC,131d9884829a3d3680341fb47338fc8dd9404f24ae26c68450bf4773386e3fc5
North_America/sex-stratified/USA/fitted_model/Oregon_age_45-64_sex_M.rda,model,3600383,2025-10-09 17:56:59 UTC,291261b24156a38bf463f0e7a68f6293507d15bb6b32f989e8d5498fd78a5f30
North_America/sex-stratified/USA/fitted_model/Oregon_age_65-84_sex_F.rda,model,3600383,2025-10-09 17:57:18 UTC,79a691eb7a8ee6e58fa9f756f9bcbadf58e9a8767c897925c77c9900ceb4b4b3
North_America/sex-stratified/USA/fitted_model/Oregon_age_65-84_sex_M.rda,model,3600383,2025-10-09 17:52:55 UTC,1ea7a252fc6d7aa5759a1f376bf230541efeb78aed38b310c1917d269a1e0bd5
North_America/sex-stratified/USA/fitted_model/Oregon_age_Over 85_sex_F.rda,model,3600383,2025-10-09 18:00:56 UTC,352391b94afd9a59a0e67b0e53d237dc513ed8542ec2b0fc6ef98c3ab36e4240
North_America/sex-stratified/USA/fitted_model/Oregon_age_Over 85_sex_M.rda,model,3600383,2025-10-09 17:59:03 UTC,f1ef30e6a55d3a759243024fff02eebdb289685b1da81ee26bdf4f8efbc2c159
North_America/sex-stratified/USA/fitted_model/Oregon_age_all_sex_F.rda,model,1526297,2025-10-09 17:58:45 UTC,85a126816eaccefaaa2049f975f5b6a15adb7f8aaabb045cc703e2791137bff7
North_America/sex-stratified/USA/fitted_model/Oregon_age_all_sex_M.rda,model,1543154,2025-10-09 18:01:08 UTC,9a12a966eff6a4578ba931d621b75ed3ef13abf868a8c4f2ee46dbe004339184
North_America/sex-stratified/USA/fitted_model/Pennsylvania_age_0-44_sex_F.rda,model,3600383,2025-10-09 17:53:40 UTC,15ece94f91f3db6510c194eefa8a1f19754bf1822bb1eab438ca1fcff3a34569
North_America/sex-stratified/USA/fitted_model/Pennsylvania_age_0-44_sex_M.rda,model,3600383,2025-10-09 17:58:31 UTC,0feb6d068c727850b5b30b55b4deaa3a9ace8a65c2034500a5b1e418a4a2963a
North_America/sex-stratified/USA/fitted_model/Pennsylvania_age_45-64_sex_F.rda,model,3600383,2025-10-09 18:01:15 UTC,5bb8cf4e5c9f1a9b401c0226892000dc22bf55c2be1909c42d7d964b37b0cbe1
North_America/sex-stratified/USA/fitted_model/Pennsylvania_age_45-64_sex_M.rda,model,3600383,2025-10-09 17:59:28 UTC,1cb8fef46cc29bc412ceb600a5e2bc7f22cdff613b252adfdd290c3dc41752eb
North_America/sex-stratified/USA/fitted_model/Pennsylvania_age_65-84_sex_F.rda,model,3600383,2025-10-09 18:01:28 UTC,2349de42f16d1a6cae6245e30c599f59ff569f35493244b40dbd0ea662dd5675
North_America/sex-stratified/USA/fitted_model/Pennsylvania_age_65-84_sex_M.rda,model,3600383,2025-10-09 17:59:14 UTC,9fce01c41ec027ee1c39f6b596fd4c1c6bd6d78a066a9ec39fe2b59da3929e18
North_America/sex-stratified/USA/fitted_model/Pennsylvania_age_Over 85_sex_F.rda,model,3600383,2025-10-09 18:01:12 UTC,aad22ff9c9321b830c917406eb5fe876723c234759b64a6c5eb4946702428070
North_America/sex-stratified/USA/fitted_model/Pennsylvania_age_Over 85_sex_M.rda,model,3600383,2025-10-09 18:00:47 UTC,bb0888614d4d075d584e5c387667f8bc8963d522683bddb4fbef1e40bca9288c
North_America/sex-stratified/USA/fitted_model/Pennsylvania_age_all_sex_F.rda,model,1745175,2025-10-09 18:01:22 UTC,8583af60636c072c9106ab293bfad89dc3d4903f6540588fddf0800c83aae3a3
North_America/sex-stratified/USA/fitted_model/Pennsylvania_age_all_sex_M.rda,model,1725198,2025-10-09 17:53:42 UTC,6a81279aa5cd3e5eb0ec3a4964c23d64b9743eeef0b0d8ae12319e9eef084abd
North_America/sex-stratified/USA/fitted_model/Rhode Island_age_0-44_sex_F.rda,model,807103,2025-10-09 17:54:45 UTC,9e6ded858b1410fabd330e7f2a9045388bc1c1def11c5277b0dcf4edd57ae734
North_America/sex-stratified/USA/fitted_model/Rhode Island_age_0-44_sex_M.rda,model,3046543,2025-10-09 17:57:29 UTC,7d9a514f970a972784a0de8341da6256652172f07979e239d56b7e130b459670
North_America/sex-stratified/USA/fitted_model/Rhode Island_age_45-64_sex_F.rda,model,3600383,2025-10-09 18:01:32 UTC,bf89d0d7103b64cd5fa4d05349a86c8306c719a87bec040d4edf469f6f648bb4
North_America/sex-stratified/USA/fitted_model/Rhode Island_age_45-64_sex_M.rda,model,3600383,2025-10-09 17:57:48 UTC,0ff962934ca9ece9605be2661c751993e49a88a89c33db27360913e4d1aa0a5d
North_America/sex-stratified/USA/fitted_model/Rhode Island_age_65-84_sex_F.rda,model,3600383,2025-10-09 17:54:23 UTC,a7edd8b2592e7c57d302f103e1574f1e3dca7b33ddce7a9569338721c02c974c
North_America/sex-stratified/USA/fitted_model/Rhode Island_age_65-84_sex_M.rda,model,3600383,2025-10-09 17:58:42 UTC,59be30057cf8473141ebbf88822f2e9ddf5924236a523af912feb3ba4940be0c
North_America/sex-stratified/USA/fitted_model/Rhode Island_age_Over 85_sex_F.rda,model,3600383,2025-10-09 18:01:08 UTC,a20d4bf21a0b4d585daa3ccc6ef014f0f37dfc4f0b70b79e7940f9c65f7db58f
North_America/sex-stratified/USA/fitted_model/Rhode Island_age_Over 85_sex_M.rda,model,3600383,2025-10-09 17:55:24 UTC,25f06ed35c0d44d89f838ad082a9fcd545fa036d44013702e7edbdb43000cd11
North_America/sex-stratified/USA/fitted_model/Rhode Island_age_all_sex_F.rda,model,1332506,2025-10-09 18:01:28 UTC,0fa92ad76d0e8d00e7473168bd6fc2afa7047a364618a3227e695028356072ce
North_America/sex-stratified/USA/fitted_model/Rhode Island_age_all_sex_M.rda,model,1282100,2025-10-09 18:01:01 UTC,37fd63838f492a2c4d7cdb004f71a7e157568eb6fdba7e901b7b6116f9f5c6b0
North_America/sex-stratified/USA/fitted_model/South Carolina_age_0-44_sex_F.rda,model,3600383,2025-10-09 17:59:19 UTC,52fce21602d7fbc5d10ec7950f137fa1967c22c4d9318bc25cca5498544904b2
North_America/sex-stratified/USA/fitted_model/South Carolina_age_0-44_sex_M.rda,model,3600383,2025-10-09 17:57:42 UTC,d5b90ea03e1b6a0d5fd4e12ffdbd2d992975828171d9038fc7eea898da39801c
North_America/sex-stratified/USA/fitted_model/South Carolina_age_45-64_sex_F.rda,model,3600383,2025-10-09 17:58:24 UTC,9a51628402c87ae8e4cce66e86a7a6c4c7aa2aebdbdf62b0f42e19d25158a4c5
North_America/sex-stratified/USA/fitted_model/South Carolina_age_45-64_sex_M.rda,model,3600383,2025-10-09 17:57:07 UTC,6a54440b07ca5cc63fbc29fb8d859e199b7e9432800862f2818d7b2018d6e479
North_America/sex-stratified/USA/fitted_model/South Carolina_age_65-84_sex_F.rda,model,3600383,2025-10-09 18:01:39 UTC,ea103fe09e4abbcfad8e9df464b197dbda411f7d8bd2fd56dc7a087e7ec19472
North_America/sex-stratified/USA/fitted_model/South Carolina_age_65-84_sex_M.rda,model,3600383,2025-10-09 18:00:55 UTC,32afcc1e252c6c4914d3f2c3258b36d32a3106da75b832cdedfffeb603017673
North_America/sex-stratified/USA/fitted_model/South Carolina_age_Over 85_sex_F.rda,model,3600383,2025-10-09 18:00:16 UTC,efa5b0a20d38a81c676a8e3f095c6433056e95b38d3f66c89aa92ccac2c1c8d2
North_America/sex-stratified/USA/fitted_model/South Carolina_age_Over 85_sex_M.rda,model,3600383,2025-10-09 18:00:24 UTC,5c95fe6bd0d031c10108b41c8b0431d735c1a72e800838378f44824d20535668
North_America/sex-stratified/USA/fitted_model/South Carolina_age_all_sex_F.rda,model,1608721,2025-10-09 17:56:51 UTC,f362e09be4b6a8e273325c54c216bf2dd65d61b57005d9df783654fda3e9927d
North_America/sex-stratified/USA/fitted_model/South Carolina_age_all_sex_M.rda,model,1619208,2025-10-09 17:54:18 UTC,ea144834bcd46f685912021cd1bd37cfbf10e1c158604bea61507dd75ff34a86
North_America/sex-stratified/USA/fitted_model/South Dakota_age_0-44_sex_F.rda,model,626503,2025-10-09 18:01:24 UTC,a16e35793e1fac9bd717d14d52c00c52de4dda6ed316d1ae899b7f0c2b0bbe8b
North_America/sex-stratified/USA/fitted_model/South Dakota_age_0-44_sex_M.rda,model,2504743,2025-10-09 17:55:22 UTC,560a1481fc8b1c8695bfcdee676b17165fc8488c2b342e8f05b70072b75230c8
North_America/sex-stratified/USA/fitted_model/South Dakota_age_45-64_sex_F.rda,model,3588343,2025-10-09 17:58:48 UTC,8c339cc0e9c4383b675ee53aede1d173062368247881853f6fdae4de24b20b38
North_America/sex-stratified/USA/fitted_model/South Dakota_age_45-64_sex_M.rda,model,3588343,2025-10-09 17:54:50 UTC,fe056875f5af89e4dd484d94f56ff0eced70b73fc405ed6fda3ee799f883f2d5
North_America/sex-stratified/USA/fitted_model/South Dakota_age_65-84_sex_F.rda,model,3600383,2025-10-09 17:57:53 UTC,158b9bb1b8c48c69b4f318bea7303bc362bbbe335b7b60ca76550aa99cc3769e
North_America/sex-stratified/USA/fitted_model/South Dakota_age_65-84_sex_M.rda,model,3600383,2025-10-09 17:53:50 UTC,134ddb418d896f5663ea7d266fb247cf0f31120c07cb5752a2c67f066f5e84ed
North_America/sex-stratified/USA/fitted_model/South Dakota_age_Over 85_sex_F.rda,model,3600383,2025-10-09 18:01:18 UTC,8483208da2ac1dd38c7bb7c437e1b7bc900bb8c94f6078c012cdd3587819cb18
North_America/sex-stratified/USA/fitted_model/South Dakota_age_Over 85_sex_M.rda,model,3600383,2025-10-09 18:01:01 UTC,d87ff124d872890508195306c5d4ed50546713593425f59bd18d2c33412c735f
North_America/sex-stratified/USA/fitted_model/South Dakota_age_all_sex_F.rda,model,1284939,2025-10-09 18:01:38 UTC,575133cbb75f175787ae2b76891391563537e33d1d855ce3d6cfedd2bea33868
North_America/sex-stratified/USA/fitted_model/South Dakota_age_all_sex_M.rda,model,1308771,2025-10-09 17:59:39 UTC,b402883f81c8d024134e9e5ef9341df78a949146479f9b075f77ba479dfb2aea
North_America/sex-stratified/USA/fitted_model/Tennessee_age_0-44_sex_F.rda,model,3600383,2025-10-09 17:52:44 UTC,d447cf81ebb4a3d121c4499fe03dc7a5df2c563a5d8601c58b6cb2c03ac785f9
North_America/sex-stratified/USA/fitted_model/Tennessee_age_0-44_sex_M.rda,model,3600383,2025-10-09 17:52:10 UTC,71e713a6344a0c4165e9b490ed2451c8dcd3a5516fb4e35391af5f2b16ec565b
North_America/sex-stratified/USA/fitted_model/Tennessee_age_45-64_sex_F.rda,model,3600383,2025-10-09 17:54:39 UTC,76766e2a12298d4896e737463728271391a8cfcbba144b8f4c23fa10b9b1eb3f
North_America/sex-stratified/USA/fitted_model/Tennessee_age_45-64_sex_M.rda,model,3600383,2025-10-09 17:51:56 UTC,3373275a5b62cc7bec65f97f70e129e929d7a1e1ac43fb25e090f58068397bb7
North_America/sex-stratified/USA/fitted_model/Tennessee_age_65-84_sex_F.rda,model,3600383,2025-10-09 17:53:03 UTC,520a5ba88d8910b56574011e23fb8bb6ae6c02c9af6e1bb783fe3f0ab63ac18d
North_America/sex-stratified/USA/fitted_model/Tennessee_age_65-84_sex_M.rda,model,3600383,2025-10-09 17:56:56 UTC,9658ffe475a02a5bf28f86f76bcc3b44f035e033c77fec1afcafaab3c5474d3b
North_America/sex-stratified/USA/fitted_model/Tennessee_age_Over 85_sex_F.rda,model,3600383,2025-10-09 17:56:29 UTC,be57d71b48574693abd39191a5cb5fd8246cf96d89c207bbfb06a292e17c21a1
North_America/sex-stratified/USA/fitted_model/Tennessee_age_Over 85_sex_M.rda,model,3600383,2025-10-09 17:52:07 UTC,c26da6e1688b9a6be34c65996858aced8db8534e3112953aa6fa155080ef2fff
North_America/sex-stratified/USA/fitted_model/Tennessee_age_all_sex_F.rda,model,1652534,2025-10-09 18:00:20 UTC,bf591a9938bcfc8429a28436e3eb1a59643b11d5d41ed4cca625837a90e5da2e
North_America/sex-stratified/USA/fitted_model/Tennessee_age_all_sex_M.rda,model,1677354,2025-10-09 18:00:45 UTC,c12ad7330f4f2813b707b38ba14997340c526356673aa0721fa51c538bb52d10
North_America/sex-stratified/USA/fitted_model/Texas_age_0-44_sex_F.rda,model,3600383,2025-10-09 17:57:45 UTC,4ac6a39456473e9737238fc385c7d506022e93f5bc95b0c96dbee30395bbf5e8
North_America/sex-stratified/USA/fitted_model/Texas_age_0-44_sex_M.rda,model,3600383,2025-10-09 18:01:16 UTC,bdfb3f1dc912928e3707f2171c6108c15f66c5a2cf70447b0dbf2c76ba3b7c9a
North_America/sex-stratified/USA/fitted_model/Texas_age_45-64_sex_F.rda,model,3600383,2025-10-09 17:58:36 UTC,1bba2159667a82adb544763c5ced5f97c3192d8d651be2cf0ec42fd500cf31c6
North_America/sex-stratified/USA/fitted_model/Texas_age_45-64_sex_M.rda,model,3600383,2025-10-09 18:01:27 UTC,5677d155e96e1eebb3af55da6fc062ba6daa5edb293b8577f2a5ff6265a15708
North_America/sex-stratified/USA/fitted_model/Texas_age_65-84_sex_F.rda,model,3600383,2025-10-09 17:52:17 UTC,3a7decfbb36796e4ed24029a6839e398a87be4f25ad4f2a214d2ae652eea33ab
North_America/sex-stratified/USA/fitted_model/Texas_age_65-84_sex_M.rda,model,3600383,2025-10-09 17:57:43 UTC,d8af1229d56a394c9f8dce20a91fa6241ec8f64c43deb50dc2366b10b19063ab
North_America/sex-stratified/USA/fitted_model/Texas_age_Over 85_sex_F.rda,model,3600383,2025-10-09 17:51:58 UTC,1a3ee6171cdc3bf46492b865b9e5f074c68f663927de36ac50fb7c2d373d53de
North_America/sex-stratified/USA/fitted_model/Texas_age_Over 85_sex_M.rda,model,3600383,2025-10-09 17:58:43 UTC,14db8ddb25e93a346ea500da27401bf05f239d148b843aa8ca64ae5941215af5
North_America/sex-stratified/USA/fitted_model/Texas_age_all_sex_F.rda,model,1855400,2025-10-09 17:53:07 UTC,e41a00e131d5da5c6ba5f4fd4e079d2217ed13505f6513a20a9401778ffd06ec
North_America/sex-stratified/USA/fitted_model/Texas_age_all_sex_M.rda,model,1894466,2025-10-09 18:00:54 UTC,575fdfe7e779b4399ec3c894d4510ad758141cb14fe9f32e2f2b010f00d404e2
North_America/sex-stratified/USA/fitted_model/Utah_age_0-44_sex_F.rda,model,3588343,2025-10-09 18:00:30 UTC,68091d95c3dde84b9199160a7e091a23a22f2588ce5f3a9d241676ee31bf7526
North_America/sex-stratified/USA/fitted_model/Utah_age_0-44_sex_M.rda,model,3600383,2025-10-09 17:53:01 UTC,af1f7c77305fa18b61a230c80dadea7d16069ac7b03e3a2819e8fe1766415234
North_America/sex-stratified/USA/fitted_model/Utah_age_45-64_sex_F.rda,model,3600383,2025-10-09 17:57:32 UTC,d88f9dad58c1761e1d603128913c9e2b12465af00ae9bb93d00385290fa2268c
North_America/sex-stratified/USA/fitted_model/Utah_age_45-64_sex_M.rda,model,3600383,2025-10-09 17:55:23 UTC,5351a172342349bc1511d57280cf084285e8a5edbde500674bdbe14ef06e48dc
North_America/sex-stratified/USA/fitted_model/Utah_age_65-84_sex_F.rda,model,3600383,2025-10-09 17:54:34 UTC,99bd5be340c96770de4ec2f9ac64e30abcb5b9ca6ed83cbc217673d779194a4e
North_America/sex-stratified/USA/fitted_model/Utah_age_65-84_sex_M.rda,model,3600383,2025-10-09 17:53:46 UTC,bd75025dc7de37db92c750590c4f4691736c4adc558341c27a8ec2cb40cdde3e
North_America/sex-stratified/USA/fitted_model/Utah_age_Over 85_sex_F.rda,model,3600383,2025-10-09 17:58:52 UTC,ff1feee0d041b2ae643de9d8339ec8907c8a333e85c7208ec6373754be966a77
North_America/sex-stratified/USA/fitted_model/Utah_age_Over 85_sex_M.rda,model,3600383,2025-10-09 18:01:06 UTC,c2635233484be2fe1aa6cfd0e07570ce719578dde9af984dda5ac658a407588b
North_America/sex-stratified/USA/fitted_model/Utah_age_all_sex_F.rda,model,1466180,2025-10-09 17:59:30 UTC,291584e4d67643b948b6497a470d5d9ccdf921581201f47e1f1afbee3f948d8e
North_America/sex-stratified/USA/fitted_model/Utah_age_all_sex_M.rda,model,1465180,2025-10-09 18:01:00 UTC,7847f20bf13a7412c81794d6b866461638b220e045b4b6d1ee0759b49c65bd5f
North_America/sex-stratified/USA/fitted_model/Vermont_age_0-44_sex_M.rda,model,963623,2025-10-09 17:55:28 UTC,8239655568bb264aae0d6a2e629cc0bd575a390135654ff30082105f0d6b1d7e
North_America/sex-stratified/USA/fitted_model/Vermont_age_45-64_sex_F.rda,model,3576303,2025-10-09 17:59:52 UTC,7959c153761f1bf1ff14b42dd55b0ab7396a1081539da6f5b964aea46a05024b
North_America/sex-stratified/USA/fitted_model/Vermont_age_45-64_sex_M.rda,model,3600383,2025-10-09 17:54:32 UTC,b644a07552874c75c341bcd2a40b968bf655dcf56cb76336e55cc242a234a33a
North_America/sex-stratified/USA/fitted_model/Vermont_age_65-84_sex_F.rda,model,3600383,2025-10-09 17:58:13 UTC,850c5bf89035ed187aac3eb6224f86eeade02d23d4fd5aeea7336c9e623d5044
North_America/sex-stratified/USA/fitted_model/Vermont_age_65-84_sex_M.rda,model,3600383,2025-10-09 17:59:59 UTC,6a2b330b5e49d7e9a72985520921e863797ac7e67a3ee4c15b14da80ba5471cd
North_America/sex-stratified/USA/fitted_model/Vermont_age_Over 85_sex_F.rda,model,3600383,2025-10-09 17:55:08 UTC,b6c68df36f6518199e19de666bf0fc2adfd33a3e582569cb30808de79293569d
North_America/sex-stratified/USA/fitted_model/Vermont_age_Over 85_sex_M.rda,model,3600383,2025-10-09 17:58:19 UTC,2b10029dae95f84b8087aea01133fa5bfdc55d3506f179ee0cd0add448977c12
North_America/sex-stratified/USA/fitted_model/Vermont_age_all_sex_F.rda,model,1215198,2025-10-09 17:53:00 UTC,076a1ea4e4f26d13463895e9464c009b166d338f3b3adc73c6d0663c45c4e40e
North_America/sex-stratified/USA/fitted_model/Vermont_age_all_sex_M.rda,model,1237738,2025-10-09 17:52:47 UTC,641e8ff05b93121ff7f759e63c0ba6a74d1752ac927386d68be42d641421b2f5
North_America/sex-stratified/USA/fitted_model/Virginia_age_0-44_sex_F.rda,model,3600383,2025-10-09 17:57:14 UTC,2621df98e3d5cd06e136dd8d102ecba54f60ef19da851b1e72c5045576e3122a
North_America/sex-stratified/USA/fitted_model/Virginia_age_0-44_sex_M.rda,model,3600383,2025-10-09 17:53:09 UTC,5a8c67889b153850cb89fc71a21eca403a2b2ce97d728bca6ed62bff2c103886
North_America/sex-stratified/USA/fitted_model/Virginia_age_45-64_sex_F.rda,model,3600383,2025-10-09 17:54:46 UTC,ad1a0ff26498d8e78bb046cb277438aeeb3ccb761186cd003eeb013cdeaf2c64
North_America/sex-stratified/USA/fitted_model/Virginia_age_45-64_sex_M.rda,model,3600383,2025-10-09 18:00:51 UTC,597ed851d1c5d8090586e80e987bfce4b8841e372f36e75b5963d805e2fbe6cf
North_America/sex-stratified/USA/fitted_model/Virginia_age_65-84_sex_F.rda,model,3600383,2025-10-09 18:01:06 UTC,6be2c24e92fe0ce17ea9a70c04d3e41b950af9c778fdb3c7d38a8cc575614e07
North_America/sex-stratified/USA/fitted_model/Virginia_age_65-84_sex_M.rda,model,3600383,2025-10-09 18:00:59 UTC,e04977470c4f97f1c07151b5be3929788a3ae4f9332803009cda4ba4ffa82a73
North_America/sex-stratified/USA/fitted_model/Virginia_age_Over 85_sex_F.rda,model,3600383,2025-10-09 17:59:33 UTC,58855728e8571f7ac82de426f9f7a12d9b031fc3ecfdc1ff3b324df6e09cd360
North_America/sex-stratified/USA/fitted_model/Virginia_age_Over 85_sex_M.rda,model,3600383,2025-10-09 17:55:35 UTC,47892f97dc971d824265dca82ef70b8411ff78c55d8bca0168ef4f8b917f9744
North_America/sex-stratified/USA/fitted_model/Virginia_age_all_sex_F.rda,model,1650421,2025-10-09 17:59:01 UTC,bb7defc1d6c3f44273decbf622fdbf3d8c69516cc7a0e0798c95f744d8e90f65
North_America/sex-stratified/USA/fitted_model/Virginia_age_all_sex_M.rda,model,1657037,2025-10-09 17:57:21 UTC,c5900b8e6183dccf7673b548bb79a678aa73f016e0ca0f8f4c2c4a99d4ac31ed
North_America/sex-stratified/USA/fitted_model/Washington_age_0-44_sex_F.rda,model,3600383,2025-10-09 17:56:13 UTC,97a4f1d07a45ac2845fa497cca6b74eb6bea3b5d0705a26ccdb2e0f0ebeef680
North_America/sex-stratified/USA/fitted_model/Washington_age_0-44_sex_M.rda,model,3600383,2025-10-09 18:01:05 UTC,e9a9267f2efeed2ca4b943d4fbc7e54a20e4f15731b87518b8ffbbc6c6d2e4d9
North_America/sex-stratified/USA/fitted_model/Washington_age_45-64_sex_F.rda,model,3600383,2025-10-09 17:53:22 UTC,81d34d64b95b0984e7da36d79be65843aa88a79fa3992e27f2902c24ad7b46b0
North_America/sex-stratified/USA/fitted_model/Washington_age_45-64_sex_M.rda,model,3600383,2025-10-09 17:57:04 UTC,d8f62bc28b544fa04f7056ee7b13ff8156e18130e3492adf47293f09fe3bff1e
North_America/sex-stratified/USA/fitted_model/Washington_age_65-84_sex_F.rda,model,3600383,2025-10-09 17:55:50 UTC,8d6b47aac4e78ef21d860703082e8a1ecea64639ce5df024853b3d35c4a87bd6
North_America/sex-stratified/USA/fitted_model/Washington_age_65-84_sex_M.rda,model,3600383,2025-10-09 18:00:48 UTC,b4446bc1b9a0fa3cb9d641094a6f2e86efc92880efeef8fb907f584c2ad6835a
North_America/sex-stratified/USA/fitted_model/Washington_age_Over 85_sex_F.rda,model,3600383,2025-10-09 17:52:51 UTC,23c5f13248664048f6d01df835762a1e137a6e33c377403ba91ba84367d31760
North_America/sex-stratified/USA/fitted_model/Washington_age_Over 85_sex_M.rda,model,3600383,2025-10-09 17:57:50 UTC,58ca758c2d001efc1886042efd7a7eb158c7d799902eabf5d5970a0bbccc9f8e
North_America/sex-stratified/USA/fitted_model/Washington_age_all_sex_F.rda,model,1618886,2025-10-09 18:00:26 UTC,b0f1bbcaec0e1dddc3960e59798e24a92527256217eb310ff1d1cb54ed27dbb8
North_America/sex-stratified/USA/fitted_model/Washington_age_all_sex_M.rda,model,1632309,2025-10-09 17:57:40 UTC,b197372184247326d220bcfe7b9d059db085b74ec43898c79f1d1c9b26e93e1d
North_America/sex-stratified/USA/fitted_model/West Virginia_age_0-44_sex_F.rda,model,3576303,2025-10-09 17:58:59 UTC,078b1729e8b811ba91cd30bec9c603c47151584f00665dcade323fe07d88e749
North_America/sex-stratified/USA/fitted_model/West Virginia_age_0-44_sex_M.rda,model,3588343,2025-10-09 17:57:01 UTC,10150e626864555b9454dfe2993f215057d13f332afcf972b5954e9d8f08b1ad
North_America/sex-stratified/USA/fitted_model/West Virginia_age_45-64_sex_F.rda,model,3600383,2025-10-09 18:00:25 UTC,7e7b51dfaffcea132400e75c50d9bf005a7637782bf5f4adfe9159e02ee28fab
North_America/sex-stratified/USA/fitted_model/West Virginia_age_45-64_sex_M.rda,model,3600383,2025-10-09 17:53:58 UTC,f42f77a7ec6c4b28e11c02e25e1e0b96733fd09c209f95ff32808f0ad68dd22c
North_America/sex-stratified/USA/fitted_model/West Virginia_age_65-84_sex_F.rda,model,3600383,2025-10-09 18:01:02 UTC,366fcf15fbebc5dfd7cb263867146e9ee3695ff99335ddbef7487de5c1889ba5
North_America/sex-stratified/USA/fitted_model/West Virginia_age_65-84_sex_M.rda,model,3600383,2025-10-09 18:00:44 UTC,daf4f8fef9f42e597aa421449fc041f526e56197d96799af40daad60eda989fc
North_America/sex-stratified/USA/fitted_model/West Virginia_age_Over 85_sex_F.rda,model,3600383,2025-10-09 17:56:12 UTC,d46722634be759b101c3ff766fe98b82b49859db0194ef505ba79be24ebbc27d
North_America/sex-stratified/USA/fitted_model/West Virginia_age_Over 85_sex_M.rda,model,3600383,2025-10-09 17:57:05 UTC,c1f5f50fdffe63bc6eceb3e25e0a2e410574252cb7b0a2dd83bfa17236f40fa7
North_America/sex-stratified/USA/fitted_model/West Virginia_age_all_sex_F.rda,model,1449590,2025-10-09 17:57:49 UTC,81b8f7b210474b66629ea8b488ca49f759b5ce8a9f3fdbf8ab8f67fb052c0528
North_America/sex-stratified/USA/fitted_model/West Virginia_age_all_sex_M.rda,model,1469302,2025-10-09 17:58:46 UTC,d1931175faf3410c3d5ba8ba9d1512e51e77459f98dcf3fc688fd841e36b8f35
North_America/sex-stratified/USA/fitted_model/Wisconsin_age_0-44_sex_F.rda,model,3588343,2025-10-09 17:59:51 UTC,d254d26d151530290f5c1aae6fa2da943bc4fadcbe84083efd6b6c08bfd13d4a
North_America/sex-stratified/USA/fitted_model/Wisconsin_age_0-44_sex_M.rda,model,3600383,2025-10-09 18:00:52 UTC,5a3d487ad76c9272c4ccfd3b65e099a05fecb9c43ef46c75763ab02821811dc7
North_America/sex-stratified/USA/fitted_model/Wisconsin_age_45-64_sex_F.rda,model,3600383,2025-10-09 18:01:03 UTC,1fccdd60dc6e97457ec2151604556b2d29bd0f50341fd90f504e73919a30b4ef
North_America/sex-stratified/USA/fitted_model/Wisconsin_age_45-64_sex_M.rda,model,3600383,2025-10-09 17:52:13 UTC,53e7518b3da79553bdc5f00a293f6573d5e6af99e44dc2fa0a08f4061a8142e5
North_America/sex-stratified/USA/fitted_model/Wisconsin_age_65-84_sex_F.rda,model,3600383,2025-10-09 17:59:30 UTC,7e74e84a0373ae25f2d3dee5dea332a0bfce59c67e97d3b4464875056cb7bd3e
North_America/sex-stratified/USA/fitted_model/Wisconsin_age_65-84_sex_M.rda,model,3600383,2025-10-09 17:56:50 UTC,bc3ba3c4611b87a598d4577f5f32c3f85332b13a940962875c18ce99dee7ce55
North_America/sex-stratified/USA/fitted_model/Wisconsin_age_Over 85_sex_F.rda,model,3600383,2025-10-09 17:54:28 UTC,130f5f06d327ad2d769221a599bfda40ed817dd1737a93cc2697d3d5075a7224
North_America/sex-stratified/USA/fitted_model/Wisconsin_age_Over 85_sex_M.rda,model,3600383,2025-10-09 18:01:14 UTC,4b22965933f00438144bbfb370acd7744e76f8a934d263acd7a41ef742f0c6ff
North_America/sex-stratified/USA/fitted_model/Wisconsin_age_all_sex_F.rda,model,1594353,2025-10-09 17:56:40 UTC,5e72677cdc5229d5cc6ccad135b41b25d5ea5e1804c842a0e19f224058a34aeb
North_America/sex-stratified/USA/fitted_model/Wisconsin_age_all_sex_M.rda,model,1604586,2025-10-09 17:57:25 UTC,6bb2c8adace2323829ae6339fbec441af110cde6ab66d5ab12f9e1d08cbc10ea
North_America/sex-stratified/USA/fitted_model/Wyoming_age_0-44_sex_F.rda,model,336983,2025-10-09 18:01:16 UTC,8b4ea7531be42cca84d4f97375e94b0cb3cdb7dc07cb0599f6c0645fec493108
North_America/sex-stratified/USA/fitted_model/Wyoming_age_0-44_sex_M.rda,model,1553583,2025-10-09 17:54:44 UTC,1bf93239fec413022217a2908c87d3dc69b8d2e9e35a416be7eeeda3c2460473
North_America/sex-stratified/USA/fitted_model/Wyoming_age_45-64_sex_F.rda,model,3504063,2025-10-09 17:52:14 UTC,c69cc3b021bdf8663e76dfde58cdd016c44313c77cff376f0a329258a4e1e2b1
North_America/sex-stratified/USA/fitted_model/Wyoming_age_45-64_sex_M.rda,model,3588343,2025-10-09 17:52:16 UTC,a52ff65b5cab467195203f2fbb2f9690dd4dab83f53dfa756b16f41ba0449d6e
North_America/sex-stratified/USA/fitted_model/Wyoming_age_65-84_sex_F.rda,model,3600383,2025-10-09 17:57:51 UTC,d63a906df636883a351595514ac2fa4effe651128a77d212682ca33ddd3a7e51
North_America/sex-stratified/USA/fitted_model/Wyoming_age_65-84_sex_M.rda,model,3600383,2025-10-09 18:01:20 UTC,cc0bdc5465314f6d92156000fc6b92e3660e330dccdbe987f4190c94299a7ace
North_America/sex-stratified/USA/fitted_model/Wyoming_age_Over 85_sex_F.rda,model,3600383,2025-10-09 17:56:03 UTC,92016890978d9a1fac88576536f7cde85d1b35c4dfce137ce7eb5cf3eecdc771
North_America/sex-stratified/USA/fitted_model/Wyoming_age_Over 85_sex_M.rda,model,3600383,2025-10-09 17:53:10 UTC,97566fc1b4cd8e2171178efefd2c2cf754f2fcc0208b10ffc1657b9ba8ae56e4
North_America/sex-stratified/USA/fitted_model/Wyoming_age_all_sex_F.rda,model,1141507,2025-10-09 18:01:09 UTC,bbc3ba555f12de10fa018b1ef10321a03ee61dead367abda33e334ea3894c044
North_America/sex-stratified/USA/fitted_model/Wyoming_age_all_sex_M.rda,model,1218598,2025-10-09 17:55:11 UTC,1edb1f7e0ea0e6ccaa9e89235b856edd2f960c40e16d12cffc67415f3734d701
North_America/sex-stratified/USA/function.R,code,9924,2025-10-09 18:03:48 UTC,ec6d024a23a46f51ae298aa52b2afad762f36db81b238c1a1a7f60bb0ad801cb
"North_America/sex-stratified/USA/monthly_data/Multiple Cause of Death, 1999-2002.txt",input,4838186,2025-10-09 18:03:41 UTC,48d268ee670fc5f267fb2fbb46b2344284e4bb91a0992e84bbe560f13ef93c8a
"North_America/sex-stratified/USA/monthly_data/Multiple Cause of Death, 2003-2006.txt",input,4831583,2025-10-09 18:03:45 UTC,27cc5a5bbd5f790e301008c516f2858c838a6c3e34e2e95fd7ee1896926d2933
"North_America/sex-stratified/USA/monthly_data/Multiple Cause of Death, 2007-2010.txt",input,4783991,2025-10-09 18:03:42 UTC,623d970de15d0bd72d6fb2ec653d34109c335378595e66c7930c2dbfa4010962
"North_America/sex-stratified/USA/monthly_data/Multiple Cause of Death, 2011-2014.txt",input,4748448,2025-10-09 18:03:40 UTC,da60c5c5f227ad18bcf364063d91a44f1d96f6c6bf8f601c31af34d3b4925034
"North_America/sex-stratified/USA/monthly_data/Multiple Cause of Death, 2015-2018.txt",input,4799599,2025-10-09 18:03:42 UTC,da71764edcd1e9f60544fabd1a03b9c9c710c5b533cfc9637fda8d4f36e97f50
"North_America/sex-stratified/USA/monthly_data/Multiple Cause of Death, 2019-2020.txt",input,2430258,2025-10-09 18:03:44 UTC,d441448f25c8a0a41e685db5dd678d7f701cbcabe72e481922de46b74224fd70
"North_America/sex-stratified/USA/monthly_data/Multiple Cause of Death, 2021-2023.txt",input,4159058,2025-10-09 18:03:43 UTC,3e9d3dd8da8c1295284b25ce025cd8e1b91b2e9bcdd10655bc1f8226cf95ccac
North_America/sex-stratified/USA/plot_aggregate.R,code,6098,2025-10-09 18:03:37 UTC,5ae1f1b341c721115cdaf1c1b70434689ca47a5301f0e2f107557b913a1bb7a2
North_America/sex-stratified/USA/plot_map.R,code,4085,2025-10-09 18:03:45 UTC,7980013a147c536b4c2f9874cc1094592324f4a18740bcd1afe58aeb634a3a99
North_America/sex-stratified/USA/plot_series.R,code,5278,2025-10-09 18:03:38 UTC,27e4c75335d05003e7eea93fd66ea678c95e7d2ffb361db7e5ee742a9db5a100
North_America/sex-stratified/USA/prepare_table.R,code,2551,2025-11-24 04:09:46 UTC,e70df038b0d608c2aff09d83d3b943d90b5b62c38f4ed484a619d021d9bf12aa
North_America/sex-stratified/USA/pscore_diff.R,code,15590,2025-10-09 18:03:37 UTC,2f4436931ace8ced050e2e62b109aee5ede0c6be841dc7a560dec1ee44c7488b
North_America/sex-stratified/USA/pscore_diff_pooled.R,code,17232,2025-10-09 18:03:36 UTC,2ec2ef085fd53f22771371b44b91421180a90542d7e7f6d189b45bb61a1b8921
North_America/sex-stratified/USA/script_server.R,code,3634,2025-10-09 18:03:18 UTC,eab01495a6180644a4fbb238c12442c483a11df278fe9e72c40a96207809281f
North_America/sex-stratified/USA/script_server_pooled.R,code,3847,2025-10-09 18:03:38 UTC,be10bbb074cadd642d9d8e8463a99ce717fea28258628b21af417e80a9dc7d7f
North_America/sex-stratified/USA/sensitivity.R,code,20197,2025-10-09 18:03:18 UTC,5003e7265fb12a2a9fffd98606c32f5f1fb135ec956939f32999bee6afc0526b
North_America/sex-stratified/USA/us_state_vaccinations_select.rda,other,1103,2025-10-09 18:03:48 UTC,1239b26bd97e778fd0cd6dba1ed3f21ba707bd95ea01945d29a5c4d071c25bd4
North_America/sex-stratified/USA_monthly_result.rda,result,42031,2025-10-09 17:51:55 UTC,5cdce35cdf230521dd7ce95cf1a84ab6f318f11d33379e8976fe18e6ee8445aa
North_America/sex-stratified/cb_2018_us_state_500k/cb_2018_us_state_500k.cpg,geospatial,5,2025-10-09 18:04:00 UTC,3ad3031f5503a4404af825262ee8232cc04d4ea6683d42c5dd0a2f2a27ac9824
North_America/sex-stratified/cb_2018_us_state_500k/cb_2018_us_state_500k.dbf,geospatial,9058,2025-10-09 18:04:00 UTC,89eb50d0ae403c7d2efef682b4fb7e70842056935e5afd1e0e889d79f5ad4da8
North_America/sex-stratified/cb_2018_us_state_500k/cb_2018_us_state_500k.prj,geospatial,165,2025-10-09 18:04:00 UTC,0b9041e921d9ebb43247d314608fe9e38a0b008ee793067fc1806199ea1fb9dd
North_America/sex-stratified/cb_2018_us_state_500k/cb_2018_us_state_500k.shp,geospatial,4721868,2025-10-09 18:04:00 UTC,910ca4d7d6490ce286800ac857fcd384e001b140bc59b5c2c363c065645209c7
North_America/sex-stratified/cb_2018_us_state_500k/cb_2018_us_state_500k.shp.ea.iso.xml,other,17905,2025-10-09 18:04:00 UTC,eaa5c2b46932f1e4aa44cb83add8d18ea37b6b6805f377f063b4f16fffe0246c
North_America/sex-stratified/cb_2018_us_state_500k/cb_2018_us_state_500k.shp.iso.xml,other,32982,2025-10-09 18:04:00 UTC,5190ce1c3ff5f0f946e028fe9958d857c42c6d6e6504734a1f1659d99947148a
North_America/sex-stratified/cb_2018_us_state_500k/cb_2018_us_state_500k.shx,geospatial,548,2025-10-09 18:04:00 UTC,81917f840e9868d2eda20e38b3922a67f1c709112f7efe58402337d50e8afd5f
North_America/sex-stratified/lpr_000b21a_e/lpr_000b21a_e.dbf,geospatial,4918,2025-10-09 18:04:32 UTC,34c024a209176eeb64ee6d95418b290ed4bd135e8f840ef0a89703781e0b0851
North_America/sex-stratified/lpr_000b21a_e/lpr_000b21a_e.prj,geospatial,524,2025-10-09 18:04:32 UTC,ab73d71a919003b760582daea9d1653b857b98c0a66efecb65d7d3c30911908b
North_America/sex-stratified/lpr_000b21a_e/lpr_000b21a_e.shp,geospatial,265901524,2025-10-09 18:04:31 UTC,46c62ecd4a8dce05e0f8343e919fbf9c7f87c6d4ec0f556a1a7b662aaedcca52
North_America/sex-stratified/lpr_000b21a_e/lpr_000b21a_e.shx,geospatial,204,2025-10-09 18:04:32 UTC,9e5fe372d0c512c76d214ef9502ffaa54112ffea74a26e7c6bd159f6593b98b8
North_America/sex-stratified/lpr_000b21a_e/lpr_000b21a_e.xml,other,48085,2025-10-09 18:04:31 UTC,b0412cf29db8ac0f197dbc742bd13791236075e84e0bd711eec8158c51182d88
North_America/sex-stratified/plot_map_all.R,code,5308,2025-10-09 18:04:01 UTC,d4458ca029203075f21d2209b4affb4a417acd47e59a9c85d4062953b0aac0fc
UK/UK_result_65_85 2.rda,result,419,2024-06-01 21:57:10 UTC,574e5fe1dc8fbd752e1f0c7ade3ca23c7bc96f82040c0380aa641b8fc461c177
UK/UK_result_85 2.rda,result,426,2024-06-01 21:57:13 UTC,5ba0147968df460422cced33f4710536b5932d9ebacc2a6f7352eb9961a97cae
UK/UK_result_under_65 2.rda,result,419,2024-06-01 21:57:07 UTC,97b6286fb1fd0e3bbc21d09cf58430ffe4892a157b830d638b02c6acc83a9e16
UK/UK_results/UK_combined_final.rda,result,54125,2023-10-19 04:39:17 UTC,abca3f94b1f2e3417839beab77bfc8db93d29c20928b76f2fae985cb9befed84
UK/UK_results/UK_result_65_85.rda,result,421,2024-06-01 22:43:26 UTC,593de78576c173e4c52637bfb355629c17cd53e49cb245172d5dbf2ebe2182b5
UK/UK_results/UK_result_85.rda,result,422,2024-06-01 22:49:14 UTC,f2500cef001c4149d770b9483519d7eadb64537de621416e05e2b51800c8c78c
UK/UK_results/UK_result_under_65.rda,result,419,2024-06-01 22:36:48 UTC,97b6286fb1fd0e3bbc21d09cf58430ffe4892a157b830d638b02c6acc83a9e16
UK/UK_results/final_data.rda,result,433334,2023-09-21 14:48:18 UTC,d0123374e927b0fcbab65ae73e2b2588b0aead3e12c4433bf879ddb65fba8631
UK/dailydeaths19812020.xlsx,input,7488018,2023-09-21 14:48:28 UTC,542df949a75905e49b51259cb3e4934f09d1c116119e1f755fa4e9a227358327
UK/data_process.R,code,1333,2023-09-21 14:48:32 UTC,7449eadb7d415e25c2660ce33b35d056895a00664e49724afffefceb83bc11dd
UK/data_process_2021_2023.R,code,2802,2023-10-19 04:39:16 UTC,727752ebd7de5c3355748f4f0a45aaa31cfec512650165eee5662c52284823d9
UK/fitted_mod/model_pred_65_74.rda,model,12568013,2023-09-21 14:48:27 UTC,51d9d8a5fbd9ac9a42bcdb4b14b74da645caed16d7a89567a8fd4168bd31241a
UK/fitted_mod/model_pred_65_85.rda,model,13928940,2024-06-01 22:43:26 UTC,39ed9ed18de72c3c2f1d87c81f8e673bc972e337c4c53f5a1893328d169de9ed
UK/fitted_mod/model_pred_75_84.rda,model,13119669,2023-09-21 14:48:25 UTC,6cb9c2ac5d7c511b146d9d0e89e73edb014fdcc666a89e2c5c64272d4f09088d
UK/fitted_mod/model_pred_85.rda,model,13714009,2024-06-01 22:49:14 UTC,0ec29d263f0cb7bee820bed52db3479ede0119fcba5e6c15545fece4eb920277
UK/fitted_mod/model_pred_less_65.rda,model,11989360,2023-09-21 14:48:20 UTC,3c719b769930c65074cbabd9bd01e1d053fa8e6d09532f93b77b1c1ad4db2703
UK/fitted_mod/model_pred_more_85.rda,model,13650777,2023-09-21 14:48:22 UTC,d2ba7383044f2fb19f0bb61dd5da5278ed5971396dd1067b5dc4c2e505a9441b
UK/fitted_mod_negbin/model_pred_65_74.rda,model,13121753,2023-10-02 22:02:19 UTC,75b1c371daf9b6028feffca8abe09b6bd40b75d989d0ba201fb232df59f5db3a
UK/fitted_mod_negbin/model_pred_75_84.rda,model,13122071,2023-10-02 22:03:28 UTC,f7a01034106f06f4d6d3c205433ab9c9b3394f54bea52b200e7bb3e1f182a44a
UK/fitted_mod_negbin/model_pred_less_65.rda,model,11985745,2023-10-02 15:06:32 UTC,f75e0c9f9d4dbc24748601ef0352c405081a1819077c822faaf52ba951a66faf
UK/fitted_mod_negbin/model_pred_more_85.rda,model,13649543,2023-10-02 22:47:30 UTC,e744e5f763b07ffd6031a0c4ab3f47ee34a1a6e53a2d0564b77268019074a579
UK/function.R,code,14214,2024-06-01 21:57:04 UTC,85a364b38413e0f7bcd83e8f777c9a816600880e33dc70bd5a406dbf3a583ba5
UK/model_fit.R,code,3345,2025-10-09 20:24:11 UTC,8939209151ca5f3e5c82fbb6036ba81aa6c8a7c7aa509f2af8f5d683f12c2bc6
UK/output.log,other,1899,2023-09-21 14:48:32 UTC,f5cdc654642af25ead295d21950b20b648980ae112923c51dc5fcdc16b7bb20b
UK/publicationfileweek352023.xlsx,input,256269,2023-09-21 14:48:32 UTC,99069f09ee2ead637602f01eb7b4247c1136e6e6d5130dbda335c691fc97dde3
UK/publicationfileweek522022.xlsx,input,311040,2023-09-21 14:48:32 UTC,465e33525f958af3bdef80d831297b0a7dbc71b25e38e6704902a22a03062b42
UK/publishedweek522021.xlsx,input,556831,2023-09-21 14:48:32 UTC,c693e217858a14a5721b2252f2359659437e78b6eb22af9da79a94e76a6ba8b2
UK/tut.cpp,code,3364,2023-09-21 14:48:18 UTC,08576ddaabd19100115aecc362bbea01b9ed9f2ab904db1384b4ba6f14272ecd
UK/tut.o,other,29231512,2023-11-17 21:05:35 UTC,ad72ab200c5e7d63084a7e1f56aebdc45eedca0eaf1e2666af9986c9d72a68a9
UK/tut.so,other,12629347,2023-11-17 21:05:35 UTC,dc60acae71096cb6c5ba6ddb2c13b4168af74a019ceafd6fd9a7a4873aa6bfc0
UK/tut_negbin.cpp,code,3220,2023-10-02 16:57:09 UTC,bd612823e7dd4ff04606711fda8d79c9853f6862c4a1bab3be7429d4e6370185
UK/tut_negbin.o,other,31152208,2023-10-02 16:59:51 UTC,1a808fe099622d16aff55484fe35bd7070a469dcd69ad4c8646080e10dfb7991
UK/tut_negbin.so,other,12795664,2023-10-02 16:59:51 UTC,d83cc09f6b40241ae22c99028bb6751fe92ad8bcea7aad51af79ddddc5ba65a2
vaccination/NA/COVID-19_Vaccination_Age_and_Sex_Trends_in_the_United_States__National_and_Jurisdictional_20240404.csv,input,177613959,2024-04-04 20:17:27 UTC,e3a2793d1470cdc97f7e4c84e058e4943b0d31a86cdcdbf35ff4b7689e72a469
vaccination/NA/sensitivity.R,code,20197,2024-05-09 18:48:34 UTC,5003e7265fb12a2a9fffd98606c32f5f1fb135ec956939f32999bee6afc0526b
vaccination/NA/summary_vacc.R,code,2543,2024-05-16 19:47:00 UTC,95584a5e4f9de08ac7ca3c95d9bede06432225ca444abf4a5b966d70e9553855
vaccination/NA/summary_vacc_age.R,code,6118,2024-04-05 19:57:41 UTC,ec3275c1585ef32ef1a645f9956c55f9ad2123cebee001ada6de147c4ea7c3a5
vaccination/NA/us_state_vaccinations.csv,input,4919927,2024-04-04 17:49:06 UTC,8f550f2d086fc9b3441e86fd9e4f35b80d46f279553076aa21209026dd748a35
vaccination/NA/us_state_vaccinations_select.rda,other,1097,2024-05-09 17:54:58 UTC,104e9dc42a6135f9fabe261e3408c861e0e3b8d28d7de68df4160b3580cfefb2
vaccination/ne_10m_admin_0_countries_lakes.README.html,other,39383,2024-01-24 21:24:08 UTC,01e711029395bc94936ec82cabf06856f04f7d0e74747351799283c081c6631c
vaccination/ne_10m_admin_0_countries_lakes.VERSION.txt,input,7,2024-01-24 21:24:08 UTC,548358969090d629b41888f5fe664ac31b7203dfd849f7c1ef820ac055b62191
vaccination/ne_10m_admin_0_countries_lakes.cpg,geospatial,5,2024-01-24 21:24:08 UTC,3ad3031f5503a4404af825262ee8232cc04d4ea6683d42c5dd0a2f2a27ac9824
vaccination/ne_10m_admin_0_countries_lakes.dbf,geospatial,878482,2024-01-24 21:24:08 UTC,c5dbd3dd5fd7e2ef49051fc88562c03819e8ea63a382642df6eadd1243bf4b49
vaccination/ne_10m_admin_0_countries_lakes.prj,geospatial,145,2024-01-24 21:24:08 UTC,a02a27b1d1982c8516d83398e85a3c8b1aef1713c13ef4d84d7bde17430c07c4
vaccination/ne_10m_admin_0_countries_lakes.shp,geospatial,9015152,2024-01-24 21:24:08 UTC,17bc623f3f3c5d926c474146377bcccd4524a9d73e62815e71ada21e1e820893
vaccination/ne_10m_admin_0_countries_lakes.shx,geospatial,2164,2024-01-24 21:24:08 UTC,35c7bbc49513e5fd4b89dacb823e23c8856317ce6c8b1f2d76eb81c1da695d9a
vaccination/vaccinations-by-age-group.csv,input,2874842,2024-01-19 18:03:16 UTC,2bcf8f8c4e5d71bceed0ff368cd8745bada212c9eb34e8d7f95058980ceef911
vaccination/vaccinations.R,code,6442,2024-05-13 16:40:33 UTC,187d1a15c8ef2f22eca9dc1ddc9353e3901051c1affc6c021a7e0f855735eb63
vaccination/vaccinations.csv,input,13675150,2024-01-19 18:03:16 UTC,2b8484b536ce08304cd35a59092ec027c7f84879d6881df02a52dd529acdb59b
