"region_set","analysis_family","geography","geography_label","people_vaccinated_per_hundred","vaccination_group","vaccination_measurement_date","estimand_age_group","estimand_sex_group","frequency","initial","alpha","delta","omicron","result_status","in_manuscript_table_1"
"Europe","europe","AM","Armenia",2.1,"low","2021-06-27","20-39","Male and female","weekly","M: 1.791; F: 0.063","M: 4.145; F: 0.161","M: 0.530; F: 0.519","M: 0.393; F: 0.261","available","No"
"Europe","europe","AM","Armenia",2.1,"low","2021-06-27","40-59","Male and female","weekly","M: 0.166; F: 0.288","M: 0.417; F: 0.577","M: 0.270; F: 0.800","M: 0.014; F: 0.194","available","No"
"Europe","europe","AM","Armenia",2.1,"low","2021-06-27","60-79","Male and female","weekly","M: 0.240; F: 0.174","M: 0.651; F: 0.589","M: 0.579; F: 0.833","M: 0.232; F: 0.165","available","Yes"
"Europe","europe","AM","Armenia",2.1,"low","2021-06-27","GE80","Male and female","weekly","M: 0.183; F: 0.140","M: 0.534; F: 0.328","M: 0.433; F: 0.363","M: -0.102; F: -0.058","available","No"
"Europe","europe","AT","Austria",53.48,"high","2021-06-25","20-39","Male and female","weekly","M: -0.006; F: 0.155","M: 0.236; F: 0.000","M: 0.199; F: 0.113","M: 0.224; F: 0.215","available","No"
"Europe","europe","AT","Austria",53.48,"high","2021-06-25","40-59","Male and female","weekly","M: 0.072; F: -0.028","M: 0.070; F: -0.020","M: 0.186; F: 0.028","M: 0.076; F: -0.027","available","No"
"Europe","europe","AT","Austria",53.48,"high","2021-06-25","60-79","Male and female","weekly","M: 0.012; F: 0.003","M: 0.109; F: 0.072","M: 0.120; F: 0.108","M: 0.026; F: 0.007","available","Yes"
"Europe","europe","AT","Austria",53.48,"high","2021-06-25","GE80","Male and female","weekly","M: 0.061; F: 0.012","M: 0.226; F: 0.123","M: 0.150; F: 0.122","M: 0.122; F: 0.055","available","No"
"Europe","europe","BE","Belgium",63.15,"high","2021-07-01","20-39","Male and female","weekly","M: 0.052; F: -0.019","M: -0.012; F: 0.045","M: 0.054; F: 0.214","M: 0.066; F: 0.087","available","No"
"Europe","europe","BE","Belgium",63.15,"high","2021-07-01","40-59","Male and female","weekly","M: 0.112; F: 0.069","M: 0.138; F: 0.004","M: 0.159; F: 0.083","M: 0.120; F: 0.065","available","No"
"Europe","europe","BE","Belgium",63.15,"high","2021-07-01","60-79","Male and female","weekly","M: 0.132; F: 0.105","M: 0.137; F: 0.098","M: 0.167; F: 0.110","M: 0.085; F: 0.091","available","Yes"
"Europe","europe","BE","Belgium",63.15,"high","2021-07-01","GE80","Male and female","weekly","M: 0.179; F: 0.185","M: 0.077; F: 0.024","M: 0.033; F: -0.007","M: -0.037; F: -0.026","available","No"
"Europe","europe","BG","Bulgaria",14.18,"low","2021-07-01","20-39","Male and female","weekly","M: -0.078; F: -0.073","M: 0.348; F: 0.299","M: 0.466; F: 0.552","M: 0.006; F: -0.003","available","No"
"Europe","europe","BG","Bulgaria",14.18,"low","2021-07-01","40-59","Male and female","weekly","M: 0.061; F: 0.101","M: 0.433; F: 0.529","M: 0.532; F: 0.769","M: 0.070; F: 0.117","available","No"
"Europe","europe","BG","Bulgaria",14.18,"low","2021-07-01","60-79","Male and female","weekly","M: 0.026; F: 0.048","M: 0.546; F: 0.562","M: 0.541; F: 0.738","M: 0.037; F: 0.055","available","Yes"
"Europe","europe","BG","Bulgaria",14.18,"low","2021-07-01","GE80","Male and female","weekly","M: -0.025; F: -0.050","M: 0.404; F: 0.252","M: 0.358; F: 0.342","M: -0.057; F: -0.050","available","No"
"Europe","europe","HR","Croatia",36.94,"low","2021-06-29","20-39","Male and female","weekly","M: -0.014; F: -0.028","M: 0.119; F: 0.252","M: 0.134; F: 0.143","M: 0.086; F: 0.018","available","No"
"Europe","europe","HR","Croatia",36.94,"low","2021-06-29","40-59","Male and female","weekly","M: -0.017; F: -0.022","M: 0.204; F: 0.169","M: 0.285; F: 0.289","M: 0.070; F: 0.012","available","No"
"Europe","europe","HR","Croatia",36.94,"low","2021-06-29","60-79","Male and female","weekly","M: 0.043; F: 0.091","M: 0.315; F: 0.334","M: 0.369; F: 0.405","M: 0.101; F: 0.154","available","Yes"
"Europe","europe","HR","Croatia",36.94,"low","2021-06-29","GE80","Male and female","weekly","M: -0.012; F: -0.008","M: 0.279; F: 0.145","M: 0.250; F: 0.242","M: -0.004; F: -0.038","available","No"
"Europe","europe","CY","Cyprus",51.62,"neither","2021-06-30","20-39","Male and female","weekly","M: 0.000; F: -0.160","M: 0.161; F: -0.259","M: 0.023; F: 0.750","M: -0.210; F: -0.066","available","No"
"Europe","europe","CY","Cyprus",51.62,"neither","2021-06-30","40-59","Male and female","weekly","M: 0.199; F: 0.158","M: 0.181; F: 0.477","M: 0.427; F: 0.456","M: 0.098; F: 0.128","available","No"
"Europe","europe","CY","Cyprus",51.62,"neither","2021-06-30","60-79","Male and female","weekly","M: 0.032; F: 0.042","M: 0.040; F: 0.107","M: 0.199; F: 0.322","M: -0.019; F: 0.066","available","No"
"Europe","europe","CY","Cyprus",51.62,"neither","2021-06-30","GE80","Male and female","weekly","M: 0.000; F: 0.020","M: 0.091; F: 0.004","M: 0.242; F: 0.185","M: 0.056; F: 0.030","available","No"
"Europe","europe","CZ","Czechia",48.82,"neither","2021-07-01","20-39","Male and female","weekly","M: -0.010; F: 0.031","M: 0.112; F: 0.264","M: 0.130; F: 0.101","M: 0.146; F: -0.003","available","No"
"Europe","europe","CZ","Czechia",48.82,"neither","2021-07-01","40-59","Male and female","weekly","M: 0.061; F: 0.119","M: 0.341; F: 0.388","M: 0.215; F: 0.220","M: 0.060; F: 0.118","available","No"
"Europe","europe","CZ","Czechia",48.82,"neither","2021-07-01","60-79","Male and female","weekly","M: 0.070; F: 0.056","M: 0.461; F: 0.340","M: 0.132; F: 0.149","M: -0.047; F: -0.052","available","No"
"Europe","europe","CZ","Czechia",48.82,"neither","2021-07-01","GE80","Male and female","weekly","M: 0.106; F: 0.073","M: 0.411; F: 0.271","M: 0.095; F: 0.094","M: 0.011; F: -0.012","available","No"
"Europe","europe","DK","Denmark",53.29,"high","2021-06-25","20-39","Male and female","weekly","M: 0.034; F: 0.160","M: 0.034; F: 0.137","M: -0.010; F: 0.023","M: 0.075; F: 0.147","available","No"
"Europe","europe","DK","Denmark",53.29,"high","2021-06-25","40-59","Male and female","weekly","M: -0.019; F: -0.001","M: -0.002; F: -0.006","M: 0.037; F: 0.133","M: 0.052; F: 0.043","available","No"
"Europe","europe","DK","Denmark",53.29,"high","2021-06-25","60-79","Male and female","weekly","M: -0.020; F: 0.008","M: -0.022; F: 0.000","M: 0.058; F: 0.080","M: -0.014; F: 0.036","available","Yes"
"Europe","europe","DK","Denmark",53.29,"high","2021-06-25","GE80","Male and female","weekly","M: 0.022; F: -0.014","M: 0.022; F: 0.000","M: 0.112; F: 0.119","M: 0.068; F: 0.055","available","No"
"Europe","europe","EE","Estonia",42.34,"neither","2021-07-01","20-39","Male and female","weekly","M: 0.194; F: -0.148","M: 0.260; F: 0.020","M: 0.360; F: 0.050","M: 0.655; F: 0.317","available","No"
"Europe","europe","EE","Estonia",42.34,"neither","2021-07-01","40-59","Male and female","weekly","M: 0.065; F: 0.208","M: 0.102; F: 0.206","M: 0.140; F: 0.188","M: 0.141; F: 0.183","available","No"
"Europe","europe","EE","Estonia",42.34,"neither","2021-07-01","60-79","Male and female","weekly","M: 0.003; F: 0.013","M: 0.215; F: 0.171","M: 0.175; F: 0.190","M: 0.088; F: 0.052","available","No"
"Europe","europe","EE","Estonia",42.34,"neither","2021-07-01","GE80","Male and female","weekly","M: 0.009; F: 0.009","M: 0.166; F: 0.115","M: 0.223; F: 0.179","M: 0.030; F: 0.008","available","No"
"Europe","europe","FI","Finland",58.28,"high","2021-06-27","20-39","Male and female","weekly","M: 0.103; F: 0.012","M: -0.030; F: -0.109","M: -0.035; F: 0.091","M: 0.066; F: 0.053","available","No"
"Europe","europe","FI","Finland",58.28,"high","2021-06-27","40-59","Male and female","weekly","M: 0.101; F: 0.028","M: 0.097; F: -0.032","M: 0.147; F: 0.143","M: 0.143; F: 0.107","available","No"
"Europe","europe","FI","Finland",58.28,"high","2021-06-27","60-79","Male and female","weekly","M: 0.014; F: 0.043","M: 0.035; F: 0.001","M: 0.106; F: 0.079","M: 0.111; F: 0.134","available","Yes"
"Europe","europe","FI","Finland",58.28,"high","2021-06-27","GE80","Male and female","weekly","M: 0.015; F: 0.034","M: 0.018; F: 0.013","M: 0.133; F: 0.135","M: 0.139; F: 0.122","available","No"
"Europe","europe","FR","France",51.37,"neither","2021-07-01","20-39","Male and female","weekly","M: -0.019; F: -0.011","M: -0.023; F: -0.052","M: 0.085; F: 0.047","M: 0.047; F: 0.054","available","No"
"Europe","europe","FR","France",51.37,"neither","2021-07-01","40-59","Male and female","weekly","M: 0.058; F: 0.010","M: 0.064; F: -0.007","M: 0.106; F: 0.026","M: 0.079; F: -0.012","available","No"
"Europe","europe","FR","France",51.37,"neither","2021-07-01","60-79","Male and female","weekly","M: 0.088; F: 0.071","M: 0.120; F: 0.113","M: 0.113; F: 0.113","M: 0.063; F: 0.091","available","No"
"Europe","europe","FR","France",51.37,"neither","2021-07-01","GE80","Male and female","weekly","M: 0.075; F: 0.056","M: 0.096; F: 0.038","M: 0.008; F: -0.004","M: -0.039; F: -0.053","available","No"
"Europe","europe","DE","Germany",57.06,"high","2021-07-01","20-39","Total","weekly","Total: -0.015","Total: 0.001","Total: 0.048","Total: 0.033","available","No"
"Europe","europe","DE","Germany",57.06,"high","2021-07-01","40-59","Total","weekly","Total: 0.017","Total: 0.064","Total: 0.107","Total: 0.041","available","No"
"Europe","europe","DE","Germany",57.06,"high","2021-07-01","60-79","Total","weekly","Total: -0.008","Total: 0.061","Total: 0.081","Total: 0.072","available","No"
"Europe","europe","DE","Germany",57.06,"high","2021-07-01","GE80","Total","weekly","Total: 0.020","Total: 0.091","Total: 0.096","Total: 0.056","available","No"
"Europe","europe","EL","Greece",47.03,"neither","2021-07-01","20-39","Male and female","weekly","M: -0.078; F: 0.073","M: 0.115; F: 0.065","M: 0.236; F: 0.243","M: 0.042; F: 0.201","available","No"
"Europe","europe","EL","Greece",47.03,"neither","2021-07-01","40-59","Male and female","weekly","M: -0.028; F: 0.021","M: 0.170; F: 0.158","M: 0.272; F: 0.256","M: 0.042; F: 0.026","available","No"
"Europe","europe","EL","Greece",47.03,"neither","2021-07-01","60-79","Male and female","weekly","M: 0.028; F: 0.052","M: 0.216; F: 0.226","M: 0.271; F: 0.368","M: 0.131; F: 0.185","available","No"
"Europe","europe","EL","Greece",47.03,"neither","2021-07-01","GE80","Male and female","weekly","M: -0.015; F: 0.002","M: 0.058; F: 0.032","M: 0.179; F: 0.163","M: -0.030; F: -0.025","available","No"
"Europe","europe","HU","Hungary",55.05,"high","2021-06-29","20-39","Male and female","weekly","M: 0.059; F: 0.058","M: 0.276; F: 0.516","M: 0.367; F: 0.457","M: 0.120; F: 0.180","available","No"
"Europe","europe","HU","Hungary",55.05,"high","2021-06-29","40-59","Male and female","weekly","M: 0.031; F: 0.056","M: 0.336; F: 0.406","M: 0.325; F: 0.383","M: 0.081; F: 0.121","available","No"
"Europe","europe","HU","Hungary",55.05,"high","2021-06-29","60-79","Male and female","weekly","M: -0.000; F: 0.037","M: 0.317; F: 0.305","M: 0.203; F: 0.221","M: -0.017; F: -0.001","available","Yes"
"Europe","europe","HU","Hungary",55.05,"high","2021-06-29","GE80","Male and female","weekly","M: 0.017; F: -0.035","M: 0.281; F: 0.192","M: 0.157; F: 0.104","M: 0.030; F: -0.063","available","No"
"Europe","europe","IS","Iceland",69.69,"high","2021-07-01","20-39","Male and female","weekly","M: 0.067; F: 0.455","M: -0.097; F: -0.111","M: 0.261; F: 0.143","M: -0.009; F: 0.500","available","No"
"Europe","europe","IS","Iceland",69.69,"high","2021-07-01","40-59","Male and female","weekly","M: 0.162; F: 0.160","M: 0.064; F: 0.255","M: -0.009; F: -0.200","M: 0.142; F: 0.101","available","No"
"Europe","europe","IS","Iceland",69.69,"high","2021-07-01","60-79","Male and female","weekly","M: 0.121; F: -0.063","M: 0.046; F: 0.077","M: 0.126; F: 0.110","M: 0.228; F: 0.196","available","No"
"Europe","europe","IS","Iceland",69.69,"high","2021-07-01","GE80","Male and female","weekly","M: -0.130; F: -0.102","M: -0.112; F: -0.062","M: -0.087; F: -0.069","M: 0.038; F: -0.039","available","No"
"Europe","europe","IT","Italy",58.79,"high","2021-07-01","20-39","Male and female","weekly","M: -0.042; F: -0.056","M: 0.046; F: 0.128","M: 0.167; F: 0.025","M: 0.091; F: 0.091","available","No"
"Europe","europe","IT","Italy",58.79,"high","2021-07-01","40-59","Male and female","weekly","M: 0.078; F: 0.048","M: 0.182; F: 0.092","M: 0.074; F: 0.064","M: 0.026; F: -0.012","available","No"
"Europe","europe","IT","Italy",58.79,"high","2021-07-01","60-79","Male and female","weekly","M: 0.172; F: 0.107","M: 0.286; F: 0.188","M: 0.087; F: 0.104","M: 0.055; F: 0.063","available","Yes"
"Europe","europe","IT","Italy",58.79,"high","2021-07-01","GE80","Male and female","weekly","M: 0.139; F: 0.109","M: 0.153; F: 0.097","M: 0.057; F: 0.063","M: -0.012; F: -0.021","available","No"
"Europe","europe","LV","Latvia",33.98,"low","2021-07-01","20-39","Male and female","weekly","M: 0.023; F: -0.078","M: 0.297; F: 0.130","M: 0.407; F: 0.282","M: 0.483; F: 0.154","available","No"
"Europe","europe","LV","Latvia",33.98,"low","2021-07-01","40-59","Male and female","weekly","M: 0.023; F: -0.054","M: 0.348; F: 0.141","M: 0.544; F: 0.270","M: 0.347; F: -0.071","available","No"
"Europe","europe","LV","Latvia",33.98,"low","2021-07-01","60-79","Male and female","weekly","M: 0.037; F: 0.046","M: 0.227; F: 0.226","M: 0.351; F: 0.390","M: 0.109; F: 0.088","available","Yes"
"Europe","europe","LV","Latvia",33.98,"low","2021-07-01","GE80","Male and female","weekly","M: -0.003; F: 0.006","M: 0.179; F: 0.142","M: 0.243; F: 0.281","M: -0.029; F: -0.023","available","No"
"Europe","europe","LI","Liechtenstein",50.29,"neither","2021-07-01","20-39","Male and female","weekly","M: 0.000; F: -1.000","M: 0.000; F: -1.000","M: 0.000; F: 0.000","M: 0.667; F: -1.000","available","No"
"Europe","europe","LI","Liechtenstein",50.29,"neither","2021-07-01","40-59","Male and female","weekly","M: -0.333; F: 0.400","M: -0.500; F: 0.400","M: 0.429; F: 0.000","M: 0.111; F: 0.200","available","No"
"Europe","europe","LI","Liechtenstein",50.29,"neither","2021-07-01","60-79","Male and female","weekly","M: -0.119; F: -0.115","M: 0.143; F: 0.250","M: 0.182; F: -0.421","M: -0.060; F: -0.226","available","No"
"Europe","europe","LI","Liechtenstein",50.29,"neither","2021-07-01","GE80","Male and female","weekly","M: 0.179; F: -0.035","M: 0.317; F: 0.237","M: -0.111; F: 0.047","M: 0.063; F: -0.198","available","No"
"Europe","europe","LT","Lithuania",45.36,"neither","2021-07-01","20-39","Male and female","weekly","M: 0.007; F: 0.000","M: 0.183; F: 0.180","M: 0.252; F: 0.269","M: 0.115; F: 0.225","available","No"
"Europe","europe","LT","Lithuania",45.36,"neither","2021-07-01","40-59","Male and female","weekly","M: 0.161; F: 0.160","M: 0.246; F: 0.404","M: 0.322; F: 0.388","M: 0.047; F: 0.186","available","No"
"Europe","europe","LT","Lithuania",45.36,"neither","2021-07-01","60-79","Male and female","weekly","M: 0.144; F: 0.114","M: 0.371; F: 0.363","M: 0.362; F: 0.468","M: 0.179; F: 0.110","available","No"
"Europe","europe","LT","Lithuania",45.36,"neither","2021-07-01","GE80","Male and female","weekly","M: 0.046; F: 0.030","M: 0.309; F: 0.245","M: 0.328; F: 0.371","M: 0.033; F: 0.062","available","No"
"Europe","europe","LU","Luxembourg",53.08,"high","2021-07-01","20-39","Male and female","weekly","M: -0.033; F: 0.071","M: 0.000; F: 0.000","M: -0.190; F: 0.400","M: 0.100; F: 0.175","available","No"
"Europe","europe","LU","Luxembourg",53.08,"high","2021-07-01","40-59","Male and female","weekly","M: 0.036; F: -0.021","M: 0.101; F: 0.021","M: 0.088; F: -0.014","M: -0.024; F: -0.056","available","No"
"Europe","europe","LU","Luxembourg",53.08,"high","2021-07-01","60-79","Male and female","weekly","M: -0.036; F: 0.051","M: 0.090; F: 0.045","M: 0.059; F: 0.045","M: -0.081; F: 0.027","available","No"
"Europe","europe","LU","Luxembourg",53.08,"high","2021-07-01","GE80","Male and female","weekly","M: 0.026; F: 0.046","M: 0.039; F: 0.104","M: 0.010; F: 0.031","M: -0.108; F: -0.001","available","No"
"Europe","europe","MT","Malta",67.57,"high","2021-07-01","20-39","Male and female","weekly","M: 0.333; F: -0.154","M: -0.179; F: -0.571","M: 0.053; F: 0.100","M: 0.046; F: -0.200","available","No"
"Europe","europe","MT","Malta",67.57,"high","2021-07-01","40-59","Male and female","weekly","M: 0.257; F: -0.087","M: 0.271; F: -0.053","M: 0.372; F: -0.245","M: 0.160; F: -0.126","available","No"
"Europe","europe","MT","Malta",67.57,"high","2021-07-01","60-79","Male and female","weekly","M: 0.067; F: 0.155","M: 0.153; F: 0.223","M: 0.127; F: 0.391","M: 0.071; F: 0.193","available","No"
"Europe","europe","MT","Malta",67.57,"high","2021-07-01","GE80","Male and female","weekly","M: 0.091; F: 0.038","M: 0.079; F: 0.094","M: 0.085; F: 0.059","M: -0.011; F: -0.039","available","No"
"Europe","europe","ME","Montenegro",24.09,"low","2021-07-01","20-39","Male and female","weekly","M: 0.073; F: 0.190","M: 0.140; F: 0.318","M: 0.308; F: 0.846","M: 0.194; F: 0.069","available","No"
"Europe","europe","ME","Montenegro",24.09,"low","2021-07-01","40-59","Male and female","weekly","M: 0.025; F: -0.006","M: 0.359; F: 0.091","M: 0.418; F: 0.286","M: -0.075; F: -0.048","available","No"
"Europe","europe","ME","Montenegro",24.09,"low","2021-07-01","60-79","Male and female","weekly","M: 0.133; F: 0.080","M: 0.476; F: 0.395","M: 0.467; F: 0.486","M: 0.018; F: 0.077","available","No"
"Europe","europe","ME","Montenegro",24.09,"low","2021-07-01","GE80","Male and female","weekly","M: 0.028; F: 0.030","M: 0.299; F: 0.199","M: 0.171; F: 0.271","M: -0.174; F: -0.102","available","No"
"Europe","europe","NL","Netherlands",52.02,"neither","2021-06-25","20-39","Male and female","weekly","M: 0.056; F: 0.002","M: 0.035; F: 0.065","M: 0.087; F: 0.161","M: 0.105; F: 0.102","available","No"
"Europe","europe","NL","Netherlands",52.02,"neither","2021-06-25","40-59","Male and female","weekly","M: 0.066; F: 0.034","M: 0.110; F: 0.078","M: 0.172; F: 0.165","M: 0.102; F: 0.117","available","No"
"Europe","europe","NL","Netherlands",52.02,"neither","2021-06-25","60-79","Male and female","weekly","M: 0.121; F: 0.072","M: 0.152; F: 0.078","M: 0.161; F: 0.143","M: 0.092; F: 0.082","available","No"
"Europe","europe","NL","Netherlands",52.02,"neither","2021-06-25","GE80","Male and female","weekly","M: 0.140; F: 0.089","M: 0.087; F: 0.030","M: 0.144; F: 0.125","M: 0.032; F: 0.047","available","No"
"Europe","europe","NO","Norway",51.21,"neither","2021-07-01","20-39","Male and female","weekly","M: 0.003; F: 0.173","M: -0.123; F: 0.032","M: -0.057; F: 0.000","M: 0.058; F: 0.213","available","No"
"Europe","europe","NO","Norway",51.21,"neither","2021-07-01","40-59","Male and female","weekly","M: 0.023; F: 0.006","M: -0.025; F: -0.035","M: 0.128; F: 0.059","M: 0.128; F: 0.113","available","No"
"Europe","europe","NO","Norway",51.21,"neither","2021-07-01","60-79","Male and female","weekly","M: 0.010; F: -0.014","M: -0.021; F: -0.052","M: 0.095; F: 0.102","M: 0.084; F: 0.060","available","No"
"Europe","europe","NO","Norway",51.21,"neither","2021-07-01","GE80","Male and female","weekly","M: 0.015; F: -0.013","M: -0.025; F: -0.016","M: 0.120; F: 0.148","M: 0.128; F: 0.105","available","No"
"Europe","europe","PL","Poland",42.58,"neither","2021-07-01","20-39","Male and female","weekly","M: -0.007; F: 0.033","M: 0.137; F: 0.287","M: 0.103; F: 0.234","M: -0.041; F: 0.102","available","No"
"Europe","europe","PL","Poland",42.58,"neither","2021-07-01","40-59","Male and female","weekly","M: 0.066; F: 0.033","M: 0.377; F: 0.350","M: 0.302; F: 0.272","M: 0.168; F: 0.113","available","No"
"Europe","europe","PL","Poland",42.58,"neither","2021-07-01","60-79","Male and female","weekly","M: 0.071; F: 0.046","M: 0.406; F: 0.402","M: 0.201; F: 0.264","M: -0.028; F: 0.017","available","No"
"Europe","europe","PL","Poland",42.58,"neither","2021-07-01","GE80","Male and female","weekly","M: 0.103; F: 0.042","M: 0.358; F: 0.230","M: 0.205; F: 0.206","M: -0.093; F: -0.087","available","No"
"Europe","europe","PT","Portugal",53.12,"high","2021-06-25","20-39","Male and female","weekly","M: 0.187; F: 0.028","M: 0.058; F: 0.175","M: 0.169; F: 0.108","M: 0.220; F: 0.112","available","No"
"Europe","europe","PT","Portugal",53.12,"high","2021-06-25","40-59","Male and female","weekly","M: 0.088; F: 0.061","M: 0.118; F: 0.078","M: 0.090; F: 0.016","M: 0.069; F: -0.002","available","No"
"Europe","europe","PT","Portugal",53.12,"high","2021-06-25","60-79","Male and female","weekly","M: 0.077; F: 0.111","M: 0.218; F: 0.207","M: 0.058; F: 0.109","M: 0.071; F: 0.117","available","Yes"
"Europe","europe","PT","Portugal",53.12,"high","2021-06-25","GE80","Male and female","weekly","M: 0.062; F: 0.103","M: 0.147; F: 0.086","M: -0.002; F: 0.055","M: -0.026; F: -0.022","available","No"
"Europe","europe","RO","Romania",24.05,"low","2021-07-01","20-39","Male and female","weekly","M: 0.060; F: 0.064","M: 0.128; F: 0.158","M: 0.251; F: 0.357","M: -0.017; F: 0.013","available","No"
"Europe","europe","RO","Romania",24.05,"low","2021-07-01","40-59","Male and female","weekly","M: 0.034; F: 0.082","M: 0.167; F: 0.278","M: 0.266; F: 0.509","M: -0.044; F: 0.008","available","No"
"Europe","europe","RO","Romania",24.05,"low","2021-07-01","60-79","Male and female","weekly","M: 0.093; F: 0.093","M: 0.322; F: 0.357","M: 0.386; F: 0.614","M: -0.037; F: 0.017","available","Yes"
"Europe","europe","RO","Romania",24.05,"low","2021-07-01","GE80","Male and female","weekly","M: 0.077; F: 0.018","M: 0.286; F: 0.163","M: 0.366; F: 0.318","M: -0.092; F: -0.086","available","No"
"Europe","europe","RS","Serbia",39.21,"low","2021-06-20","20-39","Male and female","weekly","M: 0.160; F: -0.028","M: 0.336; F: 0.261","M: 0.482; F: 0.489","M: 0.153; F: 0.154","available","No"
"Europe","europe","RS","Serbia",39.21,"low","2021-06-20","40-59","Male and female","weekly","M: 0.138; F: 0.111","M: 0.407; F: 0.301","M: 0.403; F: 0.548","M: -0.016; F: 0.064","available","No"
"Europe","europe","RS","Serbia",39.21,"low","2021-06-20","60-79","Male and female","weekly","M: 0.102; F: 0.079","M: 0.480; F: 0.405","M: 0.468; F: 0.601","M: -0.018; F: 0.057","available","Yes"
"Europe","europe","RS","Serbia",39.21,"low","2021-06-20","GE80","Male and female","weekly","M: -0.005; F: -0.018","M: 0.365; F: 0.241","M: 0.411; F: 0.345","M: -0.085; F: -0.071","available","No"
"Europe","europe","SK","Slovakia",36.55,"low","2021-06-27","20-39","Male and female","weekly","M: -0.025; F: -0.130","M: 0.151; F: 0.099","M: 0.195; F: 0.312","M: 0.049; F: -0.039","available","No"
"Europe","europe","SK","Slovakia",36.55,"low","2021-06-27","40-59","Male and female","weekly","M: 0.006; F: 0.026","M: 0.373; F: 0.373","M: 0.307; F: 0.319","M: 0.087; F: 0.039","available","No"
"Europe","europe","SK","Slovakia",36.55,"low","2021-06-27","60-79","Male and female","weekly","M: 0.031; F: 0.043","M: 0.493; F: 0.513","M: 0.277; F: 0.407","M: 0.008; F: 0.023","available","Yes"
"Europe","europe","SK","Slovakia",36.55,"low","2021-06-27","GE80","Male and female","weekly","M: 0.070; F: 0.012","M: 0.438; F: 0.336","M: 0.333; F: 0.287","M: 0.065; F: 0.015","available","No"
"Europe","europe","SI","Slovenia",39.74,"low","2021-07-01","20-39","Male and female","weekly","M: 0.031; F: -0.091","M: 0.034; F: 0.050","M: 0.070; F: -0.067","M: 0.119; F: 0.302","available","No"
"Europe","europe","SI","Slovenia",39.74,"low","2021-07-01","40-59","Male and female","weekly","M: 0.087; F: 0.053","M: 0.236; F: 0.089","M: 0.276; F: 0.138","M: 0.135; F: 0.033","available","No"
"Europe","europe","SI","Slovenia",39.74,"low","2021-07-01","60-79","Male and female","weekly","M: -0.017; F: -0.048","M: 0.225; F: 0.200","M: 0.135; F: 0.097","M: -0.018; F: -0.034","available","No"
"Europe","europe","SI","Slovenia",39.74,"low","2021-07-01","GE80","Male and female","weekly","M: 0.097; F: 0.065","M: 0.347; F: 0.217","M: 0.204; F: 0.083","M: 0.092; F: -0.028","available","No"
"Europe","europe","ES","Spain",54.56,"high","2021-07-01","20-39","Male and female","weekly","M: 0.092; F: 0.137","M: 0.075; F: 0.082","M: 0.148; F: 0.225","M: 0.109; F: 0.151","available","No"
"Europe","europe","ES","Spain",54.56,"high","2021-07-01","40-59","Male and female","weekly","M: 0.118; F: 0.106","M: 0.070; F: 0.034","M: 0.063; F: 0.041","M: 0.025; F: 0.019","available","No"
"Europe","europe","ES","Spain",54.56,"high","2021-07-01","60-79","Male and female","weekly","M: 0.242; F: 0.237","M: 0.158; F: 0.180","M: 0.122; F: 0.126","M: 0.095; F: 0.158","available","Yes"
"Europe","europe","ES","Spain",54.56,"high","2021-07-01","GE80","Male and female","weekly","M: 0.174; F: 0.179","M: 0.026; F: -0.033","M: 0.027; F: 0.023","M: -0.051; F: -0.059","available","No"
"Europe","europe","SE","Sweden",45.34,"neither","2021-06-27","20-39","Male and female","weekly","M: -0.060; F: 0.036","M: -0.067; F: -0.086","M: -0.047; F: 0.072","M: -0.011; F: -0.041","available","No"
"Europe","europe","SE","Sweden",45.34,"neither","2021-06-27","40-59","Male and female","weekly","M: 0.130; F: -0.018","M: 0.116; F: 0.054","M: 0.138; F: 0.010","M: 0.106; F: 0.066","available","No"
"Europe","europe","SE","Sweden",45.34,"neither","2021-06-27","60-79","Male and female","weekly","M: 0.103; F: 0.073","M: 0.142; F: 0.066","M: 0.019; F: 0.052","M: 0.029; F: 0.049","available","No"
"Europe","europe","SE","Sweden",45.34,"neither","2021-06-27","GE80","Male and female","weekly","M: 0.134; F: 0.103","M: 0.104; F: 0.038","M: 0.039; F: 0.024","M: 0.093; F: 0.059","available","No"
"Europe","europe","CH","Switzerland",50.29,"neither","2021-07-01","20-39","Male and female","weekly","M: 0.079; F: 0.045","M: 0.020; F: 0.012","M: 0.119; F: 0.198","M: 0.104; F: 0.157","available","No"
"Europe","europe","CH","Switzerland",50.29,"neither","2021-07-01","40-59","Male and female","weekly","M: -0.023; F: -0.039","M: 0.021; F: -0.076","M: 0.056; F: 0.050","M: 0.015; F: -0.039","available","No"
"Europe","europe","CH","Switzerland",50.29,"neither","2021-07-01","60-79","Male and female","weekly","M: 0.016; F: -0.010","M: 0.144; F: 0.040","M: 0.096; F: 0.075","M: 0.017; F: -0.002","available","No"
"Europe","europe","CH","Switzerland",50.29,"neither","2021-07-01","GE80","Male and female","weekly","M: 0.058; F: 0.014","M: 0.172; F: 0.105","M: 0.065; F: 0.067","M: 0.054; F: 0.022","available","No"
"United States","us_sex","Alabama","Alabama",40.03,"low","2021-07-01","0-44","Male and female","monthly","M: 0.199; F: 0.118","M: 0.282; F: 0.266","M: 0.488; F: 0.586","M: 0.232; F: 0.127","available","No"
"United States","us_non_sex","Alabama","Alabama",40.03,"low","2021-07-01","20-39","Total","monthly","Total: 0.209","Total: 0.277","Total: 0.500","Total: 0.192","available","No"
"United States","us_non_sex","Alabama","Alabama",40.03,"low","2021-07-01","40-59","Total","monthly","Total: 0.232","Total: 0.310","Total: 0.627","Total: 0.185","available","No"
"United States","us_sex","Alabama","Alabama",40.03,"low","2021-07-01","45-64","Male and female","monthly","M: 0.201; F: 0.226","M: 0.285; F: 0.265","M: 0.472; F: 0.514","M: 0.117; F: 0.125","available","No"
"United States","us_non_sex","Alabama","Alabama",40.03,"low","2021-07-01","60-79","Total","monthly","Total: 0.181","Total: 0.259","Total: 0.287","Total: 0.060","available","No"
"United States","us_sex","Alabama","Alabama",40.03,"low","2021-07-01","65-84","Male and female","monthly","M: 0.168; F: 0.184","M: 0.263; F: 0.235","M: 0.227; F: 0.256","M: 0.040; F: 0.084","available","Yes"
"United States","us_non_sex","Alabama","Alabama",40.03,"low","2021-07-01","GE80","Total","monthly","Total: 0.179","Total: 0.183","Total: 0.116","Total: 0.043","available","No"
"United States","us_sex","Alabama","Alabama",40.03,"low","2021-07-01","GE85","Male and female","monthly","M: 0.167; F: 0.166","M: 0.152; F: 0.137","M: 0.051; F: 0.086","M: 0.003; F: 0.012","available","No"
"United States","us_sex","Alaska","Alaska",49.07,"neither","2021-07-01","0-44","Male and female","monthly","M: 0.255; F: -0.047","M: 0.442; F: -0.026","M: 0.787; F: 0.500","M: 0.355; F: 0.109","available","No"
"United States","us_non_sex","Alaska","Alaska",49.07,"neither","2021-07-01","20-39","Total","monthly","Total: 0.457","Total: 0.413","Total: 1.153","Total: 0.429","available","No"
"United States","us_non_sex","Alaska","Alaska",49.07,"neither","2021-07-01","40-59","Total","monthly","Total: 0.282","Total: 0.395","Total: 1.106","Total: 0.565","available","No"
"United States","us_sex","Alaska","Alaska",49.07,"neither","2021-07-01","45-64","Male and female","monthly","M: 0.122; F: 0.070","M: 0.215; F: 0.021","M: 0.695; F: 0.484","M: 0.234; F: 0.126","available","No"
"United States","us_non_sex","Alaska","Alaska",49.07,"neither","2021-07-01","60-79","Total","monthly","Total: 0.053","Total: 0.105","Total: 0.522","Total: 0.094","available","No"
"United States","us_sex","Alaska","Alaska",49.07,"neither","2021-07-01","65-84","Male and female","monthly","M: 0.109; F: 0.005","M: 0.117; F: 0.092","M: 0.517; F: 0.492","M: 0.099; F: 0.115","available","No"
"United States","us_non_sex","Alaska","Alaska",49.07,"neither","2021-07-01","GE80","Total","monthly","Total: 0.028","Total: 0.108","Total: 0.362","Total: 0.070","available","No"
"United States","us_sex","Alaska","Alaska",49.07,"neither","2021-07-01","GE85","Male and female","monthly","M: -0.009; F: -0.021","M: 0.192; F: 0.032","M: 0.304; F: 0.226","M: 0.039; F: 0.050","available","No"
"United States","us_sex","Arizona","Arizona",50.52,"neither","2021-07-01","0-44","Male and female","monthly","M: 0.277; F: 0.304","M: 0.227; F: 0.344","M: 0.355; F: 0.641","M: 0.048; F: 0.209","available","No"
"United States","us_non_sex","Arizona","Arizona",50.52,"neither","2021-07-01","20-39","Total","monthly","Total: 0.317","Total: 0.269","Total: 0.442","Total: 0.057","available","No"
"United States","us_non_sex","Arizona","Arizona",50.52,"neither","2021-07-01","40-59","Total","monthly","Total: 0.315","Total: 0.400","Total: 0.625","Total: 0.162","available","No"
"United States","us_sex","Arizona","Arizona",50.52,"neither","2021-07-01","45-64","Male and female","monthly","M: 0.293; F: 0.280","M: 0.369; F: 0.375","M: 0.532; F: 0.579","M: 0.135; F: 0.100","available","No"
"United States","us_non_sex","Arizona","Arizona",50.52,"neither","2021-07-01","60-79","Total","monthly","Total: 0.248","Total: 0.348","Total: 0.404","Total: 0.122","available","No"
"United States","us_sex","Arizona","Arizona",50.52,"neither","2021-07-01","65-84","Male and female","monthly","M: 0.225; F: 0.222","M: 0.323; F: 0.280","M: 0.347; F: 0.335","M: 0.103; F: 0.114","available","No"
"United States","us_non_sex","Arizona","Arizona",50.52,"neither","2021-07-01","GE80","Total","monthly","Total: 0.171","Total: 0.175","Total: 0.204","Total: 0.066","available","No"
"United States","us_sex","Arizona","Arizona",50.52,"neither","2021-07-01","GE85","Male and female","monthly","M: 0.121; F: 0.149","M: 0.137; F: 0.096","M: 0.160; F: 0.126","M: -0.017; F: 0.013","available","No"
"United States","us_sex","Arkansas","Arkansas",42.05,"neither","2021-07-01","0-44","Male and female","monthly","M: 0.220; F: 0.183","M: 0.332; F: 0.444","M: 0.581; F: 0.680","M: 0.235; F: 0.224","available","No"
"United States","us_non_sex","Arkansas","Arkansas",42.05,"neither","2021-07-01","20-39","Total","monthly","Total: 0.243","Total: 0.356","Total: 0.522","Total: 0.145","available","No"
"United States","us_non_sex","Arkansas","Arkansas",42.05,"neither","2021-07-01","40-59","Total","monthly","Total: 0.214","Total: 0.303","Total: 0.545","Total: 0.184","available","No"
"United States","us_sex","Arkansas","Arkansas",42.05,"neither","2021-07-01","45-64","Male and female","monthly","M: 0.155; F: 0.132","M: 0.222; F: 0.211","M: 0.409; F: 0.368","M: 0.101; F: 0.054","available","No"
"United States","us_non_sex","Arkansas","Arkansas",42.05,"neither","2021-07-01","60-79","Total","monthly","Total: 0.122","Total: 0.182","Total: 0.281","Total: 0.084","available","No"
"United States","us_sex","Arkansas","Arkansas",42.05,"neither","2021-07-01","65-84","Male and female","monthly","M: 0.107; F: 0.122","M: 0.173; F: 0.151","M: 0.228; F: 0.232","M: 0.049; F: 0.111","available","No"
"United States","us_non_sex","Arkansas","Arkansas",42.05,"neither","2021-07-01","GE80","Total","monthly","Total: 0.118","Total: 0.132","Total: 0.121","Total: 0.041","available","No"
"United States","us_sex","Arkansas","Arkansas",42.05,"neither","2021-07-01","GE85","Male and female","monthly","M: 0.078; F: 0.133","M: 0.085; F: 0.129","M: 0.117; F: 0.068","M: -0.023; F: 0.017","available","No"
"United States","us_sex","California","California",61.51,"neither","2021-07-01","0-44","Male and female","monthly","M: 0.269; F: 0.158","M: 0.417; F: 0.297","M: 0.428; F: 0.330","M: 0.212; F: 0.126","available","No"
"United States","us_non_sex","California","California",61.51,"neither","2021-07-01","20-39","Total","monthly","Total: 0.257","Total: 0.399","Total: 0.390","Total: 0.161","available","No"
"United States","us_non_sex","California","California",61.51,"neither","2021-07-01","40-59","Total","monthly","Total: 0.231","Total: 0.468","Total: 0.422","Total: 0.160","available","No"
"United States","us_sex","California","California",61.51,"neither","2021-07-01","45-64","Male and female","monthly","M: 0.219; F: 0.164","M: 0.481; F: 0.352","M: 0.358; F: 0.302","M: 0.106; F: 0.108","available","No"
"United States","us_non_sex","California","California",61.51,"neither","2021-07-01","60-79","Total","monthly","Total: 0.167","Total: 0.357","Total: 0.214","Total: 0.113","available","No"
"United States","us_sex","California","California",61.51,"neither","2021-07-01","65-84","Male and female","monthly","M: 0.155; F: 0.138","M: 0.331; F: 0.280","M: 0.161; F: 0.184","M: 0.091; F: 0.133","available","No"
"United States","us_non_sex","California","California",61.51,"neither","2021-07-01","GE80","Total","monthly","Total: 0.103","Total: 0.170","Total: 0.079","Total: 0.054","available","No"
"United States","us_sex","California","California",61.51,"neither","2021-07-01","GE85","Male and female","monthly","M: 0.089; F: 0.106","M: 0.165; F: 0.129","M: 0.055; F: 0.069","M: 0.027; F: 0.047","available","No"
"United States","us_sex","Colorado","Colorado",58.03,"neither","2021-07-01","0-44","Male and female","monthly","M: 0.198; F: 0.226","M: 0.233; F: 0.292","M: 0.333; F: 0.503","M: 0.123; F: 0.162","available","No"
"United States","us_non_sex","Colorado","Colorado",58.03,"neither","2021-07-01","20-39","Total","monthly","Total: 0.176","Total: 0.246","Total: 0.309","Total: 0.072","available","No"
"United States","us_non_sex","Colorado","Colorado",58.03,"neither","2021-07-01","40-59","Total","monthly","Total: 0.188","Total: 0.210","Total: 0.478","Total: 0.138","available","No"
"United States","us_sex","Colorado","Colorado",58.03,"neither","2021-07-01","45-64","Male and female","monthly","M: 0.160; F: 0.112","M: 0.188; F: 0.117","M: 0.443; F: 0.363","M: 0.096; F: 0.032","available","No"
"United States","us_non_sex","Colorado","Colorado",58.03,"neither","2021-07-01","60-79","Total","monthly","Total: 0.137","Total: 0.173","Total: 0.326","Total: 0.080","available","No"
"United States","us_sex","Colorado","Colorado",58.03,"neither","2021-07-01","65-84","Male and female","monthly","M: 0.166; F: 0.094","M: 0.198; F: 0.141","M: 0.361; F: 0.236","M: 0.089; F: 0.100","available","No"
"United States","us_non_sex","Colorado","Colorado",58.03,"neither","2021-07-01","GE80","Total","monthly","Total: 0.117","Total: 0.125","Total: 0.160","Total: 0.067","available","No"
"United States","us_sex","Colorado","Colorado",58.03,"neither","2021-07-01","GE85","Male and female","monthly","M: 0.111; F: 0.119","M: 0.110; F: 0.103","M: 0.150; F: 0.075","M: 0.048; F: 0.035","available","No"
"United States","us_sex","Connecticut","Connecticut",67.1,"high","2021-07-01","0-44","Male and female","monthly","M: 0.151; F: 0.116","M: 0.147; F: 0.059","M: 0.115; F: 0.202","M: -0.035; F: 0.010","available","No"
"United States","us_non_sex","Connecticut","Connecticut",67.1,"high","2021-07-01","20-39","Total","monthly","Total: 0.099","Total: 0.031","Total: 0.073","Total: -0.109","available","No"
"United States","us_non_sex","Connecticut","Connecticut",67.1,"high","2021-07-01","40-59","Total","monthly","Total: 0.236","Total: 0.223","Total: 0.196","Total: 0.053","available","No"
"United States","us_sex","Connecticut","Connecticut",67.1,"high","2021-07-01","45-64","Male and female","monthly","M: 0.266; F: 0.161","M: 0.174; F: 0.147","M: 0.206; F: 0.136","M: 0.014; F: -0.005","available","No"
"United States","us_non_sex","Connecticut","Connecticut",67.1,"high","2021-07-01","60-79","Total","monthly","Total: 0.224","Total: 0.128","Total: 0.120","Total: 0.020","available","No"
"United States","us_sex","Connecticut","Connecticut",67.1,"high","2021-07-01","65-84","Male and female","monthly","M: 0.215; F: 0.275","M: 0.124; F: 0.141","M: 0.094; F: 0.132","M: 0.016; F: 0.110","available","Yes"
"United States","us_non_sex","Connecticut","Connecticut",67.1,"high","2021-07-01","GE80","Total","monthly","Total: 0.208","Total: 0.028","Total: 0.007","Total: -0.013","available","No"
"United States","us_sex","Connecticut","Connecticut",67.1,"high","2021-07-01","GE85","Male and female","monthly","M: 0.165; F: 0.195","M: 0.023; F: -0.026","M: 0.006; F: -0.058","M: -0.047; F: -0.067","available","No"
"United States","us_sex","Delaware","Delaware",58.23,"neither","2021-07-01","0-44","Male and female","monthly","M: 0.183; F: 0.143","M: -0.030; F: 0.043","M: 0.042; F: 0.311","M: -0.035; F: 0.093","available","No"
"United States","us_non_sex","Delaware","Delaware",58.23,"neither","2021-07-01","20-39","Total","monthly","Total: 0.093","Total: -0.021","Total: 0.044","Total: -0.201","available","No"
"United States","us_non_sex","Delaware","Delaware",58.23,"neither","2021-07-01","40-59","Total","monthly","Total: 0.141","Total: 0.201","Total: 0.246","Total: 0.143","available","No"
"United States","us_sex","Delaware","Delaware",58.23,"neither","2021-07-01","45-64","Male and female","monthly","M: 0.092; F: 0.143","M: 0.214; F: 0.250","M: 0.257; F: 0.200","M: 0.091; F: 0.126","available","No"
"United States","us_non_sex","Delaware","Delaware",58.23,"neither","2021-07-01","60-79","Total","monthly","Total: 0.189","Total: 0.276","Total: 0.233","Total: 0.160","available","No"
"United States","us_sex","Delaware","Delaware",58.23,"neither","2021-07-01","65-84","Male and female","monthly","M: 0.171; F: 0.247","M: 0.211; F: 0.245","M: 0.187; F: 0.240","M: 0.113; F: 0.237","available","No"
"United States","us_non_sex","Delaware","Delaware",58.23,"neither","2021-07-01","GE80","Total","monthly","Total: 0.181","Total: 0.094","Total: 0.075","Total: 0.038","available","No"
"United States","us_sex","Delaware","Delaware",58.23,"neither","2021-07-01","GE85","Male and female","monthly","M: 0.053; F: 0.188","M: 0.064; F: 0.008","M: 0.081; F: -0.043","M: -0.127; F: -0.041","available","No"
"United States","us_sex","District of Columbia","District of Columbia",61.35,"neither","2021-07-01","0-44","Male and female","monthly","M: 0.497; F: -0.045","M: 0.591; F: -0.077","M: 0.549; F: 0.300","M: 0.444; F: -0.016","available","No"
"United States","us_non_sex","District of Columbia","District of Columbia",61.35,"neither","2021-07-01","20-39","Total","monthly","Total: 0.279","Total: 0.419","Total: 0.859","Total: 0.401","available","No"
"United States","us_non_sex","District of Columbia","District of Columbia",61.35,"neither","2021-07-01","40-59","Total","monthly","Total: 0.265","Total: 0.213","Total: 0.166","Total: 0.020","available","No"
"United States","us_sex","District of Columbia","District of Columbia",61.35,"neither","2021-07-01","45-64","Male and female","monthly","M: 0.236; F: 0.202","M: 0.190; F: 0.137","M: 0.147; F: 0.134","M: -0.107; F: -0.153","available","No"
"United States","us_non_sex","District of Columbia","District of Columbia",61.35,"neither","2021-07-01","60-79","Total","monthly","Total: 0.342","Total: 0.305","Total: 0.206","Total: 0.059","available","No"
"United States","us_sex","District of Columbia","District of Columbia",61.35,"neither","2021-07-01","65-84","Male and female","monthly","M: 0.381; F: 0.258","M: 0.318; F: 0.206","M: 0.231; F: 0.140","M: 0.114; F: 0.047","available","No"
"United States","us_non_sex","District of Columbia","District of Columbia",61.35,"neither","2021-07-01","GE80","Total","monthly","Total: 0.277","Total: 0.105","Total: 0.040","Total: -0.000","available","No"
"United States","us_sex","District of Columbia","District of Columbia",61.35,"neither","2021-07-01","GE85","Male and female","monthly","M: 0.278; F: 0.295","M: 0.058; F: 0.064","M: -0.109; F: 0.010","M: -0.101; F: -0.051","available","No"
"United States","us_sex","Florida","Florida",53.76,"neither","2021-07-01","0-44","Male and female","monthly","M: 0.188; F: 0.197","M: 0.210; F: 0.181","M: 0.421; F: 0.539","M: 0.077; F: 0.113","available","No"
"United States","us_non_sex","Florida","Florida",53.76,"neither","2021-07-01","20-39","Total","monthly","Total: 0.176","Total: 0.165","Total: 0.343","Total: -0.052","available","No"
"United States","us_non_sex","Florida","Florida",53.76,"neither","2021-07-01","40-59","Total","monthly","Total: 0.187","Total: 0.194","Total: 0.645","Total: 0.110","available","No"
"United States","us_sex","Florida","Florida",53.76,"neither","2021-07-01","45-64","Male and female","monthly","M: 0.179; F: 0.135","M: 0.169; F: 0.146","M: 0.538; F: 0.538","M: 0.060; F: 0.062","available","No"
"United States","us_non_sex","Florida","Florida",53.76,"neither","2021-07-01","60-79","Total","monthly","Total: 0.167","Total: 0.172","Total: 0.376","Total: 0.091","available","No"
"United States","us_sex","Florida","Florida",53.76,"neither","2021-07-01","65-84","Male and female","monthly","M: 0.167; F: 0.163","M: 0.166; F: 0.155","M: 0.296; F: 0.320","M: 0.073; F: 0.112","available","No"
"United States","us_non_sex","Florida","Florida",53.76,"neither","2021-07-01","GE80","Total","monthly","Total: 0.157","Total: 0.102","Total: 0.179","Total: 0.070","available","No"
"United States","us_sex","Florida","Florida",53.76,"neither","2021-07-01","GE85","Male and female","monthly","M: 0.146; F: 0.152","M: 0.101; F: 0.064","M: 0.177; F: 0.148","M: 0.051; F: 0.049","available","No"
"United States","us_sex","Georgia","Georgia",43.45,"neither","2021-07-01","0-44","Male and female","monthly","M: 0.262; F: 0.212","M: 0.310; F: 0.253","M: 0.576; F: 0.648","M: 0.317; F: 0.207","available","No"
"United States","us_non_sex","Georgia","Georgia",43.45,"neither","2021-07-01","20-39","Total","monthly","Total: 0.319","Total: 0.382","Total: 0.690","Total: 0.372","available","No"
"United States","us_non_sex","Georgia","Georgia",43.45,"neither","2021-07-01","40-59","Total","monthly","Total: 0.238","Total: 0.275","Total: 0.607","Total: 0.144","available","No"
"United States","us_sex","Georgia","Georgia",43.45,"neither","2021-07-01","45-64","Male and female","monthly","M: 0.214; F: 0.188","M: 0.258; F: 0.199","M: 0.491; F: 0.442","M: 0.074; F: 0.049","available","No"
"United States","us_non_sex","Georgia","Georgia",43.45,"neither","2021-07-01","60-79","Total","monthly","Total: 0.193","Total: 0.217","Total: 0.298","Total: 0.049","available","No"
"United States","us_sex","Georgia","Georgia",43.45,"neither","2021-07-01","65-84","Male and female","monthly","M: 0.199; F: 0.199","M: 0.233; F: 0.217","M: 0.251; F: 0.307","M: 0.073; F: 0.097","available","No"
"United States","us_non_sex","Georgia","Georgia",43.45,"neither","2021-07-01","GE80","Total","monthly","Total: 0.200","Total: 0.181","Total: 0.159","Total: 0.069","available","No"
"United States","us_sex","Georgia","Georgia",43.45,"neither","2021-07-01","GE85","Male and female","monthly","M: 0.182; F: 0.175","M: 0.157; F: 0.110","M: 0.104; F: 0.086","M: 0.023; F: 0.002","available","No"
"United States","us_sex","Hawaii","Hawaii",69.88,"high","2021-07-01","0-44","Male and female","monthly","M: 0.073; F: 0.030","M: 0.036; F: 0.143","M: 0.569; F: 0.123","M: 0.160; F: 0.205","available","No"
"United States","us_non_sex","Hawaii","Hawaii",69.88,"high","2021-07-01","20-39","Total","monthly","Total: 0.072","Total: 0.088","Total: 0.990","Total: 0.211","available","No"
"United States","us_non_sex","Hawaii","Hawaii",69.88,"high","2021-07-01","40-59","Total","monthly","Total: 0.103","Total: 0.061","Total: 0.369","Total: 0.120","available","No"
"United States","us_sex","Hawaii","Hawaii",69.88,"high","2021-07-01","45-64","Male and female","monthly","M: 0.083; F: 0.002","M: 0.044; F: 0.008","M: 0.293; F: 0.316","M: 0.068; F: 0.007","available","No"
"United States","us_non_sex","Hawaii","Hawaii",69.88,"high","2021-07-01","60-79","Total","monthly","Total: 0.064","Total: 0.034","Total: 0.208","Total: 0.085","available","No"
"United States","us_sex","Hawaii","Hawaii",69.88,"high","2021-07-01","65-84","Male and female","monthly","M: 0.081; F: 0.056","M: 0.059; F: 0.023","M: 0.182; F: 0.219","M: 0.115; F: 0.179","available","No"
"United States","us_non_sex","Hawaii","Hawaii",69.88,"high","2021-07-01","GE80","Total","monthly","Total: -0.018","Total: -0.025","Total: 0.073","Total: 0.056","available","No"
"United States","us_sex","Hawaii","Hawaii",69.88,"high","2021-07-01","GE85","Male and female","monthly","M: -0.033; F: -0.044","M: -0.075; F: -0.045","M: 0.003; F: 0.042","M: -0.010; F: -0.004","available","No"
"United States","us_sex","Idaho","Idaho",39.6,"low","2021-07-01","0-44","Male and female","monthly","M: 0.100; F: 0.216","M: 0.323; F: 0.207","M: 0.642; F: 0.833","M: 0.197; F: 0.390","available","No"
"United States","us_non_sex","Idaho","Idaho",39.6,"low","2021-07-01","20-39","Total","monthly","Total: 0.051","Total: 0.448","Total: 0.683","Total: 0.253","available","No"
"United States","us_non_sex","Idaho","Idaho",39.6,"low","2021-07-01","40-59","Total","monthly","Total: 0.141","Total: 0.177","Total: 0.664","Total: 0.204","available","No"
"United States","us_sex","Idaho","Idaho",39.6,"low","2021-07-01","45-64","Male and female","monthly","M: 0.107; F: 0.093","M: 0.174; F: 0.064","M: 0.657; F: 0.437","M: 0.130; F: 0.004","available","No"
"United States","us_non_sex","Idaho","Idaho",39.6,"low","2021-07-01","60-79","Total","monthly","Total: 0.080","Total: 0.143","Total: 0.412","Total: 0.062","available","No"
"United States","us_sex","Idaho","Idaho",39.6,"low","2021-07-01","65-84","Male and female","monthly","M: 0.068; F: 0.076","M: 0.150; F: 0.117","M: 0.349; F: 0.355","M: 0.053; F: 0.091","available","Yes"
"United States","us_non_sex","Idaho","Idaho",39.6,"low","2021-07-01","GE80","Total","monthly","Total: 0.066","Total: 0.090","Total: 0.259","Total: 0.045","available","No"
"United States","us_sex","Idaho","Idaho",39.6,"low","2021-07-01","GE85","Male and female","monthly","M: 0.077; F: 0.003","M: 0.087; F: 0.021","M: 0.187; F: 0.220","M: -0.006; F: -0.023","available","No"
"United States","us_sex","Illinois","Illinois",59.53,"neither","2021-07-01","0-44","Male and female","monthly","M: 0.283; F: 0.149","M: 0.264; F: 0.178","M: 0.407; F: 0.256","M: 0.248; F: 0.112","available","No"
"United States","us_non_sex","Illinois","Illinois",59.53,"neither","2021-07-01","20-39","Total","monthly","Total: 0.269","Total: 0.270","Total: 0.406","Total: 0.204","available","No"
"United States","us_non_sex","Illinois","Illinois",59.53,"neither","2021-07-01","40-59","Total","monthly","Total: 0.195","Total: 0.203","Total: 0.253","Total: 0.066","available","No"
"United States","us_sex","Illinois","Illinois",59.53,"neither","2021-07-01","45-64","Male and female","monthly","M: 0.223; F: 0.162","M: 0.220; F: 0.161","M: 0.241; F: 0.229","M: 0.046; F: 0.030","available","No"
"United States","us_non_sex","Illinois","Illinois",59.53,"neither","2021-07-01","60-79","Total","monthly","Total: 0.216","Total: 0.227","Total: 0.225","Total: 0.090","available","No"
"United States","us_sex","Illinois","Illinois",59.53,"neither","2021-07-01","65-84","Male and female","monthly","M: 0.213; F: 0.178","M: 0.233; F: 0.187","M: 0.186; F: 0.183","M: 0.087; F: 0.090","available","No"
"United States","us_non_sex","Illinois","Illinois",59.53,"neither","2021-07-01","GE80","Total","monthly","Total: 0.152","Total: 0.126","Total: 0.067","Total: 0.010","available","No"
"United States","us_sex","Illinois","Illinois",59.53,"neither","2021-07-01","GE85","Male and female","monthly","M: 0.117; F: 0.163","M: 0.132; F: 0.091","M: 0.065; F: 0.037","M: -0.020; F: -0.015","available","No"
"United States","us_sex","Indiana","Indiana",44.64,"neither","2021-07-01","0-44","Male and female","monthly","M: 0.259; F: 0.117","M: 0.272; F: 0.211","M: 0.483; F: 0.328","M: 0.230; F: 0.066","available","No"
"United States","us_non_sex","Indiana","Indiana",44.64,"neither","2021-07-01","20-39","Total","monthly","Total: 0.301","Total: 0.315","Total: 0.475","Total: 0.192","available","No"
"United States","us_non_sex","Indiana","Indiana",44.64,"neither","2021-07-01","40-59","Total","monthly","Total: 0.165","Total: 0.193","Total: 0.459","Total: 0.153","available","No"
"United States","us_sex","Indiana","Indiana",44.64,"neither","2021-07-01","45-64","Male and female","monthly","M: 0.135; F: 0.126","M: 0.197; F: 0.130","M: 0.351; F: 0.340","M: 0.097; F: 0.058","available","No"
"United States","us_non_sex","Indiana","Indiana",44.64,"neither","2021-07-01","60-79","Total","monthly","Total: 0.109","Total: 0.177","Total: 0.240","Total: 0.042","available","No"
"United States","us_sex","Indiana","Indiana",44.64,"neither","2021-07-01","65-84","Male and female","monthly","M: 0.129; F: 0.106","M: 0.193; F: 0.144","M: 0.216; F: 0.237","M: 0.044; F: 0.049","available","No"
"United States","us_non_sex","Indiana","Indiana",44.64,"neither","2021-07-01","GE80","Total","monthly","Total: 0.133","Total: 0.120","Total: 0.127","Total: 0.006","available","No"
"United States","us_sex","Indiana","Indiana",44.64,"neither","2021-07-01","GE85","Male and female","monthly","M: 0.118; F: 0.146","M: 0.103; F: 0.103","M: 0.120; F: 0.082","M: -0.031; F: -0.005","available","No"
"United States","us_sex","Iowa","Iowa",51.45,"neither","2021-07-01","0-44","Male and female","monthly","M: 0.194; F: 0.253","M: 0.042; F: 0.200","M: 0.207; F: 0.373","M: 0.082; F: 0.178","available","No"
"United States","us_non_sex","Iowa","Iowa",51.45,"neither","2021-07-01","20-39","Total","monthly","Total: 0.203","Total: 0.101","Total: 0.146","Total: -0.016","available","No"
"United States","us_non_sex","Iowa","Iowa",51.45,"neither","2021-07-01","40-59","Total","monthly","Total: 0.101","Total: 0.065","Total: 0.304","Total: 0.028","available","No"
"United States","us_sex","Iowa","Iowa",51.45,"neither","2021-07-01","45-64","Male and female","monthly","M: 0.099; F: 0.141","M: 0.058; F: 0.056","M: 0.241; F: 0.343","M: -0.021; F: 0.026","available","No"
"United States","us_non_sex","Iowa","Iowa",51.45,"neither","2021-07-01","60-79","Total","monthly","Total: 0.123","Total: 0.138","Total: 0.228","Total: 0.051","available","No"
"United States","us_sex","Iowa","Iowa",51.45,"neither","2021-07-01","65-84","Male and female","monthly","M: 0.098; F: 0.118","M: 0.191; F: 0.148","M: 0.211; F: 0.217","M: 0.076; F: 0.091","available","No"
"United States","us_non_sex","Iowa","Iowa",51.45,"neither","2021-07-01","GE80","Total","monthly","Total: 0.091","Total: 0.099","Total: 0.081","Total: 0.007","available","No"
"United States","us_sex","Iowa","Iowa",51.45,"neither","2021-07-01","GE85","Male and female","monthly","M: 0.116; F: 0.080","M: 0.122; F: 0.026","M: 0.079; F: 0.015","M: -0.001; F: -0.039","available","No"
"United States","us_sex","Kansas","Kansas",49.25,"neither","2021-07-01","0-44","Male and female","monthly","M: 0.197; F: 0.197","M: 0.294; F: 0.346","M: 0.367; F: 0.736","M: 0.230; F: 0.326","available","No"
"United States","us_non_sex","Kansas","Kansas",49.25,"neither","2021-07-01","20-39","Total","monthly","Total: 0.115","Total: 0.182","Total: 0.331","Total: 0.144","available","No"
"United States","us_non_sex","Kansas","Kansas",49.25,"neither","2021-07-01","40-59","Total","monthly","Total: 0.149","Total: 0.226","Total: 0.422","Total: 0.114","available","No"
"United States","us_sex","Kansas","Kansas",49.25,"neither","2021-07-01","45-64","Male and female","monthly","M: 0.101; F: 0.036","M: 0.175; F: 0.114","M: 0.333; F: 0.264","M: 0.070; F: -0.021","available","No"
"United States","us_non_sex","Kansas","Kansas",49.25,"neither","2021-07-01","60-79","Total","monthly","Total: 0.082","Total: 0.184","Total: 0.274","Total: 0.077","available","No"
"United States","us_sex","Kansas","Kansas",49.25,"neither","2021-07-01","65-84","Male and female","monthly","M: 0.098; F: 0.079","M: 0.216; F: 0.149","M: 0.262; F: 0.209","M: 0.064; F: 0.101","available","No"
"United States","us_non_sex","Kansas","Kansas",49.25,"neither","2021-07-01","GE80","Total","monthly","Total: 0.074","Total: 0.131","Total: 0.080","Total: 0.015","available","No"
"United States","us_sex","Kansas","Kansas",49.25,"neither","2021-07-01","GE85","Male and female","monthly","M: 0.088; F: 0.054","M: 0.141; F: 0.082","M: 0.044; F: 0.033","M: -0.024; F: -0.016","available","No"
"United States","us_sex","Kentucky","Kentucky",49.56,"neither","2021-07-01","0-44","Male and female","monthly","M: 0.467; F: 0.208","M: 0.546; F: 0.276","M: 0.768; F: 0.524","M: 0.452; F: 0.209","available","No"
"United States","us_non_sex","Kentucky","Kentucky",49.56,"neither","2021-07-01","20-39","Total","monthly","Total: 0.410","Total: 0.475","Total: 0.615","Total: 0.308","available","No"
"United States","us_non_sex","Kentucky","Kentucky",49.56,"neither","2021-07-01","40-59","Total","monthly","Total: 0.165","Total: 0.249","Total: 0.530","Total: 0.191","available","No"
"United States","us_sex","Kentucky","Kentucky",49.56,"neither","2021-07-01","45-64","Male and female","monthly","M: 0.091; F: 0.135","M: 0.169; F: 0.177","M: 0.334; F: 0.478","M: 0.040; F: 0.109","available","No"
"United States","us_non_sex","Kentucky","Kentucky",49.56,"neither","2021-07-01","60-79","Total","monthly","Total: 0.078","Total: 0.168","Total: 0.321","Total: 0.074","available","No"
"United States","us_sex","Kentucky","Kentucky",49.56,"neither","2021-07-01","65-84","Male and female","monthly","M: 0.066; F: 0.070","M: 0.167; F: 0.150","M: 0.272; F: 0.275","M: 0.055; F: 0.108","available","No"
"United States","us_non_sex","Kentucky","Kentucky",49.56,"neither","2021-07-01","GE80","Total","monthly","Total: 0.064","Total: 0.127","Total: 0.125","Total: 0.029","available","No"
"United States","us_sex","Kentucky","Kentucky",49.56,"neither","2021-07-01","GE85","Male and female","monthly","M: 0.060; F: 0.056","M: 0.126; F: 0.087","M: 0.132; F: 0.061","M: 0.003; F: -0.030","available","No"
"United States","us_sex","Louisiana","Louisiana",38.5,"low","2021-07-01","0-44","Male and female","monthly","M: 0.270; F: 0.323","M: 0.381; F: 0.329","M: 0.542; F: 0.556","M: 0.214; F: 0.213","available","No"
"United States","us_non_sex","Louisiana","Louisiana",38.5,"low","2021-07-01","20-39","Total","monthly","Total: 0.334","Total: 0.424","Total: 0.520","Total: 0.209","available","No"
"United States","us_non_sex","Louisiana","Louisiana",38.5,"low","2021-07-01","40-59","Total","monthly","Total: 0.271","Total: 0.257","Total: 0.541","Total: 0.133","available","No"
"United States","us_sex","Louisiana","Louisiana",38.5,"low","2021-07-01","45-64","Male and female","monthly","M: 0.273; F: 0.216","M: 0.274; F: 0.158","M: 0.459; F: 0.368","M: 0.097; F: 0.049","available","No"
"United States","us_non_sex","Louisiana","Louisiana",38.5,"low","2021-07-01","60-79","Total","monthly","Total: 0.290","Total: 0.221","Total: 0.316","Total: 0.097","available","No"
"United States","us_sex","Louisiana","Louisiana",38.5,"low","2021-07-01","65-84","Male and female","monthly","M: 0.295; F: 0.275","M: 0.215; F: 0.148","M: 0.267; F: 0.237","M: 0.078; F: 0.064","available","Yes"
"United States","us_non_sex","Louisiana","Louisiana",38.5,"low","2021-07-01","GE80","Total","monthly","Total: 0.279","Total: 0.106","Total: 0.121","Total: 0.014","available","No"
"United States","us_sex","Louisiana","Louisiana",38.5,"low","2021-07-01","GE85","Male and female","monthly","M: 0.269; F: 0.256","M: 0.106; F: 0.053","M: 0.077; F: 0.064","M: -0.035; F: -0.021","available","No"
"United States","us_sex","Maine","Maine",66.49,"high","2021-07-01","0-44","Male and female","monthly","M: 0.044; F: 0.176","M: 0.135; F: -0.010","M: 0.349; F: 0.581","M: 0.129; F: 0.335","available","No"
"United States","us_non_sex","Maine","Maine",66.49,"high","2021-07-01","20-39","Total","monthly","Total: -0.024","Total: 0.004","Total: 0.215","Total: 0.054","available","No"
"United States","us_non_sex","Maine","Maine",66.49,"high","2021-07-01","40-59","Total","monthly","Total: 0.128","Total: 0.184","Total: 0.379","Total: 0.171","available","No"
"United States","us_sex","Maine","Maine",66.49,"high","2021-07-01","45-64","Male and female","monthly","M: 0.087; F: -0.034","M: 0.131; F: -0.048","M: 0.311; F: 0.238","M: 0.075; F: 0.036","available","No"
"United States","us_non_sex","Maine","Maine",66.49,"high","2021-07-01","60-79","Total","monthly","Total: 0.001","Total: 0.044","Total: 0.201","Total: 0.050","available","No"
"United States","us_sex","Maine","Maine",66.49,"high","2021-07-01","65-84","Male and female","monthly","M: -0.010; F: -0.005","M: 0.061; F: 0.037","M: 0.212; F: 0.161","M: 0.055; F: 0.059","available","No"
"United States","us_non_sex","Maine","Maine",66.49,"high","2021-07-01","GE80","Total","monthly","Total: -0.024","Total: 0.003","Total: 0.120","Total: 0.023","available","No"
"United States","us_sex","Maine","Maine",66.49,"high","2021-07-01","GE85","Male and female","monthly","M: -0.043; F: -0.006","M: -0.061; F: 0.022","M: 0.091; F: 0.101","M: -0.021; F: 0.030","available","No"
"United States","us_sex","Maryland","Maryland",62.03,"high","2021-07-01","0-44","Male and female","monthly","M: 0.174; F: 0.252","M: 0.108; F: 0.214","M: 0.147; F: 0.183","M: 0.002; F: 0.095","available","No"
"United States","us_non_sex","Maryland","Maryland",62.03,"high","2021-07-01","20-39","Total","monthly","Total: 0.196","Total: 0.125","Total: 0.132","Total: -0.001","available","No"
"United States","us_non_sex","Maryland","Maryland",62.03,"high","2021-07-01","40-59","Total","monthly","Total: 0.244","Total: 0.198","Total: 0.199","Total: 0.039","available","No"
"United States","us_sex","Maryland","Maryland",62.03,"high","2021-07-01","45-64","Male and female","monthly","M: 0.234; F: 0.135","M: 0.191; F: 0.120","M: 0.148; F: 0.109","M: 0.002; F: -0.040","available","No"
"United States","us_non_sex","Maryland","Maryland",62.03,"high","2021-07-01","60-79","Total","monthly","Total: 0.180","Total: 0.164","Total: 0.115","Total: 0.022","available","No"
"United States","us_sex","Maryland","Maryland",62.03,"high","2021-07-01","65-84","Male and female","monthly","M: 0.204; F: 0.181","M: 0.172; F: 0.151","M: 0.114; F: 0.113","M: 0.054; F: 0.039","available","Yes"
"United States","us_non_sex","Maryland","Maryland",62.03,"high","2021-07-01","GE80","Total","monthly","Total: 0.187","Total: 0.091","Total: 0.045","Total: 0.003","available","No"
"United States","us_sex","Maryland","Maryland",62.03,"high","2021-07-01","GE85","Male and female","monthly","M: 0.149; F: 0.178","M: 0.068; F: 0.056","M: 0.037; F: -0.011","M: -0.028; F: -0.051","available","No"
"United States","us_sex","Massachusetts","Massachusetts",70.52,"high","2021-07-01","0-44","Male and female","monthly","M: 0.188; F: 0.119","M: 0.158; F: 0.067","M: 0.257; F: 0.126","M: 0.182; F: -0.003","available","No"
"United States","us_non_sex","Massachusetts","Massachusetts",70.52,"high","2021-07-01","20-39","Total","monthly","Total: 0.180","Total: 0.184","Total: 0.276","Total: 0.211","available","No"
"United States","us_non_sex","Massachusetts","Massachusetts",70.52,"high","2021-07-01","40-59","Total","monthly","Total: 0.152","Total: 0.132","Total: 0.181","Total: 0.096","available","No"
"United States","us_sex","Massachusetts","Massachusetts",70.52,"high","2021-07-01","45-64","Male and female","monthly","M: 0.159; F: 0.086","M: 0.098; F: 0.053","M: 0.141; F: 0.104","M: 0.020; F: 0.010","available","No"
"United States","us_non_sex","Massachusetts","Massachusetts",70.52,"high","2021-07-01","60-79","Total","monthly","Total: 0.211","Total: 0.095","Total: 0.132","Total: 0.041","available","No"
"United States","us_sex","Massachusetts","Massachusetts",70.52,"high","2021-07-01","65-84","Male and female","monthly","M: 0.220; F: 0.229","M: 0.109; F: 0.074","M: 0.114; F: 0.148","M: 0.059; F: 0.089","available","Yes"
"United States","us_non_sex","Massachusetts","Massachusetts",70.52,"high","2021-07-01","GE80","Total","monthly","Total: 0.199","Total: -0.001","Total: -0.002","Total: -0.018","available","No"
"United States","us_sex","Massachusetts","Massachusetts",70.52,"high","2021-07-01","GE85","Male and female","monthly","M: 0.127; F: 0.227","M: -0.001; F: -0.042","M: -0.048; F: -0.037","M: -0.102; F: -0.039","available","No"
"United States","us_sex","Michigan","Michigan",51.5,"neither","2021-07-01","0-44","Male and female","monthly","M: 0.217; F: 0.149","M: 0.268; F: 0.176","M: 0.364; F: 0.322","M: 0.160; F: 0.083","available","No"
"United States","us_non_sex","Michigan","Michigan",51.5,"neither","2021-07-01","20-39","Total","monthly","Total: 0.205","Total: 0.292","Total: 0.360","Total: 0.147","available","No"
"United States","us_non_sex","Michigan","Michigan",51.5,"neither","2021-07-01","40-59","Total","monthly","Total: 0.227","Total: 0.257","Total: 0.436","Total: 0.126","available","No"
"United States","us_sex","Michigan","Michigan",51.5,"neither","2021-07-01","45-64","Male and female","monthly","M: 0.205; F: 0.132","M: 0.241; F: 0.174","M: 0.384; F: 0.298","M: 0.070; F: 0.052","available","No"
"United States","us_non_sex","Michigan","Michigan",51.5,"neither","2021-07-01","60-79","Total","monthly","Total: 0.157","Total: 0.184","Total: 0.250","Total: 0.028","available","No"
"United States","us_sex","Michigan","Michigan",51.5,"neither","2021-07-01","65-84","Male and female","monthly","M: 0.177; F: 0.146","M: 0.219; F: 0.146","M: 0.265; F: 0.194","M: 0.066; F: 0.037","available","No"
"United States","us_non_sex","Michigan","Michigan",51.5,"neither","2021-07-01","GE80","Total","monthly","Total: 0.133","Total: 0.093","Total: 0.118","Total: 0.004","available","No"
"United States","us_sex","Michigan","Michigan",51.5,"neither","2021-07-01","GE85","Male and female","monthly","M: 0.122; F: 0.129","M: 0.077; F: 0.054","M: 0.106; F: 0.084","M: -0.044; F: -0.024","available","No"
"United States","us_sex","Minnesota","Minnesota",57.07,"neither","2021-07-01","0-44","Male and female","monthly","M: 0.201; F: 0.147","M: 0.299; F: 0.261","M: 0.405; F: 0.378","M: 0.136; F: 0.243","available","No"
"United States","us_non_sex","Minnesota","Minnesota",57.07,"neither","2021-07-01","20-39","Total","monthly","Total: 0.206","Total: 0.243","Total: 0.334","Total: 0.074","available","No"
"United States","us_non_sex","Minnesota","Minnesota",57.07,"neither","2021-07-01","40-59","Total","monthly","Total: 0.116","Total: 0.163","Total: 0.329","Total: 0.110","available","No"
"United States","us_sex","Minnesota","Minnesota",57.07,"neither","2021-07-01","45-64","Male and female","monthly","M: 0.119; F: 0.066","M: 0.129; F: 0.107","M: 0.333; F: 0.212","M: 0.076; F: 0.016","available","No"
"United States","us_non_sex","Minnesota","Minnesota",57.07,"neither","2021-07-01","60-79","Total","monthly","Total: 0.090","Total: 0.130","Total: 0.231","Total: 0.050","available","No"
"United States","us_sex","Minnesota","Minnesota",57.07,"neither","2021-07-01","65-84","Male and female","monthly","M: 0.058; F: 0.140","M: 0.126; F: 0.138","M: 0.189; F: 0.219","M: 0.029; F: 0.088","available","No"
"United States","us_non_sex","Minnesota","Minnesota",57.07,"neither","2021-07-01","GE80","Total","monthly","Total: 0.080","Total: 0.074","Total: 0.074","Total: 0.001","available","No"
"United States","us_sex","Minnesota","Minnesota",57.07,"neither","2021-07-01","GE85","Male and female","monthly","M: 0.069; F: 0.059","M: 0.074; F: 0.025","M: 0.074; F: 0.005","M: -0.024; F: -0.033","available","No"
"United States","us_sex","Mississippi","Mississippi",36.27,"low","2021-07-01","0-44","Male and female","monthly","M: 0.269; F: 0.315","M: 0.345; F: 0.420","M: 0.446; F: 0.834","M: 0.113; F: 0.226","available","No"
"United States","us_non_sex","Mississippi","Mississippi",36.27,"low","2021-07-01","20-39","Total","monthly","Total: 0.284","Total: 0.339","Total: 0.452","Total: 0.076","available","No"
"United States","us_non_sex","Mississippi","Mississippi",36.27,"low","2021-07-01","40-59","Total","monthly","Total: 0.301","Total: 0.319","Total: 0.565","Total: 0.148","available","No"
"United States","us_sex","Mississippi","Mississippi",36.27,"low","2021-07-01","45-64","Male and female","monthly","M: 0.238; F: 0.224","M: 0.257; F: 0.194","M: 0.361; F: 0.463","M: 0.036; F: 0.070","available","No"
"United States","us_non_sex","Mississippi","Mississippi",36.27,"low","2021-07-01","60-79","Total","monthly","Total: 0.225","Total: 0.225","Total: 0.269","Total: 0.047","available","No"
"United States","us_sex","Mississippi","Mississippi",36.27,"low","2021-07-01","65-84","Male and female","monthly","M: 0.208; F: 0.240","M: 0.219; F: 0.235","M: 0.190; F: 0.290","M: 0.026; F: 0.114","available","Yes"
"United States","us_non_sex","Mississippi","Mississippi",36.27,"low","2021-07-01","GE80","Total","monthly","Total: 0.221","Total: 0.138","Total: 0.120","Total: 0.045","available","No"
"United States","us_sex","Mississippi","Mississippi",36.27,"low","2021-07-01","GE85","Male and female","monthly","M: 0.227; F: 0.225","M: 0.100; F: 0.105","M: 0.144; F: 0.072","M: 0.016; F: 0.025","available","No"
"United States","us_sex","Missouri","Missouri",44.99,"neither","2021-07-01","0-44","Male and female","monthly","M: 0.159; F: 0.125","M: 0.210; F: 0.117","M: 0.183; F: 0.232","M: 0.047; F: 0.084","available","No"
"United States","us_non_sex","Missouri","Missouri",44.99,"neither","2021-07-01","20-39","Total","monthly","Total: 0.205","Total: 0.171","Total: 0.195","Total: 0.002","available","No"
"United States","us_non_sex","Missouri","Missouri",44.99,"neither","2021-07-01","40-59","Total","monthly","Total: 0.093","Total: 0.172","Total: 0.386","Total: 0.071","available","No"
"United States","us_sex","Missouri","Missouri",44.99,"neither","2021-07-01","45-64","Male and female","monthly","M: 0.101; F: 0.094","M: 0.156; F: 0.161","M: 0.324; F: 0.388","M: 0.040; F: 0.072","available","No"
"United States","us_non_sex","Missouri","Missouri",44.99,"neither","2021-07-01","60-79","Total","monthly","Total: 0.132","Total: 0.198","Total: 0.282","Total: 0.081","available","No"
"United States","us_sex","Missouri","Missouri",44.99,"neither","2021-07-01","65-84","Male and female","monthly","M: 0.136; F: 0.128","M: 0.210; F: 0.171","M: 0.224; F: 0.250","M: 0.079; F: 0.100","available","No"
"United States","us_non_sex","Missouri","Missouri",44.99,"neither","2021-07-01","GE80","Total","monthly","Total: 0.130","Total: 0.140","Total: 0.117","Total: 0.032","available","No"
"United States","us_sex","Missouri","Missouri",44.99,"neither","2021-07-01","GE85","Male and female","monthly","M: 0.127; F: 0.125","M: 0.153; F: 0.107","M: 0.114; F: 0.076","M: 0.009; F: -0.007","available","No"
"United States","us_sex","Montana","Montana",47.8,"neither","2021-07-01","0-44","Male and female","monthly","M: 0.242; F: 0.411","M: 0.650; F: 0.146","M: 1.006; F: 0.574","M: 0.429; F: 0.081","available","No"
"United States","us_non_sex","Montana","Montana",47.8,"neither","2021-07-01","20-39","Total","monthly","Total: 0.454","Total: 0.595","Total: 1.136","Total: 0.441","available","No"
"United States","us_non_sex","Montana","Montana",47.8,"neither","2021-07-01","40-59","Total","monthly","Total: 0.185","Total: 0.331","Total: 0.576","Total: 0.170","available","No"
"United States","us_sex","Montana","Montana",47.8,"neither","2021-07-01","45-64","Male and female","monthly","M: 0.169; F: 0.081","M: 0.276; F: 0.181","M: 0.562; F: 0.441","M: 0.105; F: 0.080","available","No"
"United States","us_non_sex","Montana","Montana",47.8,"neither","2021-07-01","60-79","Total","monthly","Total: 0.077","Total: 0.113","Total: 0.373","Total: 0.010","available","No"
"United States","us_sex","Montana","Montana",47.8,"neither","2021-07-01","65-84","Male and female","monthly","M: 0.110; F: 0.031","M: 0.137; F: 0.119","M: 0.364; F: 0.389","M: 0.011; F: 0.076","available","No"
"United States","us_non_sex","Montana","Montana",47.8,"neither","2021-07-01","GE80","Total","monthly","Total: 0.070","Total: 0.084","Total: 0.237","Total: 0.012","available","No"
"United States","us_sex","Montana","Montana",47.8,"neither","2021-07-01","GE85","Male and female","monthly","M: 0.087; F: 0.050","M: 0.076; F: 0.017","M: 0.141; F: 0.148","M: -0.066; F: -0.016","available","No"
"United States","us_sex","Nebraska","Nebraska",51.82,"neither","2021-07-01","0-44","Male and female","monthly","M: 0.280; F: 0.047","M: 0.179; F: 0.370","M: 0.371; F: 0.493","M: 0.198; F: 0.170","available","No"
"United States","us_non_sex","Nebraska","Nebraska",51.82,"neither","2021-07-01","20-39","Total","monthly","Total: 0.420","Total: 0.338","Total: 0.422","Total: 0.094","available","No"
"United States","us_non_sex","Nebraska","Nebraska",51.82,"neither","2021-07-01","40-59","Total","monthly","Total: 0.051","Total: 0.118","Total: 0.290","Total: -0.018","available","No"
"United States","us_sex","Nebraska","Nebraska",51.82,"neither","2021-07-01","45-64","Male and female","monthly","M: 0.078; F: 0.046","M: 0.151; F: 0.013","M: 0.268; F: 0.254","M: -0.019; F: -0.058","available","No"
"United States","us_non_sex","Nebraska","Nebraska",51.82,"neither","2021-07-01","60-79","Total","monthly","Total: 0.142","Total: 0.150","Total: 0.242","Total: 0.067","available","No"
"United States","us_sex","Nebraska","Nebraska",51.82,"neither","2021-07-01","65-84","Male and female","monthly","M: 0.117; F: 0.143","M: 0.217; F: 0.095","M: 0.201; F: 0.198","M: 0.086; F: 0.079","available","No"
"United States","us_non_sex","Nebraska","Nebraska",51.82,"neither","2021-07-01","GE80","Total","monthly","Total: 0.054","Total: 0.086","Total: 0.068","Total: 0.018","available","No"
"United States","us_sex","Nebraska","Nebraska",51.82,"neither","2021-07-01","GE85","Male and female","monthly","M: 0.060; F: 0.046","M: 0.136; F: 0.017","M: 0.078; F: 0.019","M: 0.034; F: -0.026","available","No"
"United States","us_sex","Nevada","Nevada",49.8,"neither","2021-07-01","0-44","Male and female","monthly","M: 0.183; F: 0.190","M: 0.385; F: 0.333","M: 0.540; F: 0.782","M: 0.323; F: 0.271","available","No"
"United States","us_non_sex","Nevada","Nevada",49.8,"neither","2021-07-01","20-39","Total","monthly","Total: 0.239","Total: 0.471","Total: 0.635","Total: 0.339","available","No"
"United States","us_non_sex","Nevada","Nevada",49.8,"neither","2021-07-01","40-59","Total","monthly","Total: 0.240","Total: 0.326","Total: 0.572","Total: 0.143","available","No"
"United States","us_sex","Nevada","Nevada",49.8,"neither","2021-07-01","45-64","Male and female","monthly","M: 0.188; F: 0.130","M: 0.281; F: 0.197","M: 0.462; F: 0.396","M: 0.038; F: 0.053","available","No"
"United States","us_non_sex","Nevada","Nevada",49.8,"neither","2021-07-01","60-79","Total","monthly","Total: 0.122","Total: 0.220","Total: 0.305","Total: 0.047","available","No"
"United States","us_sex","Nevada","Nevada",49.8,"neither","2021-07-01","65-84","Male and female","monthly","M: 0.117; F: 0.143","M: 0.234; F: 0.214","M: 0.296; F: 0.309","M: 0.055; F: 0.100","available","No"
"United States","us_non_sex","Nevada","Nevada",49.8,"neither","2021-07-01","GE80","Total","monthly","Total: 0.119","Total: 0.164","Total: 0.198","Total: 0.070","available","No"
"United States","us_sex","Nevada","Nevada",49.8,"neither","2021-07-01","GE85","Male and female","monthly","M: 0.076; F: 0.128","M: 0.075; F: 0.133","M: 0.076; F: 0.144","M: -0.044; F: 0.070","available","No"
"United States","us_sex","New Hampshire","New Hampshire",62.51,"high","2021-07-01","0-44","Male and female","monthly","M: -0.097; F: 0.297","M: 0.036; F: -0.024","M: 0.263; F: 0.677","M: 0.272; F: 0.134","available","No"
"United States","us_non_sex","New Hampshire","New Hampshire",62.51,"high","2021-07-01","20-39","Total","monthly","Total: -0.281","Total: -0.248","Total: 0.087","Total: -0.265","available","No"
"United States","us_non_sex","New Hampshire","New Hampshire",62.51,"high","2021-07-01","40-59","Total","monthly","Total: 0.000","Total: -0.020","Total: 0.097","Total: -0.017","available","No"
"United States","us_sex","New Hampshire","New Hampshire",62.51,"high","2021-07-01","45-64","Male and female","monthly","M: -0.033; F: -0.084","M: -0.001; F: -0.087","M: 0.091; F: 0.075","M: -0.027; F: -0.033","available","No"
"United States","us_non_sex","New Hampshire","New Hampshire",62.51,"high","2021-07-01","60-79","Total","monthly","Total: 0.027","Total: 0.060","Total: 0.183","Total: 0.054","available","No"
"United States","us_sex","New Hampshire","New Hampshire",62.51,"high","2021-07-01","65-84","Male and female","monthly","M: 0.073; F: 0.049","M: 0.075; F: 0.053","M: 0.181; F: 0.173","M: 0.077; F: 0.099","available","No"
"United States","us_non_sex","New Hampshire","New Hampshire",62.51,"high","2021-07-01","GE80","Total","monthly","Total: 0.071","Total: 0.007","Total: 0.024","Total: 0.002","available","No"
"United States","us_sex","New Hampshire","New Hampshire",62.51,"high","2021-07-01","GE85","Male and female","monthly","M: 0.079; F: 0.053","M: -0.033; F: 0.012","M: -0.031; F: -0.021","M: -0.084; F: -0.038","available","No"
"United States","us_sex","New Jersey","New Jersey",62.95,"high","2021-07-01","0-44","Male and female","monthly","M: 0.180; F: 0.083","M: 0.114; F: 0.062","M: 0.082; F: 0.048","M: -0.029; F: -0.074","available","No"
"United States","us_non_sex","New Jersey","New Jersey",62.95,"high","2021-07-01","20-39","Total","monthly","Total: 0.154","Total: 0.097","Total: 0.049","Total: -0.072","available","No"
"United States","us_non_sex","New Jersey","New Jersey",62.95,"high","2021-07-01","40-59","Total","monthly","Total: 0.360","Total: 0.257","Total: 0.188","Total: 0.036","available","No"
"United States","us_sex","New Jersey","New Jersey",62.95,"high","2021-07-01","45-64","Male and female","monthly","M: 0.467; F: 0.258","M: 0.264; F: 0.214","M: 0.173; F: 0.106","M: 0.010; F: 0.011","available","No"
"United States","us_non_sex","New Jersey","New Jersey",62.95,"high","2021-07-01","60-79","Total","monthly","Total: 0.393","Total: 0.236","Total: 0.123","Total: 0.044","available","No"
"United States","us_sex","New Jersey","New Jersey",62.95,"high","2021-07-01","65-84","Male and female","monthly","M: 0.402; F: 0.359","M: 0.233; F: 0.170","M: 0.076; F: 0.136","M: 0.032; F: 0.071","available","Yes"
"United States","us_non_sex","New Jersey","New Jersey",62.95,"high","2021-07-01","GE80","Total","monthly","Total: 0.324","Total: 0.053","Total: 0.011","Total: -0.021","available","No"
"United States","us_sex","New Jersey","New Jersey",62.95,"high","2021-07-01","GE85","Male and female","monthly","M: 0.279; F: 0.303","M: 0.055; F: -0.010","M: -0.022; F: -0.008","M: -0.052; F: -0.063","available","No"
"United States","us_sex","New Mexico","New Mexico",63.02,"high","2021-07-01","0-44","Male and female","monthly","M: 0.186; F: 0.320","M: 0.338; F: 0.630","M: 0.619; F: 0.858","M: 0.182; F: 0.264","available","No"
"United States","us_non_sex","New Mexico","New Mexico",63.02,"high","2021-07-01","20-39","Total","monthly","Total: 0.254","Total: 0.409","Total: 0.614","Total: 0.149","available","No"
"United States","us_non_sex","New Mexico","New Mexico",63.02,"high","2021-07-01","40-59","Total","monthly","Total: 0.219","Total: 0.427","Total: 0.664","Total: 0.163","available","No"
"United States","us_sex","New Mexico","New Mexico",63.02,"high","2021-07-01","45-64","Male and female","monthly","M: 0.198; F: 0.143","M: 0.400; F: 0.311","M: 0.561; F: 0.435","M: 0.124; F: 0.064","available","No"
"United States","us_non_sex","New Mexico","New Mexico",63.02,"high","2021-07-01","60-79","Total","monthly","Total: 0.119","Total: 0.281","Total: 0.342","Total: 0.089","available","No"
"United States","us_sex","New Mexico","New Mexico",63.02,"high","2021-07-01","65-84","Male and female","monthly","M: 0.089; F: 0.184","M: 0.272; F: 0.284","M: 0.294; F: 0.348","M: 0.074; F: 0.153","available","Yes"
"United States","us_non_sex","New Mexico","New Mexico",63.02,"high","2021-07-01","GE80","Total","monthly","Total: 0.103","Total: 0.174","Total: 0.171","Total: 0.048","available","No"
"United States","us_sex","New Mexico","New Mexico",63.02,"high","2021-07-01","GE85","Male and female","monthly","M: 0.057; F: 0.083","M: 0.120; F: 0.121","M: 0.151; F: 0.093","M: 0.009; F: -0.004","available","No"
"United States","us_sex","New York","New York",60.14,"neither","2021-07-01","0-44","Male and female","monthly","M: 0.393; F: 0.261","M: 0.201; F: 0.209","M: 0.327; F: 0.271","M: 0.186; F: 0.219","available","No"
"United States","us_non_sex","New York","New York",60.14,"neither","2021-07-01","20-39","Total","monthly","Total: 0.408","Total: 0.241","Total: 0.337","Total: 0.189","available","No"
"United States","us_non_sex","New York","New York",60.14,"neither","2021-07-01","40-59","Total","monthly","Total: 0.510","Total: 0.251","Total: 0.285","Total: 0.148","available","No"
"United States","us_sex","New York","New York",60.14,"neither","2021-07-01","45-64","Male and female","monthly","M: 0.526; F: 0.378","M: 0.242; F: 0.172","M: 0.221; F: 0.200","M: 0.088; F: 0.063","available","No"
"United States","us_non_sex","New York","New York",60.14,"neither","2021-07-01","60-79","Total","monthly","Total: 0.446","Total: 0.206","Total: 0.162","Total: 0.058","available","No"
"United States","us_sex","New York","New York",60.14,"neither","2021-07-01","65-84","Male and female","monthly","M: 0.483; F: 0.374","M: 0.201; F: 0.185","M: 0.129; F: 0.144","M: 0.063; F: 0.063","available","No"
"United States","us_non_sex","New York","New York",60.14,"neither","2021-07-01","GE80","Total","monthly","Total: 0.334","Total: 0.107","Total: 0.035","Total: 0.004","available","No"
"United States","us_sex","New York","New York",60.14,"neither","2021-07-01","GE85","Male and female","monthly","M: 0.288; F: 0.321","M: 0.101; F: 0.071","M: 0.012; F: 0.016","M: -0.036; F: -0.021","available","No"
"United States","us_sex","North Carolina","North Carolina",48.72,"neither","2021-07-01","0-44","Male and female","monthly","M: 0.249; F: 0.157","M: 0.317; F: 0.300","M: 0.455; F: 0.499","M: 0.270; F: 0.263","available","No"
"United States","us_non_sex","North Carolina","North Carolina",48.72,"neither","2021-07-01","20-39","Total","monthly","Total: 0.251","Total: 0.323","Total: 0.466","Total: 0.243","available","No"
"United States","us_non_sex","North Carolina","North Carolina",48.72,"neither","2021-07-01","40-59","Total","monthly","Total: 0.178","Total: 0.256","Total: 0.514","Total: 0.193","available","No"
"United States","us_sex","North Carolina","North Carolina",48.72,"neither","2021-07-01","45-64","Male and female","monthly","M: 0.139; F: 0.105","M: 0.205; F: 0.157","M: 0.396; F: 0.421","M: 0.102; F: 0.096","available","No"
"United States","us_non_sex","North Carolina","North Carolina",48.72,"neither","2021-07-01","60-79","Total","monthly","Total: 0.110","Total: 0.175","Total: 0.250","Total: 0.069","available","No"
"United States","us_sex","North Carolina","North Carolina",48.72,"neither","2021-07-01","65-84","Male and female","monthly","M: 0.118; F: 0.115","M: 0.188; F: 0.170","M: 0.191; F: 0.222","M: 0.069; F: 0.084","available","No"
"United States","us_non_sex","North Carolina","North Carolina",48.72,"neither","2021-07-01","GE80","Total","monthly","Total: 0.105","Total: 0.115","Total: 0.091","Total: 0.024","available","No"
"United States","us_sex","North Carolina","North Carolina",48.72,"neither","2021-07-01","GE85","Male and female","monthly","M: 0.076; F: 0.107","M: 0.104; F: 0.069","M: 0.063; F: 0.063","M: -0.011; F: -0.010","available","No"
"United States","us_sex","North Dakota","North Dakota",43.93,"neither","2021-07-01","0-44","Male and female","monthly","M: 0.526; F: unavailable","M: 0.179; F: unavailable","M: 0.495; F: -1.000","M: 0.357; F: -1.000","partial","No"
"United States","us_non_sex","North Dakota","North Dakota",43.93,"neither","2021-07-01","20-39","Total","monthly","Total: 0.414","Total: 0.790","Total: 0.727","Total: 0.292","available","No"
"United States","us_non_sex","North Dakota","North Dakota",43.93,"neither","2021-07-01","40-59","Total","monthly","Total: 0.116","Total: 0.212","Total: 0.489","Total: 0.140","available","No"
"United States","us_sex","North Dakota","North Dakota",43.93,"neither","2021-07-01","45-64","Male and female","monthly","M: 0.028; F: 0.068","M: 0.123; F: 0.201","M: 0.288; F: 0.415","M: -0.018; F: 0.043","available","No"
"United States","us_non_sex","North Dakota","North Dakota",43.93,"neither","2021-07-01","60-79","Total","monthly","Total: 0.090","Total: 0.138","Total: 0.235","Total: -0.027","available","No"
"United States","us_sex","North Dakota","North Dakota",43.93,"neither","2021-07-01","65-84","Male and female","monthly","M: 0.156; F: 0.123","M: 0.175; F: 0.153","M: 0.208; F: 0.272","M: 0.015; F: 0.049","available","No"
"United States","us_non_sex","North Dakota","North Dakota",43.93,"neither","2021-07-01","GE80","Total","monthly","Total: 0.163","Total: 0.117","Total: 0.003","Total: -0.042","available","No"
"United States","us_sex","North Dakota","North Dakota",43.93,"neither","2021-07-01","GE85","Male and female","monthly","M: 0.188; F: 0.129","M: 0.120; F: 0.054","M: -0.022; F: -0.048","M: -0.092; F: -0.065","available","No"
"United States","us_sex","Ohio","Ohio",48.27,"neither","2021-07-01","0-44","Male and female","monthly","M: 0.195; F: 0.138","M: 0.237; F: 0.166","M: 0.387; F: 0.326","M: 0.148; F: 0.153","available","No"
"United States","us_non_sex","Ohio","Ohio",48.27,"neither","2021-07-01","20-39","Total","monthly","Total: 0.219","Total: 0.204","Total: 0.323","Total: 0.077","available","No"
"United States","us_non_sex","Ohio","Ohio",48.27,"neither","2021-07-01","40-59","Total","monthly","Total: 0.148","Total: 0.212","Total: 0.473","Total: 0.122","available","No"
"United States","us_sex","Ohio","Ohio",48.27,"neither","2021-07-01","45-64","Male and female","monthly","M: 0.113; F: 0.076","M: 0.181; F: 0.143","M: 0.383; F: 0.372","M: 0.056; F: 0.022","available","No"
"United States","us_non_sex","Ohio","Ohio",48.27,"neither","2021-07-01","60-79","Total","monthly","Total: 0.084","Total: 0.192","Total: 0.291","Total: 0.044","available","No"
"United States","us_sex","Ohio","Ohio",48.27,"neither","2021-07-01","65-84","Male and female","monthly","M: 0.100; F: 0.083","M: 0.223; F: 0.156","M: 0.265; F: 0.247","M: 0.049; F: 0.044","available","No"
"United States","us_non_sex","Ohio","Ohio",48.27,"neither","2021-07-01","GE80","Total","monthly","Total: 0.095","Total: 0.147","Total: 0.121","Total: -0.006","available","No"
"United States","us_sex","Ohio","Ohio",48.27,"neither","2021-07-01","GE85","Male and female","monthly","M: 0.086; F: 0.100","M: 0.159; F: 0.123","M: 0.101; F: 0.091","M: -0.029; F: -0.023","available","No"
"United States","us_sex","Oklahoma","Oklahoma",44.91,"neither","2021-07-01","0-44","Male and female","monthly","M: 0.092; F: 0.043","M: 0.235; F: 0.277","M: 0.512; F: 0.549","M: 0.241; F: 0.274","available","No"
"United States","us_non_sex","Oklahoma","Oklahoma",44.91,"neither","2021-07-01","20-39","Total","monthly","Total: 0.132","Total: 0.244","Total: 0.504","Total: 0.222","available","No"
"United States","us_non_sex","Oklahoma","Oklahoma",44.91,"neither","2021-07-01","40-59","Total","monthly","Total: 0.099","Total: 0.259","Total: 0.558","Total: 0.160","available","No"
"United States","us_sex","Oklahoma","Oklahoma",44.91,"neither","2021-07-01","45-64","Male and female","monthly","M: 0.079; F: 0.071","M: 0.246; F: 0.222","M: 0.469; F: 0.421","M: 0.087; F: 0.092","available","No"
"United States","us_non_sex","Oklahoma","Oklahoma",44.91,"neither","2021-07-01","60-79","Total","monthly","Total: 0.110","Total: 0.252","Total: 0.318","Total: 0.077","available","No"
"United States","us_sex","Oklahoma","Oklahoma",44.91,"neither","2021-07-01","65-84","Male and female","monthly","M: 0.118; F: 0.103","M: 0.257; F: 0.219","M: 0.282; F: 0.290","M: 0.053; F: 0.107","available","No"
"United States","us_non_sex","Oklahoma","Oklahoma",44.91,"neither","2021-07-01","GE80","Total","monthly","Total: 0.101","Total: 0.185","Total: 0.132","Total: 0.034","available","No"
"United States","us_sex","Oklahoma","Oklahoma",44.91,"neither","2021-07-01","GE85","Male and female","monthly","M: 0.123; F: 0.097","M: 0.202; F: 0.154","M: 0.105; F: 0.062","M: 0.008; F: 0.012","available","No"
"United States","us_sex","Oregon","Oregon",58.83,"neither","2021-07-01","0-44","Male and female","monthly","M: 0.138; F: 0.241","M: 0.301; F: 0.327","M: 0.485; F: 0.665","M: 0.409; F: 0.464","available","No"
"United States","us_non_sex","Oregon","Oregon",58.83,"neither","2021-07-01","20-39","Total","monthly","Total: 0.144","Total: 0.278","Total: 0.497","Total: 0.367","available","No"
"United States","us_non_sex","Oregon","Oregon",58.83,"neither","2021-07-01","40-59","Total","monthly","Total: 0.142","Total: 0.204","Total: 0.500","Total: 0.223","available","No"
"United States","us_sex","Oregon","Oregon",58.83,"neither","2021-07-01","45-64","Male and female","monthly","M: 0.120; F: 0.053","M: 0.169; F: 0.140","M: 0.399; F: 0.382","M: 0.139; F: 0.123","available","No"
"United States","us_non_sex","Oregon","Oregon",58.83,"neither","2021-07-01","60-79","Total","monthly","Total: 0.026","Total: 0.094","Total: 0.258","Total: 0.066","available","No"
"United States","us_sex","Oregon","Oregon",58.83,"neither","2021-07-01","65-84","Male and female","monthly","M: 0.050; F: 0.032","M: 0.124; F: 0.077","M: 0.286; F: 0.209","M: 0.117; F: 0.068","available","No"
"United States","us_non_sex","Oregon","Oregon",58.83,"neither","2021-07-01","GE80","Total","monthly","Total: 0.044","Total: 0.076","Total: 0.185","Total: 0.085","available","No"
"United States","us_sex","Oregon","Oregon",58.83,"neither","2021-07-01","GE85","Male and female","monthly","M: 0.045; F: 0.009","M: 0.071; F: 0.032","M: 0.220; F: 0.113","M: 0.064; F: 0.038","available","No"
"United States","us_sex","Pennsylvania","Pennsylvania",62.87,"high","2021-07-01","0-44","Male and female","monthly","M: 0.176; F: 0.082","M: 0.258; F: 0.178","M: 0.317; F: 0.327","M: 0.162; F: 0.133","available","No"
"United States","us_non_sex","Pennsylvania","Pennsylvania",62.87,"high","2021-07-01","20-39","Total","monthly","Total: 0.162","Total: 0.226","Total: 0.301","Total: 0.122","available","No"
"United States","us_non_sex","Pennsylvania","Pennsylvania",62.87,"high","2021-07-01","40-59","Total","monthly","Total: 0.121","Total: 0.230","Total: 0.383","Total: 0.119","available","No"
"United States","us_sex","Pennsylvania","Pennsylvania",62.87,"high","2021-07-01","45-64","Male and female","monthly","M: 0.112; F: 0.065","M: 0.225; F: 0.132","M: 0.282; F: 0.281","M: 0.044; F: 0.022","available","No"
"United States","us_non_sex","Pennsylvania","Pennsylvania",62.87,"high","2021-07-01","60-79","Total","monthly","Total: 0.133","Total: 0.236","Total: 0.268","Total: 0.087","available","No"
"United States","us_sex","Pennsylvania","Pennsylvania",62.87,"high","2021-07-01","65-84","Male and female","monthly","M: 0.127; F: 0.139","M: 0.244; F: 0.194","M: 0.243; F: 0.230","M: 0.080; F: 0.100","available","Yes"
"United States","us_non_sex","Pennsylvania","Pennsylvania",62.87,"high","2021-07-01","GE80","Total","monthly","Total: 0.117","Total: 0.131","Total: 0.086","Total: -0.003","available","No"
"United States","us_sex","Pennsylvania","Pennsylvania",62.87,"high","2021-07-01","GE85","Male and female","monthly","M: 0.078; F: 0.133","M: 0.152; F: 0.084","M: 0.085; F: 0.038","M: -0.028; F: -0.038","available","No"
"United States","us_sex","Rhode Island","Rhode Island",64.71,"high","2021-07-01","0-44","Male and female","monthly","M: 0.158; F: -0.086","M: 0.223; F: -0.081","M: 0.368; F: 0.030","M: -0.009; F: 0.145","available","No"
"United States","us_non_sex","Rhode Island","Rhode Island",64.71,"high","2021-07-01","20-39","Total","monthly","Total: 0.134","Total: 0.041","Total: 0.302","Total: 0.117","available","No"
"United States","us_non_sex","Rhode Island","Rhode Island",64.71,"high","2021-07-01","40-59","Total","monthly","Total: 0.194","Total: 0.171","Total: 0.341","Total: 0.085","available","No"
"United States","us_sex","Rhode Island","Rhode Island",64.71,"high","2021-07-01","45-64","Male and female","monthly","M: 0.181; F: 0.112","M: 0.204; F: 0.162","M: 0.175; F: 0.196","M: 0.037; F: -0.002","available","No"
"United States","us_non_sex","Rhode Island","Rhode Island",64.71,"high","2021-07-01","60-79","Total","monthly","Total: 0.126","Total: 0.126","Total: 0.119","Total: -0.003","available","No"
"United States","us_sex","Rhode Island","Rhode Island",64.71,"high","2021-07-01","65-84","Male and female","monthly","M: 0.119; F: 0.142","M: 0.114; F: 0.103","M: 0.120; F: 0.169","M: -0.017; F: 0.063","available","No"
"United States","us_non_sex","Rhode Island","Rhode Island",64.71,"high","2021-07-01","GE80","Total","monthly","Total: 0.147","Total: 0.093","Total: 0.044","Total: -0.052","available","No"
"United States","us_sex","Rhode Island","Rhode Island",64.71,"high","2021-07-01","GE85","Male and female","monthly","M: 0.135; F: 0.113","M: 0.145; F: 0.023","M: -0.006; F: -0.046","M: -0.048; F: -0.159","available","No"
"United States","us_sex","South Carolina","South Carolina",44.37,"neither","2021-07-01","0-44","Male and female","monthly","M: 0.205; F: 0.214","M: 0.214; F: 0.285","M: 0.359; F: 0.533","M: 0.072; F: 0.143","available","No"
"United States","us_non_sex","South Carolina","South Carolina",44.37,"neither","2021-07-01","20-39","Total","monthly","Total: 0.208","Total: 0.229","Total: 0.428","Total: 0.083","available","No"
"United States","us_non_sex","South Carolina","South Carolina",44.37,"neither","2021-07-01","40-59","Total","monthly","Total: 0.237","Total: 0.276","Total: 0.539","Total: 0.135","available","No"
"United States","us_sex","South Carolina","South Carolina",44.37,"neither","2021-07-01","45-64","Male and female","monthly","M: 0.200; F: 0.175","M: 0.208; F: 0.222","M: 0.402; F: 0.424","M: 0.069; F: 0.051","available","No"
"United States","us_non_sex","South Carolina","South Carolina",44.37,"neither","2021-07-01","60-79","Total","monthly","Total: 0.187","Total: 0.205","Total: 0.272","Total: 0.070","available","No"
"United States","us_sex","South Carolina","South Carolina",44.37,"neither","2021-07-01","65-84","Male and female","monthly","M: 0.203; F: 0.179","M: 0.232; F: 0.186","M: 0.244; F: 0.259","M: 0.092; F: 0.093","available","No"
"United States","us_non_sex","South Carolina","South Carolina",44.37,"neither","2021-07-01","GE80","Total","monthly","Total: 0.190","Total: 0.138","Total: 0.150","Total: 0.075","available","No"
"United States","us_sex","South Carolina","South Carolina",44.37,"neither","2021-07-01","GE85","Male and female","monthly","M: 0.178; F: 0.214","M: 0.173; F: 0.089","M: 0.176; F: 0.103","M: 0.076; F: 0.062","available","No"
"United States","us_sex","South Dakota","South Dakota",50.6,"neither","2021-07-01","0-44","Male and female","monthly","M: 0.365; F: 0.355","M: 0.601; F: 0.103","M: 0.375; F: 0.055","M: 0.262; F: 0.139","available","No"
"United States","us_non_sex","South Dakota","South Dakota",50.6,"neither","2021-07-01","20-39","Total","monthly","Total: 0.566","Total: 0.629","Total: 0.976","Total: 0.669","available","No"
"United States","us_non_sex","South Dakota","South Dakota",50.6,"neither","2021-07-01","40-59","Total","monthly","Total: 0.142","Total: 0.279","Total: 0.351","Total: 0.023","available","No"
"United States","us_sex","South Dakota","South Dakota",50.6,"neither","2021-07-01","45-64","Male and female","monthly","M: 0.058; F: 0.087","M: 0.157; F: 0.224","M: 0.203; F: 0.304","M: -0.066; F: 0.033","available","No"
"United States","us_non_sex","South Dakota","South Dakota",50.6,"neither","2021-07-01","60-79","Total","monthly","Total: 0.079","Total: 0.185","Total: 0.182","Total: 0.006","available","No"
"United States","us_sex","South Dakota","South Dakota",50.6,"neither","2021-07-01","65-84","Male and female","monthly","M: 0.116; F: 0.132","M: 0.201; F: 0.185","M: 0.154; F: 0.219","M: 0.013; F: 0.096","available","No"
"United States","us_non_sex","South Dakota","South Dakota",50.6,"neither","2021-07-01","GE80","Total","monthly","Total: 0.069","Total: 0.164","Total: 0.040","Total: -0.041","available","No"
"United States","us_sex","South Dakota","South Dakota",50.6,"neither","2021-07-01","GE85","Male and female","monthly","M: 0.078; F: 0.015","M: 0.216; F: 0.102","M: 0.040; F: -0.033","M: -0.080; F: -0.104","available","No"
"United States","us_sex","Tennessee","Tennessee",41.75,"low","2021-07-01","0-44","Male and female","monthly","M: 0.261; F: 0.169","M: 0.337; F: 0.245","M: 0.437; F: 0.434","M: 0.191; F: 0.116","available","No"
"United States","us_non_sex","Tennessee","Tennessee",41.75,"low","2021-07-01","20-39","Total","monthly","Total: 0.273","Total: 0.303","Total: 0.432","Total: 0.134","available","No"
"United States","us_non_sex","Tennessee","Tennessee",41.75,"low","2021-07-01","40-59","Total","monthly","Total: 0.158","Total: 0.243","Total: 0.532","Total: 0.112","available","No"
"United States","us_sex","Tennessee","Tennessee",41.75,"low","2021-07-01","45-64","Male and female","monthly","M: 0.129; F: 0.097","M: 0.193; F: 0.187","M: 0.397; F: 0.438","M: 0.038; F: 0.045","available","No"
"United States","us_non_sex","Tennessee","Tennessee",41.75,"low","2021-07-01","60-79","Total","monthly","Total: 0.118","Total: 0.212","Total: 0.307","Total: 0.069","available","No"
"United States","us_sex","Tennessee","Tennessee",41.75,"low","2021-07-01","65-84","Male and female","monthly","M: 0.121; F: 0.124","M: 0.203; F: 0.222","M: 0.251; F: 0.324","M: 0.052; F: 0.135","available","Yes"
"United States","us_non_sex","Tennessee","Tennessee",41.75,"low","2021-07-01","GE80","Total","monthly","Total: 0.113","Total: 0.158","Total: 0.139","Total: 0.039","available","No"
"United States","us_sex","Tennessee","Tennessee",41.75,"low","2021-07-01","GE85","Male and female","monthly","M: 0.081; F: 0.116","M: 0.130; F: 0.139","M: 0.086; F: 0.086","M: -0.035; F: 0.025","available","No"
"United States","us_sex","Texas","Texas",48.25,"neither","2021-07-01","0-44","Male and female","monthly","M: 0.216; F: 0.159","M: 0.284; F: 0.236","M: 0.530; F: 0.502","M: 0.202; F: 0.186","available","No"
"United States","us_non_sex","Texas","Texas",48.25,"neither","2021-07-01","20-39","Total","monthly","Total: 0.236","Total: 0.321","Total: 0.582","Total: 0.196","available","No"
"United States","us_non_sex","Texas","Texas",48.25,"neither","2021-07-01","40-59","Total","monthly","Total: 0.268","Total: 0.360","Total: 0.634","Total: 0.134","available","No"
"United States","us_sex","Texas","Texas",48.25,"neither","2021-07-01","45-64","Male and female","monthly","M: 0.254; F: 0.227","M: 0.329; F: 0.319","M: 0.494; F: 0.519","M: 0.062; F: 0.096","available","No"
"United States","us_non_sex","Texas","Texas",48.25,"neither","2021-07-01","60-79","Total","monthly","Total: 0.225","Total: 0.301","Total: 0.325","Total: 0.072","available","No"
"United States","us_sex","Texas","Texas",48.25,"neither","2021-07-01","65-84","Male and female","monthly","M: 0.234; F: 0.212","M: 0.287; F: 0.266","M: 0.252; F: 0.307","M: 0.068; F: 0.105","available","No"
"United States","us_non_sex","Texas","Texas",48.25,"neither","2021-07-01","GE80","Total","monthly","Total: 0.193","Total: 0.167","Total: 0.134","Total: 0.052","available","No"
"United States","us_sex","Texas","Texas",48.25,"neither","2021-07-01","GE85","Male and female","monthly","M: 0.183; F: 0.181","M: 0.167; F: 0.130","M: 0.108; F: 0.107","M: 0.025; F: 0.042","available","No"
"United States","us_sex","Utah","Utah",48.86,"neither","2021-07-01","0-44","Male and female","monthly","M: 0.016; F: 0.117","M: 0.050; F: 0.126","M: 0.246; F: 0.146","M: 0.018; F: -0.151","available","No"
"United States","us_non_sex","Utah","Utah",48.86,"neither","2021-07-01","20-39","Total","monthly","Total: 0.083","Total: 0.072","Total: 0.236","Total: 0.015","available","No"
"United States","us_non_sex","Utah","Utah",48.86,"neither","2021-07-01","40-59","Total","monthly","Total: 0.148","Total: 0.237","Total: 0.490","Total: 0.154","available","No"
"United States","us_sex","Utah","Utah",48.86,"neither","2021-07-01","45-64","Male and female","monthly","M: 0.184; F: 0.074","M: 0.216; F: 0.131","M: 0.403; F: 0.451","M: 0.104; F: 0.014","available","No"
"United States","us_non_sex","Utah","Utah",48.86,"neither","2021-07-01","60-79","Total","monthly","Total: 0.128","Total: 0.145","Total: 0.307","Total: 0.081","available","No"
"United States","us_sex","Utah","Utah",48.86,"neither","2021-07-01","65-84","Male and female","monthly","M: 0.116; F: 0.106","M: 0.130; F: 0.139","M: 0.249; F: 0.239","M: 0.074; F: 0.100","available","No"
"United States","us_non_sex","Utah","Utah",48.86,"neither","2021-07-01","GE80","Total","monthly","Total: 0.088","Total: 0.092","Total: 0.140","Total: 0.040","available","No"
"United States","us_sex","Utah","Utah",48.86,"neither","2021-07-01","GE85","Male and female","monthly","M: 0.046; F: 0.092","M: 0.067; F: 0.065","M: 0.130; F: 0.104","M: -0.025; F: 0.031","available","No"
"United States","us_sex","Vermont","Vermont",73.99,"high","2021-07-01","0-44","Male and female","monthly","M: 0.186; F: unavailable","M: 0.091; F: unavailable","M: 0.719; F: unavailable","M: 0.615; F: unavailable","partial","No"
"United States","us_non_sex","Vermont","Vermont",73.99,"high","2021-07-01","20-39","Total","monthly","Total: -1.000","Total: -0.600","Total: -1.000","Total: -1.000","available","No"
"United States","us_non_sex","Vermont","Vermont",73.99,"high","2021-07-01","40-59","Total","monthly","Total: 0.171","Total: 0.161","Total: 0.575","Total: 0.274","available","No"
"United States","us_sex","Vermont","Vermont",73.99,"high","2021-07-01","45-64","Male and female","monthly","M: 0.149; F: -0.035","M: 0.077; F: -0.130","M: 0.298; F: 0.254","M: 0.151; F: 0.097","available","No"
"United States","us_non_sex","Vermont","Vermont",73.99,"high","2021-07-01","60-79","Total","monthly","Total: 0.059","Total: 0.042","Total: 0.191","Total: 0.090","available","No"
"United States","us_sex","Vermont","Vermont",73.99,"high","2021-07-01","65-84","Male and female","monthly","M: 0.071; F: 0.083","M: 0.045; F: 0.137","M: 0.211; F: 0.221","M: 0.121; F: 0.142","available","No"
"United States","us_non_sex","Vermont","Vermont",73.99,"high","2021-07-01","GE80","Total","monthly","Total: 0.042","Total: 0.051","Total: 0.213","Total: 0.097","available","No"
"United States","us_sex","Vermont","Vermont",73.99,"high","2021-07-01","GE85","Male and female","monthly","M: -0.018; F: 0.011","M: -0.013; F: -0.048","M: 0.143; F: 0.100","M: -0.026; F: 0.000","available","No"
"United States","us_sex","Virginia","Virginia",59.14,"neither","2021-07-01","0-44","Male and female","monthly","M: 0.258; F: 0.236","M: 0.285; F: 0.247","M: 0.452; F: 0.393","M: 0.296; F: 0.210","available","No"
"United States","us_non_sex","Virginia","Virginia",59.14,"neither","2021-07-01","20-39","Total","monthly","Total: 0.228","Total: 0.254","Total: 0.372","Total: 0.187","available","No"
"United States","us_non_sex","Virginia","Virginia",59.14,"neither","2021-07-01","40-59","Total","monthly","Total: 0.201","Total: 0.239","Total: 0.416","Total: 0.165","available","No"
"United States","us_sex","Virginia","Virginia",59.14,"neither","2021-07-01","45-64","Male and female","monthly","M: 0.140; F: 0.132","M: 0.218; F: 0.128","M: 0.307; F: 0.285","M: 0.069; F: 0.045","available","No"
"United States","us_non_sex","Virginia","Virginia",59.14,"neither","2021-07-01","60-79","Total","monthly","Total: 0.114","Total: 0.177","Total: 0.220","Total: 0.065","available","No"
"United States","us_sex","Virginia","Virginia",59.14,"neither","2021-07-01","65-84","Male and female","monthly","M: 0.105; F: 0.129","M: 0.180; F: 0.150","M: 0.188; F: 0.223","M: 0.071; F: 0.090","available","No"
"United States","us_non_sex","Virginia","Virginia",59.14,"neither","2021-07-01","GE80","Total","monthly","Total: 0.109","Total: 0.123","Total: 0.127","Total: 0.053","available","No"
"United States","us_sex","Virginia","Virginia",59.14,"neither","2021-07-01","GE85","Male and female","monthly","M: 0.080; F: 0.102","M: 0.102; F: 0.100","M: 0.087; F: 0.087","M: -0.006; F: 0.025","available","No"
"United States","us_sex","Washington","Washington",61.39,"neither","2021-07-01","0-44","Male and female","monthly","M: 0.204; F: 0.093","M: 0.224; F: 0.200","M: 0.470; F: 0.388","M: 0.419; F: 0.261","available","No"
"United States","us_non_sex","Washington","Washington",61.39,"neither","2021-07-01","20-39","Total","monthly","Total: 0.157","Total: 0.209","Total: 0.390","Total: 0.320","available","No"
"United States","us_non_sex","Washington","Washington",61.39,"neither","2021-07-01","40-59","Total","monthly","Total: 0.101","Total: 0.162","Total: 0.408","Total: 0.200","available","No"
"United States","us_sex","Washington","Washington",61.39,"neither","2021-07-01","45-64","Male and female","monthly","M: 0.092; F: 0.081","M: 0.154; F: 0.085","M: 0.352; F: 0.271","M: 0.142; F: 0.059","available","No"
"United States","us_non_sex","Washington","Washington",61.39,"neither","2021-07-01","60-79","Total","monthly","Total: 0.054","Total: 0.085","Total: 0.244","Total: 0.060","available","No"
"United States","us_sex","Washington","Washington",61.39,"neither","2021-07-01","65-84","Male and female","monthly","M: 0.056; F: 0.044","M: 0.080; F: 0.054","M: 0.241; F: 0.183","M: 0.075; F: 0.076","available","No"
"United States","us_non_sex","Washington","Washington",61.39,"neither","2021-07-01","GE80","Total","monthly","Total: 0.046","Total: 0.035","Total: 0.118","Total: 0.056","available","No"
"United States","us_sex","Washington","Washington",61.39,"neither","2021-07-01","GE85","Male and female","monthly","M: 0.064; F: 0.033","M: 0.052; F: 0.017","M: 0.140; F: 0.082","M: 0.077; F: 0.005","available","No"
"United States","us_sex","West Virginia","West Virginia",43.72,"neither","2021-07-01","0-44","Male and female","monthly","M: 0.181; F: 0.069","M: 0.250; F: 0.351","M: 0.340; F: 0.365","M: 0.048; F: 0.053","available","No"
"United States","us_non_sex","West Virginia","West Virginia",43.72,"neither","2021-07-01","20-39","Total","monthly","Total: 0.056","Total: 0.220","Total: 0.228","Total: -0.047","available","No"
"United States","us_non_sex","West Virginia","West Virginia",43.72,"neither","2021-07-01","40-59","Total","monthly","Total: 0.139","Total: 0.242","Total: 0.543","Total: 0.166","available","No"
"United States","us_sex","West Virginia","West Virginia",43.72,"neither","2021-07-01","45-64","Male and female","monthly","M: 0.078; F: 0.058","M: 0.199; F: 0.157","M: 0.530; F: 0.407","M: 0.108; F: 0.067","available","No"
"United States","us_non_sex","West Virginia","West Virginia",43.72,"neither","2021-07-01","60-79","Total","monthly","Total: 0.061","Total: 0.212","Total: 0.382","Total: 0.106","available","No"
"United States","us_sex","West Virginia","West Virginia",43.72,"neither","2021-07-01","65-84","Male and female","monthly","M: 0.091; F: 0.031","M: 0.193; F: 0.178","M: 0.339; F: 0.339","M: 0.078; F: 0.129","available","No"
"United States","us_non_sex","West Virginia","West Virginia",43.72,"neither","2021-07-01","GE80","Total","monthly","Total: 0.034","Total: 0.137","Total: 0.221","Total: 0.056","available","No"
"United States","us_sex","West Virginia","West Virginia",43.72,"neither","2021-07-01","GE85","Male and female","monthly","M: 0.028; F: 0.008","M: 0.186; F: 0.105","M: 0.166; F: 0.191","M: 0.077; F: -0.005","available","No"
"United States","us_sex","Wisconsin","Wisconsin",53.72,"neither","2021-07-01","0-44","Male and female","monthly","M: 0.218; F: 0.186","M: 0.296; F: 0.068","M: 0.402; F: 0.375","M: 0.249; F: 0.119","available","No"
"United States","us_non_sex","Wisconsin","Wisconsin",53.72,"neither","2021-07-01","20-39","Total","monthly","Total: 0.245","Total: 0.229","Total: 0.437","Total: 0.209","available","No"
"United States","us_non_sex","Wisconsin","Wisconsin",53.72,"neither","2021-07-01","40-59","Total","monthly","Total: 0.132","Total: 0.158","Total: 0.352","Total: 0.112","available","No"
"United States","us_sex","Wisconsin","Wisconsin",53.72,"neither","2021-07-01","45-64","Male and female","monthly","M: 0.125; F: 0.100","M: 0.125; F: 0.100","M: 0.306; F: 0.263","M: 0.094; F: 0.036","available","No"
"United States","us_non_sex","Wisconsin","Wisconsin",53.72,"neither","2021-07-01","60-79","Total","monthly","Total: 0.096","Total: 0.123","Total: 0.204","Total: 0.032","available","No"
"United States","us_sex","Wisconsin","Wisconsin",53.72,"neither","2021-07-01","65-84","Male and female","monthly","M: 0.076; F: 0.094","M: 0.138; F: 0.111","M: 0.158; F: 0.214","M: 0.018; F: 0.057","available","No"
"United States","us_non_sex","Wisconsin","Wisconsin",53.72,"neither","2021-07-01","GE80","Total","monthly","Total: 0.064","Total: 0.081","Total: 0.093","Total: -0.004","available","No"
"United States","us_sex","Wisconsin","Wisconsin",53.72,"neither","2021-07-01","GE85","Male and female","monthly","M: 0.078; F: 0.051","M: 0.084; F: 0.044","M: 0.098; F: 0.044","M: -0.023; F: -0.034","available","No"
"United States","us_sex","Wyoming","Wyoming",39.35,"low","2021-07-01","0-44","Male and female","monthly","M: 0.311; F: -1.000","M: 0.260; F: unavailable","M: 0.424; F: -0.951","M: 0.030; F: unavailable","partial","No"
"United States","us_non_sex","Wyoming","Wyoming",39.35,"low","2021-07-01","20-39","Total","monthly","Total: -0.712","Total: -1.000","Total: -1.000","Total: -1.000","available","No"
"United States","us_non_sex","Wyoming","Wyoming",39.35,"low","2021-07-01","40-59","Total","monthly","Total: 0.300","Total: 0.381","Total: 1.088","Total: 0.198","available","No"
"United States","us_sex","Wyoming","Wyoming",39.35,"low","2021-07-01","45-64","Male and female","monthly","M: 0.113; F: 0.213","M: 0.254; F: 0.130","M: 0.822; F: 0.561","M: 0.061; F: 0.069","available","No"
"United States","us_non_sex","Wyoming","Wyoming",39.35,"low","2021-07-01","60-79","Total","monthly","Total: 0.111","Total: 0.210","Total: 0.479","Total: 0.063","available","No"
"United States","us_sex","Wyoming","Wyoming",39.35,"low","2021-07-01","65-84","Male and female","monthly","M: 0.120; F: 0.122","M: 0.169; F: 0.281","M: 0.417; F: 0.453","M: 0.048; F: 0.166","available","No"
"United States","us_non_sex","Wyoming","Wyoming",39.35,"low","2021-07-01","GE80","Total","monthly","Total: 0.078","Total: 0.101","Total: 0.276","Total: 0.067","available","No"
"United States","us_sex","Wyoming","Wyoming",39.35,"low","2021-07-01","GE85","Male and female","monthly","M: 0.007; F: 0.051","M: -0.055; F: 0.108","M: 0.092; F: 0.232","M: -0.102; F: 0.044","available","No"
"Canada","canada_sex","AB","AB",NA,NA,NA,"0-44","Male and female","weekly","M: 0.323; F: 0.163","M: 0.350; F: 0.189","M: 0.511; F: 0.416","M: 0.444; F: 0.352","available","No"
"Canada","canada_sex","AB","AB",NA,NA,NA,"45-64","Male and female","weekly","M: 0.074; F: 0.069","M: 0.153; F: 0.086","M: 0.292; F: 0.172","M: 0.109; F: 0.124","available","No"
"Canada","canada_sex","AB","AB",NA,NA,NA,"65-84","Male and female","weekly","M: 0.067; F: 0.061","M: 0.149; F: 0.061","M: 0.201; F: 0.186","M: 0.178; F: 0.154","available","No"
"Canada","canada_sex","AB","AB",NA,NA,NA,"85+","Male and female","weekly","M: -0.008; F: 0.003","M: 0.083; F: 0.073","M: 0.056; F: 0.033","M: -0.015; F: 0.057","available","No"
"Canada","canada_sex","BC","BC",NA,NA,NA,"0-44","Male and female","weekly","M: 0.496; F: 0.035","M: 0.594; F: 0.031","M: 1.054; F: 0.247","M: 1.227; F: 0.184","available","No"
"Canada","canada_sex","BC","BC",NA,NA,NA,"45-64","Male and female","weekly","M: 0.169; F: -0.035","M: 0.207; F: -0.055","M: 0.369; F: 0.142","M: 0.190; F: -0.003","available","No"
"Canada","canada_sex","BC","BC",NA,NA,NA,"65-84","Male and female","weekly","M: 0.052; F: 0.026","M: 0.064; F: 0.081","M: 0.209; F: 0.210","M: 0.111; F: 0.124","available","No"
"Canada","canada_sex","BC","BC",NA,NA,NA,"85+","Male and female","weekly","M: 0.006; F: -0.044","M: 0.006; F: -0.031","M: 0.099; F: 0.056","M: 0.064; F: -0.015","available","No"
"Canada","canada_sex","MB","MB",NA,NA,NA,"0-44","Male and female","weekly","M: 0.239; F: 0.044","M: 0.012; F: 0.136","M: 0.128; F: 0.057","M: 0.154; F: 0.113","available","No"
"Canada","canada_sex","MB","MB",NA,NA,NA,"45-64","Male and female","weekly","M: -0.011; F: -0.035","M: 0.046; F: -0.076","M: 0.119; F: -0.028","M: 0.041; F: -0.162","available","No"
"Canada","canada_sex","MB","MB",NA,NA,NA,"65-84","Male and female","weekly","M: -0.018; F: 0.024","M: 0.112; F: 0.058","M: 0.052; F: 0.003","M: 0.116; F: 0.110","available","No"
"Canada","canada_sex","MB","MB",NA,NA,NA,"85+","Male and female","weekly","M: -0.059; F: -0.041","M: -0.011; F: 0.007","M: 0.009; F: -0.060","M: 0.035; F: 0.020","available","No"
"Canada","canada_sex","NB","NB",NA,NA,NA,"0-44","Male and female","weekly","M: 0.038; F: -0.333","M: -0.187; F: -0.107","M: -0.271; F: -0.265","M: 0.016; F: -0.171","available","No"
"Canada","canada_sex","NB","NB",NA,NA,NA,"45-64","Male and female","weekly","M: 0.016; F: -0.031","M: -0.062; F: -0.062","M: 0.231; F: -0.119","M: 0.075; F: 0.006","available","No"
"Canada","canada_sex","NB","NB",NA,NA,NA,"65-84","Male and female","weekly","M: -0.088; F: -0.056","M: -0.069; F: -0.066","M: 0.032; F: 0.038","M: 0.024; F: 0.069","available","No"
"Canada","canada_sex","NB","NB",NA,NA,NA,"85+","Male and female","weekly","M: -0.083; F: -0.118","M: -0.097; F: -0.139","M: -0.011; F: -0.020","M: 0.000; F: 0.028","available","No"
"Canada","canada_sex","NL","NL",NA,NA,NA,"0-44","Male and female","weekly","M: -0.369; F: -0.494","M: -0.022; F: -0.419","M: 0.000; F: 0.053","M: -0.185; F: -0.180","available","No"
"Canada","canada_sex","NL","NL",NA,NA,NA,"45-64","Male and female","weekly","M: 0.069; F: 0.000","M: 0.123; F: -0.119","M: 0.245; F: 0.071","M: 0.130; F: -0.083","available","No"
"Canada","canada_sex","NL","NL",NA,NA,NA,"65-84","Male and female","weekly","M: -0.005; F: 0.001","M: -0.044; F: 0.005","M: 0.113; F: 0.218","M: 0.127; F: 0.136","available","No"
"Canada","canada_sex","NL","NL",NA,NA,NA,"85+","Male and female","weekly","M: 0.010; F: -0.013","M: -0.022; F: -0.018","M: 0.058; F: 0.116","M: 0.006; F: 0.045","available","No"
"Canada","canada_sex","NS","NS",NA,NA,NA,"0-44","Male and female","weekly","M: -0.013; F: -0.208","M: 0.018; F: -0.221","M: -0.038; F: 0.163","M: 0.074; F: -0.165","available","No"
"Canada","canada_sex","NS","NS",NA,NA,NA,"45-64","Male and female","weekly","M: 0.032; F: -0.068","M: 0.020; F: -0.048","M: 0.007; F: -0.027","M: 0.019; F: -0.089","available","No"
"Canada","canada_sex","NS","NS",NA,NA,NA,"65-84","Male and female","weekly","M: 0.019; F: -0.028","M: 0.003; F: -0.075","M: 0.072; F: 0.004","M: 0.041; F: 0.030","available","No"
"Canada","canada_sex","NS","NS",NA,NA,NA,"85+","Male and female","weekly","M: 0.007; F: -0.060","M: -0.040; F: -0.079","M: 0.025; F: 0.002","M: -0.004; F: -0.032","available","No"
"Canada","canada_sex","ON","ON",NA,NA,NA,"0-44","Male and female","weekly","M: 0.155; F: 0.084","M: 0.175; F: 0.090","M: 0.217; F: 0.101","M: 0.069; F: 0.092","available","No"
"Canada","canada_sex","ON","ON",NA,NA,NA,"45-64","Male and female","weekly","M: 0.071; F: 0.064","M: 0.120; F: 0.074","M: 0.077; F: 0.073","M: 0.067; F: 0.074","available","No"
"Canada","canada_sex","ON","ON",NA,NA,NA,"65-84","Male and female","weekly","M: 0.055; F: 0.067","M: 0.083; F: 0.067","M: 0.052; F: 0.072","M: 0.085; F: 0.112","available","No"
"Canada","canada_sex","ON","ON",NA,NA,NA,"85+","Male and female","weekly","M: 0.020; F: 0.029","M: -0.036; F: -0.020","M: -0.031; F: -0.023","M: -0.027; F: -0.009","available","No"
"Canada","canada_non_sex","PE","PE",NA,NA,NA,"0-44","Total","weekly","Total: -0.200","Total: -0.118","Total: 2.333","Total: 0.892","available","No"
"Canada","canada_non_sex","PE","PE",NA,NA,NA,"45-64","Total","weekly","Total: -0.184","Total: -0.042","Total: -0.010","Total: 0.084","available","No"
"Canada","canada_non_sex","PE","PE",NA,NA,NA,"65-84","Total","weekly","Total: 0.071","Total: 0.093","Total: 0.085","Total: 0.199","available","No"
"Canada","canada_non_sex","PE","PE",NA,NA,NA,"85+","Total","weekly","Total: -0.060","Total: -0.069","Total: 0.142","Total: 0.070","available","No"
"Canada","canada_sex","QC","QC",NA,NA,NA,"0-44","Male and female","weekly","M: 0.089; F: 0.197","M: 0.022; F: 0.163","M: 0.057; F: 0.121","M: 0.111; F: 0.274","available","No"
"Canada","canada_sex","QC","QC",NA,NA,NA,"45-64","Male and female","weekly","M: 0.065; F: 0.104","M: 0.014; F: -0.011","M: -0.035; F: 0.092","M: 0.043; F: 0.108","available","No"
"Canada","canada_sex","QC","QC",NA,NA,NA,"65-84","Male and female","weekly","M: 0.093; F: 0.084","M: 0.054; F: -0.002","M: 0.060; F: 0.064","M: 0.121; F: 0.135","available","No"
"Canada","canada_sex","QC","QC",NA,NA,NA,"85+","Male and female","weekly","M: 0.071; F: 0.106","M: -0.036; F: -0.074","M: -0.071; F: -0.035","M: -0.034; F: -0.023","available","No"
"Canada","canada_sex","SK","SK",NA,NA,NA,"0-44","Male and female","weekly","M: 0.297; F: 0.164","M: 0.345; F: 0.267","M: 0.643; F: 0.429","M: 0.314; F: 0.210","available","No"
"Canada","canada_sex","SK","SK",NA,NA,NA,"45-64","Male and female","weekly","M: 0.173; F: -0.030","M: 0.293; F: 0.013","M: 0.231; F: 0.175","M: 0.144; F: 0.030","available","No"
"Canada","canada_sex","SK","SK",NA,NA,NA,"65-84","Male and female","weekly","M: 0.062; F: 0.015","M: 0.163; F: 0.100","M: 0.118; F: 0.145","M: 0.189; F: 0.157","available","No"
"Canada","canada_sex","SK","SK",NA,NA,NA,"85+","Male and female","weekly","M: -0.013; F: 0.042","M: -0.022; F: 0.095","M: 0.052; F: 0.080","M: 0.033; F: 0.128","available","No"
"England and Wales","england_wales","UK","England and Wales",NA,NA,NA,"Under 65","Total","weekly","Total: 0.162","Total: 0.211","Total: 0.208","Total: 0.190","available","No"
"England and Wales","england_wales","UK","England and Wales",NA,NA,NA,"65-84","Total","weekly","Total: 0.190","Total: 0.132","Total: 0.085","Total: 0.094","available","No"
"England and Wales","england_wales","UK","England and Wales",NA,NA,NA,"85+","Total","weekly","Total: 0.203","Total: 0.065","Total: -0.025","Total: 0.017","available","No"
"Ireland","ireland","IE","Republic of Ireland",NA,NA,NA,"25-44","Total","quarterly","Total: -0.046","Total: -0.044","Total: 0.107","Total: 0.086","available","No"
"Ireland","ireland","IE","Republic of Ireland",NA,NA,NA,"45-64","Total","quarterly","Total: -0.037","Total: -0.046","Total: 0.168","Total: 0.094","available","No"
"Ireland","ireland","IE","Republic of Ireland",NA,NA,NA,"65-84","Total","quarterly","Total: 0.021","Total: -0.046","Total: 0.105","Total: 0.098","available","No"
"Ireland","ireland","IE","Republic of Ireland",NA,NA,NA,"85+","Total","quarterly","Total: -0.016","Total: -0.097","Total: 0.032","Total: 0.036","available","No"
