"analysis_id","source_root","model_path","sha256","bytes","posterior_draws","prediction_rows"
"europe__europe__am__20-39__female","project","output/results/europe_corrected_psd_prior_20260830/fitted_model/AM_Y20-39_F.rda","f1b74b5cbda39c132963eed557fef1ee382e23e71e4494dbcf897848b58acf5b",882755,3000,480
"europe__europe__am__20-39__male","project","output/results/europe_corrected_psd_prior_20260830/fitted_model/AM_Y20-39_M.rda","70caaccbd8cead1e2cf8ab67539fa30b3795d37679f9651fb4d2d0ea0a6d7102",1099000,3000,481
"europe__europe__am__20-39__total","project","output/results/europe_corrected_psd_prior_20260830/fitted_model/AM_Y20-39_T.rda","9a30347dc5e190b54b1bd29ede1b48b4cf0f138946a4bc16b6b05c1f625aa68e",1191496,3000,483
"europe__europe__am__40-59__female","project","output/results/europe_corrected_psd_prior_20260830/fitted_model/AM_Y40-59_F.rda","0fbb2221091c6a99ee69ae9f3b3a0badadcc8b3091a7567f0c32003fa69e97d3",1333256,3000,482
"europe__europe__am__40-59__male","project","output/results/europe_corrected_psd_prior_20260830/fitted_model/AM_Y40-59_M.rda","5d4920b95ad9a3afb29ddadc59df4a86396b0c3204a2af03e151fe558d3d4a9c",1592697,3000,483
"europe__europe__am__40-59__total","project","output/results/europe_corrected_psd_prior_20260830/fitted_model/AM_Y40-59_T.rda","dbbb34c6e75c7e191b659fa322a0de50472fca62453bab12fea9d23539e7368d",1754901,3000,483
"europe__europe__am__60-79__female","project","output/results/europe_corrected_psd_prior_20260830/fitted_model/AM_Y60-79_F.rda","3d97f6a164e17a25942f9243daad6bdd36a4af1a8507021fe7599f206049f191",1848133,3000,483
"europe__europe__am__60-79__male","project","output/results/europe_corrected_psd_prior_20260830/fitted_model/AM_Y60-79_M.rda","18f888c85eeb06b5530992f25ddc26c7a313398f8c61f4077202e9c16b27a101",1924839,3000,483
"europe__europe__am__60-79__total","project","output/results/europe_corrected_psd_prior_20260830/fitted_model/AM_Y60-79_T.rda","0510ee1eee35ea5807d6bb859f36ea36ba70bd9b701d4a3847e34d077028c42d",2211280,3000,483
"europe__europe__am__ge80__female","project","output/results/europe_corrected_psd_prior_20260830/fitted_model/AM_Y_GE80_F.rda","26f4376bea38a4e18b24cba450ce3fcc85e4ee9e79545881324f6aaf3014a3d5",2008859,3000,483
"europe__europe__am__ge80__male","project","output/results/europe_corrected_psd_prior_20260830/fitted_model/AM_Y_GE80_M.rda","f108250e8ca4a855668379a515645d3ff31d0c2b6424d28121a3d707126c6302",1808341,3000,483
"europe__europe__am__ge80__total","project","output/results/europe_corrected_psd_prior_20260830/fitted_model/AM_Y_GE80_T.rda","ebf5d13c1499240c126fb4cfef9631aba091d7916c914bb8b2e52e36d0c13c04",2248419,3000,483
"europe__europe__at__20-39__female","project","output/results/europe_corrected_psd_prior_20260830/fitted_model/AT_Y20-39_F.rda","78aa13a15b21ace9e00a0c9cb9acb923f73c18f8ae848d3434d49f3cc43c0347",2724889,3000,1266
"europe__europe__at__20-39__male","project","output/results/europe_corrected_psd_prior_20260830/fitted_model/AT_Y20-39_M.rda","f97ee19e182ffeb5d8a2cccbea9cf0d452cc47043031da229c7868fa930fd9ee",3273421,3000,1266
"europe__europe__at__20-39__total","project","output/results/europe_corrected_psd_prior_20260830/fitted_model/AT_Y20-39_T.rda","c1515f805c6fb63da764449feb937c0768e9a0efc8113ba4f556ddfb4be91dea",3493283,3000,1266
"europe__europe__at__40-59__female","project","output/results/europe_corrected_psd_prior_20260830/fitted_model/AT_Y40-59_F.rda","813a45d57005a5d9d35407b54040993322b9ef2899ee6a514889b20c9d8f0718",3684601,3000,1266
"europe__europe__at__40-59__male","project","output/results/europe_corrected_psd_prior_20260830/fitted_model/AT_Y40-59_M.rda","980b62e881c9722d5d628f17a23280644d2afe749601694a67b9a1e689cb6eb2",4201598,3000,1266
"europe__europe__at__40-59__total","project","output/results/europe_corrected_psd_prior_20260830/fitted_model/AT_Y40-59_T.rda","f562841c56268068213d0b662eac7e3f9c0e9bca55a7a4ce7d0f808219d763e9",4524288,3000,1266
"europe__europe__at__60-79__female","project","output/results/europe_corrected_psd_prior_20260830/fitted_model/AT_Y60-79_F.rda","eb1f91b637d78de75fbd6f7b496f54e8deff01742b1dfcf023a88cccd98823b5",5093719,3000,1266
"europe__europe__at__60-79__male","project","output/results/europe_corrected_psd_prior_20260830/fitted_model/AT_Y60-79_M.rda","d48de526f96666fcf3ac76fca27f42bc12c0065d4a1e0deb70604a753405049e",5244152,3000,1266
"europe__europe__at__60-79__total","project","output/results/europe_corrected_psd_prior_20260830/fitted_model/AT_Y60-79_T.rda","d5d6f84da11c80bb33065b62df6a4a35cd17ad08e12a18aeba5269f3a72d9423",5802715,3000,1266
"europe__europe__at__ge80__female","project","output/results/europe_corrected_psd_prior_20260830/fitted_model/AT_Y_GE80_F.rda","e7ba7a1a3f98dc02fadcca10456787156daae41d1ce407b639be56de6f369e75",6074419,3000,1266
"europe__europe__at__ge80__male","project","output/results/europe_corrected_psd_prior_20260830/fitted_model/AT_Y_GE80_M.rda","b72b6bff4da146b2fceea64d5e51946dbb0e632046e6a6de4421880e1ebb8b25",5762052,3000,1266
"europe__europe__at__ge80__total","project","output/results/europe_corrected_psd_prior_20260830/fitted_model/AT_Y_GE80_T.rda","c6c805ec834196a038aad5a5696c250a0937305c857a04bddf5c8fc8d1120ef1",6402166,3000,1266
"europe__europe__be__20-39__female","project","output/results/europe_corrected_psd_prior_20260830/fitted_model/BE_Y20-39_F.rda","eaabe20594e3c03ac536de6a908e7a71cb215bcb2fab45a66b1eabe325c2a5a3",2948813,3000,1267
"europe__europe__be__20-39__male","project","output/results/europe_corrected_psd_prior_20260830/fitted_model/BE_Y20-39_M.rda","38363ca77b89ee4176c498f570fa573875fc8d27235811892b325704c0b4f05d",3497923,3000,1267
"europe__europe__be__20-39__total","project","output/results/europe_corrected_psd_prior_20260830/fitted_model/BE_Y20-39_T.rda","3432aaab21f7118a0a252af657419aa5af1f1c11b9d02cd77bcbe3bb38db8b86",3734944,3000,1267
"europe__europe__be__40-59__female","project","output/results/europe_corrected_psd_prior_20260830/fitted_model/BE_Y40-59_F.rda","c606ce275821a83c4bb00902173d13ebe28621fff845e781bd12d61711a58702",4033512,3000,1267
"europe__europe__be__40-59__male","project","output/results/europe_corrected_psd_prior_20260830/fitted_model/BE_Y40-59_M.rda","8f98142c97ac4fae96efca7096c56100e083396f3acbeed7bc96a134ddc64310",4533146,3000,1267
"europe__europe__be__40-59__total","project","output/results/europe_corrected_psd_prior_20260830/fitted_model/BE_Y40-59_T.rda","52cd93248979ee6e7f9246b6588a162aa2efa655e6fe260b81d9c78b17894f87",4866853,3000,1267
"europe__europe__be__60-79__female","project","output/results/europe_corrected_psd_prior_20260830/fitted_model/BE_Y60-79_F.rda","af864c09e3f885116432f6c37e8f6e945ad8bc3a6bd4ebc950b87e9eb146d283",5386259,3000,1267
"europe__europe__be__60-79__male","project","output/results/europe_corrected_psd_prior_20260830/fitted_model/BE_Y60-79_M.rda","8de5f64446f6a6efc805d40570e51f7267a51d22f67379cd2d6ef63da7c142c9",5647321,3000,1267
"europe__europe__be__60-79__total","project","output/results/europe_corrected_psd_prior_20260830/fitted_model/BE_Y60-79_T.rda","8204bc456234732f3010cc474219d46e0cd3873a778366b6b334024f5558e924",6095148,3000,1267
"europe__europe__be__ge80__female","project","output/results/europe_corrected_psd_prior_20260830/fitted_model/BE_Y_GE80_F.rda","0c194b1fe677449ffcb8b729de31213064b07ce5688ba4955cff350ab1c773a9",6341228,3000,1267
"europe__europe__be__ge80__male","project","output/results/europe_corrected_psd_prior_20260830/fitted_model/BE_Y_GE80_M.rda","3da1d0f3252f2f350564b662dc1f02e359551ff426c1ee70c463512c35eaafba",6083019,3000,1267
"europe__europe__be__ge80__total","project","output/results/europe_corrected_psd_prior_20260830/fitted_model/BE_Y_GE80_T.rda","5ffe77af78312307c27c9c6746043662866519fb5241167b82b4244f080fc277",6722882,3000,1267
"europe__europe__bg__20-39__female","project","output/results/europe_corrected_psd_prior_20260830/fitted_model/BG_Y20-39_F.rda","c537b97670581e7e43a56bc3ec2f16e93cc1f816f6768baf19ed4a2b9adff65d",3023050,3000,1265
"europe__europe__bg__20-39__male","project","output/results/europe_corrected_psd_prior_20260830/fitted_model/BG_Y20-39_M.rda","8c8a3170d7f02bcc5dae169cf833a33944eaeec6fac458f120f45fa8855c7e52",3545331,3000,1265
"europe__europe__bg__20-39__total","project","output/results/europe_corrected_psd_prior_20260830/fitted_model/BG_Y20-39_T.rda","91c51cf2a467069dac34098ad26a444994716a7acb39031e1ebe021cb8dd808e",3814250,3000,1265
"europe__europe__bg__40-59__female","project","output/results/europe_corrected_psd_prior_20260830/fitted_model/BG_Y40-59_F.rda","19c33d932876b7b45982f44b684adf94ef191256b33465ee96e778afd9f722ab",4242374,3000,1265
"europe__europe__bg__40-59__male","project","output/results/europe_corrected_psd_prior_20260830/fitted_model/BG_Y40-59_M.rda","3291b66547c789f4284da8f02e725be3606ed92a5a5df6fdf4f31416a9893987",5066292,3000,1265
"europe__europe__bg__40-59__total","project","output/results/europe_corrected_psd_prior_20260830/fitted_model/BG_Y40-59_T.rda","5234ac25c177ffb81a85dccadbd5d487f0be3f6f4a4c48a4509f9277524fdcb2",5475460,3000,1265
"europe__europe__bg__60-79__female","project","output/results/europe_corrected_psd_prior_20260830/fitted_model/BG_Y60-79_F.rda","7071f3effd193052288a7b85e1ee8a0ec8aea4eba210bbf173a9cae80ef4392f",5899314,3000,1265
"europe__europe__bg__60-79__male","project","output/results/europe_corrected_psd_prior_20260830/fitted_model/BG_Y60-79_M.rda","e29023a54f3eeaad30275997dd7eeef265fc08a9365e27988baadc7860c9f246",6064852,3000,1265
"europe__europe__bg__60-79__total","project","output/results/europe_corrected_psd_prior_20260830/fitted_model/BG_Y60-79_T.rda","43cac3a7658e13aa92d2c09cc24c435705d60eaac827d3c16b16755b578bce82",6466001,3000,1265
"europe__europe__bg__ge80__female","project","output/results/europe_corrected_psd_prior_20260830/fitted_model/BG_Y_GE80_F.rda","fa2242570dee9f55174f6da216eae0398c288bdaf42922aba0721b70964a8e8a",6208328,3000,1265
"europe__europe__bg__ge80__male","project","output/results/europe_corrected_psd_prior_20260830/fitted_model/BG_Y_GE80_M.rda","1a37a68f903c25d4a97c67ea6252c4e819dc8a5a050da28db8c2ac2d484138f2",5820260,3000,1265
"europe__europe__bg__ge80__total","project","output/results/europe_corrected_psd_prior_20260830/fitted_model/BG_Y_GE80_T.rda","17a538b2907e08e156ccbf5f4965f97a2be295f896e43db74b855d854fc99868",6529027,3000,1265
"europe__europe__ch__20-39__female","project","output/results/europe_corrected_psd_prior_20260830/fitted_model/CH_Y20-39_F.rda","cd554ea7f1b50fbe2e5c4e37cfffc9eb447dec137af338e6cfbc21e12fb1ea61",2619368,3000,1266
"europe__europe__ch__20-39__male","project","output/results/europe_corrected_psd_prior_20260830/fitted_model/CH_Y20-39_M.rda","3954aac4f5ccd280bf9e9089084f2e8c30a3c940b9a3f4095fd88ff85768a037",3121793,3000,1266
"europe__europe__ch__20-39__total","project","output/results/europe_corrected_psd_prior_20260830/fitted_model/CH_Y20-39_T.rda","a8d3a65c9909d14d0f80db6d0aadfc54258b32e194609c823bf89405690447b8",3319645,3000,1266
"europe__europe__ch__40-59__female","project","output/results/europe_corrected_psd_prior_20260830/fitted_model/CH_Y40-59_F.rda","1c3d9b32a2512b53f5477950b3abeb8c3ec883551c60c4117b2578bb698a6ccf",3521828,3000,1266
"europe__europe__ch__40-59__male","project","output/results/europe_corrected_psd_prior_20260830/fitted_model/CH_Y40-59_M.rda","6ef8ffb0c8f5bec51f5c9747dc08571c298fa75b21200ab8d9260b7426628bc0",3931199,3000,1266
"europe__europe__ch__40-59__total","project","output/results/europe_corrected_psd_prior_20260830/fitted_model/CH_Y40-59_T.rda","8ed5dacca63bf8dea88a0bae44fe0475a25330d2338843c4053bc571a2f61bb4",4226826,3000,1266
"europe__europe__ch__60-79__female","project","output/results/europe_corrected_psd_prior_20260830/fitted_model/CH_Y60-79_F.rda","97d7f1e6fb836e14c4439729975042b63d7946476a628205ff6f7bca2b21b164",4472859,3000,1266
"europe__europe__ch__60-79__male","project","output/results/europe_corrected_psd_prior_20260830/fitted_model/CH_Y60-79_M.rda","704b04f715a50a5e732db38b4b7e43e5214f633706f946107234a470445a9dc6",4809142,3000,1266
"europe__europe__ch__60-79__total","project","output/results/europe_corrected_psd_prior_20260830/fitted_model/CH_Y60-79_T.rda","96addbd9c04c6fb99bc30401c2aaecfb0ce7d1a4b6a2f176466bcc7106077a33",5157139,3000,1266
"europe__europe__ch__ge80__female","project","output/results/europe_corrected_psd_prior_20260830/fitted_model/CH_Y_GE80_F.rda","20325d37a955be311d9b4e6cd94daab809de70062e96c048017a7d1a9d63d98a",5959344,3000,1266
"europe__europe__ch__ge80__male","project","output/results/europe_corrected_psd_prior_20260830/fitted_model/CH_Y_GE80_M.rda","b9d860f7b4e97c3278afd4412bc7cb498b77c64b87b15dcab5f1ec9f969ccc74",5666987,3000,1266
"europe__europe__ch__ge80__total","project","output/results/europe_corrected_psd_prior_20260830/fitted_model/CH_Y_GE80_T.rda","3b0d69fb04b96ca8f2bc4d59ff385914a14d2bb93a407f7513a08bcc686d86e4",6304065,3000,1266
"europe__europe__cy__20-39__female","project","output/results/europe_corrected_psd_prior_20260830/fitted_model/CY_Y20-39_F.rda","9d01409c3f2452840e8c44108d44823661ba594e65c277b755c0547c652d8fce",566948,3000,484
"europe__europe__cy__20-39__male","project","output/results/europe_corrected_psd_prior_20260830/fitted_model/CY_Y20-39_M.rda","f6a7c4def03bc88d85a40fe3b90ab1fdf534a24337d2e8d87803a98087688444",743544,3000,484
"europe__europe__cy__20-39__total","project","output/results/europe_corrected_psd_prior_20260830/fitted_model/CY_Y20-39_T.rda","993d32d031c9a27868a2ba691f2ac7c1fbf5bef7a4bf59420097a7a0c9f0fba3",808459,3000,484
"europe__europe__cy__40-59__female","project","output/results/europe_corrected_psd_prior_20260830/fitted_model/CY_Y40-59_F.rda","2bfbf654f7ee508a507136cbe6bf242ca27b446378eac61a24677bfc70f5529d",867738,3000,484
"europe__europe__cy__40-59__male","project","output/results/europe_corrected_psd_prior_20260830/fitted_model/CY_Y40-59_M.rda","3782be51c5a75dfc7a3d9e0d44cd0cc846fabc321480c12d4c6adc46246916ea",972392,3000,484
"europe__europe__cy__40-59__total","project","output/results/europe_corrected_psd_prior_20260830/fitted_model/CY_Y40-59_T.rda","68faccc01952cde077b918de9a7574ce1e06a27100443d6c99b7ebd8e941c4f0",1059618,3000,484
"europe__europe__cy__60-79__female","project","output/results/europe_corrected_psd_prior_20260830/fitted_model/CY_Y60-79_F.rda","0a220f81b8ef583f977a40ff2a4ebfab29bcd2aae857030575c730b91406bcd4",1207684,3000,484
"europe__europe__cy__60-79__male","project","output/results/europe_corrected_psd_prior_20260830/fitted_model/CY_Y60-79_M.rda","606a3b65682dc552a09f265b0a116c53bdbfeae8c1b98e6279c5c145018b9559",1337820,3000,484
"europe__europe__cy__60-79__total","project","output/results/europe_corrected_psd_prior_20260830/fitted_model/CY_Y60-79_T.rda","ae3f77a0c2ec4a14fd5e671cfafcf903cfffedfc83bce77ecc11d747e67f3567",1445125,3000,484
"europe__europe__cy__ge80__female","project","output/results/europe_corrected_psd_prior_20260830/fitted_model/CY_Y_GE80_F.rda","0e058243e6db83b9a4cd4b3ddf2402ec101a7d168ea8f1cf73914c618835e5e0",1475603,3000,484
"europe__europe__cy__ge80__male","project","output/results/europe_corrected_psd_prior_20260830/fitted_model/CY_Y_GE80_M.rda","83cb7769ed2b786cf814264d3ee024da3cccadc28228b447af41219ee36ba1e9",1375211,3000,484
"europe__europe__cy__ge80__total","project","output/results/europe_corrected_psd_prior_20260830/fitted_model/CY_Y_GE80_T.rda","4e59f16f2680f5763ffe5bbda913efaf236b8773863de56a702caaf09ba45ca0",1666497,3000,484
"europe__europe__cz__20-39__female","project","output/results/europe_corrected_psd_prior_20260830/fitted_model/CZ_Y20-39_F.rda","0f2b201386cb0e385ac485eea42b8ab28f3ab7d600209d35b6c0e231639d01b9",2337166,3000,1004
"europe__europe__cz__20-39__male","project","output/results/europe_corrected_psd_prior_20260830/fitted_model/CZ_Y20-39_M.rda","c95c168eb6541e3791a28f8871fa5cdfbbf753eb02d3b37ba88422f5c496952b",2793613,3000,1004
"europe__europe__cz__20-39__total","project","output/results/europe_corrected_psd_prior_20260830/fitted_model/CZ_Y20-39_T.rda","373c1f834ed569c7a632752b40b2ac72755532f97d8a4f42a44b865419fa75ee",2944205,3000,1004
"europe__europe__cz__40-59__female","project","output/results/europe_corrected_psd_prior_20260830/fitted_model/CZ_Y40-59_F.rda","f5db30454736f4e7102b5e9bbc80552111f46692cd0c02097c405a0b8344cec2",3316189,3000,1004
"europe__europe__cz__40-59__male","project","output/results/europe_corrected_psd_prior_20260830/fitted_model/CZ_Y40-59_M.rda","83ba8e189f06bfab75ffdc0eef315172a847c38bd5f8b6977f40a76309cbd42d",3827759,3000,1004
"europe__europe__cz__40-59__total","project","output/results/europe_corrected_psd_prior_20260830/fitted_model/CZ_Y40-59_T.rda","7b852f9f110a893631b4eca2cc4345cf11927b36f355a715b07d456445421f79",4128684,3000,1004
"europe__europe__cz__60-79__female","project","output/results/europe_corrected_psd_prior_20260830/fitted_model/CZ_Y60-79_F.rda","684eea140750a3d40f20f6f7215dfef032cbfba662bae35311961b216088e85b",4324013,3000,1004
"europe__europe__cz__60-79__male","project","output/results/europe_corrected_psd_prior_20260830/fitted_model/CZ_Y60-79_M.rda","c55779e2f128686630306a246ab992c2a843c8bb205ec7457d12c4a086755326",4675057,3000,1004
"europe__europe__cz__60-79__total","project","output/results/europe_corrected_psd_prior_20260830/fitted_model/CZ_Y60-79_T.rda","bb612c42ab18be3aee9873b2032441662b84312a4d595e23d883f3e8a14e74e7",4895233,3000,1004
"europe__europe__cz__ge80__female","project","output/results/europe_corrected_psd_prior_20260830/fitted_model/CZ_Y_GE80_F.rda","42b8819f0ac16609b679e5d9f40cdfe90bf0bf727fe9e2ec13d918aa2190933b",4866230,3000,1004
"europe__europe__cz__ge80__male","project","output/results/europe_corrected_psd_prior_20260830/fitted_model/CZ_Y_GE80_M.rda","ff7d1fb8607f5a192f304934ab714f99e29a896992644db5514bf52844363378",4527001,3000,1004
"europe__europe__cz__ge80__total","project","output/results/europe_corrected_psd_prior_20260830/fitted_model/CZ_Y_GE80_T.rda","a483682698e59393daeac9054532c6fd4544f1a878f55575bd0109e7095ec841",5108692,3000,1004
"europe__europe__de__20-39__total","project","output/results/europe_corrected_psd_prior_20260830/fitted_model/DE_Y20-39_T.rda","8982eddbeafaea178cb4c4028e72c3e84735e9a009f0a661c293a6cbc6fe94bf",5254278,3000,1269
"europe__europe__de__40-59__total","project","output/results/europe_corrected_psd_prior_20260830/fitted_model/DE_Y40-59_T.rda","8fa9a5ab7a3208745d67627115d0c3d6499c362958a7dbd39a7ea7b00df681a1",6391983,3000,1269
"europe__europe__de__60-79__total","project","output/results/europe_corrected_psd_prior_20260830/fitted_model/DE_Y60-79_T.rda","46f59ad979533611f5d855d1e50fb586f2dcfed801eb41044bb36153a09d5128",7510061,3000,1269
"europe__europe__de__ge80__total","project","output/results/europe_corrected_psd_prior_20260830/fitted_model/DE_Y_GE80_T.rda","b344cee8a490e49e8c110be7f896642f95749e08b75225ba838abea5cc13bb60",8415441,3000,1269
"europe__europe__dk__20-39__female","project","output/results/europe_corrected_psd_prior_20260830/fitted_model/DK_Y20-39_F.rda","ae8c043d901013c444c7c719e564e4918fe6f7a47d5bcd4b79401f4628b3d7e9",1707448,3000,900
"europe__europe__dk__20-39__male","project","output/results/europe_corrected_psd_prior_20260830/fitted_model/DK_Y20-39_M.rda","031201ca163d0b0b11601675efe2be2b0e29cb10a51394eff47b3cfd0f49b37b",2063862,3000,899
"europe__europe__dk__20-39__total","project","output/results/europe_corrected_psd_prior_20260830/fitted_model/DK_Y20-39_T.rda","00f15660446a3ecf2d36d9f16f7b47a76d280b32e414cca4c308eda0c0209613",2225524,3000,900
"europe__europe__dk__40-59__female","project","output/results/europe_corrected_psd_prior_20260830/fitted_model/DK_Y40-59_F.rda","4b53ec58163755de3bdb19fc3f972d226768ef559da88f4e28b387ddd51d5099",2590307,3000,900
"europe__europe__dk__40-59__male","project","output/results/europe_corrected_psd_prior_20260830/fitted_model/DK_Y40-59_M.rda","8913ef6ae73bc1799b0d093577184c1577630132d55e08d198b0e6ac1d0c7b10",2864018,3000,900
"europe__europe__dk__40-59__total","project","output/results/europe_corrected_psd_prior_20260830/fitted_model/DK_Y40-59_T.rda","4baa447664efb978060965cd726d17fd9fb9a7e7aacebbcfe047379f288b9dc7",3142150,3000,900
"europe__europe__dk__60-79__female","project","output/results/europe_corrected_psd_prior_20260830/fitted_model/DK_Y60-79_F.rda","b2f1cfb6ef7dc183f81a6161744f447c35a75ff0412020de02497256be859123",3280649,3000,900
"europe__europe__dk__60-79__male","project","output/results/europe_corrected_psd_prior_20260830/fitted_model/DK_Y60-79_M.rda","c8987c3adfd14e6fc59d0c027c2ebbdf7b90131e0080ae8db2da1cb4b6637da9",3558268,3000,900
"europe__europe__dk__60-79__total","project","output/results/europe_corrected_psd_prior_20260830/fitted_model/DK_Y60-79_T.rda","89070b534a0d50f2b30c12d9fa8eb3ce6b50e5a070eb8a48a7edfe9a6f0a2a15",3778643,3000,900
"europe__europe__dk__ge80__female","project","output/results/europe_corrected_psd_prior_20260830/fitted_model/DK_Y_GE80_F.rda","d747ca0661afd4d2db28a1a30fb410625dd817c3a9afeb961d8fd4259c18cd35",3854578,3000,900
"europe__europe__dk__ge80__male","project","output/results/europe_corrected_psd_prior_20260830/fitted_model/DK_Y_GE80_M.rda","971aefe85c8a370e06d9aeba3b4caa7c6e27ca6ceadb5c4c662c4e09478e48cd",3689105,3000,900
"europe__europe__dk__ge80__total","project","output/results/europe_corrected_psd_prior_20260830/fitted_model/DK_Y_GE80_T.rda","a5751f8e0691a661d3ddb10efa0ec938096e11c7d63d9da33f55697a9e95e064",4191305,3000,900
"europe__europe__ee__20-39__female","project","output/results/europe_corrected_psd_prior_20260830/fitted_model/EE_Y20-39_F.rda","ea8d54b33dbfb5afdab0c8a1c4de1b1ce85cc1f1352caeef2932a87643026970",2121947,3000,1271
"europe__europe__ee__20-39__male","project","output/results/europe_corrected_psd_prior_20260830/fitted_model/EE_Y20-39_M.rda","c4d8b5e25f2d035c17646803aacfede3f4e86c7b35fb8f1fa24212e6a1efc9a4",2841298,3000,1271
"europe__europe__ee__20-39__total","project","output/results/europe_corrected_psd_prior_20260830/fitted_model/EE_Y20-39_T.rda","547d887650a2fb13a745d548718404b2b8b681dc25aceabe5b0d77cd6e03e62f",3010895,3000,1271
"europe__europe__ee__40-59__female","project","output/results/europe_corrected_psd_prior_20260830/fitted_model/EE_Y40-59_F.rda","27adbd3da6cdfa438248edeee5a1af6cdf5c23bf11b6ffe0ba458b5b8b2e33de",3130288,3000,1271
"europe__europe__ee__40-59__male","project","output/results/europe_corrected_psd_prior_20260830/fitted_model/EE_Y40-59_M.rda","23da26b960eccb0ed1a305145ca75331e2d4a75698166ca837dc610d5c1e8be5",3731075,3000,1271
"europe__europe__ee__40-59__total","project","output/results/europe_corrected_psd_prior_20260830/fitted_model/EE_Y40-59_T.rda","f21c4dd4cd0479250c154a6ca73e6eb87970c247332400ea1c9a3c972dc2e7da",4005884,3000,1271
"europe__europe__ee__60-79__female","project","output/results/europe_corrected_psd_prior_20260830/fitted_model/EE_Y60-79_F.rda","087c48893241c15344a2dd4f513be66ba1a4cc23aacca1d0362680fd17717697",4133570,3000,1271
"europe__europe__ee__60-79__male","project","output/results/europe_corrected_psd_prior_20260830/fitted_model/EE_Y60-79_M.rda","73e74368c082d7432e05802f2f7cfed608b3358025a519d444038289464e1e84",4225152,3000,1271
"europe__europe__ee__60-79__total","project","output/results/europe_corrected_psd_prior_20260830/fitted_model/EE_Y60-79_T.rda","ccc07bb1c2ea3c652804411419450dd4e8f5a562639b2d18204ba1a3f69b69d2",4767338,3000,1271
"europe__europe__ee__ge80__female","project","output/results/europe_corrected_psd_prior_20260830/fitted_model/EE_Y_GE80_F.rda","dd460ecacef52f7076d03e2be26d4be912671caf987b4c4bc1c99cba835888bd",4519868,3000,1271
"europe__europe__ee__ge80__male","project","output/results/europe_corrected_psd_prior_20260830/fitted_model/EE_Y_GE80_M.rda","c203c529b40c02e6a99e62d961c5db79a427bb90098050947d4b512f01b5586a",3878820,3000,1271
"europe__europe__ee__ge80__total","project","output/results/europe_corrected_psd_prior_20260830/fitted_model/EE_Y_GE80_T.rda","e473d0094808319528cddec123638abe78eca2be87b25a05b34c9a9ff9c58197",4886900,3000,1271
"europe__europe__el__20-39__female","project","output/results/europe_corrected_psd_prior_20260830/fitted_model/EL_Y20-39_F.rda","342dcc59425c5ffe8bae33c662e464fcc20e160e1701320c28be184d2f3d645f",1026303,3000,483
"europe__europe__el__20-39__male","project","output/results/europe_corrected_psd_prior_20260830/fitted_model/EL_Y20-39_M.rda","a4f2c93c161298f8e15fda81e3d1f6f8f70042e49e33b70ce75d64c1935a4198",1230581,3000,483
"europe__europe__el__20-39__total","project","output/results/europe_corrected_psd_prior_20260830/fitted_model/EL_Y20-39_T.rda","47b09932d46b299f39fb7a8e52ba5b072f55ab4a4bfe4ec1675a64a492555629",1309360,3000,483
"europe__europe__el__40-59__female","project","output/results/europe_corrected_psd_prior_20260830/fitted_model/EL_Y40-59_F.rda","eaeaafe13975367aa53ed96e3682e3c33f877a195ea2ecaf375839637b4e6cf8",1445943,3000,483
"europe__europe__el__40-59__male","project","output/results/europe_corrected_psd_prior_20260830/fitted_model/EL_Y40-59_M.rda","95a104a87537aeeb00d1b0939bdb89cda1b5e0d1ed72439ab30241e1205672dc",1652575,3000,483
"europe__europe__el__40-59__total","project","output/results/europe_corrected_psd_prior_20260830/fitted_model/EL_Y40-59_T.rda","74d7eb8d2f3b74a41ba4363b7602433487ef8ed20aac8477f2a8aed4fba68332",1765029,3000,483
"europe__europe__el__60-79__female","project","output/results/europe_corrected_psd_prior_20260830/fitted_model/EL_Y60-79_F.rda","e3b5ac9b55448d74d8c54912ce39ca13ae2da5000bf9d45fc4c421fc07455557",2052058,3000,483
"europe__europe__el__60-79__male","project","output/results/europe_corrected_psd_prior_20260830/fitted_model/EL_Y60-79_M.rda","b4128c32c49e5030c6bdf263b92bf8ac73cff89605ecaaf87b736b2defe0cd43",2149113,3000,483
"europe__europe__el__60-79__total","project","output/results/europe_corrected_psd_prior_20260830/fitted_model/EL_Y60-79_T.rda","7e94cb42e0c34f5f65a792f6573bda89ddb85c53e34b8b0ec648b471c05fdb2c",2312246,3000,483
"europe__europe__el__ge80__female","project","output/results/europe_corrected_psd_prior_20260830/fitted_model/EL_Y_GE80_F.rda","9d38f2220222dcb5c64a6587fdb3850fac633253be6ee7c9e8fb1c0e86b7e6ec",2502794,3000,483
"europe__europe__el__ge80__male","project","output/results/europe_corrected_psd_prior_20260830/fitted_model/EL_Y_GE80_M.rda","1cdb1488b836f9d0edf855ad648c6148bf15fce6bbe2a5129d829526dc9e9e27",2398752,3000,483
"europe__europe__el__ge80__total","project","output/results/europe_corrected_psd_prior_20260830/fitted_model/EL_Y_GE80_T.rda","833bd62bf0fbcf523b95515ae615863ac351ee7656bc22dae45230b0dd5fd9f5",2637165,3000,483
"europe__europe__es__20-39__female","project","output/results/europe_corrected_psd_prior_20260830/fitted_model/ES_Y20-39_F.rda","a41db83877ecc6aa908ff884f7181eec446373c9e1d70ca46a51ee16bf1de21f",3853064,3000,1269
"europe__europe__es__20-39__male","project","output/results/europe_corrected_psd_prior_20260830/fitted_model/ES_Y20-39_M.rda","b902b1e036b2c7b7e67fe6c0d693dd4db07ca5646eaa2979e056a7a45ec26ceb",4629139,3000,1269
"europe__europe__es__20-39__total","project","output/results/europe_corrected_psd_prior_20260830/fitted_model/ES_Y20-39_T.rda","fa14528a972ca339fec201d0b5d43235947b4fce6519c3d4df36cec369ff819f",4894936,3000,1269
"europe__europe__es__40-59__female","project","output/results/europe_corrected_psd_prior_20260830/fitted_model/ES_Y40-59_F.rda","0622735724c40d85704050d4c286bbe5101719168e24d7bc122429a7934854e1",4796497,3000,1269
"europe__europe__es__40-59__male","project","output/results/europe_corrected_psd_prior_20260830/fitted_model/ES_Y40-59_M.rda","26efa183ec2ff0e9a0a68c328f81819e826500fbe6a93b46edca080a7c2f3ab8",5506647,3000,1269
"europe__europe__es__40-59__total","project","output/results/europe_corrected_psd_prior_20260830/fitted_model/ES_Y40-59_T.rda","c65997aac078b1e8566a72c384a06ea9a0974932338153297272d983f2288464",5650719,3000,1269
"europe__europe__es__60-79__female","project","output/results/europe_corrected_psd_prior_20260830/fitted_model/ES_Y60-79_F.rda","c611558a1e11cfc0ad6c65696bf26bdafebe76d426f82d2672825e99450558b2",6328978,3000,1269
"europe__europe__es__60-79__male","project","output/results/europe_corrected_psd_prior_20260830/fitted_model/ES_Y60-79_M.rda","d71935f957acf4e1b945af0bf4b3dc305b1fe892cff97f282a38f7550f7edb2a",6632509,3000,1269
"europe__europe__es__60-79__total","project","output/results/europe_corrected_psd_prior_20260830/fitted_model/ES_Y60-79_T.rda","7d66d85e57bd6a616d3bdd08ce65e4aa7e03d4e6dfa9dbaf39129dbdd8905a84",6977698,3000,1269
"europe__europe__es__ge80__female","project","output/results/europe_corrected_psd_prior_20260830/fitted_model/ES_Y_GE80_F.rda","3cd241c9be8fb32a789178301c4edfdf55ef437970c9786193e2dd41976a8a6b",7482970,3000,1269
"europe__europe__es__ge80__male","project","output/results/europe_corrected_psd_prior_20260830/fitted_model/ES_Y_GE80_M.rda","80414d72828f248cab0a58f5047ffdfb7b8a43ed63acf80a6ed356b683d1bb15",7188975,3000,1269
"europe__europe__es__ge80__total","project","output/results/europe_corrected_psd_prior_20260830/fitted_model/ES_Y_GE80_T.rda","ca34448acdbd03594b01b9130c96c99a368afa86a3d22fd4eca0793c32d688df",7939851,3000,1269
"europe__europe__fi__20-39__female","project","output/results/europe_corrected_psd_prior_20260830/fitted_model/FI_Y20-39_F.rda","b0673772a1a5b8747eddd593f66ec087b4e3aeae12feb74b9f7f4d9475a6e5da",2548594,3000,1267
"europe__europe__fi__20-39__male","project","output/results/europe_corrected_psd_prior_20260830/fitted_model/FI_Y20-39_M.rda","342334c2de07f0d1cf1f4da08904d479f4e9f68a22e0a64671bb624290781f42",3115833,3000,1267
"europe__europe__fi__20-39__total","project","output/results/europe_corrected_psd_prior_20260830/fitted_model/FI_Y20-39_T.rda","2819b9bf80661d3b33eb1b405fe2823cd568a70ef85f752d8eed38112878ee29",3297227,3000,1267
"europe__europe__fi__40-59__female","project","output/results/europe_corrected_psd_prior_20260830/fitted_model/FI_Y40-59_F.rda","1845289755b0d6833d8a5aeac0a2aba7b309927a37a3ab92e460b52008ab5b6f",3601012,3000,1267
"europe__europe__fi__40-59__male","project","output/results/europe_corrected_psd_prior_20260830/fitted_model/FI_Y40-59_M.rda","46060cfb25fd2b927dd91ab5b82b0e9ad43a1d64932ff66a0b50441de633d9a8",4260176,3000,1267
"europe__europe__fi__40-59__total","project","output/results/europe_corrected_psd_prior_20260830/fitted_model/FI_Y40-59_T.rda","d173d040946df7a7eae0ca65e13355a5f5829a6a139258a2455c076f2ddb271a",4565658,3000,1267
"europe__europe__fi__60-79__female","project","output/results/europe_corrected_psd_prior_20260830/fitted_model/FI_Y60-79_F.rda","4061468029ac925efb13c8fa872a512b29776d907d273c3f461dda81464cf840",4479037,3000,1267
"europe__europe__fi__60-79__male","project","output/results/europe_corrected_psd_prior_20260830/fitted_model/FI_Y60-79_M.rda","121c4c0de11ce92ae976f13368cd68605d62d85711e91b6cc28dafa2f4259932",4897577,3000,1267
"europe__europe__fi__60-79__total","project","output/results/europe_corrected_psd_prior_20260830/fitted_model/FI_Y60-79_T.rda","f8116a5d17f5b659f315aa3140a81d8f96b5b0256320d5bf0a09325b7a89e42f",5171434,3000,1267
"europe__europe__fi__ge80__female","project","output/results/europe_corrected_psd_prior_20260830/fitted_model/FI_Y_GE80_F.rda","ea4f684eeeec3adb8243ab2e0932b70f2bff5f2608570a1142347f89b214ed19",5616281,3000,1267
"europe__europe__fi__ge80__male","project","output/results/europe_corrected_psd_prior_20260830/fitted_model/FI_Y_GE80_M.rda","be4344a85b05564bcc04933d8c35497c5a689a31baec577aaca90647ed7f070b",5258939,3000,1267
"europe__europe__fi__ge80__total","project","output/results/europe_corrected_psd_prior_20260830/fitted_model/FI_Y_GE80_T.rda","959e69b07c963fb92fb5b9294bc2cf769463de2ac886cd781ec4af2c7a8bcca3",6034731,3000,1267
"europe__europe__fr__20-39__female","project","output/results/europe_corrected_psd_prior_20260830/fitted_model/FR_Y20-39_F.rda","0b55fc7dd60a120449da685770d2e3f96db227ad2ab069339361fb6316e5d0a0",1755726,3000,588
"europe__europe__fr__20-39__male","project","output/results/europe_corrected_psd_prior_20260830/fitted_model/FR_Y20-39_M.rda","a51cef8309be2bf4af0c9db9f383b19ebbc879c40d90744fb067abcd44917c5f",1991572,3000,588
"europe__europe__fr__20-39__total","project","output/results/europe_corrected_psd_prior_20260830/fitted_model/FR_Y20-39_T.rda","cf8f2f2c9afeb2ba43791f7fe3d4a48f60874cbfa40a362e2e1a4fb47927f9f8",2105981,3000,588
"europe__europe__fr__40-59__female","project","output/results/europe_corrected_psd_prior_20260830/fitted_model/FR_Y40-59_F.rda","0b11059ccdf56212fd7b6864992c2c1f7454161cb1f13de89ec3e2627c2e5f73",2332517,3000,588
"europe__europe__fr__40-59__male","project","output/results/europe_corrected_psd_prior_20260830/fitted_model/FR_Y40-59_M.rda","25e0f7aa88d247e81b464db0958972d531117404cd953aead14614cab2c659f2",2648350,3000,588
"europe__europe__fr__40-59__total","project","output/results/europe_corrected_psd_prior_20260830/fitted_model/FR_Y40-59_T.rda","d52441ee688a6501ce388faf2728a35305f879a3ae2c361e9c76f995972100b0",2820938,3000,588
"europe__europe__fr__60-79__female","project","output/results/europe_corrected_psd_prior_20260830/fitted_model/FR_Y60-79_F.rda","af7f84635bb7d335d73dde53c333deaa2a973a4993154542f6dce10e7e14a6fc",2936603,3000,588
"europe__europe__fr__60-79__male","project","output/results/europe_corrected_psd_prior_20260830/fitted_model/FR_Y60-79_M.rda","4e78cbe309f80d195015a381eafc96fcbc0ece1d604b5af2f4afd7c083446434",3109220,3000,588
"europe__europe__fr__60-79__total","project","output/results/europe_corrected_psd_prior_20260830/fitted_model/FR_Y60-79_T.rda","513651486516b520909e97d65f0fbed25e4cadbec927f9f9d8baae0e84dd5a07",3259680,3000,588
"europe__europe__fr__ge80__female","project","output/results/europe_corrected_psd_prior_20260830/fitted_model/FR_Y_GE80_F.rda","8c5b01a0632f9675fc98a450b33818e0c1d8b64498a7b63fe1b387d2948e7fc7",3574498,3000,588
"europe__europe__fr__ge80__male","project","output/results/europe_corrected_psd_prior_20260830/fitted_model/FR_Y_GE80_M.rda","e3f9d9b563509e373c45ff23da4f8bc5f0604fc53ef72369d06413192d9edcfa",3406607,3000,588
"europe__europe__fr__ge80__total","project","output/results/europe_corrected_psd_prior_20260830/fitted_model/FR_Y_GE80_T.rda","1e0a018fce4c806f4ec94a871c64cd93ebaaa0878e1d46f2bf30f3c1a9a6d548",3776797,3000,588
"europe__europe__hr__20-39__female","project","output/results/europe_corrected_psd_prior_20260830/fitted_model/HR_Y20-39_F.rda","ea7152c399935acdef475d823d2246a009b17b16fb38051ce2750dddda95a97d",2421916,3000,1265
"europe__europe__hr__20-39__male","project","output/results/europe_corrected_psd_prior_20260830/fitted_model/HR_Y20-39_M.rda","c161693f3bc2d27b2379bce1078ea585217cd35c22365d1d61910d43d518e59f",3093867,3000,1265
"europe__europe__hr__20-39__total","project","output/results/europe_corrected_psd_prior_20260830/fitted_model/HR_Y20-39_T.rda","e4d6ab9cb1528f9d868757ea9e854ef5162ee006e415b21def64851460cdf329",3234005,3000,1265
"europe__europe__hr__40-59__female","project","output/results/europe_corrected_psd_prior_20260830/fitted_model/HR_Y40-59_F.rda","53b36511d1a94aca7ac450dfcc9f9ec604d5488b8351a69b22d0b2832ed53c73",3535947,3000,1265
"europe__europe__hr__40-59__male","project","output/results/europe_corrected_psd_prior_20260830/fitted_model/HR_Y40-59_M.rda","874761bc6a740c8108d0fb918a2eeea63bf8ae0dba09d24076144ad86ab7fcb1",4224456,3000,1265
"europe__europe__hr__40-59__total","project","output/results/europe_corrected_psd_prior_20260830/fitted_model/HR_Y40-59_T.rda","6a77f134bf3aa4e6d6687306382d911d933a6cf923bfd633802d5059ad1ac9bc",4492925,3000,1265
"europe__europe__hr__60-79__female","project","output/results/europe_corrected_psd_prior_20260830/fitted_model/HR_Y60-79_F.rda","9b3fa73ebaef2dd4cc1d577e6cb77686d7f237159651f511ed631fa063dabdd1",5257382,3000,1265
"europe__europe__hr__60-79__male","project","output/results/europe_corrected_psd_prior_20260830/fitted_model/HR_Y60-79_M.rda","8915480865307f68e7deedd73f904fbbc8eeb3114e203c10c7836148409ab567",5363240,3000,1265
"europe__europe__hr__60-79__total","project","output/results/europe_corrected_psd_prior_20260830/fitted_model/HR_Y60-79_T.rda","88924802280ad2183c2879caf427d21032f972ab15f42222ba274b0c9cf3ad98",5898210,3000,1265
"europe__europe__hr__ge80__female","project","output/results/europe_corrected_psd_prior_20260830/fitted_model/HR_Y_GE80_F.rda","78e604da8b8f91542c2a0b7cf169cf4b3e07759a0b24aaaabb244bb3f5a4abe4",5851081,3000,1265
"europe__europe__hr__ge80__male","project","output/results/europe_corrected_psd_prior_20260830/fitted_model/HR_Y_GE80_M.rda","59d0fae726af77dd21c3be125a1587fbdee74c9f0817781f2920768a2abade18",5175727,3000,1265
"europe__europe__hr__ge80__total","project","output/results/europe_corrected_psd_prior_20260830/fitted_model/HR_Y_GE80_T.rda","721750f2c0f86e6b142f75efe571f4804007e10ff10051e20d78c504172e5d07",6143869,3000,1265
"europe__europe__hu__20-39__female","project","output/results/europe_corrected_psd_prior_20260830/fitted_model/HU_Y20-39_F.rda","f75340994659898bedfb4279368295809218c9bf8d5223727aea6b67cddf4073",3076326,3000,1265
"europe__europe__hu__20-39__male","project","output/results/europe_corrected_psd_prior_20260830/fitted_model/HU_Y20-39_M.rda","9889f28638868593ab02ed432a721f99f20e3cd704d0621e2f92c410c1663487",3738560,3000,1265
"europe__europe__hu__20-39__total","project","output/results/europe_corrected_psd_prior_20260830/fitted_model/HU_Y20-39_T.rda","45deb80f376395bd4cb6d365cd4cb76b84f0672f53e67a27d7fb76f7459dce1a",3969291,3000,1265
"europe__europe__hu__40-59__female","project","output/results/europe_corrected_psd_prior_20260830/fitted_model/HU_Y40-59_F.rda","7fc87f7cde07e96ea852701541ac4d2d355322a2d5bef852fa1a71bd96662f84",4665590,3000,1265
"europe__europe__hu__40-59__male","project","output/results/europe_corrected_psd_prior_20260830/fitted_model/HU_Y40-59_M.rda","a4f0780065e6d8c7a83c8119a3a3fceb09371e12e5526f68ec25a25e74d4eb9a",5440133,3000,1265
"europe__europe__hu__40-59__total","project","output/results/europe_corrected_psd_prior_20260830/fitted_model/HU_Y40-59_T.rda","cf7fe7c59a307f3d48d84d3a8185c5c02c51310ee146d16700caff62dbaf276a",5710716,3000,1265
"europe__europe__hu__60-79__female","project","output/results/europe_corrected_psd_prior_20260830/fitted_model/HU_Y60-79_F.rda","4a71abb0b129e21d5cf45cdb7e826e0ff7747129a5c2d4084a764cab75e29076",5914023,3000,1265
"europe__europe__hu__60-79__male","project","output/results/europe_corrected_psd_prior_20260830/fitted_model/HU_Y60-79_M.rda","78ea2567f4ab71227360109af4e86b4733000d97d7e1de6159e62817a36df5af",5951255,3000,1265
"europe__europe__hu__60-79__total","project","output/results/europe_corrected_psd_prior_20260830/fitted_model/HU_Y60-79_T.rda","d919166f14cdfb26694f699f85bc1466f012f11a90869b305ab502a1eaf92894",6442600,3000,1265
"europe__europe__hu__ge80__female","project","output/results/europe_corrected_psd_prior_20260830/fitted_model/HU_Y_GE80_F.rda","6e87cd41ea0c4a6aa76dbcbd92ff27b7c0cb73c8abda8361fe1f3232001f28e8",6316053,3000,1265
"europe__europe__hu__ge80__male","project","output/results/europe_corrected_psd_prior_20260830/fitted_model/HU_Y_GE80_M.rda","e62de2cb3a38676eb4b8dbb96c31be4e4bd1e94e57acd038d850a7bb05b2257a",5698703,3000,1265
"europe__europe__hu__ge80__total","project","output/results/europe_corrected_psd_prior_20260830/fitted_model/HU_Y_GE80_T.rda","05688a0a70af3033a1718e1baa5c58e182e6aab039e7cabb864f1d46ad118f73",6576412,3000,1265
"europe__europe__is__20-39__female","project","output/results/europe_corrected_psd_prior_20260830/fitted_model/IS_Y20-39_F.rda","d348271976443a76640346e85504bb66d805278b1e0f1a9aa2bdc37803c55006",960265,3000,1264
"europe__europe__is__20-39__male","project","output/results/europe_corrected_psd_prior_20260830/fitted_model/IS_Y20-39_M.rda","923d6c587d4b21190cab5da79c655bd195799d11eff9dc47f4ba7300a452dd6d",1519713,3000,1264
"europe__europe__is__20-39__total","project","output/results/europe_corrected_psd_prior_20260830/fitted_model/IS_Y20-39_T.rda","e0bd9a7fa4a619c13bee897ef30483a45a7940b2f9f50e19d408c1cdac432cd9",1701027,3000,1264
"europe__europe__is__40-59__female","project","output/results/europe_corrected_psd_prior_20260830/fitted_model/IS_Y40-59_F.rda","4ccccaf84b59d657fe9b4e5c912be0bf82d5cbe037f99671622adda61479246c",1855334,3000,1264
"europe__europe__is__40-59__male","project","output/results/europe_corrected_psd_prior_20260830/fitted_model/IS_Y40-59_M.rda","72040b2c5c67e8edc0b99df9cb2d77db7e6e32bf06fe8ac0ef32038a8bc186f7",2072798,3000,1264
"europe__europe__is__40-59__total","project","output/results/europe_corrected_psd_prior_20260830/fitted_model/IS_Y40-59_T.rda","0e8d06408cc593c493f51689ed5c2f4ea8bb5216a5ab0a1bc5667f368d02b191",2307002,3000,1264
"europe__europe__is__60-79__female","project","output/results/europe_corrected_psd_prior_20260830/fitted_model/IS_Y60-79_F.rda","0e1f7c5e69aed8397cbdfa3e95d38bed1087af317529380ac6a65b58d23f7c4f",2521412,3000,1264
"europe__europe__is__60-79__male","project","output/results/europe_corrected_psd_prior_20260830/fitted_model/IS_Y60-79_M.rda","10cfd0e17abb3255fdc0efa2a5282aa19337950493659c5bf87f3fccc8aca630",2659261,3000,1264
"europe__europe__is__60-79__total","project","output/results/europe_corrected_psd_prior_20260830/fitted_model/IS_Y60-79_T.rda","ff0b7b6eb5fb32edc7b111702139af2db0ad681e3743680dbd52085d290ebe14",3030000,3000,1264
"europe__europe__is__ge80__female","project","output/results/europe_corrected_psd_prior_20260830/fitted_model/IS_Y_GE80_F.rda","44c38c4451a017830fa16d589c260b67ad0ab37427a4cb9a0dd8aec2aca0b741",3041697,3000,1264
"europe__europe__is__ge80__male","project","output/results/europe_corrected_psd_prior_20260830/fitted_model/IS_Y_GE80_M.rda","de0561b2177b909469f7b66a0a3f188f29fcaabd79597a2ac015ffb26e6ac499",2869396,3000,1264
"europe__europe__is__ge80__total","project","output/results/europe_corrected_psd_prior_20260830/fitted_model/IS_Y_GE80_T.rda","5e627bbe142a2a26665f1925b03d7fbd92da19c02ef82703708021936a444c4d",3386711,3000,1264
"europe__europe__it__20-39__female","project","output/results/europe_corrected_psd_prior_20260830/fitted_model/IT_Y20-39_F.rda","155c7f8fe0d244aadcf47820412d487c55e03de333e067b0fd803fbb04ef8aa5",1976470,3000,691
"europe__europe__it__20-39__male","project","output/results/europe_corrected_psd_prior_20260830/fitted_model/IT_Y20-39_M.rda","efb4629e0a13d45055ac5e789c004ce0be940b01936b945f034e8ad4dcf97be5",2339583,3000,691
"europe__europe__it__20-39__total","project","output/results/europe_corrected_psd_prior_20260830/fitted_model/IT_Y20-39_T.rda","7f0430c3e3a6474db28801dbf65a2d5b5862f54f11e1b634d3a160e723e232fb",2498632,3000,691
"europe__europe__it__40-59__female","project","output/results/europe_corrected_psd_prior_20260830/fitted_model/IT_Y40-59_F.rda","0250d4801e70b1f5460e817a6f721f884487d9935cf1c3cfb966f27074d0b42c",2789922,3000,691
"europe__europe__it__40-59__male","project","output/results/europe_corrected_psd_prior_20260830/fitted_model/IT_Y40-59_M.rda","ea609883dd94f6fbd696ef7764f4ad88db47fdaa4f58d5d21d04fc291978b3ea",3015069,3000,691
"europe__europe__it__40-59__total","project","output/results/europe_corrected_psd_prior_20260830/fitted_model/IT_Y40-59_T.rda","b55dd6f6b1d91287d00d18a6b1b2da7e68d9076dbb1733ceb442edd6f4b749b1",3243892,3000,691
"europe__europe__it__60-79__female","project","output/results/europe_corrected_psd_prior_20260830/fitted_model/IT_Y60-79_F.rda","e00516f52e3c989d2d952715969baecfcfb17ed5e9c9b3edf1fb4040e9bfd9a9",3580239,3000,691
"europe__europe__it__60-79__male","project","output/results/europe_corrected_psd_prior_20260830/fitted_model/IT_Y60-79_M.rda","b4d07c4b4f28e5dfe932c250f7482a6be722808053a0990b9ed633e651a03d11",3713061,3000,691
"europe__europe__it__60-79__total","project","output/results/europe_corrected_psd_prior_20260830/fitted_model/IT_Y60-79_T.rda","ee43fd37475391590d3125faf1d66d5062220781b0253003ab20d9385420a952",3933301,3000,691
"europe__europe__it__ge80__female","project","output/results/europe_corrected_psd_prior_20260830/fitted_model/IT_Y_GE80_F.rda","9934ae07637be20fe7932c1dcc11e48ce58163a695ce556fbc670be72224a3dc",4234834,3000,691
"europe__europe__it__ge80__male","project","output/results/europe_corrected_psd_prior_20260830/fitted_model/IT_Y_GE80_M.rda","06533f9d4d6370a464fb9d1e85b07be1d1c0b8075e45337297d360ffa6afa453",4045067,3000,691
"europe__europe__it__ge80__total","project","output/results/europe_corrected_psd_prior_20260830/fitted_model/IT_Y_GE80_T.rda","c9f0431767ea30d3632cf42624385289cd674a799c271c24111f0dcfc99776f1",4468864,3000,691
"europe__europe__li__20-39__female","project","output/results/europe_corrected_psd_prior_20260830/fitted_model/LI_Y20-39_F.rda","1445d5ce630155b8da08f21df523bf2dc3154a1dacdcae09a56f7461c9b4bd78",257055,3000,1214
"europe__europe__li__20-39__male","project","output/results/europe_corrected_psd_prior_20260830/fitted_model/LI_Y20-39_M.rda","2ee1b95f23cedc11a984785c0ebad6f36b95bb31c02ed9e3fe736d50aef91a3b",392896,3000,1214
"europe__europe__li__20-39__total","project","output/results/europe_corrected_psd_prior_20260830/fitted_model/LI_Y20-39_T.rda","a8acacf087982ec24c76db997f014caa56530a8206968373ac9937499dcddfab",492771,3000,1214
"europe__europe__li__40-59__female","project","output/results/europe_corrected_psd_prior_20260830/fitted_model/LI_Y40-59_F.rda","0c85af9fabdaab1cb6e7d80a063e06639cdbfe5106b91b2d10ab14068b2d8db5",716943,3000,1214
"europe__europe__li__40-59__male","project","output/results/europe_corrected_psd_prior_20260830/fitted_model/LI_Y40-59_M.rda","7279dcc8a5874885a8b965e4a0fefa74cbca3770fd96afba621edff856aa71d9",990028,3000,1214
"europe__europe__li__40-59__total","project","output/results/europe_corrected_psd_prior_20260830/fitted_model/LI_Y40-59_T.rda","8ede5fe5c09ad649b28b32862221bda1a5858e2ed3744903c208798df8cc056b",1226321,3000,1214
"europe__europe__li__60-79__female","project","output/results/europe_corrected_psd_prior_20260830/fitted_model/LI_Y60-79_F.rda","d69f210267fe04fdc3abd12c93dacb8dae63d7a90ebafcb8aa530383e088c126",1388048,3000,1214
"europe__europe__li__60-79__male","project","output/results/europe_corrected_psd_prior_20260830/fitted_model/LI_Y60-79_M.rda","f86c6e1e0ba5ada03d78a06031470bb1c56a2e2ce78e1ed49a1072e63815063e",1636365,3000,1214
"europe__europe__li__60-79__total","project","output/results/europe_corrected_psd_prior_20260830/fitted_model/LI_Y60-79_T.rda","b41d71440f98edbb82fd9c8ade6a3f485d93d16d248dca949d93000806d9ba83",1896238,3000,1214
"europe__europe__li__ge80__female","project","output/results/europe_corrected_psd_prior_20260830/fitted_model/LI_Y_GE80_F.rda","b4bc94305f19537f1b0b3485ac896d8555b21ad46654d278b966fe769756b8ab",1801700,3000,1214
"europe__europe__li__ge80__male","project","output/results/europe_corrected_psd_prior_20260830/fitted_model/LI_Y_GE80_M.rda","d1287d6d4972b482e9555857ff4685327610189b0d7dadb129a21e4f0826a016",1547165,3000,1214
"europe__europe__li__ge80__total","project","output/results/europe_corrected_psd_prior_20260830/fitted_model/LI_Y_GE80_T.rda","35e9ec8e8369469a5acd4e34d6163f0d14f0b2f566cb45eb0c12f80a84557dd3",2040328,3000,1214
"europe__europe__lt__20-39__female","project","output/results/europe_corrected_psd_prior_20260830/fitted_model/LT_Y20-39_F.rda","ab0c7588461b10f0189d78f2d1d24903477ef9b1a20280f302cb62a042516a37",2678214,3000,1269
"europe__europe__lt__20-39__male","project","output/results/europe_corrected_psd_prior_20260830/fitted_model/LT_Y20-39_M.rda","ee181a0e681a9b5abea935053bf4b7382a842f2393c3c6c72c8b69508ecec314",3590234,3000,1269
"europe__europe__lt__20-39__total","project","output/results/europe_corrected_psd_prior_20260830/fitted_model/LT_Y20-39_T.rda","3a90fe677636d4e532197a6898df3348911180f8f83871ae0e89605fe9de2672",3782327,3000,1269
"europe__europe__lt__40-59__female","project","output/results/europe_corrected_psd_prior_20260830/fitted_model/LT_Y40-59_F.rda","b373cab328f4a97d4f2cfcb067d4799c82a0ec24386e6bfbd9e68df8630ee301",3717180,3000,1269
"europe__europe__lt__40-59__male","project","output/results/europe_corrected_psd_prior_20260830/fitted_model/LT_Y40-59_M.rda","0a7c03eca389b0688ccc3c41753febab82958df4dc479e9d982bc67842a5d721",4578648,3000,1269
"europe__europe__lt__40-59__total","project","output/results/europe_corrected_psd_prior_20260830/fitted_model/LT_Y40-59_T.rda","9c426ba5970248ecd7c456461780868c403b2b904b2256eca118af28383bf289",4855284,3000,1269
"europe__europe__lt__60-79__female","project","output/results/europe_corrected_psd_prior_20260830/fitted_model/LT_Y60-79_F.rda","86acb4df8248b3f5a9a5dc0427b8148f8eeafdfeaccd47c986da622edc784126",4831293,3000,1269
"europe__europe__lt__60-79__male","project","output/results/europe_corrected_psd_prior_20260830/fitted_model/LT_Y60-79_M.rda","6ca18e72c54dc1080dfc3532173ff3b9dd3d932fc17223f8967a7d6c1a0b78d3",4990389,3000,1269
"europe__europe__lt__60-79__total","project","output/results/europe_corrected_psd_prior_20260830/fitted_model/LT_Y60-79_T.rda","a29afc574470f327172d72f323f4aeb6523fd43974e6c4f5e3a82e50ca10e237",5616833,3000,1269
"europe__europe__lt__ge80__female","project","output/results/europe_corrected_psd_prior_20260830/fitted_model/LT_Y_GE80_F.rda","1adca695f6f839529c63092d264ec7d39ce6ef7f5227ccb5c1abec25b786070f",5467091,3000,1269
"europe__europe__lt__ge80__male","project","output/results/europe_corrected_psd_prior_20260830/fitted_model/LT_Y_GE80_M.rda","504839bc8d61eda4e84fd092515c6585e599f51f22f121f2c10d7b6171760aae",4661715,3000,1269
"europe__europe__lt__ge80__total","project","output/results/europe_corrected_psd_prior_20260830/fitted_model/LT_Y_GE80_T.rda","67b8b1521b5a06269a5a4150b8ba70a3325b2623dc29e780f5638f2985f6ac90",5849351,3000,1269
"europe__europe__lu__20-39__female","project","output/results/europe_corrected_psd_prior_20260830/fitted_model/LU_Y20-39_F.rda","a4efbfa5b04586309ab2d24e09db47fc0bd98f9125e05c13af47d30b2a29dde7",1267941,3000,1264
"europe__europe__lu__20-39__male","project","output/results/europe_corrected_psd_prior_20260830/fitted_model/LU_Y20-39_M.rda","4c227fd480de24fe66387048f7f0a37e8dd2645723644c77b4cbee3ded469dd3",1745275,3000,1264
"europe__europe__lu__20-39__total","project","output/results/europe_corrected_psd_prior_20260830/fitted_model/LU_Y20-39_T.rda","0263b9aca52e5d2dad954710fb724755cd5801d25b66bde875a42e06f63c4b85",1945729,3000,1264
"europe__europe__lu__40-59__female","project","output/results/europe_corrected_psd_prior_20260830/fitted_model/LU_Y40-59_F.rda","3ecdb00e94b0205ddc50bd3170df8e52ef44296299b208db1be746d53604405a",2206225,3000,1264
"europe__europe__lu__40-59__male","project","output/results/europe_corrected_psd_prior_20260830/fitted_model/LU_Y40-59_M.rda","a6cc96fcbf6e4ee562e8d3be0c80f2ea67e469bce07f432f7b53ad581ecb2bd4",2504858,3000,1264
"europe__europe__lu__40-59__total","project","output/results/europe_corrected_psd_prior_20260830/fitted_model/LU_Y40-59_T.rda","601503218d729c30c2536b1a6594742b0c8efe2082977adb116fe898e17f46f8",2756341,3000,1264
"europe__europe__lu__60-79__female","project","output/results/europe_corrected_psd_prior_20260830/fitted_model/LU_Y60-79_F.rda","0a96be8229581db166b72c8fa83a8fa2d008eec850dbf1d1ab7c27afafd75e58",2956511,3000,1264
"europe__europe__lu__60-79__male","project","output/results/europe_corrected_psd_prior_20260830/fitted_model/LU_Y60-79_M.rda","401e79d78ecd8d605d554311044911e756d0979a4e4422baf915116b81993f95",3145240,3000,1264
"europe__europe__lu__60-79__total","project","output/results/europe_corrected_psd_prior_20260830/fitted_model/LU_Y60-79_T.rda","35c6d5739e0d2a4b9fad510d2dde10a17b2ce9de7493a3589b1000b29ff66a37",3402452,3000,1264
"europe__europe__lu__ge80__female","project","output/results/europe_corrected_psd_prior_20260830/fitted_model/LU_Y_GE80_F.rda","a4a37d70a43b392ba46a0e3ecb91525713336c9cb09c9e787747cf0985700df4",3413884,3000,1264
"europe__europe__lu__ge80__male","project","output/results/europe_corrected_psd_prior_20260830/fitted_model/LU_Y_GE80_M.rda","f23dfe48c469063f4df16282b64cd118ebee7254936dede68bd64d1834ebf62c",3233676,3000,1264
"europe__europe__lu__ge80__total","project","output/results/europe_corrected_psd_prior_20260830/fitted_model/LU_Y_GE80_T.rda","e8be9becc257e854345d0bda13f3da2cc6f9ec2b957159cd3795a0e539523da7",3864357,3000,1264
"europe__europe__lv__20-39__female","project","output/results/europe_corrected_psd_prior_20260830/fitted_model/LV_Y20-39_F.rda","1f3af093918c9d6849821943e6715f469a0486ee08e5755ab9fc0f8991b4f4b8",2493731,3000,1270
"europe__europe__lv__20-39__male","project","output/results/europe_corrected_psd_prior_20260830/fitted_model/LV_Y20-39_M.rda","efa3f2d62fe4165bc59ec0b0f3d0b7b23e46ba12f71fd1e44e2678a4ca7e1681",3273334,3000,1270
"europe__europe__lv__20-39__total","project","output/results/europe_corrected_psd_prior_20260830/fitted_model/LV_Y20-39_T.rda","364a224db24eb6f58a38758cc81ba15575534caf870068e5d1236bbf25d034be",3457541,3000,1270
"europe__europe__lv__40-59__female","project","output/results/europe_corrected_psd_prior_20260830/fitted_model/LV_Y40-59_F.rda","7fc67e8cfa89e44936b987201010b8650ce3c86dc10fb813de635921f8cc25dd",3513489,3000,1270
"europe__europe__lv__40-59__male","project","output/results/europe_corrected_psd_prior_20260830/fitted_model/LV_Y40-59_M.rda","9568f8fb9232c2477e86e0bacb18988e144ccb19347dde2fd5e6fd0e007f4c52",4299233,3000,1270
"europe__europe__lv__40-59__total","project","output/results/europe_corrected_psd_prior_20260830/fitted_model/LV_Y40-59_T.rda","3ae0230c384ac20ec3805a9e62ac7fbbe225361c4218c3c7993f37156c90490b",4581697,3000,1270
"europe__europe__lv__60-79__female","project","output/results/europe_corrected_psd_prior_20260830/fitted_model/LV_Y60-79_F.rda","c0a6f9204d2c3143ccdf0d5be40b0770d0598388b6c98b1f690be81f2b5f4096",4748287,3000,1270
"europe__europe__lv__60-79__male","project","output/results/europe_corrected_psd_prior_20260830/fitted_model/LV_Y60-79_M.rda","384367c222be4bcf8d81a5383570770fcf158f93319ab6d10e0e77f758f36426",4778062,3000,1270
"europe__europe__lv__60-79__total","project","output/results/europe_corrected_psd_prior_20260830/fitted_model/LV_Y60-79_T.rda","1953fafaacd981aecce0459f68faa66fd7474ac92628c556af4a50e871c2acd6",5512235,3000,1270
"europe__europe__lv__ge80__female","project","output/results/europe_corrected_psd_prior_20260830/fitted_model/LV_Y_GE80_F.rda","e1c4275af72b25d4cf00c7a92b58d979bb6c042d11b0cb0432e5543e38e1bded",5023476,3000,1270
"europe__europe__lv__ge80__male","project","output/results/europe_corrected_psd_prior_20260830/fitted_model/LV_Y_GE80_M.rda","5fbdc966b22eb79178df8783cac95af8632da90008f031e8d3223c7d49a58a1a",4180248,3000,1270
"europe__europe__lv__ge80__total","project","output/results/europe_corrected_psd_prior_20260830/fitted_model/LV_Y_GE80_T.rda","5e8d4b8311b2336b3ab0781381e3e6d8a9ba288b56af99939b5fc73c49acbc2a",5432165,3000,1270
"europe__europe__me__20-39__female","project","output/results/europe_corrected_psd_prior_20260830/fitted_model/ME_Y20-39_F.rda","3d5dd0d6babf12b0da1b48f13deb9049272ef4824a529c7655a6eb30899de392",1188067,3000,987
"europe__europe__me__20-39__male","project","output/results/europe_corrected_psd_prior_20260830/fitted_model/ME_Y20-39_M.rda","aa283dbcd8582de644615092526d93f6e0a882282696b55f18635a2265d75bff",1558184,3000,987
"europe__europe__me__20-39__total","project","output/results/europe_corrected_psd_prior_20260830/fitted_model/ME_Y20-39_T.rda","44604ea73c7e04e39ca4a4d15b0eadcfae44a978abb60ba184bf95f9056348c7",1698332,3000,987
"europe__europe__me__40-59__female","project","output/results/europe_corrected_psd_prior_20260830/fitted_model/ME_Y40-59_F.rda","d8e35d6f42b44b8535d9ab4b719527dc4aec4fe104a91200e85247f9248c4540",2010480,3000,987
"europe__europe__me__40-59__male","project","output/results/europe_corrected_psd_prior_20260830/fitted_model/ME_Y40-59_M.rda","d5d9805c65ec70b41b66a1079c62d2f0cafe61f870beba3e338c1cbac255fcee",2282197,3000,987
"europe__europe__me__40-59__total","project","output/results/europe_corrected_psd_prior_20260830/fitted_model/ME_Y40-59_T.rda","10e8885942282a46ba68a5f347dda624280f794efc77feb3052a8a223024e82d",2432751,3000,987
"europe__europe__me__60-79__female","project","output/results/europe_corrected_psd_prior_20260830/fitted_model/ME_Y60-79_F.rda","37ed70c4028e14c9c0d13b9919d7d7f9c9092cd8b3358c2ddd1bc267ef2b2244",2627412,3000,987
"europe__europe__me__60-79__male","project","output/results/europe_corrected_psd_prior_20260830/fitted_model/ME_Y60-79_M.rda","061d29e4271e4b1d005e757462ae5f2b1e83addad689722815ba58e5b27455cd",2730696,3000,987
"europe__europe__me__60-79__total","project","output/results/europe_corrected_psd_prior_20260830/fitted_model/ME_Y60-79_T.rda","d434efe5453ab6218f6c4d76aef58e486655c1bf3c38d4ebc3a476d47ea5c480",3044469,3000,987
"europe__europe__me__ge80__female","project","output/results/europe_corrected_psd_prior_20260830/fitted_model/ME_Y_GE80_F.rda","384482bd284de3762c4febdb7332e7bc3ca952cd2aacf42133f75bcee0deb978",2784605,3000,987
"europe__europe__me__ge80__male","project","output/results/europe_corrected_psd_prior_20260830/fitted_model/ME_Y_GE80_M.rda","ba77bb307f3df217b03038c486b9043238ca77ed07618a926a04c4f1e9bfbca3",2600465,3000,987
"europe__europe__me__ge80__total","project","output/results/europe_corrected_psd_prior_20260830/fitted_model/ME_Y_GE80_T.rda","666bbe28ddd01a8fb6a06c9893775492a6a978763adc69fe296759205b251f10",3134529,3000,987
"europe__europe__mt__20-39__female","project","output/results/europe_corrected_psd_prior_20260830/fitted_model/MT_Y20-39_F.rda","fabf0696c26cecd5fb3c601a0914abf87c14758909b96ef15803ceff0cfc5a6e",610894,3000,696
"europe__europe__mt__20-39__male","project","output/results/europe_corrected_psd_prior_20260830/fitted_model/MT_Y20-39_M.rda","5040817dcae054f46a39bc362d52ff6d86496433fbbbed68e752422f872c738d",855064,3000,696
"europe__europe__mt__20-39__total","project","output/results/europe_corrected_psd_prior_20260830/fitted_model/MT_Y20-39_T.rda","151802786e16396ef09ca8cb29cfc439369649bc3a921ec584f598b26466556f",970796,3000,696
"europe__europe__mt__40-59__female","project","output/results/europe_corrected_psd_prior_20260830/fitted_model/MT_Y40-59_F.rda","03429bb63d45cf1ec742c74e550cbd2b3ca420697b562bd5ffd163e0fc9b013b",1134801,3000,696
"europe__europe__mt__40-59__male","project","output/results/europe_corrected_psd_prior_20260830/fitted_model/MT_Y40-59_M.rda","7cf1dd54209754265112e81933b87fe1c25de2b3a8faf6614860373afa32e1ef",1246802,3000,696
"europe__europe__mt__40-59__total","project","output/results/europe_corrected_psd_prior_20260830/fitted_model/MT_Y40-59_T.rda","acd8499de1717a44e72783440e09428b13ab50d4d84a17b72b33c9caa511fe46",1370659,3000,696
"europe__europe__mt__60-79__female","project","output/results/europe_corrected_psd_prior_20260830/fitted_model/MT_Y60-79_F.rda","f5f7334278a48f67f50569681e4c6d688c842d2627b0dab81187465ef0eff4e6",1590267,3000,696
"europe__europe__mt__60-79__male","project","output/results/europe_corrected_psd_prior_20260830/fitted_model/MT_Y60-79_M.rda","2c40336308bc4b39721ffdef61c164ff754fd8c5e53dc221bf40a9bf1c3a029f",1777286,3000,696
"europe__europe__mt__60-79__total","project","output/results/europe_corrected_psd_prior_20260830/fitted_model/MT_Y60-79_T.rda","a56994872105c0438d47f388988af662b0e9b71f7f969c19e04a2ec26a5b77a4",1899826,3000,696
"europe__europe__mt__ge80__female","project","output/results/europe_corrected_psd_prior_20260830/fitted_model/MT_Y_GE80_F.rda","e226f89e017b161dac5284d755a41817c298fd58d45bf2fc5b9e52c64d27cfaa",1963305,3000,696
"europe__europe__mt__ge80__male","project","output/results/europe_corrected_psd_prior_20260830/fitted_model/MT_Y_GE80_M.rda","737cedcf88ac02e9eb4ccaa95f0e19af9d1348984dcf99bef559957544867390",1818585,3000,696
"europe__europe__mt__ge80__total","project","output/results/europe_corrected_psd_prior_20260830/fitted_model/MT_Y_GE80_T.rda","5add886544c427f11ea34546290d5ab21842c05f821b06e8b5d3dc2931359d21",2149166,3000,696
"europe__europe__nl__20-39__female","project","output/results/europe_corrected_psd_prior_20260830/fitted_model/NL_Y20-39_F.rda","68aa1cb644cf9b698703fc9875e67530c1b92d2dc1c45f97cae92b14b6b3ce30",3151580,3000,1269
"europe__europe__nl__20-39__male","project","output/results/europe_corrected_psd_prior_20260830/fitted_model/NL_Y20-39_M.rda","6ddc4ac1e708f923f29faef0361f643ad095b4b2a181575a3abb6307edab2a5f",3489749,3000,1269
"europe__europe__nl__20-39__total","project","output/results/europe_corrected_psd_prior_20260830/fitted_model/NL_Y20-39_T.rda","759c0316b126f5b6bddbad68b92ddab780ea4ce5203c647ed575c6321d9400d8",3818141,3000,1269
"europe__europe__nl__40-59__female","project","output/results/europe_corrected_psd_prior_20260830/fitted_model/NL_Y40-59_F.rda","dd5721df3afa621d58b34204dd747abaaaa804a63f7c5210c48e892a52232214",4405286,3000,1269
"europe__europe__nl__40-59__male","project","output/results/europe_corrected_psd_prior_20260830/fitted_model/NL_Y40-59_M.rda","3a6a084b68156f7a8b366a55dac758c563068ebaff6f0e0d2edcbed7638deaa2",4664609,3000,1269
"europe__europe__nl__40-59__total","project","output/results/europe_corrected_psd_prior_20260830/fitted_model/NL_Y40-59_T.rda","05e07f105ae81cfc3c420cf6cfd2888a8853aa9213338c375f67b1b428648d6e",5199122,3000,1269
"europe__europe__nl__60-79__female","project","output/results/europe_corrected_psd_prior_20260830/fitted_model/NL_Y60-79_F.rda","f98070f2c65046f597bde36b1f784659d7599a9c5120b806e43069fc4bb0a178",5483043,3000,1269
"europe__europe__nl__60-79__male","project","output/results/europe_corrected_psd_prior_20260830/fitted_model/NL_Y60-79_M.rda","3bdc2c129efe85d230fe41c6304457f71938fd8d1c318cfbc21261bbc113e406",5706314,3000,1269
"europe__europe__nl__60-79__total","project","output/results/europe_corrected_psd_prior_20260830/fitted_model/NL_Y60-79_T.rda","e7777c2be16db5f8a53cd0ee41eb223fe1c9c90555ad1b38230a8653fb36d5d1",6157788,3000,1269
"europe__europe__nl__ge80__female","project","output/results/europe_corrected_psd_prior_20260830/fitted_model/NL_Y_GE80_F.rda","cfd9e56766fce2d1c1af6edcb90b7d8ffa83c4fdbf74f1e93c2b073827ec13e7",6442957,3000,1269
"europe__europe__nl__ge80__male","project","output/results/europe_corrected_psd_prior_20260830/fitted_model/NL_Y_GE80_M.rda","cd5655a49d39744e075dcd646bf692430e1decbf45023dccf1d57efa86eea523",6269711,3000,1269
"europe__europe__nl__ge80__total","project","output/results/europe_corrected_psd_prior_20260830/fitted_model/NL_Y_GE80_T.rda","207e1aeea571576d4f2ea163f8d3340791a4cd834a5628774f937d95cac97a1f",6833995,3000,1269
"europe__europe__no__20-39__female","project","output/results/europe_corrected_psd_prior_20260830/fitted_model/NO_Y20-39_F.rda","7bbd5aae7a324a0c5bd3faf1a71d25a8f76b66dc4ef3324891165190ae603fe7",2473399,3000,1267
"europe__europe__no__20-39__male","project","output/results/europe_corrected_psd_prior_20260830/fitted_model/NO_Y20-39_M.rda","68e35c0669167d02bfb0692b113f09098395cad73b4e01210884fdde90e0638b",3030644,3000,1267
"europe__europe__no__20-39__total","project","output/results/europe_corrected_psd_prior_20260830/fitted_model/NO_Y20-39_T.rda","8cf575181bc24dd80658275636fbc8029d23133c509e73b34a6578bdb2a3a75c",3174661,3000,1267
"europe__europe__no__40-59__female","project","output/results/europe_corrected_psd_prior_20260830/fitted_model/NO_Y40-59_F.rda","2ad37a832d74b09eb6c163405db43c915028597c70b7249e26e4961eb752b798",3374676,3000,1267
"europe__europe__no__40-59__male","project","output/results/europe_corrected_psd_prior_20260830/fitted_model/NO_Y40-59_M.rda","8f028f7263efb3b7e7e6f117f83a140688d892a6b81a9a27c801c04fcb9ea42a",3677558,3000,1267
"europe__europe__no__40-59__total","project","output/results/europe_corrected_psd_prior_20260830/fitted_model/NO_Y40-59_T.rda","82e46c20d77f4f1df2aae8ca417393f518f163a8d5a5c7baec65cd34d74747d5",4011630,3000,1267
"europe__europe__no__60-79__female","project","output/results/europe_corrected_psd_prior_20260830/fitted_model/NO_Y60-79_F.rda","bfd53c7cdbb841c4af6f7afb976ef7019d97a822ec5ce010fe79dabff0105546",4344551,3000,1267
"europe__europe__no__60-79__male","project","output/results/europe_corrected_psd_prior_20260830/fitted_model/NO_Y60-79_M.rda","5483bc5a62b2a5dc85b397543c5b7403c295e0d6995ee6dd14c22df7bf0438e8",4564934,3000,1267
"europe__europe__no__60-79__total","project","output/results/europe_corrected_psd_prior_20260830/fitted_model/NO_Y60-79_T.rda","ebacd4f97ed3930ba5de0be1a0cdc59e3eb5175056dd7f1ae5182eb4e99c95d1",5149595,3000,1267
"europe__europe__no__ge80__female","project","output/results/europe_corrected_psd_prior_20260830/fitted_model/NO_Y_GE80_F.rda","a85062964269eeb60977aa0f268a46bf7a48b1eb556436dfbc4f2f799a0d71a4",5326033,3000,1267
"europe__europe__no__ge80__male","project","output/results/europe_corrected_psd_prior_20260830/fitted_model/NO_Y_GE80_M.rda","af07c344f77463b607bc0e7dfdc4a3eb1522ed02f0b68a36be87eddb4bfb86a2",4862003,3000,1267
"europe__europe__no__ge80__total","project","output/results/europe_corrected_psd_prior_20260830/fitted_model/NO_Y_GE80_T.rda","6e0c6a67e43686dd05d77ab429197644810ccc10af40b12d7235dec924b4d7ab",5740230,3000,1267
"europe__europe__pl__20-39__female","project","output/results/europe_corrected_psd_prior_20260830/fitted_model/PL_Y20-39_F.rda","702909fd02de5fb13976d621eb2618b44b9a24538239a26cc33a79220b666654",3703550,3000,1267
"europe__europe__pl__20-39__male","project","output/results/europe_corrected_psd_prior_20260830/fitted_model/PL_Y20-39_M.rda","87f0a853b2ea0faf77c879c5e3ec0f7d6773c723c88a09bc6dc3f58da72afaa8",4782691,3000,1267
"europe__europe__pl__20-39__total","project","output/results/europe_corrected_psd_prior_20260830/fitted_model/PL_Y20-39_T.rda","bc4ea030dec157c0fdbe473acab413ea6f70a35847bf3687a06ed682e696aa3b",5038980,3000,1267
"europe__europe__pl__40-59__female","project","output/results/europe_corrected_psd_prior_20260830/fitted_model/PL_Y40-59_F.rda","0df01e2a188897bb43174d658747cedd483580e97581ebe188a1f2093bfdfa53",5541177,3000,1267
"europe__europe__pl__40-59__male","project","output/results/europe_corrected_psd_prior_20260830/fitted_model/PL_Y40-59_M.rda","817dedaea1b6c5bfbe01f44a79df1cdd320af0cea500a9d7f85c4369bb563672",6267893,3000,1267
"europe__europe__pl__40-59__total","project","output/results/europe_corrected_psd_prior_20260830/fitted_model/PL_Y40-59_T.rda","ea25fa71d596b9cc5d1d360f9b247dfd732798984c454f5d0331fd3754668f83",6547102,3000,1267
"europe__europe__pl__60-79__female","project","output/results/europe_corrected_psd_prior_20260830/fitted_model/PL_Y60-79_F.rda","33ae545a9ded36c4412aa3929c8fdeb6f1995ef0da2f1ff4e6111d0c4fb98b53",6491222,3000,1267
"europe__europe__pl__60-79__male","project","output/results/europe_corrected_psd_prior_20260830/fitted_model/PL_Y60-79_M.rda","97fe385822c0cd64bfbc1d10b74761e318737ed9d259c62fa84688d9a149c8cd",6726332,3000,1267
"europe__europe__pl__60-79__total","project","output/results/europe_corrected_psd_prior_20260830/fitted_model/PL_Y60-79_T.rda","c6647b77af48cd4e59d0426e85f2605214d01772f13c5f0619389c8f9676ceb1",7105956,3000,1267
"europe__europe__pl__ge80__female","project","output/results/europe_corrected_psd_prior_20260830/fitted_model/PL_Y_GE80_F.rda","3e5c4fcc477a28dbcba092c644a82e58d239264c547a3c4646d22abd6b9339af",7183177,3000,1267
"europe__europe__pl__ge80__male","project","output/results/europe_corrected_psd_prior_20260830/fitted_model/PL_Y_GE80_M.rda","147115f703fa9031913a70e0536c26713605af953c133d6310a414d411343f21",6701817,3000,1267
"europe__europe__pl__ge80__total","project","output/results/europe_corrected_psd_prior_20260830/fitted_model/PL_Y_GE80_T.rda","c939e8d364278ff257bb6a34189526e779dda01efe659b307e4bb0530e8f5556",7532515,3000,1267
"europe__europe__pt__20-39__female","project","output/results/europe_corrected_psd_prior_20260830/fitted_model/PT_Y20-39_F.rda","f90fe74d0cf18491a411184f374b9434ad115a624fc5b486bae195a1d2e2c15d",3065616,3000,1265
"europe__europe__pt__20-39__male","project","output/results/europe_corrected_psd_prior_20260830/fitted_model/PT_Y20-39_M.rda","16f355738d91636549d6e4ac2b3cd1f42329e6a5a01ffb1dec66a6fc6a9d2cc3",3804473,3000,1265
"europe__europe__pt__20-39__total","project","output/results/europe_corrected_psd_prior_20260830/fitted_model/PT_Y20-39_T.rda","3edc3c9f29a29631934c47dc324fbe95603c52beb70eeb86f9058291e000fa1b",4072909,3000,1265
"europe__europe__pt__40-59__female","project","output/results/europe_corrected_psd_prior_20260830/fitted_model/PT_Y40-59_F.rda","b18a4a34e192cb18b64bd53db0bccd59d210801de306f5635f3a12dfca3c559a",3906033,3000,1265
"europe__europe__pt__40-59__male","project","output/results/europe_corrected_psd_prior_20260830/fitted_model/PT_Y40-59_M.rda","742bcf1e38de745d942009503cdeeeff3808e517ca114cca16c954e38c751746",4563927,3000,1265
"europe__europe__pt__40-59__total","project","output/results/europe_corrected_psd_prior_20260830/fitted_model/PT_Y40-59_T.rda","fc389f17c6c71b299d3c52f4ed19a44584f7a905c94c27404808e2b3644ff081",4865492,3000,1265
"europe__europe__pt__60-79__female","project","output/results/europe_corrected_psd_prior_20260830/fitted_model/PT_Y60-79_F.rda","2de8a4c07f765cf9d77c90ca0084fdcaa1ee39da66c8015559a30eab369ca45d",5711889,3000,1265
"europe__europe__pt__60-79__male","project","output/results/europe_corrected_psd_prior_20260830/fitted_model/PT_Y60-79_M.rda","d601afd9ccbc79c2fa37a7cb7382f91e7fdf7b117afccc668efe7ccc94572665",5876704,3000,1265
"europe__europe__pt__60-79__total","project","output/results/europe_corrected_psd_prior_20260830/fitted_model/PT_Y60-79_T.rda","b947d8b96f5f5e8080116e1f3fbb21f14cd9ff7acccfe9363a1a25ec1bec47e6",6274916,3000,1265
"europe__europe__pt__ge80__female","project","output/results/europe_corrected_psd_prior_20260830/fitted_model/PT_Y_GE80_F.rda","324b60fcdb3c0934ae07c009b17981e273f0bb15b28c5a2550b768dcbf8a4c04",6580763,3000,1265
"europe__europe__pt__ge80__male","project","output/results/europe_corrected_psd_prior_20260830/fitted_model/PT_Y_GE80_M.rda","f88bab18adbc75b6dcd8fee7af7c5cbd739699c621f97fa802b2e92d35e38cbb",6256054,3000,1265
"europe__europe__pt__ge80__total","project","output/results/europe_corrected_psd_prior_20260830/fitted_model/PT_Y_GE80_T.rda","3f3531364fe71704b26d300f01381b49a55f674063266b9243ef2f82387c89cc",6930615,3000,1265
"europe__europe__ro__20-39__female","project","output/results/europe_corrected_psd_prior_20260830/fitted_model/RO_Y20-39_F.rda","3deba08bd4c67052ab9ed6a8d51abcc9e6a0f2d600bc8b0fe5317b0521339934",1290289,3000,483
"europe__europe__ro__20-39__male","project","output/results/europe_corrected_psd_prior_20260830/fitted_model/RO_Y20-39_M.rda","688614e91bafe5349192da90e03cc969769060d5fc909ff13cbc549a6dd8ebd4",1534779,3000,483
"europe__europe__ro__20-39__total","project","output/results/europe_corrected_psd_prior_20260830/fitted_model/RO_Y20-39_T.rda","2752c3ddefa12912d062377ca49324b24a3cb70c9163d6ff43ff67c5e2ddf90e",1627622,3000,483
"europe__europe__ro__40-59__female","project","output/results/europe_corrected_psd_prior_20260830/fitted_model/RO_Y40-59_F.rda","2af8096eebae8e03dab5eb552236e5e1e1c3393195b213e5c49a3c5a6bed359e",1826674,3000,483
"europe__europe__ro__40-59__male","project","output/results/europe_corrected_psd_prior_20260830/fitted_model/RO_Y40-59_M.rda","d54c63ea6b1b1e0b2c52a2388770363ef97a38cd133668566d2ba3fea0e62eee",2165806,3000,483
"europe__europe__ro__40-59__total","project","output/results/europe_corrected_psd_prior_20260830/fitted_model/RO_Y40-59_T.rda","ce72c368f812448cf270ebe46556644aed562907fb13d9597885628c04c9ce67",2231180,3000,483
"europe__europe__ro__60-79__female","project","output/results/europe_corrected_psd_prior_20260830/fitted_model/RO_Y60-79_F.rda","c54d319a738007f4fa61f13a7c00b193f50402a4f316bf209850c0df3458b3e4",2416115,3000,483
"europe__europe__ro__60-79__male","project","output/results/europe_corrected_psd_prior_20260830/fitted_model/RO_Y60-79_M.rda","6e6d5cd533794942410ec58fc1a459ad75cd17710f4f817d2b64fc5acdb4deb1",2479195,3000,483
"europe__europe__ro__60-79__total","project","output/results/europe_corrected_psd_prior_20260830/fitted_model/RO_Y60-79_T.rda","d02ab99feb03a369ea3e5e78ef4e3e00a2c5a3cfdb27f60513e2a8ec6e9b324a",2624649,3000,483
"europe__europe__ro__ge80__female","project","output/results/europe_corrected_psd_prior_20260830/fitted_model/RO_Y_GE80_F.rda","de3ef54a068fbbd2730e72b7a786dd3fb934325b2425e47e56f07692e426a26e",2587931,3000,483
"europe__europe__ro__ge80__male","project","output/results/europe_corrected_psd_prior_20260830/fitted_model/RO_Y_GE80_M.rda","a367593f220e28dc5db9ef4591bf404e9db556dd6d54ecd20eace77f901cc2f0",2450589,3000,483
"europe__europe__ro__ge80__total","project","output/results/europe_corrected_psd_prior_20260830/fitted_model/RO_Y_GE80_T.rda","b4bead6a3f86c000d839879bdc6feaae19b5cfcd76abca1ea963d8e385795500",2715192,3000,483
"europe__europe__rs__20-39__female","project","output/results/europe_corrected_psd_prior_20260830/fitted_model/RS_Y20-39_F.rda","3e0b4e4d103e71580dd59afc042ec889bb469edcdf71e1799c936e651887d8de",2846719,3000,1248
"europe__europe__rs__20-39__male","project","output/results/europe_corrected_psd_prior_20260830/fitted_model/RS_Y20-39_M.rda","442217653decef597350d1b4fa64cc7575d34d18339fbb60d479f80a185d2845",3378032,3000,1248
"europe__europe__rs__20-39__total","project","output/results/europe_corrected_psd_prior_20260830/fitted_model/RS_Y20-39_T.rda","7bbfd5e57f3c2fe3aed73c01d1dd324b0acf66e5c43ad8d32d37ac7174fee56f",3584418,3000,1248
"europe__europe__rs__40-59__female","project","output/results/europe_corrected_psd_prior_20260830/fitted_model/RS_Y40-59_F.rda","95f77b6acfd6a49cad87eeb2e9874337e60d9da5a22a376c4f4bccd1749cc7c8",4267656,3000,1248
"europe__europe__rs__40-59__male","project","output/results/europe_corrected_psd_prior_20260830/fitted_model/RS_Y40-59_M.rda","39071fb2972c298e8b5a22c0a3fc8ebaead0b88548b22e80754263e4286433da",4779272,3000,1248
"europe__europe__rs__40-59__total","project","output/results/europe_corrected_psd_prior_20260830/fitted_model/RS_Y40-59_T.rda","a3247495b0475337e8ece3caa5f6123c6545a7d47a807cc2e0e28ddfb41b4fee",5265490,3000,1248
"europe__europe__rs__60-79__female","project","output/results/europe_corrected_psd_prior_20260830/fitted_model/RS_Y60-79_F.rda","22091f21361d1ced92f725d4ecb184c0ec8ce209623358b23292b1d3a55e1d74",5957730,3000,1248
"europe__europe__rs__60-79__male","project","output/results/europe_corrected_psd_prior_20260830/fitted_model/RS_Y60-79_M.rda","eb2ad7eea48c12a1131b4ffca3268f0193724a085cc799c658c0eda32337e296",5970504,3000,1248
"europe__europe__rs__60-79__total","project","output/results/europe_corrected_psd_prior_20260830/fitted_model/RS_Y60-79_T.rda","5c282d190580260da3b1fd388fd5422d90b55320963af281a45d7d81702c579c",6428785,3000,1248
"europe__europe__rs__ge80__female","project","output/results/europe_corrected_psd_prior_20260830/fitted_model/RS_Y_GE80_F.rda","57bda686f1f23580b200685ce44a84e2b8dafab067fd7e353f7f1eadc77eac6c",6113396,3000,1248
"europe__europe__rs__ge80__male","project","output/results/europe_corrected_psd_prior_20260830/fitted_model/RS_Y_GE80_M.rda","afd669599e66df1c0c5e15b5d9da1738d0cd39b2b08b539294ebc2cb5c1f6db7",5813078,3000,1248
"europe__europe__rs__ge80__total","project","output/results/europe_corrected_psd_prior_20260830/fitted_model/RS_Y_GE80_T.rda","de4dee7268fffbf920f5e9663a66b655bc975c16321707fcd4c0d83f1b7564cd",6467926,3000,1248
"europe__europe__se__20-39__female","project","output/results/europe_corrected_psd_prior_20260830/fitted_model/SE_Y20-39_F.rda","3934ad45b3724dae05bf98ac5e666fe3fb532da4bee02d01d15bb27a576f04e7",2657368,3000,1268
"europe__europe__se__20-39__male","project","output/results/europe_corrected_psd_prior_20260830/fitted_model/SE_Y20-39_M.rda","1d453e9d8e08740a5baaefe00c8dc8d6fd451cce189680313ffa6fc8e2b5f70e",3102176,3000,1268
"europe__europe__se__20-39__total","project","output/results/europe_corrected_psd_prior_20260830/fitted_model/SE_Y20-39_T.rda","57258f57d142cebd7a3048a94cf9953f5ced7e8f29fe174f6c6587bfed348656",3302041,3000,1268
"europe__europe__se__40-59__female","project","output/results/europe_corrected_psd_prior_20260830/fitted_model/SE_Y40-59_F.rda","084aa795b35ed5d51ace247836f583a26f6492837d7ab1f686b93a4c6266a875",3808797,3000,1268
"europe__europe__se__40-59__male","project","output/results/europe_corrected_psd_prior_20260830/fitted_model/SE_Y40-59_M.rda","47f26ba38763c16d025603973bf137880f6a1666576dc18e1bfff953d60153a8",4116822,3000,1268
"europe__europe__se__40-59__total","project","output/results/europe_corrected_psd_prior_20260830/fitted_model/SE_Y40-59_T.rda","4b511281f7b6650d441b6194d359d86b4f206dae92094113b511047b8f461c0f",4516676,3000,1268
"europe__europe__se__60-79__female","project","output/results/europe_corrected_psd_prior_20260830/fitted_model/SE_Y60-79_F.rda","5fb6784b652d4e7893bfa30de14b2ac9a2b1b0b3585345d3c5751427ee67d3b1",4917268,3000,1268
"europe__europe__se__60-79__male","project","output/results/europe_corrected_psd_prior_20260830/fitted_model/SE_Y60-79_M.rda","43167ee5c4e2a7831179aa15d5cf98c08c1c8f5ca6a7682c60d90f2cae2d1a78",5136553,3000,1268
"europe__europe__se__60-79__total","project","output/results/europe_corrected_psd_prior_20260830/fitted_model/SE_Y60-79_T.rda","0d873534ce98ad4083a735a0daf544aad03a11ded374f03884b2cbec75b7b8f4",5663427,3000,1268
"europe__europe__se__ge80__female","project","output/results/europe_corrected_psd_prior_20260830/fitted_model/SE_Y_GE80_F.rda","2a6996f4c89eb74c6153b3712ca93f1e60f4f89ff7ebcd4e23c4fb6ea0589120",6042141,3000,1268
"europe__europe__se__ge80__male","project","output/results/europe_corrected_psd_prior_20260830/fitted_model/SE_Y_GE80_M.rda","c1e6f38fcf0921cc26fc6f66dcc8259af9886a9bc00de46dab5e57c046bf303f",5687476,3000,1268
"europe__europe__se__ge80__total","project","output/results/europe_corrected_psd_prior_20260830/fitted_model/SE_Y_GE80_T.rda","5559fc98905ce81f64c9c82bf5d350eb3ab2da9ab38319a94bd2560b9077c4d6",6320311,3000,1268
"europe__europe__si__20-39__female","project","output/results/europe_corrected_psd_prior_20260830/fitted_model/SI_Y20-39_F.rda","38461307ebe91206c0983b49031ac598d0ca3d1c19de06fed059a72394c28c87",2001496,3000,1268
"europe__europe__si__20-39__male","project","output/results/europe_corrected_psd_prior_20260830/fitted_model/SI_Y20-39_M.rda","e328eaf013362185955848c2a751529b359e4c6af42971eb32f58a3a12a401e3",2630109,3000,1268
"europe__europe__si__20-39__total","project","output/results/europe_corrected_psd_prior_20260830/fitted_model/SI_Y20-39_T.rda","a489f1fdd6024059d5a79a4a4d705aabe2508c3f73f72991216300dc3cf6fd4e",2780364,3000,1268
"europe__europe__si__40-59__female","project","output/results/europe_corrected_psd_prior_20260830/fitted_model/SI_Y40-59_F.rda","5b541fe37c114b1ed470b55e8289ecde71ca1dce29dd8b650e02c81b6341c110",3054155,3000,1268
"europe__europe__si__40-59__male","project","output/results/europe_corrected_psd_prior_20260830/fitted_model/SI_Y40-59_M.rda","dbad0425d35fd6c7a465fb52a189a44288d0d13d57a7ddd933eb37b155f48b03",3581000,3000,1268
"europe__europe__si__40-59__total","project","output/results/europe_corrected_psd_prior_20260830/fitted_model/SI_Y40-59_T.rda","43b33813de3074aec699263319af78afd036e879ac42f3ecb2e1558fc4a768f9",3846830,3000,1268
"europe__europe__si__60-79__female","project","output/results/europe_corrected_psd_prior_20260830/fitted_model/SI_Y60-79_F.rda","63b4ce40cfee33d1ae19ea4f81926fb30998687ad68c9e81d6d1b227a9bbfa76",4058557,3000,1268
"europe__europe__si__60-79__male","project","output/results/europe_corrected_psd_prior_20260830/fitted_model/SI_Y60-79_M.rda","05bcfd0d6ff01d12039ef65f9425f28adae59e91325397d54db7989d0bdbad09",4216535,3000,1268
"europe__europe__si__60-79__total","project","output/results/europe_corrected_psd_prior_20260830/fitted_model/SI_Y60-79_T.rda","fb10f4cee65db1470d5dd680fa2416f25e73f40316abf33050405340080f0686",4718720,3000,1268
"europe__europe__si__ge80__female","project","output/results/europe_corrected_psd_prior_20260830/fitted_model/SI_Y_GE80_F.rda","6f83815f7fe051046c8d16f62f15cadea35a3513c2aa06f0940c5373399deb57",4934463,3000,1268
"europe__europe__si__ge80__male","project","output/results/europe_corrected_psd_prior_20260830/fitted_model/SI_Y_GE80_M.rda","d9b553e0076ec0c706dce7a63416652a183546d7c0697937a2dc6701027813df",4345830,3000,1268
"europe__europe__si__ge80__total","project","output/results/europe_corrected_psd_prior_20260830/fitted_model/SI_Y_GE80_T.rda","39228ec39622e38749847d33ee8ba4ab9720fba3afee0e406195f7448fdfb10d",5395373,3000,1268
"europe__europe__sk__20-39__female","project","output/results/europe_corrected_psd_prior_20260830/fitted_model/SK_Y20-39_F.rda","a7fa710a772b31eddf726b7b6de97390aff7de714a2ac365814c1e44d1529b55",2657823,3000,1269
"europe__europe__sk__20-39__male","project","output/results/europe_corrected_psd_prior_20260830/fitted_model/SK_Y20-39_M.rda","51660785b79824d01f66edd288fb22947e25a8fc773b73170d2c6488294c0d75",3337496,3000,1269
"europe__europe__sk__20-39__total","project","output/results/europe_corrected_psd_prior_20260830/fitted_model/SK_Y20-39_T.rda","e09353629c450a13ed9dfcd909f103714c1b6f03b67117623ba3a798a8e473f6",3487626,3000,1269
"europe__europe__sk__40-59__female","project","output/results/europe_corrected_psd_prior_20260830/fitted_model/SK_Y40-59_F.rda","f78da79b5e89f01fe20536ff069baeb6f9c12ea02eeac974c8025acb85b747e8",3777770,3000,1269
"europe__europe__sk__40-59__male","project","output/results/europe_corrected_psd_prior_20260830/fitted_model/SK_Y40-59_M.rda","4901076a9dca68efb7ebed82aeb5e0d7dc839afe8fbcb94bfc828aa4a96ff7bf",4552347,3000,1269
"europe__europe__sk__40-59__total","project","output/results/europe_corrected_psd_prior_20260830/fitted_model/SK_Y40-59_T.rda","d98b061d4302aed79e741dae3cd2cb47c3fdacae37d70a61fd1cce612316f977",4815046,3000,1269
"europe__europe__sk__60-79__female","project","output/results/europe_corrected_psd_prior_20260830/fitted_model/SK_Y60-79_F.rda","bd277740a25c041d4a0a16bd6caaa3be8b5b826f8dd5d4c3b6e8645313833e4b",4929717,3000,1269
"europe__europe__sk__60-79__male","project","output/results/europe_corrected_psd_prior_20260830/fitted_model/SK_Y60-79_M.rda","95562679cf8571cee1eb177b6afe366bfbc603a76e66c7477c3ad7f3bbcc4a5c",5243472,3000,1269
"europe__europe__sk__60-79__total","project","output/results/europe_corrected_psd_prior_20260830/fitted_model/SK_Y60-79_T.rda","921657ac0497789a421f10fc33b607ba2ae69b4b812cf2a7c526f2f80bbb0021",5686220,3000,1269
"europe__europe__sk__ge80__female","project","output/results/europe_corrected_psd_prior_20260830/fitted_model/SK_Y_GE80_F.rda","a0207604513078bd9666918c5a26226806c5c5cbb9d213c2be3a020880adf98d",5508388,3000,1269
"europe__europe__sk__ge80__male","project","output/results/europe_corrected_psd_prior_20260830/fitted_model/SK_Y_GE80_M.rda","731493772744cef065d8c57eb16568c0a8e55542dd7fd51033177de56fd25143",4698812,3000,1269
"europe__europe__sk__ge80__total","project","output/results/europe_corrected_psd_prior_20260830/fitted_model/SK_Y_GE80_T.rda","2c43953e5ad5fc47a752dd57402c8eb859f61a50f60badbb883e8efb2ae6e555",5758837,3000,1269
"us__us-non-sex__alabama__20-39__total","legacy","North_America/non-stratified/USA/fitted_model/Alabama_age_20-39.rda","8079d9de80be0161252983d4b553862579ddfed287c23bea0ae60e44931e6642",1133120,3000,296
"us__us-non-sex__alabama__40-59__total","legacy","North_America/non-stratified/USA/fitted_model/Alabama_age_40-59.rda","29a4b7fc7388050ba1866d2f743b1a69fc081b66770f31d17cf5a88eeb5f3e8e",1379908,3000,296
"us__us-non-sex__alabama__60-79__total","legacy","North_America/non-stratified/USA/fitted_model/Alabama_age_60-79.rda","37fe679500cfdd4a3a0e9249f9ced4a29a31101ba8f1ce5e07ca100f1bcb1525",1601751,3000,296
"us__us-non-sex__alabama__ge80__total","legacy","North_America/non-stratified/USA/fitted_model/Alabama_age_Over 80.rda","1ff53a348ee1997917788951cd87fa58fa51373cb701cfd41f55f33db98eea1f",1571658,3000,296
"us__us-non-sex__alaska__20-39__total","legacy","North_America/non-stratified/USA/fitted_model/Alaska_age_20-39.rda","c6a12a958648cb21a1bae53e9c73bca912fc0bf5ff31b2508b67dd26ba794a7b",467537,3000,160
"us__us-non-sex__alaska__40-59__total","legacy","North_America/non-stratified/USA/fitted_model/Alaska_age_40-59.rda","7cf6abe40491f9b9d9b53375e8625affea25253774e31f986aaf2bdf9dbfe88e",1002022,3000,296
"us__us-non-sex__alaska__60-79__total","legacy","North_America/non-stratified/USA/fitted_model/Alaska_age_60-79.rda","99874df0ce5364fd829e98a88c3ffafdd9a9fbe04caae3a2f8b872d6e3b4bb55",1182460,3000,296
"us__us-non-sex__alaska__ge80__total","legacy","North_America/non-stratified/USA/fitted_model/Alaska_age_Over 80.rda","7d6bedff46225d633b3589687bf1f2c52d13ab10eb56cc04f9e57141564cd3d4",1112873,3000,296
"us__us-non-sex__arizona__20-39__total","legacy","North_America/non-stratified/USA/fitted_model/Arizona_age_20-39.rda","ec7e368af9465ed92f35b143aa4f6deade82bab863c82dcc2d91105bd760b40a",1268040,3000,296
"us__us-non-sex__arizona__40-59__total","legacy","North_America/non-stratified/USA/fitted_model/Arizona_age_40-59.rda","9fe0bba75f7a53d22369687ba9dc6cedfb7d5d0da18d98aca11f36f660d846a1",1401104,3000,296
"us__us-non-sex__arizona__60-79__total","legacy","North_America/non-stratified/USA/fitted_model/Arizona_age_60-79.rda","d62d3502afbe834d869b2fb2e4b42c3d2d2c179bd817ae8b54ba78c256e9ad9a",1629203,3000,296
"us__us-non-sex__arizona__ge80__total","legacy","North_America/non-stratified/USA/fitted_model/Arizona_age_Over 80.rda","1b5ea7939c6a33797bfc670fe4bcc0b2fcba1ffabb8dd513166360c4bfc762df",1674817,3000,296
"us__us-non-sex__arkansas__20-39__total","legacy","North_America/non-stratified/USA/fitted_model/Arkansas_age_20-39.rda","60a6316a7707a01c434faf6953bb969ade7e893c07cdfdac9e5d8b4259b46126",1004352,3000,296
"us__us-non-sex__arkansas__40-59__total","legacy","North_America/non-stratified/USA/fitted_model/Arkansas_age_40-59.rda","0679bb57494579cb2c32a86c3a55e9402d776fc8cecf576f820b28c71859e051",1278923,3000,296
"us__us-non-sex__arkansas__60-79__total","legacy","North_America/non-stratified/USA/fitted_model/Arkansas_age_60-79.rda","de1ad4a88863c1349103c7d2a1b67a087395bb5237ca170db2420ec6490feba0",1521154,3000,296
"us__us-non-sex__arkansas__ge80__total","legacy","North_America/non-stratified/USA/fitted_model/Arkansas_age_Over 80.rda","7050e4f89b9dbacec24af28b4e48dc3ac55dd84a9d27e0a62d491dfd033ea06b",1503802,3000,296
"us__us-non-sex__california__20-39__total","legacy","North_America/non-stratified/USA/fitted_model/California_age_20-39.rda","011103be4d35a4254ff081f3d6f7e987c3051d6fa4065061a1a05e28cbfe70eb",1490036,3000,296
"us__us-non-sex__california__40-59__total","legacy","North_America/non-stratified/USA/fitted_model/California_age_40-59.rda","8d5b0badbbde3dd688e3d0032b9f5ff29f21bae29c458f9042401e8b89239014",1614092,3000,296
"us__us-non-sex__california__60-79__total","legacy","North_America/non-stratified/USA/fitted_model/California_age_60-79.rda","8780573d49c218bb8a3fb8aab2e5fb6e4acc217e9b64809fce9b62f9a1a36359",1854260,3000,296
"us__us-non-sex__california__ge80__total","legacy","North_America/non-stratified/USA/fitted_model/California_age_Over 80.rda","230658fc856526396b4d5c83d295d2b5acb7c3e974781e0720a4e25232d97808",1936811,3000,296
"us__us-non-sex__colorado__20-39__total","legacy","North_America/non-stratified/USA/fitted_model/Colorado_age_20-39.rda","54cb3a4fc483935572f7a09c1840468c47a37e5cab732c774ff25e7bf28e0376",1189292,3000,296
"us__us-non-sex__colorado__40-59__total","legacy","North_America/non-stratified/USA/fitted_model/Colorado_age_40-59.rda","36e4cf97802a1312fff3fe8130972bef588a419863949d1c033d316132250a89",1297010,3000,296
"us__us-non-sex__colorado__60-79__total","legacy","North_America/non-stratified/USA/fitted_model/Colorado_age_60-79.rda","ceff0f417270221728cc42c57f795534867a1f8c18e7bcddced7e05543dc059b",1543396,3000,296
"us__us-non-sex__colorado__ge80__total","legacy","North_America/non-stratified/USA/fitted_model/Colorado_age_Over 80.rda","b3b5af5c8a0fcdc93afdbc489994ed59df2f59628fa15a4f3afc7ccacecae1af",1583990,3000,296
"us__us-non-sex__connecticut__20-39__total","legacy","North_America/non-stratified/USA/fitted_model/Connecticut_age_20-39.rda","156ebbeb08a5a2fc79cd2309e97ec35eecebc7b88c47702c9425e969bc2d71a0",1081068,3000,296
"us__us-non-sex__connecticut__40-59__total","legacy","North_America/non-stratified/USA/fitted_model/Connecticut_age_40-59.rda","20e3c508c227f51c82765d1e27d970d91f92695e486b49dd401652884d9e7022",1167810,3000,296
"us__us-non-sex__connecticut__60-79__total","legacy","North_America/non-stratified/USA/fitted_model/Connecticut_age_60-79.rda","db6d2699eccc08c605c707212372839a446ffe4e7808782c85b9edaea02deec2",1480862,3000,296
"us__us-non-sex__connecticut__ge80__total","legacy","North_America/non-stratified/USA/fitted_model/Connecticut_age_Over 80.rda","56ecca9415d80b393e26f073e2ed95b1df2984242561b7a2e7cf39ff1e1a13f5",1545852,3000,296
"us__us-non-sex__delaware__20-39__total","legacy","North_America/non-stratified/USA/fitted_model/Delaware_age_20-39.rda","602059794760067705405bfc5d26fec031f1b414ae59e61610c8d6ca6ea4c1eb",550043,3000,176
"us__us-non-sex__delaware__40-59__total","legacy","North_America/non-stratified/USA/fitted_model/Delaware_age_40-59.rda","9644050109076eccb27850b8d9158766d41ead8551084e9b3d47df7abc0a695d",1002355,3000,296
"us__us-non-sex__delaware__60-79__total","legacy","North_America/non-stratified/USA/fitted_model/Delaware_age_60-79.rda","1b620deb9eafd4740a578d456d8cff53ba7eae9407de0e12be0efaa41e4c61c9",1286552,3000,296
"us__us-non-sex__delaware__ge80__total","legacy","North_America/non-stratified/USA/fitted_model/Delaware_age_Over 80.rda","070cf312ca4a98bd7bd1997a68af55b7d429d344a7c1337d0c51a64252287e33",1357244,3000,296
"us__us-non-sex__district-of-columbia__20-39__total","legacy","North_America/non-stratified/USA/fitted_model/District of Columbia_age_20-39.rda","06f51b511fc88c2e35073a511b7e703e09c780c9c76fd6ce03d8461179dfb529",443019,3000,151
"us__us-non-sex__district-of-columbia__40-59__total","legacy","North_America/non-stratified/USA/fitted_model/District of Columbia_age_40-59.rda","d0f420613d72eb5d502fd78e2969b78be1d80221b6b457e6b2acf182d6ddf066",1073572,3000,296
"us__us-non-sex__district-of-columbia__60-79__total","legacy","North_America/non-stratified/USA/fitted_model/District of Columbia_age_60-79.rda","0c3c655fa4b20a902fb6d5aa79ef7469ff93abd892d7c2b13ee1fa98944772c2",1123311,3000,296
"us__us-non-sex__district-of-columbia__ge80__total","legacy","North_America/non-stratified/USA/fitted_model/District of Columbia_age_Over 80.rda","9e555ab2dea5e4e37aeb94237a394fd32183cf78903fa69ca861af927b0db61f",1107562,3000,296
"us__us-non-sex__florida__20-39__total","legacy","North_America/non-stratified/USA/fitted_model/Florida_age_20-39.rda","14efee9156cf57f8825e960d41390caa038984926ce714514e5ba1157de44b0f",1462271,3000,296
"us__us-non-sex__florida__40-59__total","legacy","North_America/non-stratified/USA/fitted_model/Florida_age_40-59.rda","7435a5345517809b80efa25025e94fe89205511d525d1a69c2afe39b5411b23c",1550336,3000,296
"us__us-non-sex__florida__60-79__total","legacy","North_America/non-stratified/USA/fitted_model/Florida_age_60-79.rda","da00ea005a2799b3bda497ed5a2952f566efb3b1735eb81f19038cae734ae2a2",1811939,3000,296
"us__us-non-sex__florida__ge80__total","legacy","North_America/non-stratified/USA/fitted_model/Florida_age_Over 80.rda","068ecec7d4d61471a40f36a9df67b1a13f152f71f29a8ecc4e531c8da85e29e3",1847921,3000,296
"us__us-non-sex__georgia__20-39__total","legacy","North_America/non-stratified/USA/fitted_model/Georgia_age_20-39.rda","5cd8b665cbc0e59265fbedd85486069636198c3ecb94bb33b618028cceb40bd9",1262276,3000,296
"us__us-non-sex__georgia__40-59__total","legacy","North_America/non-stratified/USA/fitted_model/Georgia_age_40-59.rda","80b171ef292a765394bf34c7774dafc3db5039ab04471bfdba1a9709990c198a",1467180,3000,296
"us__us-non-sex__georgia__60-79__total","legacy","North_America/non-stratified/USA/fitted_model/Georgia_age_60-79.rda","db6f9fb4ceaf5cb955e8f1911e5ca1a146dffb43518cb95b3cdd82fde4e57fa5",1705918,3000,296
"us__us-non-sex__georgia__ge80__total","legacy","North_America/non-stratified/USA/fitted_model/Georgia_age_Over 80.rda","a02b65169dc1d884739bb7a96becbfdbe230e7cb35e893cd4662c3f833e9ad96",1680536,3000,296
"us__us-non-sex__hawaii__20-39__total","legacy","North_America/non-stratified/USA/fitted_model/Hawaii_age_20-39.rda","3dd83102f84b0726360faf6931d14046c05fb201fcf1ada30cdcac6ae0385042",529877,3000,198
"us__us-non-sex__hawaii__40-59__total","legacy","North_America/non-stratified/USA/fitted_model/Hawaii_age_40-59.rda","bc33064a31c3e23b18486399756867592704524f420dde40766da13de23b4834",1014138,3000,296
"us__us-non-sex__hawaii__60-79__total","legacy","North_America/non-stratified/USA/fitted_model/Hawaii_age_60-79.rda","c75540844ebbc5834f0fe246975f7c968e37ef1e704feb10df95099d402bf6c8",1318887,3000,296
"us__us-non-sex__hawaii__ge80__total","legacy","North_America/non-stratified/USA/fitted_model/Hawaii_age_Over 80.rda","4e7914e0eb923e8763ab79b1431c83bebdcfcc87c3f89a708005810fde7731a0",1395269,3000,296
"us__us-non-sex__idaho__20-39__total","legacy","North_America/non-stratified/USA/fitted_model/Idaho_age_20-39.rda","a37c01f961ec851f776e3da39068cb79291ad711e0a83a68921ba3ef97b5ca37",885156,3000,263
"us__us-non-sex__idaho__40-59__total","legacy","North_America/non-stratified/USA/fitted_model/Idaho_age_40-59.rda","88f2b6dc3ee7fe89c7ffd96e3fd7ec31b60a2c84b690677ac0cc3d0051bb714d",1084039,3000,296
"us__us-non-sex__idaho__60-79__total","legacy","North_America/non-stratified/USA/fitted_model/Idaho_age_60-79.rda","ebf1458b1559da8cf6cca8eaabecf020ddd36c581843cbc043a8faf8e8e39ab5",1393689,3000,296
"us__us-non-sex__idaho__ge80__total","legacy","North_America/non-stratified/USA/fitted_model/Idaho_age_Over 80.rda","3453a797df8f44a58eef1bfec3ee4bcc270406ae80db30ebfcf523c101c48456",1429373,3000,296
"us__us-non-sex__illinois__20-39__total","legacy","North_America/non-stratified/USA/fitted_model/Illinois_age_20-39.rda","c05d8f2739a303654d0d6482b7c5b02394de4166d528ca14a86c1363eba40af2",1295189,3000,296
"us__us-non-sex__illinois__40-59__total","legacy","North_America/non-stratified/USA/fitted_model/Illinois_age_40-59.rda","95c7d07666358ca0e60a3afe57b809064ba146ef827604c06a51fbc022366b9f",1430230,3000,296
"us__us-non-sex__illinois__60-79__total","legacy","North_America/non-stratified/USA/fitted_model/Illinois_age_60-79.rda","443182da9e81ea7346cdce61aad878488e75b1bd58ccf5a107fc37214d690caa",1676586,3000,296
"us__us-non-sex__illinois__ge80__total","legacy","North_America/non-stratified/USA/fitted_model/Illinois_age_Over 80.rda","452b33df2cfe3b0f2cce93f33a090753f7ce7829cb65b06f4f69eeff64939979",1722030,3000,296
"us__us-non-sex__indiana__20-39__total","legacy","North_America/non-stratified/USA/fitted_model/Indiana_age_20-39.rda","af96c97da8f4c4b5defc092e49b66c3cd9ef4027ebf1f6406f6590ca0b4d6cf3",1210281,3000,296
"us__us-non-sex__indiana__40-59__total","legacy","North_America/non-stratified/USA/fitted_model/Indiana_age_40-59.rda","6772128f5be41809a8b45d868200bea196db378a882707d031473d7b6aaf454e",1415121,3000,296
"us__us-non-sex__indiana__60-79__total","legacy","North_America/non-stratified/USA/fitted_model/Indiana_age_60-79.rda","1c225a51afe4bceb9e9203b6cd56bff4f426d9b6758bf76618a97b75bf6d968a",1628038,3000,296
"us__us-non-sex__indiana__ge80__total","legacy","North_America/non-stratified/USA/fitted_model/Indiana_age_Over 80.rda","bacce2ae318a625d2d910c8b2b84667e357ad570d79415976f1f3e05c535e129",1646393,3000,296
"us__us-non-sex__iowa__20-39__total","legacy","North_America/non-stratified/USA/fitted_model/Iowa_age_20-39.rda","77992dfde78f8fa2de7ece045cff0285ca0fc0c2a0af46eb26e1f16c77d179bb",1071909,3000,296
"us__us-non-sex__iowa__40-59__total","legacy","North_America/non-stratified/USA/fitted_model/Iowa_age_40-59.rda","4c49a3e23576d0c5965cbb052557339462d49b7e459cb82ba6c34a6bb8ea13a0",1233553,3000,296
"us__us-non-sex__iowa__60-79__total","legacy","North_America/non-stratified/USA/fitted_model/Iowa_age_60-79.rda","66a59fc3036d8a3f8bcafde987897150df9aebac90d02370f27c1280031a6243",1498988,3000,296
"us__us-non-sex__iowa__ge80__total","legacy","North_America/non-stratified/USA/fitted_model/Iowa_age_Over 80.rda","c7f7cafcde508cc68077fbed8304f2eaf8dc6dcf882bca0eff61eb8ed5dcaa12",1529665,3000,296
"us__us-non-sex__kansas__20-39__total","legacy","North_America/non-stratified/USA/fitted_model/Kansas_age_20-39.rda","c176ef3b86b056fcd5f2f549cba19918cf33b6ba37dfd472ddcfd449f4275790",1012164,3000,296
"us__us-non-sex__kansas__40-59__total","legacy","North_America/non-stratified/USA/fitted_model/Kansas_age_40-59.rda","815db61f4934dc2f3a05a70fe4a53b3661f5b85c643b7dbdd3e46739e5691e6a",1208137,3000,296
"us__us-non-sex__kansas__60-79__total","legacy","North_America/non-stratified/USA/fitted_model/Kansas_age_60-79.rda","f554eb830e4f86944e453c2c84fa072b63b4b6fae4836c9ada86ba48886deafa",1470822,3000,296
"us__us-non-sex__kansas__ge80__total","legacy","North_America/non-stratified/USA/fitted_model/Kansas_age_Over 80.rda","35c06eb0d8313c7aa6f9fd8ec14b444892485fe8d48740afa353ffaabcee1943",1505948,3000,296
"us__us-non-sex__kentucky__20-39__total","legacy","North_America/non-stratified/USA/fitted_model/Kentucky_age_20-39.rda","9c796fd5a5ed9de6ca57376f73e9ccbe2537e44d731da468e3720d46f0635e6c",1142644,3000,296
"us__us-non-sex__kentucky__40-59__total","legacy","North_America/non-stratified/USA/fitted_model/Kentucky_age_40-59.rda","c919fcbe666646647a67b6eab7edf778f30514b785eedf8e172ece49ca40cf04",1406977,3000,296
"us__us-non-sex__kentucky__60-79__total","legacy","North_America/non-stratified/USA/fitted_model/Kentucky_age_60-79.rda","d8cf10a8f2a3330259a424ff05859d0bbf577e7a1ebdfab67cfd9d34eb359181",1592119,3000,296
"us__us-non-sex__kentucky__ge80__total","legacy","North_America/non-stratified/USA/fitted_model/Kentucky_age_Over 80.rda","f48a88a3155d91ff0cf952cf3440a5510c017dc7dd390f58728440ad3031c6e7",1568678,3000,296
"us__us-non-sex__louisiana__20-39__total","legacy","North_America/non-stratified/USA/fitted_model/Louisiana_age_20-39.rda","1a324d73988823dce83c7420154ad713b67f4b9e4d4639832fabf6775a749c6e",1146300,3000,296
"us__us-non-sex__louisiana__40-59__total","legacy","North_America/non-stratified/USA/fitted_model/Louisiana_age_40-59.rda","b742d02ca6ef08cbe00427172cbb559a004da4723b0107c84f23880519807434",1348632,3000,296
"us__us-non-sex__louisiana__60-79__total","legacy","North_America/non-stratified/USA/fitted_model/Louisiana_age_60-79.rda","390389425129fee899fbd9b5b67ac6dc5f430b6af8b01f434c35ab3ae410fb45",1568033,3000,296
"us__us-non-sex__louisiana__ge80__total","legacy","North_America/non-stratified/USA/fitted_model/Louisiana_age_Over 80.rda","54ac01e77bfdee3374fb2c5ddda31c2cf469d8c067130e10a7a715715bb609ba",1535906,3000,296
"us__us-non-sex__maine__20-39__total","legacy","North_America/non-stratified/USA/fitted_model/Maine_age_20-39.rda","1a4bc032fc5a52f950070aa7976e2dcd06f32cabe82731cd550d44b333534543",730082,3000,229
"us__us-non-sex__maine__40-59__total","legacy","North_America/non-stratified/USA/fitted_model/Maine_age_40-59.rda","6844486b3e5222ab24e5bf5d07854a5d59941fab2d162ccb0bd2d87429f6a5f9",1065001,3000,296
"us__us-non-sex__maine__60-79__total","legacy","North_America/non-stratified/USA/fitted_model/Maine_age_60-79.rda","76450d5a4ffa00bc245de8aa3c49df551bf2f3a79b0bc664af7b6d1926e02c3e",1378624,3000,296
"us__us-non-sex__maine__ge80__total","legacy","North_America/non-stratified/USA/fitted_model/Maine_age_Over 80.rda","536aef14c20af1a2c69eb5521a1eeb303a9e17921bebb968fcd1272077c324c2",1443941,3000,296
"us__us-non-sex__maryland__20-39__total","legacy","North_America/non-stratified/USA/fitted_model/Maryland_age_20-39.rda","27c7d1f3d0fd4a4865fd6eee5c6dcfaf3a944c1fe4a918fa0aa9a347db99a484",1230639,3000,296
"us__us-non-sex__maryland__40-59__total","legacy","North_America/non-stratified/USA/fitted_model/Maryland_age_40-59.rda","15626584bc5ae8f6074a5466b3c7e44e8721e50391c0c973a470d03a34965b1f",1312437,3000,296
"us__us-non-sex__maryland__60-79__total","legacy","North_America/non-stratified/USA/fitted_model/Maryland_age_60-79.rda","220c7feeabed277a641966a30e23a318452893f24f617533926187d2d79f2b6b",1570177,3000,296
"us__us-non-sex__maryland__ge80__total","legacy","North_America/non-stratified/USA/fitted_model/Maryland_age_Over 80.rda","657bd797d71e05c197bf450db89ec1226c4bbf5f8de0de39b5b24f6c1f7a4ee0",1607529,3000,296
"us__us-non-sex__massachusetts__20-39__total","legacy","North_America/non-stratified/USA/fitted_model/Massachusetts_age_20-39.rda","5daf7893731e6b53c8d04f8a8db8003a316578c2fa55463934c5d25624575e6f",1187940,3000,296
"us__us-non-sex__massachusetts__40-59__total","legacy","North_America/non-stratified/USA/fitted_model/Massachusetts_age_40-59.rda","11da51ae92fb5cee592eac05e2051a4df6024d8cd496eab89343f5dbde75b9bc",1321660,3000,296
"us__us-non-sex__massachusetts__60-79__total","legacy","North_America/non-stratified/USA/fitted_model/Massachusetts_age_60-79.rda","5101679b91f5c451693229ef3eb21287f0df1d632c35966ee9b5cc03cb11a43d",1577319,3000,296
"us__us-non-sex__massachusetts__ge80__total","legacy","North_America/non-stratified/USA/fitted_model/Massachusetts_age_Over 80.rda","2bc8249eb4a6a5ccee19a8ed51aa767ac903c4f4464c435799d0f3714d62fc26",1653404,3000,296
"us__us-non-sex__michigan__20-39__total","legacy","North_America/non-stratified/USA/fitted_model/Michigan_age_20-39.rda","39dc5e6deea36344eddad78c7a120c08f4996038b2a83cd26bbb72778977c214",1271930,3000,296
"us__us-non-sex__michigan__40-59__total","legacy","North_America/non-stratified/USA/fitted_model/Michigan_age_40-59.rda","4b221c7a72af5fc86f01c72c4f470868397c29c46582d29231083496670ffd36",1456254,3000,296
"us__us-non-sex__michigan__60-79__total","legacy","North_America/non-stratified/USA/fitted_model/Michigan_age_60-79.rda","20a7fe66c3cbcdf18e304bd0a968fc6e70cf5f246188703557e6c7037ad3dfa7",1690443,3000,296
"us__us-non-sex__michigan__ge80__total","legacy","North_America/non-stratified/USA/fitted_model/Michigan_age_Over 80.rda","aa0843f788fa0108dedb6b1cc07c038ef2b7fc8edf578a7f02231c5030ef05fd",1715420,3000,296
"us__us-non-sex__minnesota__20-39__total","legacy","North_America/non-stratified/USA/fitted_model/Minnesota_age_20-39.rda","5b1bee06dfe22e615adbb9205ec049b73401d128a436e2526001e1df40f6f81d",1089938,3000,296
"us__us-non-sex__minnesota__40-59__total","legacy","North_America/non-stratified/USA/fitted_model/Minnesota_age_40-59.rda","0a568548f8d16519055ed45450139094306862ef56591ba372d12830c67cc821",1239862,3000,296
"us__us-non-sex__minnesota__60-79__total","legacy","North_America/non-stratified/USA/fitted_model/Minnesota_age_60-79.rda","120d69fd1e1c59dcf9701f82129bb97bbad9d48093b8edae77f0cb141e4feccd",1552907,3000,296
"us__us-non-sex__minnesota__ge80__total","legacy","North_America/non-stratified/USA/fitted_model/Minnesota_age_Over 80.rda","cfd2f49a79e15e918cb930ae05525f3fd7985f80f388cef2a428b1cdc68e5d5f",1610489,3000,296
"us__us-non-sex__mississippi__20-39__total","legacy","North_America/non-stratified/USA/fitted_model/Mississippi_age_20-39.rda","62414e6019660b78479c392c3171036a7199073366f055a48b5f6131623d96f8",1036844,3000,296
"us__us-non-sex__mississippi__40-59__total","legacy","North_America/non-stratified/USA/fitted_model/Mississippi_age_40-59.rda","b1b8df877b73b65609d81a12d722ba694c0a7d7401c5f55b014887df4ccf0f63",1290955,3000,296
"us__us-non-sex__mississippi__60-79__total","legacy","North_America/non-stratified/USA/fitted_model/Mississippi_age_60-79.rda","4f8dcdf14ddd1a56eff1919e5f7fc9281e10ad06e80679ae3794c12cca7cba62",1523131,3000,296
"us__us-non-sex__mississippi__ge80__total","legacy","North_America/non-stratified/USA/fitted_model/Mississippi_age_Over 80.rda","dfcc21521ebc817423e4a331ed3254f7762e151147ebe33e5acb9d2dd6ef764f",1478579,3000,296
"us__us-non-sex__missouri__20-39__total","legacy","North_America/non-stratified/USA/fitted_model/Missouri_age_20-39.rda","760b4b827129899d5b3d8341c7748e14ceade358c13173c085e91f3254afe284",1227601,3000,296
"us__us-non-sex__missouri__40-59__total","legacy","North_America/non-stratified/USA/fitted_model/Missouri_age_40-59.rda","b58e8bf47a2bcdb6468e3a39226a4ccea281e58bb699befe8f63fef94d723aa6",1370773,3000,296
"us__us-non-sex__missouri__60-79__total","legacy","North_America/non-stratified/USA/fitted_model/Missouri_age_60-79.rda","bcc47a5425b4291610f0cf38a3478d67946004651039e574531c6a0f326cbd2c",1612246,3000,296
"us__us-non-sex__missouri__ge80__total","legacy","North_America/non-stratified/USA/fitted_model/Missouri_age_Over 80.rda","1a3a2d1a8d968d65bdfdb792cb3092359b140fb989cc95850a4a81a51c67ae96",1624145,3000,296
"us__us-non-sex__montana__20-39__total","legacy","North_America/non-stratified/USA/fitted_model/Montana_age_20-39.rda","a3df25e0ab52f9031241b6a943ab67cd37ad56ffd8dafeb49da9dd0c3d917925",569130,3000,196
"us__us-non-sex__montana__40-59__total","legacy","North_America/non-stratified/USA/fitted_model/Montana_age_40-59.rda","5d14d25e55c1ccd11fb0e0c5b0736ade98ed4da7159f3cd62bc0b777a4a88863",1043222,3000,296
"us__us-non-sex__montana__60-79__total","legacy","North_America/non-stratified/USA/fitted_model/Montana_age_60-79.rda","4096e2cf7b7f088e3016917a05fe60730d9c4edb6e3700cceee9419705bba7b8",1328315,3000,296
"us__us-non-sex__montana__ge80__total","legacy","North_America/non-stratified/USA/fitted_model/Montana_age_Over 80.rda","7855e7e163980c3322e3eb40c1b41654edb1877d7172d0b7bc6d5cd392d0bb14",1316662,3000,296
"us__us-non-sex__nebraska__20-39__total","legacy","North_America/non-stratified/USA/fitted_model/Nebraska_age_20-39.rda","7a8c5012db394f0c7f9694d722c8562fa9fc199e99be4427bc3eaeb28c93f8c5",929096,3000,277
"us__us-non-sex__nebraska__40-59__total","legacy","North_America/non-stratified/USA/fitted_model/Nebraska_age_40-59.rda","fc906af94852ce6e4d1079389329da5666e3b8cda3f8cdfd962b4fdc3a39fe21",1088194,3000,296
"us__us-non-sex__nebraska__60-79__total","legacy","North_America/non-stratified/USA/fitted_model/Nebraska_age_60-79.rda","8627f693d794738f0dbde1b11ec7ecdfea21f5d71e9cce2545f2f22393877893",1373553,3000,296
"us__us-non-sex__nebraska__ge80__total","legacy","North_America/non-stratified/USA/fitted_model/Nebraska_age_Over 80.rda","14c767ae3b06b7722dfdc64a6a8772390222fa1c62fbbafc4212ea9c63c7adee",1432108,3000,296
"us__us-non-sex__nevada__20-39__total","legacy","North_America/non-stratified/USA/fitted_model/Nevada_age_20-39.rda","bf20e02bae30d464e8132c975333ae95206398adb7dd6c29eba62d8b2aa346ef",1034722,3000,296
"us__us-non-sex__nevada__40-59__total","legacy","North_America/non-stratified/USA/fitted_model/Nevada_age_40-59.rda","1562b6190c1a0f6a6595bd0f8e3d34d706da253a0f12347899ce25a77cf857ce",1256565,3000,296
"us__us-non-sex__nevada__60-79__total","legacy","North_America/non-stratified/USA/fitted_model/Nevada_age_60-79.rda","9805cc14d53af349859b0bda166cac1bc48ccea4be736facbe7c89338a478cc4",1503783,3000,296
"us__us-non-sex__nevada__ge80__total","legacy","North_America/non-stratified/USA/fitted_model/Nevada_age_Over 80.rda","0a5e9f32e9221938d8e2ebf29744cc3e53da04470869a8e115607a3e5100b961",1514451,3000,296
"us__us-non-sex__new-hampshire__20-39__total","legacy","North_America/non-stratified/USA/fitted_model/New Hampshire_age_20-39.rda","26953ee10ee2c7d49ff71584147ae71f9371ddf37c5a9fb7d3e24dd2fb35995b",661407,3000,198
"us__us-non-sex__new-hampshire__40-59__total","legacy","North_America/non-stratified/USA/fitted_model/New Hampshire_age_40-59.rda","28c923a044d240cfb959f04751f89667e56227d63d653e7eb668ae4685dc09bf",1059879,3000,296
"us__us-non-sex__new-hampshire__60-79__total","legacy","North_America/non-stratified/USA/fitted_model/New Hampshire_age_60-79.rda","ddc18240a2b7905c85415c595d414187c1691185c3588db4bd23a799a06b0cbd",1353211,3000,296
"us__us-non-sex__new-hampshire__ge80__total","legacy","North_America/non-stratified/USA/fitted_model/New Hampshire_age_Over 80.rda","9a5a7b7a3ba2c796d038404701be01de3d425dfd226528f6a3edd3ca58d2fed4",1428402,3000,296
"us__us-non-sex__new-jersey__20-39__total","legacy","North_America/non-stratified/USA/fitted_model/New Jersey_age_20-39.rda","ede86e57b3bc35ef6885ae448894fb300b93ed43c4cc7950696eecb9c43b3470",1318171,3000,296
"us__us-non-sex__new-jersey__40-59__total","legacy","North_America/non-stratified/USA/fitted_model/New Jersey_age_40-59.rda","db66d14774349594b842eb61868f423ea56cd51f9b77b8ee0ad3e6ad1e2c4295",1412316,3000,296
"us__us-non-sex__new-jersey__60-79__total","legacy","North_America/non-stratified/USA/fitted_model/New Jersey_age_60-79.rda","e2d4558366bec66bb290064f4d65aa6d1a568f7201326a9a6b8d5c097490ee36",1609206,3000,296
"us__us-non-sex__new-jersey__ge80__total","legacy","North_America/non-stratified/USA/fitted_model/New Jersey_age_Over 80.rda","148ff40ec88b2bc949636c8328864e0ef438fb1bb7b171b754ebc5b8210ffd12",1684399,3000,296
"us__us-non-sex__new-mexico__20-39__total","legacy","North_America/non-stratified/USA/fitted_model/New Mexico_age_20-39.rda","e4748e9e1ec8355dad57082a1f270b74d0bfe55b0f26f6c137cc58737c3574b0",1090489,3000,296
"us__us-non-sex__new-mexico__40-59__total","legacy","North_America/non-stratified/USA/fitted_model/New Mexico_age_40-59.rda","facf07d01709aa61aa443293ec055ecfc2cd0e4f27496f628c0c5684cb010110",1218447,3000,296
"us__us-non-sex__new-mexico__60-79__total","legacy","North_America/non-stratified/USA/fitted_model/New Mexico_age_60-79.rda","c4777bab051ce618a6c90c6c406e0ded43b41885f46251398da15ba179da7f3a",1434396,3000,296
"us__us-non-sex__new-mexico__ge80__total","legacy","North_America/non-stratified/USA/fitted_model/New Mexico_age_Over 80.rda","c8011b1a00fbf6f186ff705a94575c66d2ac9ea8823253fe0e47a5712aaa6cc2",1463636,3000,296
"us__us-non-sex__new-york__20-39__total","legacy","North_America/non-stratified/USA/fitted_model/New York_age_20-39.rda","754cd7384bff8e696e90bf4807ec0034c82cc06f103bd351c952c22d1f79297e",1411482,3000,296
"us__us-non-sex__new-york__40-59__total","legacy","North_America/non-stratified/USA/fitted_model/New York_age_40-59.rda","382f1b86fd7623d463469ac6c7d141050393b8ed4bc2bc7a5730066c38f936e7",1558985,3000,296
"us__us-non-sex__new-york__60-79__total","legacy","North_America/non-stratified/USA/fitted_model/New York_age_60-79.rda","3c6f25c602e27be1d232ed66afd1a856424fe111b681e987b88bbd0f6ad23205",1735351,3000,296
"us__us-non-sex__new-york__ge80__total","legacy","North_America/non-stratified/USA/fitted_model/New York_age_Over 80.rda","3c8e134a18c36e8c43ba4659e4b69809d00ed2a39324e5de6b08f9636ee0d89c",1799446,3000,296
"us__us-non-sex__north-carolina__20-39__total","legacy","North_America/non-stratified/USA/fitted_model/North Carolina_age_20-39.rda","1ca35bfaa5df85f094fe2172be66faaa9d177ed58f68b976e732627be8761ebf",1311871,3000,296
"us__us-non-sex__north-carolina__40-59__total","legacy","North_America/non-stratified/USA/fitted_model/North Carolina_age_40-59.rda","ca6539bf5c20956c9dee82e54239ab93e2f0fd899b58e7f043e10a5a79c52426",1471864,3000,296
"us__us-non-sex__north-carolina__60-79__total","legacy","North_America/non-stratified/USA/fitted_model/North Carolina_age_60-79.rda","e479b7bde67f85fc512745c2863b624691fe977c00eb020372e865413302c49d",1708073,3000,296
"us__us-non-sex__north-carolina__ge80__total","legacy","North_America/non-stratified/USA/fitted_model/North Carolina_age_Over 80.rda","86e8552d5a7c6fa4cecce67961bc8a1b8eb357997de434881d26ff3f08b5b018",1730380,3000,296
"us__us-non-sex__north-dakota__20-39__total","legacy","North_America/non-stratified/USA/fitted_model/North Dakota_age_20-39.rda","441884eb6e60b081f2d277ccdf904d14b4e9ac4715c43aba3899b3cf75764503",176393,3000,72
"us__us-non-sex__north-dakota__40-59__total","legacy","North_America/non-stratified/USA/fitted_model/North Dakota_age_40-59.rda","3cb5b32350bbbeaf84aa6be52e7bf17df3c3993cfe0f3c4a3ee0adc3bc998439",993778,3000,296
"us__us-non-sex__north-dakota__60-79__total","legacy","North_America/non-stratified/USA/fitted_model/North Dakota_age_60-79.rda","7c634b2993c63dc3c96ff67a90045fdd61c4df9a461b34057f312918332819a3",1167266,3000,296
"us__us-non-sex__north-dakota__ge80__total","legacy","North_America/non-stratified/USA/fitted_model/North Dakota_age_Over 80.rda","fd32640090713bfac5d6d9a18afeb2a0047d17698555358c5fab34542a172bbf",1262419,3000,296
"us__us-non-sex__ohio__20-39__total","legacy","North_America/non-stratified/USA/fitted_model/Ohio_age_20-39.rda","2e72a6cba61c89e5e9d25f05d2499730caebea60e71a363c6ca1401df7381fbc",1375365,3000,296
"us__us-non-sex__ohio__40-59__total","legacy","North_America/non-stratified/USA/fitted_model/Ohio_age_40-59.rda","4188f466c0b3ef073d65bd4b9d491ff5f6d05e21041e09302bcdeb617495baf2",1493638,3000,296
"us__us-non-sex__ohio__60-79__total","legacy","North_America/non-stratified/USA/fitted_model/Ohio_age_60-79.rda","4fe67a7f86033ea8e9ea1e471a9dc9c665f71c05f95b18003586699b4b1fc23d",1732842,3000,296
"us__us-non-sex__ohio__ge80__total","legacy","North_America/non-stratified/USA/fitted_model/Ohio_age_Over 80.rda","260c1a17ec93b6a6320d6e5cd4e5cc0be7d38dc54f8a46c607972f287fcc0d57",1759000,3000,296
"us__us-non-sex__oklahoma__20-39__total","legacy","North_America/non-stratified/USA/fitted_model/Oklahoma_age_20-39.rda","2f9ad92603d95350ca1f8da78e75da9d9a0df381c11333f217247bf3be6ae2ee",1072765,3000,296
"us__us-non-sex__oklahoma__40-59__total","legacy","North_America/non-stratified/USA/fitted_model/Oklahoma_age_40-59.rda","4330f6dc7dcde7823d5a6609d75efea91db2301316cf488507ab377abbde5489",1388702,3000,296
"us__us-non-sex__oklahoma__60-79__total","legacy","North_America/non-stratified/USA/fitted_model/Oklahoma_age_60-79.rda","25bea2ad2df3ff48f02a76631174ffdf84e5dedc0f8e01007193aa9ed220a1fe",1559314,3000,296
"us__us-non-sex__oklahoma__ge80__total","legacy","North_America/non-stratified/USA/fitted_model/Oklahoma_age_Over 80.rda","4fb7a970efba693972ff8cc0260d730b5a908b09d93232bffbafd8f34f8d6494",1528546,3000,296
"us__us-non-sex__oregon__20-39__total","legacy","North_America/non-stratified/USA/fitted_model/Oregon_age_20-39.rda","44fbd0c70be90e4a4f09427a2d6ac35602b663faada51373faf718b76d3f0e3c",1042826,3000,296
"us__us-non-sex__oregon__40-59__total","legacy","North_America/non-stratified/USA/fitted_model/Oregon_age_40-59.rda","0ff0e58067c24f13d18aa2d84c9bb226a63b5e207d181fc36c37077cacdaa6c0",1239626,3000,296
"us__us-non-sex__oregon__60-79__total","legacy","North_America/non-stratified/USA/fitted_model/Oregon_age_60-79.rda","cfede22147ad3256f354c3582ecd66f83a65bf814ac0d7c032135fadf938e481",1528624,3000,296
"us__us-non-sex__oregon__ge80__total","legacy","North_America/non-stratified/USA/fitted_model/Oregon_age_Over 80.rda","3fc2cd98312ea62b5d27175c68829d8ab24eddd48078e914bf2d5c23e8347732",1537695,3000,296
"us__us-non-sex__pennsylvania__20-39__total","legacy","North_America/non-stratified/USA/fitted_model/Pennsylvania_age_20-39.rda","657d47e40e0faa688cebc755d3a39ffc5b0481f117d057ff0d4cf54b702088b1",1341098,3000,296
"us__us-non-sex__pennsylvania__40-59__total","legacy","North_America/non-stratified/USA/fitted_model/Pennsylvania_age_40-59.rda","6d70cbb0ad612fe7ccd1d635967971d9ecdd9f1144e14350ad6bac3ef2be43c1",1481272,3000,296
"us__us-non-sex__pennsylvania__60-79__total","legacy","North_America/non-stratified/USA/fitted_model/Pennsylvania_age_60-79.rda","13766c2711e31f5d3d764a9702f8ceb7923156fc87aa2c8ae7eb2721fcda9028",1711582,3000,296
"us__us-non-sex__pennsylvania__ge80__total","legacy","North_America/non-stratified/USA/fitted_model/Pennsylvania_age_Over 80.rda","24dc65afd253f454d2b2243f4b69911f9010fe2dc647ca206d95f23a03753e94",1782589,3000,296
"us__us-non-sex__rhode-island__20-39__total","legacy","North_America/non-stratified/USA/fitted_model/Rhode Island_age_20-39.rda","ddfcaf1553a2720f182629cabd59be67e1bc21c87eccc8bde1a129e126823694",369837,3000,139
"us__us-non-sex__rhode-island__40-59__total","legacy","North_America/non-stratified/USA/fitted_model/Rhode Island_age_40-59.rda","ec84174c5098de09547493a2ca692bee35cde1c036ce3ab18775f45ef0ff0a5a",1012279,3000,296
"us__us-non-sex__rhode-island__60-79__total","legacy","North_America/non-stratified/USA/fitted_model/Rhode Island_age_60-79.rda","d7300856793b8198c13c3ea6c448c6086e06869e6abb327574181e81cfd5e3b7",1292220,3000,296
"us__us-non-sex__rhode-island__ge80__total","legacy","North_America/non-stratified/USA/fitted_model/Rhode Island_age_Over 80.rda","aacff502a53a422db568dc7383ce4c29b610b749a2c10c3d3c7309696709e3e8",1365865,3000,296
"us__us-non-sex__south-carolina__20-39__total","legacy","North_America/non-stratified/USA/fitted_model/South Carolina_age_20-39.rda","49645a7a003e6e5a4c9a9ab59216eab77df74c7cd17eb85038272cd98f9841df",1188100,3000,296
"us__us-non-sex__south-carolina__40-59__total","legacy","North_America/non-stratified/USA/fitted_model/South Carolina_age_40-59.rda","96b2377559f9bf300fbb18232368e471eaf0034c4e88dce546b1c5732f2b1528",1349575,3000,296
"us__us-non-sex__south-carolina__60-79__total","legacy","North_America/non-stratified/USA/fitted_model/South Carolina_age_60-79.rda","dcd7aa4cc00359de1a8d213af2a0e8079a16f44d018ff5072bfab4ca333a5c09",1609397,3000,296
"us__us-non-sex__south-carolina__ge80__total","legacy","North_America/non-stratified/USA/fitted_model/South Carolina_age_Over 80.rda","a2236def70d86132da658f1a61daf516c434407540ce98d8197b6a8a50c85b19",1608013,3000,296
"us__us-non-sex__south-dakota__20-39__total","legacy","North_America/non-stratified/USA/fitted_model/South Dakota_age_20-39.rda","af7002adcbc708654468f522d050b2822a18d26c8cfa889236932e99f00e1b67",264244,3000,100
"us__us-non-sex__south-dakota__40-59__total","legacy","North_America/non-stratified/USA/fitted_model/South Dakota_age_40-59.rda","457411a562afa0c5b937219df9eec11f93bdc204687db316a24db340f2107c37",1009280,3000,296
"us__us-non-sex__south-dakota__60-79__total","legacy","North_America/non-stratified/USA/fitted_model/South Dakota_age_60-79.rda","d64fce6faa467190e84477e9c979c8768d817fb099bc3cb77d84dbbe9a806b26",1241981,3000,296
"us__us-non-sex__south-dakota__ge80__total","legacy","North_America/non-stratified/USA/fitted_model/South Dakota_age_Over 80.rda","914135bf14f64eaf67c81fdf0a01fde0fb00a63d92a163057d7336d2237b59d2",1295366,3000,296
"us__us-non-sex__tennessee__20-39__total","legacy","North_America/non-stratified/USA/fitted_model/Tennessee_age_20-39.rda","34cf50a4a99d3b20206012229188d39c57044c79b47ff2729b53bb7c3b9eefc9",1254053,3000,296
"us__us-non-sex__tennessee__40-59__total","legacy","North_America/non-stratified/USA/fitted_model/Tennessee_age_40-59.rda","4626dcbecbfec3cf53390c8dc60b0b39fc3e8f29b3ba883a44314c27fea475a8",1442591,3000,296
"us__us-non-sex__tennessee__60-79__total","legacy","North_America/non-stratified/USA/fitted_model/Tennessee_age_60-79.rda","f7f150f5479843fc6e9dfc78b64be0b70d207c01674dedd5d2ebc3ae49252a45",1655460,3000,296
"us__us-non-sex__tennessee__ge80__total","legacy","North_America/non-stratified/USA/fitted_model/Tennessee_age_Over 80.rda","2bf1105ba29b5cad1d1c6c7c93f09134c765f2f70bd08fb6c07789e501e9d037",1638286,3000,296
"us__us-non-sex__texas__20-39__total","legacy","North_America/non-stratified/USA/fitted_model/Texas_age_20-39.rda","5f673da48699c837f940205133b6db71bce199431ad9172db47a583e5fd34b71",1434395,3000,296
"us__us-non-sex__texas__40-59__total","legacy","North_America/non-stratified/USA/fitted_model/Texas_age_40-59.rda","cbdafa1a87f2e55a38a4ae90d440bec2c1372333bda6f6ce732328017c3ede31",1616545,3000,296
"us__us-non-sex__texas__60-79__total","legacy","North_America/non-stratified/USA/fitted_model/Texas_age_60-79.rda","430fd462609954a22c49e415a5b389536dcfbc65c91e654e1bed8beddcf0fcdc",1857828,3000,296
"us__us-non-sex__texas__ge80__total","legacy","North_America/non-stratified/USA/fitted_model/Texas_age_Over 80.rda","b4831b72b2926eedb37180188e2f1eadde13feedcb7d1da0b1560c95fb567d53",1860418,3000,296
"us__us-non-sex__utah__20-39__total","legacy","North_America/non-stratified/USA/fitted_model/Utah_age_20-39.rda","46010034ac41c678ff1534e3c7a2f3b3dc047077b3c735f45a66122b27e3d2fc",1052204,3000,296
"us__us-non-sex__utah__40-59__total","legacy","North_America/non-stratified/USA/fitted_model/Utah_age_40-59.rda","d0cf91be2b07363d3c66517c45612c567337d0fc1ef6b3b251feb9cae6827e42",1169611,3000,296
"us__us-non-sex__utah__60-79__total","legacy","North_America/non-stratified/USA/fitted_model/Utah_age_60-79.rda","b6b5747729c71be602fcc47b367eb34f5feb23deab22f6881284902237dd997f",1402174,3000,296
"us__us-non-sex__utah__ge80__total","legacy","North_America/non-stratified/USA/fitted_model/Utah_age_Over 80.rda","5224425022be265f4dff9b6ece4e112042e711266faf8fdbfb5be6c5d0f8114d",1469711,3000,296
"us__us-non-sex__vermont__20-39__total","legacy","North_America/non-stratified/USA/fitted_model/Vermont_age_20-39.rda","e18376ecb9e56f0525f5a954875ba2ffcad51f487dbb66f78ae7ea5c76859bf1",201223,3000,25
"us__us-non-sex__vermont__40-59__total","legacy","North_America/non-stratified/USA/fitted_model/Vermont_age_40-59.rda","e9954a4ccfcb4a4a27c284c254b8e7da6c8050cb58137221108a35e3b80adbaf",959888,3000,296
"us__us-non-sex__vermont__60-79__total","legacy","North_America/non-stratified/USA/fitted_model/Vermont_age_60-79.rda","665013a0cd8a22f0c8cb5d14f398b6c61e28e434a58542b88c4ad5f89f784c78",1169620,3000,296
"us__us-non-sex__vermont__ge80__total","legacy","North_America/non-stratified/USA/fitted_model/Vermont_age_Over 80.rda","0492401ef7ccff25be4248a51f4f2cb304efb97a67721c65060d6bb315343fe6",1247333,3000,296
"us__us-non-sex__virginia__20-39__total","legacy","North_America/non-stratified/USA/fitted_model/Virginia_age_20-39.rda","f0b54b2085624ec93f0728b0aeec019c2bcd1858a597cbbf25a324aa1490230f",1206740,3000,296
"us__us-non-sex__virginia__40-59__total","legacy","North_America/non-stratified/USA/fitted_model/Virginia_age_40-59.rda","9891cafb74047489144ae6d9a182d248770b45e8681a10bdc86bc4f023196e7a",1405771,3000,296
"us__us-non-sex__virginia__60-79__total","legacy","North_America/non-stratified/USA/fitted_model/Virginia_age_60-79.rda","781b5b0d3e501589c3e0f52325ece25d0fd9f723d510030f6a9dabb039305439",1630854,3000,296
"us__us-non-sex__virginia__ge80__total","legacy","North_America/non-stratified/USA/fitted_model/Virginia_age_Over 80.rda","1db0cbeb82a2c3349131fae81e5b334b551205b9a477b978be5ed7e68fb26a9c",1676427,3000,296
"us__us-non-sex__washington__20-39__total","legacy","North_America/non-stratified/USA/fitted_model/Washington_age_20-39.rda","a9f735777278d97bca654e270a7e324f47a2d2c5fceff05c32c5c24288d968f9",1173747,3000,296
"us__us-non-sex__washington__40-59__total","legacy","North_America/non-stratified/USA/fitted_model/Washington_age_40-59.rda","a6b56025066e7244ca0b75a4eb82af729a6925016d51ba6341f846ed6a96dc9f",1347650,3000,296
"us__us-non-sex__washington__60-79__total","legacy","North_America/non-stratified/USA/fitted_model/Washington_age_60-79.rda","dcbc12a1f724b8992e96d857c5dc8137251f1b2150c0f493be25535de137ec94",1611174,3000,296
"us__us-non-sex__washington__ge80__total","legacy","North_America/non-stratified/USA/fitted_model/Washington_age_Over 80.rda","f0236a105011a108543d8e603ba4afbe1aa0016fe13071234db8ccd71bbd8cad",1635544,3000,296
"us__us-non-sex__west-virginia__20-39__total","legacy","North_America/non-stratified/USA/fitted_model/West Virginia_age_20-39.rda","f65da533f7c2c2da0f37f075701dc1139efc37f77a1201648d23459cd8205fb0",1075874,3000,296
"us__us-non-sex__west-virginia__40-59__total","legacy","North_America/non-stratified/USA/fitted_model/West Virginia_age_40-59.rda","d56ee191d323a67905b4533d913ab6720ff1012c96e35bf4b75dc10d95e568fe",1243132,3000,296
"us__us-non-sex__west-virginia__60-79__total","legacy","North_America/non-stratified/USA/fitted_model/West Virginia_age_60-79.rda","9f2e2f8ceadc387ceeb02c795fb5c1f4ae3f8c3ed786a6b4a40ebe8f3bdb6173",1460655,3000,296
"us__us-non-sex__west-virginia__ge80__total","legacy","North_America/non-stratified/USA/fitted_model/West Virginia_age_Over 80.rda","6b8a8b9db5c4611f8887873fab58a3ac1a94d3020960680cc12357339e803b1e",1454520,3000,296
"us__us-non-sex__wisconsin__20-39__total","legacy","North_America/non-stratified/USA/fitted_model/Wisconsin_age_20-39.rda","d4bf56376779542e9972bc381eacb187e1cf17cb54bcd0e0c0cfe4677bac83a3",1110952,3000,296
"us__us-non-sex__wisconsin__40-59__total","legacy","North_America/non-stratified/USA/fitted_model/Wisconsin_age_40-59.rda","a42cdc32be8318c1dc9102ad7bc257209d48b2c12196786cefbad6aaeb70ffc8",1335567,3000,296
"us__us-non-sex__wisconsin__60-79__total","legacy","North_America/non-stratified/USA/fitted_model/Wisconsin_age_60-79.rda","76c6461eee0ae66d5407ae4863a8cb15ae921d8426a432f4baa8ce2017ab3ae8",1581990,3000,296
"us__us-non-sex__wisconsin__ge80__total","legacy","North_America/non-stratified/USA/fitted_model/Wisconsin_age_Over 80.rda","d8ff423f90f5ba4a67151da59e716f49e504032e04846e4f9e5f1e9134eb1ce5",1626470,3000,296
"us__us-non-sex__wyoming__20-39__total","legacy","North_America/non-stratified/USA/fitted_model/Wyoming_age_20-39.rda","9f19248605df7c416a9de0a677ffa7ad88a29a77c3731eae653170d1df8d5d22",240969,3000,35
"us__us-non-sex__wyoming__40-59__total","legacy","North_America/non-stratified/USA/fitted_model/Wyoming_age_40-59.rda","2c601a1a58d44d2d753f776c3d6ece232eb0ec6f72204bf826bbd2693b9823d1",990491,3000,296
"us__us-non-sex__wyoming__60-79__total","legacy","North_America/non-stratified/USA/fitted_model/Wyoming_age_60-79.rda","5f172c1dbba12e8afb6a701629d84277083595c37c210189240dbc0f07b1a29c",1157900,3000,296
"us__us-non-sex__wyoming__ge80__total","legacy","North_America/non-stratified/USA/fitted_model/Wyoming_age_Over 80.rda","9322c1689eaa240c6f33a66d2d113e3c455954a9314f7044a7df0bd5172a83ad",1149080,3000,296
"us__us-sex__alabama__0-44__female","legacy","North_America/sex-stratified/USA/fitted_model/Alabama_age_0-44_sex_F.rda","77dce08ae2a28503796051589623c1c03dcd107cf3848a5475540e1034d5f1da",3588343,3000,296
"us__us-sex__alabama__0-44__male","legacy","North_America/sex-stratified/USA/fitted_model/Alabama_age_0-44_sex_M.rda","359f54dde8f810c28129c6946a5815b0d908e3ff12d9896898b99db4a1db8672",3600383,3000,296
"us__us-sex__alabama__45-64__female","legacy","North_America/sex-stratified/USA/fitted_model/Alabama_age_45-64_sex_F.rda","39591ed99042d814e87e1a50fc3ebd512d7a51d8df4a74d3b320c46d8b0626af",3600383,3000,296
"us__us-sex__alabama__45-64__male","legacy","North_America/sex-stratified/USA/fitted_model/Alabama_age_45-64_sex_M.rda","c445b6f6ae04061f08da363699724dcabe711ede6a1e960aeb1e172eaf4d9f32",3600383,3000,296
"us__us-sex__alabama__65-84__female","legacy","North_America/sex-stratified/USA/fitted_model/Alabama_age_65-84_sex_F.rda","6509ce6d4c1251e750763bf550b5ec93f8c69c5f21fbbe1c66dab5dd76e33d36",3600383,3000,296
"us__us-sex__alabama__65-84__male","legacy","North_America/sex-stratified/USA/fitted_model/Alabama_age_65-84_sex_M.rda","02498538ffd86cdfed0b49669c757ce1a1c96e2bc76add05160bf8fd24c9fa6e",3600383,3000,296
"us__us-sex__alabama__ge85__female","legacy","North_America/sex-stratified/USA/fitted_model/Alabama_age_Over 85_sex_F.rda","68cacccba5b0df1718692e16b03373ec8c12577c8b2aeaf21ae0ec876735076b",3600383,3000,296
"us__us-sex__alabama__ge85__male","legacy","North_America/sex-stratified/USA/fitted_model/Alabama_age_Over 85_sex_M.rda","9b67d8a35a24e545ed87ce42672e013e73dabd14520667bf5d08596b73957802",3600383,3000,296
"us__us-sex__alaska__0-44__female","legacy","North_America/sex-stratified/USA/fitted_model/Alaska_age_0-44_sex_F.rda","9fdbbf8ad06f9a95cc133d2f660be8497b001bb3f10c29cd9ce87a297050c2b4",915463,3000,75
"us__us-sex__alaska__0-44__male","legacy","North_America/sex-stratified/USA/fitted_model/Alaska_age_0-44_sex_M.rda","428e5f108a73250fcc95e4fa55c1dd0a1d2519f3dfa4068ef343b95070a860d7",3034503,3000,251
"us__us-sex__alaska__45-64__female","legacy","North_America/sex-stratified/USA/fitted_model/Alaska_age_45-64_sex_F.rda","9e8d11bc31b3a66a8851df8af30708b1ed4c24b778162e48d0e425ad00a93b63",3540183,3000,292
"us__us-sex__alaska__45-64__male","legacy","North_America/sex-stratified/USA/fitted_model/Alaska_age_45-64_sex_M.rda","4acf8f7a864fc1980e2ed3212ee2532657ebbb66c22c509b0264ef9b5c6ab7d6",3588343,3000,296
"us__us-sex__alaska__65-84__female","legacy","North_America/sex-stratified/USA/fitted_model/Alaska_age_65-84_sex_F.rda","99bc15ecdf8e854d26ce20d52244ae26ad8226435acb00c8792a01e28f460d0d",3588343,3000,296
"us__us-sex__alaska__65-84__male","legacy","North_America/sex-stratified/USA/fitted_model/Alaska_age_65-84_sex_M.rda","6286b70de85e84ce0a00c2fdc51be94af0fdac57651c4ef9d540cfc553dc3aa1",3588343,3000,296
"us__us-sex__alaska__ge85__female","legacy","North_America/sex-stratified/USA/fitted_model/Alaska_age_Over 85_sex_F.rda","151b0d8b7d4daf4afc1e9dc8ff2352c0ed47689698426c094cbf5485753e59d7",3588343,3000,296
"us__us-sex__alaska__ge85__male","legacy","North_America/sex-stratified/USA/fitted_model/Alaska_age_Over 85_sex_M.rda","311e16bef18db5347f867b02e24e3dfaf58e1ea2e1698bfbe03f206536dcdf46",3383663,3000,279
"us__us-sex__arizona__0-44__female","legacy","North_America/sex-stratified/USA/fitted_model/Arizona_age_0-44_sex_F.rda","2227709943c3e679d6afb866920a1a50800f20a19c0cee06a4dc343168939e13",3600383,3000,296
"us__us-sex__arizona__0-44__male","legacy","North_America/sex-stratified/USA/fitted_model/Arizona_age_0-44_sex_M.rda","3813c729b6918f17ad84e786be51935b2a492d7aae9531e1b9efdd802504c2e4",3600383,3000,296
"us__us-sex__arizona__45-64__female","legacy","North_America/sex-stratified/USA/fitted_model/Arizona_age_45-64_sex_F.rda","a4218aae6f6be4054823108e71dde1d8ef502327477db659b19d4db79daa590e",3600383,3000,296
"us__us-sex__arizona__45-64__male","legacy","North_America/sex-stratified/USA/fitted_model/Arizona_age_45-64_sex_M.rda","3f9cb787aeb14d1c8208eb3afdacc8ac2d4fa83a0a1651e8a6e11a20238fd0da",3600383,3000,296
"us__us-sex__arizona__65-84__female","legacy","North_America/sex-stratified/USA/fitted_model/Arizona_age_65-84_sex_F.rda","6636d1d2375a29d33304ad4398a1fa88f52b8314b7b4828aaf73d50d53eadccf",3600383,3000,296
"us__us-sex__arizona__65-84__male","legacy","North_America/sex-stratified/USA/fitted_model/Arizona_age_65-84_sex_M.rda","7c57b59c53d34b4e2134099170ae8c5c3a7bf4b29f2d8789f29ff994b8192302",3600383,3000,296
"us__us-sex__arizona__ge85__female","legacy","North_America/sex-stratified/USA/fitted_model/Arizona_age_Over 85_sex_F.rda","f651087b77fc8028eea3d1b1b26ae0862c00dc2dd918bdc0f76cc7dedd34e15f",3600383,3000,296
"us__us-sex__arizona__ge85__male","legacy","North_America/sex-stratified/USA/fitted_model/Arizona_age_Over 85_sex_M.rda","dfc05c52aa6cf148b67468f38e849b1cf2eab9db44759fa77b9b9ed848d9646a",3600383,3000,296
"us__us-sex__arkansas__0-44__female","legacy","North_America/sex-stratified/USA/fitted_model/Arkansas_age_0-44_sex_F.rda","b8f535f297b20512507ee1d4fd2c2695524585e761005073f116972d1b0efb4d",3588343,3000,296
"us__us-sex__arkansas__0-44__male","legacy","North_America/sex-stratified/USA/fitted_model/Arkansas_age_0-44_sex_M.rda","efc2d4b67999913c3f9583ecfb77fa79e9e354168518fae91b06158a00c248bb",3600383,3000,296
"us__us-sex__arkansas__45-64__female","legacy","North_America/sex-stratified/USA/fitted_model/Arkansas_age_45-64_sex_F.rda","74a62677fd84e9f31f9482b4e80d4d9913f202382b27639cdc0881cbf746842e",3600383,3000,296
"us__us-sex__arkansas__45-64__male","legacy","North_America/sex-stratified/USA/fitted_model/Arkansas_age_45-64_sex_M.rda","e03ea01cde1851b7ab396491823b5393aeec8f81b3d8d87bd7a0a08e0322406f",3600383,3000,296
"us__us-sex__arkansas__65-84__female","legacy","North_America/sex-stratified/USA/fitted_model/Arkansas_age_65-84_sex_F.rda","60fe57d1ddd846bdbc53ec296a728e26e5a8e875cc3d9cf1095747e2afd94166",3600383,3000,296
"us__us-sex__arkansas__65-84__male","legacy","North_America/sex-stratified/USA/fitted_model/Arkansas_age_65-84_sex_M.rda","96ed92455271ea0cbad5e1ca91998b9b1ede77bcb61768ae38ab3088873ced93",3600383,3000,296
"us__us-sex__arkansas__ge85__female","legacy","North_America/sex-stratified/USA/fitted_model/Arkansas_age_Over 85_sex_F.rda","48327db2ab8e4f537b7771359ca6d2530a391c526dadfde8792e1abb7bee6372",3600383,3000,296
"us__us-sex__arkansas__ge85__male","legacy","North_America/sex-stratified/USA/fitted_model/Arkansas_age_Over 85_sex_M.rda","049f74deb0c3b67bfdae8867facd33c15ffadfc13173279fe85f643ee497383f",3600383,3000,296
"us__us-sex__california__0-44__female","legacy","North_America/sex-stratified/USA/fitted_model/California_age_0-44_sex_F.rda","eacc42bd50ff19c47c542715d9711fc088c48fa394a279890b0756c7daeb3d53",3600383,3000,296
"us__us-sex__california__0-44__male","legacy","North_America/sex-stratified/USA/fitted_model/California_age_0-44_sex_M.rda","a4b68140c58d7a71a783a925db341923fe32817fa82af44439c4db3eaedf0413",3600383,3000,296
"us__us-sex__california__45-64__female","legacy","North_America/sex-stratified/USA/fitted_model/California_age_45-64_sex_F.rda","66143cfb2a0f0aad8d0b715ab1a7ff25e082793e8740f97d9c0e56d7810d1919",3600383,3000,296
"us__us-sex__california__45-64__male","legacy","North_America/sex-stratified/USA/fitted_model/California_age_45-64_sex_M.rda","8f1c93e57ad984d17030a83af5a9a6c169d655c8e4cf49c88ab1df18ef134928",3600383,3000,296
"us__us-sex__california__65-84__female","legacy","North_America/sex-stratified/USA/fitted_model/California_age_65-84_sex_F.rda","ca9e2400ac8a942224ce27c6c372592ddb768b6ca230a598bc0af699eab96f9b",3600383,3000,296
"us__us-sex__california__65-84__male","legacy","North_America/sex-stratified/USA/fitted_model/California_age_65-84_sex_M.rda","ba3396aafd4b3cfc0ce86978833fb8cf37c4da52cdbb7cbc1ecce74dc7428e48",3600383,3000,296
"us__us-sex__california__ge85__female","legacy","North_America/sex-stratified/USA/fitted_model/California_age_Over 85_sex_F.rda","0952b34bd0708323eabb6cb8aa83a44f6b122b37e1e879059052acf9608f21d5",3600383,3000,296
"us__us-sex__california__ge85__male","legacy","North_America/sex-stratified/USA/fitted_model/California_age_Over 85_sex_M.rda","b3460cf6dd5d71b7223858db861e329dfddda908f03e820eebe13157427d64b1",3600383,3000,296
"us__us-sex__colorado__0-44__female","legacy","North_America/sex-stratified/USA/fitted_model/Colorado_age_0-44_sex_F.rda","6ee1be308aeac770e1c76232668c7277fd6093c187c0dc6709d46febf8cd565e",3588343,3000,296
"us__us-sex__colorado__0-44__male","legacy","North_America/sex-stratified/USA/fitted_model/Colorado_age_0-44_sex_M.rda","ad0fa2a00e3ded3881418d1eda49c675d7d4580b0a8ae1449d900fb94ca9eb49",3600383,3000,296
"us__us-sex__colorado__45-64__female","legacy","North_America/sex-stratified/USA/fitted_model/Colorado_age_45-64_sex_F.rda","356e00a616cd352ac88dde909e76859cc1b931d164fe20df0655f3b8d76b474e",3600383,3000,296
"us__us-sex__colorado__45-64__male","legacy","North_America/sex-stratified/USA/fitted_model/Colorado_age_45-64_sex_M.rda","33d25ae4bf3adeeb2ee3263e5e80afcfeb88f7b9253e11ec3e6fb4939a295a88",3600383,3000,296
"us__us-sex__colorado__65-84__female","legacy","North_America/sex-stratified/USA/fitted_model/Colorado_age_65-84_sex_F.rda","1f62a158b836c9b9920d652bbc1eedf962ce23f55ad6690b65bfdfb6abdd8020",3600383,3000,296
"us__us-sex__colorado__65-84__male","legacy","North_America/sex-stratified/USA/fitted_model/Colorado_age_65-84_sex_M.rda","c1cc54b40d122f6a5b004207418231fd1f16a9207a2e3c00140171a4de55458d",3600383,3000,296
"us__us-sex__colorado__ge85__female","legacy","North_America/sex-stratified/USA/fitted_model/Colorado_age_Over 85_sex_F.rda","ca48e6ebf9f0ee1c5f5e71ef9e00111b444ec1fed66e45cf748c8f8a24ebe3bd",3600383,3000,296
"us__us-sex__colorado__ge85__male","legacy","North_America/sex-stratified/USA/fitted_model/Colorado_age_Over 85_sex_M.rda","d9a6fd6f9e99150be1b0c9c6000ccd12cc1c6285607fec8a1b2c9dacf57c43b0",3600383,3000,296
"us__us-sex__connecticut__0-44__female","legacy","North_America/sex-stratified/USA/fitted_model/Connecticut_age_0-44_sex_F.rda","e844d8d7a9b914934ecd999231421e6297f6c93df677b58dadb2bbe2f4dea110",3588343,3000,296
"us__us-sex__connecticut__0-44__male","legacy","North_America/sex-stratified/USA/fitted_model/Connecticut_age_0-44_sex_M.rda","3722ce66b9662861b8fc30cdd5e9692a78f127e4101a3ece04cf85abebee5043",3600383,3000,296
"us__us-sex__connecticut__45-64__female","legacy","North_America/sex-stratified/USA/fitted_model/Connecticut_age_45-64_sex_F.rda","26cc0062a556b84f911978cd0dab8581bfddb56bddbfb272a38a86e062991eaf",3600383,3000,296
"us__us-sex__connecticut__45-64__male","legacy","North_America/sex-stratified/USA/fitted_model/Connecticut_age_45-64_sex_M.rda","926885f91a1ab26163783644f441ce41e46980b86097a1b11985dc47bd88f7fb",3600383,3000,296
"us__us-sex__connecticut__65-84__female","legacy","North_America/sex-stratified/USA/fitted_model/Connecticut_age_65-84_sex_F.rda","21a3a48d5785ccec849cf33ba5a6a2816e5288e64f74357f2b41233e6a942998",3600383,3000,296
"us__us-sex__connecticut__65-84__male","legacy","North_America/sex-stratified/USA/fitted_model/Connecticut_age_65-84_sex_M.rda","b3098716def7976c9c39013394fa0005b470c5ee0a6ede52071f1c1c2dd4fa01",3600383,3000,296
"us__us-sex__connecticut__ge85__female","legacy","North_America/sex-stratified/USA/fitted_model/Connecticut_age_Over 85_sex_F.rda","922723cf956dc6271a3d3d2c12f7fb916705418cff74079dec51ce1ef2074a86",3600383,3000,296
"us__us-sex__connecticut__ge85__male","legacy","North_America/sex-stratified/USA/fitted_model/Connecticut_age_Over 85_sex_M.rda","b665c78fef43f6c7e26dd7a1b8bc679c9e807c2b459467750df570c29559fd7d",3600383,3000,296
"us__us-sex__delaware__0-44__female","legacy","North_America/sex-stratified/USA/fitted_model/Delaware_age_0-44_sex_F.rda","aea046bd7dbfffec6a36fcd8c8e324b71b2e5801993451abd53096784c905979",1312783,3000,108
"us__us-sex__delaware__0-44__male","legacy","North_America/sex-stratified/USA/fitted_model/Delaware_age_0-44_sex_M.rda","9ce9ddc3d1982fcc0d2cb97160918293be1b6ad1d4fe32f69711294b57dd175d",3287343,3000,271
"us__us-sex__delaware__45-64__female","legacy","North_America/sex-stratified/USA/fitted_model/Delaware_age_45-64_sex_F.rda","53527c6405e4b61c980a200d2120c2a0a8783917f597980cbbc77418af52d329",3600383,3000,296
"us__us-sex__delaware__45-64__male","legacy","North_America/sex-stratified/USA/fitted_model/Delaware_age_45-64_sex_M.rda","0f03062e72431c64911f060d1b886846267bd5a498db4f3bb8a74b024a56e4e6",3600383,3000,296
"us__us-sex__delaware__65-84__female","legacy","North_America/sex-stratified/USA/fitted_model/Delaware_age_65-84_sex_F.rda","a5f52d280f3ee6bbd3ff11028f5d9cc578189785f02315c849fcc24ae469aee8",3600383,3000,296
"us__us-sex__delaware__65-84__male","legacy","North_America/sex-stratified/USA/fitted_model/Delaware_age_65-84_sex_M.rda","1ea1466f8223f343f9788cdd17cc1544505f522509aaf20ab88e02b02355da4b",3600383,3000,296
"us__us-sex__delaware__ge85__female","legacy","North_America/sex-stratified/USA/fitted_model/Delaware_age_Over 85_sex_F.rda","512742d8e23a9b5cdf96d5ddaae3a00c194fd3c3bbb3867f473f18d30be9db2a",3600383,3000,296
"us__us-sex__delaware__ge85__male","legacy","North_America/sex-stratified/USA/fitted_model/Delaware_age_Over 85_sex_M.rda","d6ee1d3bcd03c5db2f07f06bb44636625c7d2488ce0615b87de9b3ceb6547244",3600383,3000,296
"us__us-sex__district-of-columbia__0-44__female","legacy","North_America/sex-stratified/USA/fitted_model/District of Columbia_age_0-44_sex_F.rda","c582608a183de9be32d71b914434c07523d07f679f220154f27b97b60a0e4f54",1120143,3000,92
"us__us-sex__district-of-columbia__0-44__male","legacy","North_America/sex-stratified/USA/fitted_model/District of Columbia_age_0-44_sex_M.rda","db4b1bbfba9e55bb5f49946fa59f64ec9852a77a686c190f7979f6517084cb8a",2890023,3000,238
"us__us-sex__district-of-columbia__45-64__female","legacy","North_America/sex-stratified/USA/fitted_model/District of Columbia_age_45-64_sex_F.rda","c38f3f30c0c06c5a7e6b84c88526d4816ff6ec51a811975f123b8757dc6ca44d",3588343,3000,296
"us__us-sex__district-of-columbia__45-64__male","legacy","North_America/sex-stratified/USA/fitted_model/District of Columbia_age_45-64_sex_M.rda","5399ec51535e0c411234f393b8bb3bd78debf85af0ffba3b8c62e1fb1722d8d3",3588343,3000,296
"us__us-sex__district-of-columbia__65-84__female","legacy","North_America/sex-stratified/USA/fitted_model/District of Columbia_age_65-84_sex_F.rda","82a1c8eb194671c7c09b04b2cbb1bd049fd39b114ff9551f28d0bbb8be1998f6",3600383,3000,296
"us__us-sex__district-of-columbia__65-84__male","legacy","North_America/sex-stratified/USA/fitted_model/District of Columbia_age_65-84_sex_M.rda","fbb29649a3b01c92e840c859ed1a8dcb099d55441d1e4f458182f20c2b081740",3588343,3000,296
"us__us-sex__district-of-columbia__ge85__female","legacy","North_America/sex-stratified/USA/fitted_model/District of Columbia_age_Over 85_sex_F.rda","22668a856a2191835189f3e168568fa8cc408b73ffc35169f07265793778d324",3588343,3000,296
"us__us-sex__district-of-columbia__ge85__male","legacy","North_America/sex-stratified/USA/fitted_model/District of Columbia_age_Over 85_sex_M.rda","979de5753a51b9220bd3b76c9f95e4a69426c11bed3e88561fc6d89fcafa341b",3588343,3000,296
"us__us-sex__florida__0-44__female","legacy","North_America/sex-stratified/USA/fitted_model/Florida_age_0-44_sex_F.rda","096e8d1a7e46e81404d18d022b0762f7ace81046da234768772273dc2cba4629",3600383,3000,296
"us__us-sex__florida__0-44__male","legacy","North_America/sex-stratified/USA/fitted_model/Florida_age_0-44_sex_M.rda","a55faf86b4183514abe4257e54d95df0c5421b021af56422e8c9a3399a903f93",3600383,3000,296
"us__us-sex__florida__45-64__female","legacy","North_America/sex-stratified/USA/fitted_model/Florida_age_45-64_sex_F.rda","a71b55507ec931785a9116039d1a5e4c4467326124a4a232d857472edc250aa5",3600383,3000,296
"us__us-sex__florida__45-64__male","legacy","North_America/sex-stratified/USA/fitted_model/Florida_age_45-64_sex_M.rda","4048a2649210f2ee3fdc5ea89026f5e78510121c3fe4ad78ad3d9d2650d6bb37",3600383,3000,296
"us__us-sex__florida__65-84__female","legacy","North_America/sex-stratified/USA/fitted_model/Florida_age_65-84_sex_F.rda","94d1f19cf6f2b2a87443a741f650d9414254334389a77d1ecceb6b92bcbbded8",3600383,3000,296
"us__us-sex__florida__65-84__male","legacy","North_America/sex-stratified/USA/fitted_model/Florida_age_65-84_sex_M.rda","1cf6e7fbac065dde021ed174651090be304714c51283c92417aaf3b2450dc72b",3600383,3000,296
"us__us-sex__florida__ge85__female","legacy","North_America/sex-stratified/USA/fitted_model/Florida_age_Over 85_sex_F.rda","e980728c5c6a2693162ddda47ed77606dba7553493b0d50772310569e18c75ac",3600383,3000,296
"us__us-sex__florida__ge85__male","legacy","North_America/sex-stratified/USA/fitted_model/Florida_age_Over 85_sex_M.rda","a8f3bca8dd563b29d9daa580122c0eb7390d07577f82152621027b027f5b1ca9",3600383,3000,296
"us__us-sex__georgia__0-44__female","legacy","North_America/sex-stratified/USA/fitted_model/Georgia_age_0-44_sex_F.rda","ad352b54cdb7ae6cfbc3d6928583219bb6a1705ecc2eff884ea578989194f609",3600383,3000,296
"us__us-sex__georgia__0-44__male","legacy","North_America/sex-stratified/USA/fitted_model/Georgia_age_0-44_sex_M.rda","e85fd4828d5d24722180c11be558de12410cb4a362e492039607c2f0fe418c5b",3600383,3000,296
"us__us-sex__georgia__45-64__female","legacy","North_America/sex-stratified/USA/fitted_model/Georgia_age_45-64_sex_F.rda","b3e5442ab7e9d180391ae1c841fa254e2e46556fd9f6480c8927be6a6872d4d4",3600383,3000,296
"us__us-sex__georgia__45-64__male","legacy","North_America/sex-stratified/USA/fitted_model/Georgia_age_45-64_sex_M.rda","8da918367e653e4aeab098ca85d991f7f287b1537f7aef4e83cf15e1b7671949",3600383,3000,296
"us__us-sex__georgia__65-84__female","legacy","North_America/sex-stratified/USA/fitted_model/Georgia_age_65-84_sex_F.rda","963ffdc91732e0de95a8b1833e7a362a129070718062f42defff2875aa89e1e8",3600383,3000,296
"us__us-sex__georgia__65-84__male","legacy","North_America/sex-stratified/USA/fitted_model/Georgia_age_65-84_sex_M.rda","51a1c1dabbef3a997c100d5ce0a0dfb68ddb2af273fc19e79ecc0023b0a92ac6",3600383,3000,296
"us__us-sex__georgia__ge85__female","legacy","North_America/sex-stratified/USA/fitted_model/Georgia_age_Over 85_sex_F.rda","2ff536a510bd2395d537740aaab1e57db2f52b1e9e288ed5a0cb18c5f49df8d9",3600383,3000,296
"us__us-sex__georgia__ge85__male","legacy","North_America/sex-stratified/USA/fitted_model/Georgia_age_Over 85_sex_M.rda","4c1a125c480faf7a1930884e102bc3ede46418d514b5c852ed6a4e412d4d2250",3600383,3000,296
"us__us-sex__hawaii__0-44__female","legacy","North_America/sex-stratified/USA/fitted_model/Hawaii_age_0-44_sex_F.rda","88061ad71f6b738cb6db44577fa388962d9fc8758a22ae75ebe4f4e1ef5d5a53",1204423,3000,98
"us__us-sex__hawaii__0-44__male","legacy","North_America/sex-stratified/USA/fitted_model/Hawaii_age_0-44_sex_M.rda","e0d02a18dc88a83e250e61fc9edd8eb8a067107fcc5278617824127e7605bfc9",3516103,3000,290
"us__us-sex__hawaii__45-64__female","legacy","North_America/sex-stratified/USA/fitted_model/Hawaii_age_45-64_sex_F.rda","e80a687f5ae440e6a9464ea80a92d865c18b126de459c746f1983bd2a5eed019",3588343,3000,296
"us__us-sex__hawaii__45-64__male","legacy","North_America/sex-stratified/USA/fitted_model/Hawaii_age_45-64_sex_M.rda","e0c2efd1483ab9ccda9a25b4d2f16e28f7d7b0abd37ece171e8a6649f08d05d6",3600383,3000,296
"us__us-sex__hawaii__65-84__female","legacy","North_America/sex-stratified/USA/fitted_model/Hawaii_age_65-84_sex_F.rda","9246e6283fbc6ce6084e6903b423c648b537dd9298c2743773b963e34b11849d",3600383,3000,296
"us__us-sex__hawaii__65-84__male","legacy","North_America/sex-stratified/USA/fitted_model/Hawaii_age_65-84_sex_M.rda","500c15c544ac89d7ee73ea2a72757895b127eafcc521a28831fb577df53af08b",3600383,3000,296
"us__us-sex__hawaii__ge85__female","legacy","North_America/sex-stratified/USA/fitted_model/Hawaii_age_Over 85_sex_F.rda","1f32a72f042e12e87e11d712a978fa0651344eb243fdb7447366355088c954a2",3600383,3000,296
"us__us-sex__hawaii__ge85__male","legacy","North_America/sex-stratified/USA/fitted_model/Hawaii_age_Over 85_sex_M.rda","b8715beec743eded0f36a8de77dfbe9fda887073bce808ee6eaf261194b4faaf",3600383,3000,296
"us__us-sex__idaho__0-44__female","legacy","North_America/sex-stratified/USA/fitted_model/Idaho_age_0-44_sex_F.rda","f4eea0dd17b6918c60d0f23a293280b393064f42c43da80115734f9906d36ae4",2492703,3000,205
"us__us-sex__idaho__0-44__male","legacy","North_America/sex-stratified/USA/fitted_model/Idaho_age_0-44_sex_M.rda","7fe55d41c6e4a35b836e38095591285b42c5c4c53278fb56c04f16689e080189",3540183,3000,292
"us__us-sex__idaho__45-64__female","legacy","North_America/sex-stratified/USA/fitted_model/Idaho_age_45-64_sex_F.rda","4def1958061cb23018b4726f64695c653313fafccb90ae08b0a2addde611164b",3600383,3000,296
"us__us-sex__idaho__45-64__male","legacy","North_America/sex-stratified/USA/fitted_model/Idaho_age_45-64_sex_M.rda","6bef160eb9580031803736f535636abaab55e9b49b3514785316033334d992d9",3600383,3000,296
"us__us-sex__idaho__65-84__female","legacy","North_America/sex-stratified/USA/fitted_model/Idaho_age_65-84_sex_F.rda","a0642fdc13d755259c835f2ce19b4aa04793a608d8bcb0c28682343b11216ba9",3600383,3000,296
"us__us-sex__idaho__65-84__male","legacy","North_America/sex-stratified/USA/fitted_model/Idaho_age_65-84_sex_M.rda","67a270c49fe115888da77a7a349ce82234b308ab58c2c64a8637611a623416ac",3600383,3000,296
"us__us-sex__idaho__ge85__female","legacy","North_America/sex-stratified/USA/fitted_model/Idaho_age_Over 85_sex_F.rda","7c4453a12ec1cf45da7b64f646b9788bcafdcc0be42a8be2444fe31060632909",3600383,3000,296
"us__us-sex__idaho__ge85__male","legacy","North_America/sex-stratified/USA/fitted_model/Idaho_age_Over 85_sex_M.rda","828f6331ce5b6d2e248cfae001fa61954dd0b316c026d0f736152026cada94fd",3600383,3000,296
"us__us-sex__illinois__0-44__female","legacy","North_America/sex-stratified/USA/fitted_model/Illinois_age_0-44_sex_F.rda","6edf562023f405bbdbd0f1c87a03ee55a19acb32627a34db40c7c8e2b8e60ca8",3600383,3000,296
"us__us-sex__illinois__0-44__male","legacy","North_America/sex-stratified/USA/fitted_model/Illinois_age_0-44_sex_M.rda","dc5b543c4e4d4d2cc03c1d93fc1ed4a47b787d9af1b2d50bf708ad6a1af92ad5",3600383,3000,296
"us__us-sex__illinois__45-64__female","legacy","North_America/sex-stratified/USA/fitted_model/Illinois_age_45-64_sex_F.rda","b154b9c85b39e11f7ada38afcb8772cdc6b2005b471ca5e9f4659f1152ae3536",3600383,3000,296
"us__us-sex__illinois__45-64__male","legacy","North_America/sex-stratified/USA/fitted_model/Illinois_age_45-64_sex_M.rda","7211cf9b7739a9f684b5f453d4a0ece50e4eb98b3a6d1f69c43ba045d248c020",3600383,3000,296
"us__us-sex__illinois__65-84__female","legacy","North_America/sex-stratified/USA/fitted_model/Illinois_age_65-84_sex_F.rda","9dfa6f1eb3116081f9304d0298e5530eea534611eb24ac1e6a3c98af8b50c3dd",3600383,3000,296
"us__us-sex__illinois__65-84__male","legacy","North_America/sex-stratified/USA/fitted_model/Illinois_age_65-84_sex_M.rda","f82c9fad7f523e56d3ef52fa7c386ee770419ccdd2e1904ae1d7008e13ec5af0",3600383,3000,296
"us__us-sex__illinois__ge85__female","legacy","North_America/sex-stratified/USA/fitted_model/Illinois_age_Over 85_sex_F.rda","770fab46aab187153520297c3c302c2bb3622d6a2e0a3bb192f78ade426d4957",3600383,3000,296
"us__us-sex__illinois__ge85__male","legacy","North_America/sex-stratified/USA/fitted_model/Illinois_age_Over 85_sex_M.rda","3455a0d17100ac0e79e338a26728df2c362deeca1b521d05d1972b78da4ea6f9",3600383,3000,296
"us__us-sex__indiana__0-44__female","legacy","North_America/sex-stratified/USA/fitted_model/Indiana_age_0-44_sex_F.rda","d7d22922f0d17fa22abf7dc7aa1ebf601c48b513bff8b20f502b8ea953e473de",3600383,3000,296
"us__us-sex__indiana__0-44__male","legacy","North_America/sex-stratified/USA/fitted_model/Indiana_age_0-44_sex_M.rda","612e4f8e4091bd5cb6b6e6ab39db45eb80f714293726bc02c9031e48414e08f6",3600383,3000,296
"us__us-sex__indiana__45-64__female","legacy","North_America/sex-stratified/USA/fitted_model/Indiana_age_45-64_sex_F.rda","0a3465fe3c573e22c82e5fdd09e1db9a088c502232b972776df9e3cd9c1f99b4",3600383,3000,296
"us__us-sex__indiana__45-64__male","legacy","North_America/sex-stratified/USA/fitted_model/Indiana_age_45-64_sex_M.rda","0c58848bc7640c473d9b4035be8090f876307353049abfd7d230c3b550a8395a",3600383,3000,296
"us__us-sex__indiana__65-84__female","legacy","North_America/sex-stratified/USA/fitted_model/Indiana_age_65-84_sex_F.rda","6ab90abda7f6bc5a20528417c7b721bbde38574282cf9878a32e48012fccda1b",3600383,3000,296
"us__us-sex__indiana__65-84__male","legacy","North_America/sex-stratified/USA/fitted_model/Indiana_age_65-84_sex_M.rda","e1987f8f789c5a8c5fe0f1ae292553a64ed9438d3802b5eea89cf2677da76500",3600383,3000,296
"us__us-sex__indiana__ge85__female","legacy","North_America/sex-stratified/USA/fitted_model/Indiana_age_Over 85_sex_F.rda","ffdd6b837b40a493a915699eeb0d7abb8c13b506ff2a6486ab97b643da54e443",3600383,3000,296
"us__us-sex__indiana__ge85__male","legacy","North_America/sex-stratified/USA/fitted_model/Indiana_age_Over 85_sex_M.rda","af8d87a29f39b767c4beee05fb46b2f3598c71207afaef866643512172085123",3600383,3000,296
"us__us-sex__iowa__0-44__female","legacy","North_America/sex-stratified/USA/fitted_model/Iowa_age_0-44_sex_F.rda","792ce3e5735ed98facafb5a401d3fbc44d8b52bcc8f60dd1fd26ab28f4695ed0",3576303,3000,295
"us__us-sex__iowa__0-44__male","legacy","North_America/sex-stratified/USA/fitted_model/Iowa_age_0-44_sex_M.rda","2f75ae6ddd5d1347c29238a1fe44523774036b07c9c841a115e5d2f9c637bb40",3588343,3000,296
"us__us-sex__iowa__45-64__female","legacy","North_America/sex-stratified/USA/fitted_model/Iowa_age_45-64_sex_F.rda","ff4d54763c1bcf4103ecc0d2b0ed6fc3320f04d7203296147ab5c559e275389f",3600383,3000,296
"us__us-sex__iowa__45-64__male","legacy","North_America/sex-stratified/USA/fitted_model/Iowa_age_45-64_sex_M.rda","4bd9923c00433ea928a0d5924c5b1ad83c331bf1c1b6c2fda600b4d6db3a6e2f",3600383,3000,296
"us__us-sex__iowa__65-84__female","legacy","North_America/sex-stratified/USA/fitted_model/Iowa_age_65-84_sex_F.rda","91e719d399735a2ec7a74b9f5cbc256ec6015542ca13567fedfca11848d40e85",3600383,3000,296
"us__us-sex__iowa__65-84__male","legacy","North_America/sex-stratified/USA/fitted_model/Iowa_age_65-84_sex_M.rda","4507947860b985d301cff0b59a42d0ddbc2c2453fe3eea43cbdce26c3b6ad646",3600383,3000,296
"us__us-sex__iowa__ge85__female","legacy","North_America/sex-stratified/USA/fitted_model/Iowa_age_Over 85_sex_F.rda","92ff845e7bb1018f711108420bd912a7da3ee63aa200d3e1256e637ed75e904b",3600383,3000,296
"us__us-sex__iowa__ge85__male","legacy","North_America/sex-stratified/USA/fitted_model/Iowa_age_Over 85_sex_M.rda","1f5f7079bb38fbe40f9458caa9caeb15958a89f5bf2c35135e47760669d26588",3600383,3000,296
"us__us-sex__kansas__0-44__female","legacy","North_America/sex-stratified/USA/fitted_model/Kansas_age_0-44_sex_F.rda","46650b032b4b2017640cd421e33a5e55b50c22e49f33840b2d0430493990be9c",3588343,3000,296
"us__us-sex__kansas__0-44__male","legacy","North_America/sex-stratified/USA/fitted_model/Kansas_age_0-44_sex_M.rda","6404f7aab299d10594698a689fdb4a305f9fd0659498a0ea29e12acffb02c5cb",3588343,3000,296
"us__us-sex__kansas__45-64__female","legacy","North_America/sex-stratified/USA/fitted_model/Kansas_age_45-64_sex_F.rda","bb5e9158aa100d95bebacbb23b5bee9a1ffaa421f3d570e077c3d5249da5cfee",3588343,3000,296
"us__us-sex__kansas__45-64__male","legacy","North_America/sex-stratified/USA/fitted_model/Kansas_age_45-64_sex_M.rda","237b1cc0ba7ffd113dbb8fc33886a8d00a6c8821f49374d71516c56e5d1e4331",3588343,3000,296
"us__us-sex__kansas__65-84__female","legacy","North_America/sex-stratified/USA/fitted_model/Kansas_age_65-84_sex_F.rda","80cf77e35b38cfd70bea841d93b54e462697f2f484126ca4860a783e854cc52c",3600383,3000,296
"us__us-sex__kansas__65-84__male","legacy","North_America/sex-stratified/USA/fitted_model/Kansas_age_65-84_sex_M.rda","46e0fc5fb4341c735ca15a01cb8ba2b0666346181a88a0af3bff13a033e8a642",3600383,3000,296
"us__us-sex__kansas__ge85__female","legacy","North_America/sex-stratified/USA/fitted_model/Kansas_age_Over 85_sex_F.rda","ace244d22eaefc1f82c2bae71c5db0edd7e2ef3f9a825bf4b096f70978b402c3",3600383,3000,296
"us__us-sex__kansas__ge85__male","legacy","North_America/sex-stratified/USA/fitted_model/Kansas_age_Over 85_sex_M.rda","95056ea2f1943e2f52425a20869ec391da5bd72d13e5e85401cccaf460ad383f",3600383,3000,296
"us__us-sex__kentucky__0-44__female","legacy","North_America/sex-stratified/USA/fitted_model/Kentucky_age_0-44_sex_F.rda","ed60d2c95d24e0eb6bc685223fca74482d99c2bd183647a0cb39a919f5f7a240",3588343,3000,296
"us__us-sex__kentucky__0-44__male","legacy","North_America/sex-stratified/USA/fitted_model/Kentucky_age_0-44_sex_M.rda","f3b38658c1a0916f24d78abe31e24bd1b9c4582012d9ee01a63245107040bcb8",3588343,3000,296
"us__us-sex__kentucky__45-64__female","legacy","North_America/sex-stratified/USA/fitted_model/Kentucky_age_45-64_sex_F.rda","8986b01df4c1860bc345bf31a67cec5296ef20d4d35878ac781a2dd960b6e2ff",3600383,3000,296
"us__us-sex__kentucky__45-64__male","legacy","North_America/sex-stratified/USA/fitted_model/Kentucky_age_45-64_sex_M.rda","ee234c2491e1ad95f108233330edfe08f73b279591551de13df6f51ea8d8b781",3600383,3000,296
"us__us-sex__kentucky__65-84__female","legacy","North_America/sex-stratified/USA/fitted_model/Kentucky_age_65-84_sex_F.rda","37c8e01a72377cf4b63bb5924a86207a90a56355af9f2c3740cf68c02aa213fa",3600383,3000,296
"us__us-sex__kentucky__65-84__male","legacy","North_America/sex-stratified/USA/fitted_model/Kentucky_age_65-84_sex_M.rda","73a061ec754363b7059fd1496ba01cbf61785a06f6e126957e45eca0edfe4a41",3600383,3000,296
"us__us-sex__kentucky__ge85__female","legacy","North_America/sex-stratified/USA/fitted_model/Kentucky_age_Over 85_sex_F.rda","f3350e4c458a2f05edef640b9ec9ea87d622dbc98dfd0a3eb7455caebea724cb",3600383,3000,296
"us__us-sex__kentucky__ge85__male","legacy","North_America/sex-stratified/USA/fitted_model/Kentucky_age_Over 85_sex_M.rda","a5ebd349dad1962e5ab0fd06151ccca0e004f1f4cfc91ac6f16653211539ab4e",3600383,3000,296
"us__us-sex__louisiana__0-44__female","legacy","North_America/sex-stratified/USA/fitted_model/Louisiana_age_0-44_sex_F.rda","6b4ee0a386ed68f3bff175ba2461582b78020b2b105a72f8637f8e51e41bf504",3588343,3000,296
"us__us-sex__louisiana__0-44__male","legacy","North_America/sex-stratified/USA/fitted_model/Louisiana_age_0-44_sex_M.rda","8abc5a61a2b4ed4658fb13b9fa454430509c2e69aad00ab406a19adfbc852318",3588343,3000,296
"us__us-sex__louisiana__45-64__female","legacy","North_America/sex-stratified/USA/fitted_model/Louisiana_age_45-64_sex_F.rda","24e284a10a315b90b445225baa93cbc70ca39304d88706b6cc624e54d27fd4f9",3600383,3000,296
"us__us-sex__louisiana__45-64__male","legacy","North_America/sex-stratified/USA/fitted_model/Louisiana_age_45-64_sex_M.rda","6823215acafc400e24b52612ac91c5a2d7abaa2d401ec41b9893d8efe488d68d",3600383,3000,296
"us__us-sex__louisiana__65-84__female","legacy","North_America/sex-stratified/USA/fitted_model/Louisiana_age_65-84_sex_F.rda","d75ec7d7ecec5fddeec4bce395071532f7f081ebb383e63fd9c20b4e06bea469",3600383,3000,296
"us__us-sex__louisiana__65-84__male","legacy","North_America/sex-stratified/USA/fitted_model/Louisiana_age_65-84_sex_M.rda","f054df4ebbfecf72f7e900a1a0f4b68217f98ae98d401bbfd73549a6fa58303d",3600383,3000,296
"us__us-sex__louisiana__ge85__female","legacy","North_America/sex-stratified/USA/fitted_model/Louisiana_age_Over 85_sex_F.rda","f476e502cd29577d1f60576fe2277bad72dc0a092703f5df3c4edb6b2321e5cd",3600383,3000,296
"us__us-sex__louisiana__ge85__male","legacy","North_America/sex-stratified/USA/fitted_model/Louisiana_age_Over 85_sex_M.rda","883de79946af75bd6d20235f65a4038c7959b4fd02edc3429c01879a595722d2",3600383,3000,296
"us__us-sex__maine__0-44__female","legacy","North_America/sex-stratified/USA/fitted_model/Maine_age_0-44_sex_F.rda","a1885267ea24fb2b68707f061c8289099071397b636bb3be9e75efa9e04c8edd",1830503,3000,150
"us__us-sex__maine__0-44__male","legacy","North_America/sex-stratified/USA/fitted_model/Maine_age_0-44_sex_M.rda","91f72b9dac0b27298211ece1944efc5ecdeeae67fb31e96e2827b58a3c567b28",3552223,3000,292
"us__us-sex__maine__45-64__female","legacy","North_America/sex-stratified/USA/fitted_model/Maine_age_45-64_sex_F.rda","1c8078f0b1855594e4bc6360f7ee4bba6a474e5634ee8d5bbb3c9fbd5cfebae4",3600383,3000,296
"us__us-sex__maine__45-64__male","legacy","North_America/sex-stratified/USA/fitted_model/Maine_age_45-64_sex_M.rda","c16425593773af3044573a860fe9e55d3ef7f2f5b50c35fdd04d0ed5b0ca8c7b",3600383,3000,296
"us__us-sex__maine__65-84__female","legacy","North_America/sex-stratified/USA/fitted_model/Maine_age_65-84_sex_F.rda","d3f54362120f3e35ab489e4e74d4d80d096f5580e869f347131961317355e522",3600383,3000,296
"us__us-sex__maine__65-84__male","legacy","North_America/sex-stratified/USA/fitted_model/Maine_age_65-84_sex_M.rda","c6474643f00d4094f6d206d37ab0e6432cd5c88b7cd5c1c575f64712b09fcf95",3600383,3000,296
"us__us-sex__maine__ge85__female","legacy","North_America/sex-stratified/USA/fitted_model/Maine_age_Over 85_sex_F.rda","5bf514437d440c78d6d3279b397b4e3afa0ac6eb2a4a770e145e317576a2b766",3600383,3000,296
"us__us-sex__maine__ge85__male","legacy","North_America/sex-stratified/USA/fitted_model/Maine_age_Over 85_sex_M.rda","8e5213b393a5961be0c2c1fa250d83f5e16fcc0abc766e74d294298ef05eb4d9",3600383,3000,296
"us__us-sex__maryland__0-44__female","legacy","North_America/sex-stratified/USA/fitted_model/Maryland_age_0-44_sex_F.rda","8db740840be02e55b055b6dea0844650c4daa84cc5efcbaf7e407ec73180c9d1",3600383,3000,296
"us__us-sex__maryland__0-44__male","legacy","North_America/sex-stratified/USA/fitted_model/Maryland_age_0-44_sex_M.rda","65dcd8a982c2b7e9822e139fb6419e35370778a5a543eb371dd0f89f8d35f193",3600383,3000,296
"us__us-sex__maryland__45-64__female","legacy","North_America/sex-stratified/USA/fitted_model/Maryland_age_45-64_sex_F.rda","c88ddfc0867a2ac295eac8c15fec7bbceb42037f7e86bc1c8e4ef203fe12d451",3600383,3000,296
"us__us-sex__maryland__45-64__male","legacy","North_America/sex-stratified/USA/fitted_model/Maryland_age_45-64_sex_M.rda","6f0c7c76bb7d7e0243c2252234e485c82b48300b5dd75f848a880242447a9c4f",3600383,3000,296
"us__us-sex__maryland__65-84__female","legacy","North_America/sex-stratified/USA/fitted_model/Maryland_age_65-84_sex_F.rda","1fc71e37c1b36e1faba4b39e82334784f6d43f5f28957cd372fd822bb1b5cc59",3600383,3000,296
"us__us-sex__maryland__65-84__male","legacy","North_America/sex-stratified/USA/fitted_model/Maryland_age_65-84_sex_M.rda","98ce8f8f099f41f9e70d3ebbefb7380343cf298173bd2e16596955a2ea081f94",3600383,3000,296
"us__us-sex__maryland__ge85__female","legacy","North_America/sex-stratified/USA/fitted_model/Maryland_age_Over 85_sex_F.rda","9983663bd1d1719b7877b6c0559ecda832f407cb58cded0daca71b260d8b22b4",3600383,3000,296
"us__us-sex__maryland__ge85__male","legacy","North_America/sex-stratified/USA/fitted_model/Maryland_age_Over 85_sex_M.rda","19c40d41e4a3ca1579c5b83b6a8f40a88993fc8095177c86159f7dcf2c185605",3600383,3000,296
"us__us-sex__massachusetts__0-44__female","legacy","North_America/sex-stratified/USA/fitted_model/Massachusetts_age_0-44_sex_F.rda","74f3a913d21b1873b5f30b671e62934cd1ddb6ee6ec1ed245b20c909148aa39d",3588343,3000,296
"us__us-sex__massachusetts__0-44__male","legacy","North_America/sex-stratified/USA/fitted_model/Massachusetts_age_0-44_sex_M.rda","6ddd36e6bcf770191360ae2f805ab1a7d83c1e0ebe9128501a83ccd7194ad03e",3600383,3000,296
"us__us-sex__massachusetts__45-64__female","legacy","North_America/sex-stratified/USA/fitted_model/Massachusetts_age_45-64_sex_F.rda","657984378f9e1bf0e974bd0df34d7de6610cc7fb7381f0eb22f85c1f95c1d5c3",3600383,3000,296
"us__us-sex__massachusetts__45-64__male","legacy","North_America/sex-stratified/USA/fitted_model/Massachusetts_age_45-64_sex_M.rda","d6fb45b81840b51a389c3a99b4de5d2cc946d2e41d81ff3953cf43ce6b49b439",3600383,3000,296
"us__us-sex__massachusetts__65-84__female","legacy","North_America/sex-stratified/USA/fitted_model/Massachusetts_age_65-84_sex_F.rda","c49ce33770712f59f411b32046491bca5b73af9981acffaa1abe8b898e58ea50",3600383,3000,296
"us__us-sex__massachusetts__65-84__male","legacy","North_America/sex-stratified/USA/fitted_model/Massachusetts_age_65-84_sex_M.rda","d2302a2f9bd2a504e709e643f2c29910c6319868aef4482992bb5599af719c52",3600383,3000,296
"us__us-sex__massachusetts__ge85__female","legacy","North_America/sex-stratified/USA/fitted_model/Massachusetts_age_Over 85_sex_F.rda","8924fd8994efd45d9a52fc6f70d3ade94ee8b036eb9f8df4a35a7bfe42b6119d",3600383,3000,296
"us__us-sex__massachusetts__ge85__male","legacy","North_America/sex-stratified/USA/fitted_model/Massachusetts_age_Over 85_sex_M.rda","e01606ae4338cb7c55dfb1be1a7867d4524fc54e59933ea62e8eb674ceab6ebb",3600383,3000,296
"us__us-sex__michigan__0-44__female","legacy","North_America/sex-stratified/USA/fitted_model/Michigan_age_0-44_sex_F.rda","87d7885d8c570ec999ba0a6a50ba55c5868fca6f0ec50ff1e7e9254fbdf0ec54",3600383,3000,296
"us__us-sex__michigan__0-44__male","legacy","North_America/sex-stratified/USA/fitted_model/Michigan_age_0-44_sex_M.rda","dc884cd94aa077848038d935b06e123a3b5f8135d8533d0ba57f7f035ec251c6",3600383,3000,296
"us__us-sex__michigan__45-64__female","legacy","North_America/sex-stratified/USA/fitted_model/Michigan_age_45-64_sex_F.rda","dbb349a65304e4d863b4afd5bea9af81659671301b27a2b2d9f24569e9cc6711",3600383,3000,296
"us__us-sex__michigan__45-64__male","legacy","North_America/sex-stratified/USA/fitted_model/Michigan_age_45-64_sex_M.rda","ae53667d3e4e91137741ea60adfb10dd0443be5d26d68f87414f874ea56878f1",3600383,3000,296
"us__us-sex__michigan__65-84__female","legacy","North_America/sex-stratified/USA/fitted_model/Michigan_age_65-84_sex_F.rda","84dd55e89210310ad857e5cfdc357579cfdc3ba2083e8b570a0c6ba007c2cc0b",3600383,3000,296
"us__us-sex__michigan__65-84__male","legacy","North_America/sex-stratified/USA/fitted_model/Michigan_age_65-84_sex_M.rda","c2b9befb6d33ca846e02c71af13f39c31ba8b62af0e73364c5867e121cb7c3ff",3600383,3000,296
"us__us-sex__michigan__ge85__female","legacy","North_America/sex-stratified/USA/fitted_model/Michigan_age_Over 85_sex_F.rda","2fb3416fe3a7f3fc0880cfd05caf66021841df1ee814d0a65f4c53ac1472f4ed",3600383,3000,296
"us__us-sex__michigan__ge85__male","legacy","North_America/sex-stratified/USA/fitted_model/Michigan_age_Over 85_sex_M.rda","46ded3a0e2baa10289990de812ad523be01f3b6b560771b26f2a71f41d87ce8a",3600383,3000,296
"us__us-sex__minnesota__0-44__female","legacy","North_America/sex-stratified/USA/fitted_model/Minnesota_age_0-44_sex_F.rda","e93c00ed15f3da1dd5de183194038e47935fb5b76b4ca59af08bd6fc31425f3e",3588343,3000,296
"us__us-sex__minnesota__0-44__male","legacy","North_America/sex-stratified/USA/fitted_model/Minnesota_age_0-44_sex_M.rda","2ea195727c189cd4f740f2e5ce7b2524b4bbebd4abcff515c9eeb4d172f73092",3588343,3000,296
"us__us-sex__minnesota__45-64__female","legacy","North_America/sex-stratified/USA/fitted_model/Minnesota_age_45-64_sex_F.rda","075bafb35d731cfdb3fd0cf1115e7b23e0bedb9aad758a1ed8c77655b2d8fece",3600383,3000,296
"us__us-sex__minnesota__45-64__male","legacy","North_America/sex-stratified/USA/fitted_model/Minnesota_age_45-64_sex_M.rda","f1d1922b59a6c3778d3ef21a5a4d887710e3ec259a2858f415239e3c5006a262",3600383,3000,296
"us__us-sex__minnesota__65-84__female","legacy","North_America/sex-stratified/USA/fitted_model/Minnesota_age_65-84_sex_F.rda","fbd79c94629177b8b3049973d3e58f5e98eb24a9238d75ea5b22ba2d9d226e82",3600383,3000,296
"us__us-sex__minnesota__65-84__male","legacy","North_America/sex-stratified/USA/fitted_model/Minnesota_age_65-84_sex_M.rda","552617d4ca44851c15536d166d214239e39342ed9f4db6097528ea5b44b0d2dd",3600383,3000,296
"us__us-sex__minnesota__ge85__female","legacy","North_America/sex-stratified/USA/fitted_model/Minnesota_age_Over 85_sex_F.rda","bbcc7d88b227a2e083fdc161e7ed2b6fe5f94a81bffa4360bdf9448aab322b2f",3600383,3000,296
"us__us-sex__minnesota__ge85__male","legacy","North_America/sex-stratified/USA/fitted_model/Minnesota_age_Over 85_sex_M.rda","25c9fb6c696b6b1fb997daa22a494c8a4de3865290e88341ea1d8e22ce590d30",3600383,3000,296
"us__us-sex__mississippi__0-44__female","legacy","North_America/sex-stratified/USA/fitted_model/Mississippi_age_0-44_sex_F.rda","0e65fd9bb3edffb2d60b441f235c462625b3d4cbc413e4d122b4b1578be6692a",3588343,3000,296
"us__us-sex__mississippi__0-44__male","legacy","North_America/sex-stratified/USA/fitted_model/Mississippi_age_0-44_sex_M.rda","d138df50b8905cdd3b166b8ddd255d4b4e83569783af0ac782ab92992e7f6614",3600383,3000,296
"us__us-sex__mississippi__45-64__female","legacy","North_America/sex-stratified/USA/fitted_model/Mississippi_age_45-64_sex_F.rda","5c6da1229258e4a71f0bb8e46d6f3a6acfb78561a5f2d861a121fb6449776989",3600383,3000,296
"us__us-sex__mississippi__45-64__male","legacy","North_America/sex-stratified/USA/fitted_model/Mississippi_age_45-64_sex_M.rda","a7e54736b45f623fce1f721c151695db2d9e2defc507a5b54db6b8f7ba79360f",3600383,3000,296
"us__us-sex__mississippi__65-84__female","legacy","North_America/sex-stratified/USA/fitted_model/Mississippi_age_65-84_sex_F.rda","d1fde06a3df958971aad582964fe810ce9d2c8ffb6f3b2ea83bb419b06f90616",3600383,3000,296
"us__us-sex__mississippi__65-84__male","legacy","North_America/sex-stratified/USA/fitted_model/Mississippi_age_65-84_sex_M.rda","5cc8a723c5c39c38c24c74324435d62ed60a0cb5eb78545bc0ad9eedc9221cc0",3600383,3000,296
"us__us-sex__mississippi__ge85__female","legacy","North_America/sex-stratified/USA/fitted_model/Mississippi_age_Over 85_sex_F.rda","9719bba163e94ba42bf2de4ba63769b6a8da631c9c92cd0d985335d77f1fa1fe",3600383,3000,296
"us__us-sex__mississippi__ge85__male","legacy","North_America/sex-stratified/USA/fitted_model/Mississippi_age_Over 85_sex_M.rda","43548aa6139689ffc4673e4cd969038e43d893dee5c0d5e48d9873a99e47157b",3600383,3000,296
"us__us-sex__missouri__0-44__female","legacy","North_America/sex-stratified/USA/fitted_model/Missouri_age_0-44_sex_F.rda","c2ec283da436cd03c7a1b03c075385877043c92a6fbe4182bdc50a50415c3b24",3588343,3000,296
"us__us-sex__missouri__0-44__male","legacy","North_America/sex-stratified/USA/fitted_model/Missouri_age_0-44_sex_M.rda","18aa485523017b036b1208cc4a9a94ae465e9e2acab35bde9bc4a33d6f844b78",3588343,3000,296
"us__us-sex__missouri__45-64__female","legacy","North_America/sex-stratified/USA/fitted_model/Missouri_age_45-64_sex_F.rda","4b7cb7f6bcab09e680d4703ea570eac17de30f341d3a3a93697cdd0e7870342b",3600383,3000,296
"us__us-sex__missouri__45-64__male","legacy","North_America/sex-stratified/USA/fitted_model/Missouri_age_45-64_sex_M.rda","04988a685b1353fcbbd8cd19db46a48c0c9aec7d05d885717354b063a2f8d7d3",3600383,3000,296
"us__us-sex__missouri__65-84__female","legacy","North_America/sex-stratified/USA/fitted_model/Missouri_age_65-84_sex_F.rda","a7246c570286b0138b30897f9e8f0dd8c259e30438758195f9dfed17c4d9ed16",3600383,3000,296
"us__us-sex__missouri__65-84__male","legacy","North_America/sex-stratified/USA/fitted_model/Missouri_age_65-84_sex_M.rda","cb6836f5f4df6e8d6c0c9e75a1d9a4f4f5e1ff8d29b6af43a6c292ebd9181c8a",3600383,3000,296
"us__us-sex__missouri__ge85__female","legacy","North_America/sex-stratified/USA/fitted_model/Missouri_age_Over 85_sex_F.rda","465f1dd128640311345e12eaf179f41d997f45748a51d2008d20ebdd566c8a68",3600383,3000,296
"us__us-sex__missouri__ge85__male","legacy","North_America/sex-stratified/USA/fitted_model/Missouri_age_Over 85_sex_M.rda","3d036cd8516706a073d947ddf3231fd0ad3db9d08e14766a5c556e4f30344941",3600383,3000,296
"us__us-sex__montana__0-44__female","legacy","North_America/sex-stratified/USA/fitted_model/Montana_age_0-44_sex_F.rda","27127640febdbaca4d997fc597b0972fcf6d3bd36ade52475b3923853b320510",1348903,3000,111
"us__us-sex__montana__0-44__male","legacy","North_America/sex-stratified/USA/fitted_model/Montana_age_0-44_sex_M.rda","06697b6b8271e7507e982615acb2d2edc0f1ddcce80c6f9bd9395e2c4db40169",3407743,3000,281
"us__us-sex__montana__45-64__female","legacy","North_America/sex-stratified/USA/fitted_model/Montana_age_45-64_sex_F.rda","54047d77dd09f859a9618aafe1185660c2accce6b91e0139b6864b0f7b0ce226",3588343,3000,296
"us__us-sex__montana__45-64__male","legacy","North_America/sex-stratified/USA/fitted_model/Montana_age_45-64_sex_M.rda","8e03b0db05ad514032b81ba5aa37a6cc5d4f079cc63291cdeb02a7c048fee379",3600383,3000,296
"us__us-sex__montana__65-84__female","legacy","North_America/sex-stratified/USA/fitted_model/Montana_age_65-84_sex_F.rda","aa0f27307e826428ba72734832b778c9f315c34078ce3250a620f28b0ada107b",3600383,3000,296
"us__us-sex__montana__65-84__male","legacy","North_America/sex-stratified/USA/fitted_model/Montana_age_65-84_sex_M.rda","a1c00dee225748313d676c7a0d447e758bf00cc0a28019f2be2396e5e8b704f0",3600383,3000,296
"us__us-sex__montana__ge85__female","legacy","North_America/sex-stratified/USA/fitted_model/Montana_age_Over 85_sex_F.rda","704e747f216af56935b38b6961f6c9a8dda298b1a38e7bc9613cf6e501ff9597",3600383,3000,296
"us__us-sex__montana__ge85__male","legacy","North_America/sex-stratified/USA/fitted_model/Montana_age_Over 85_sex_M.rda","fa4c225348758c8b9d05561a403bd0768070cd6a39cb7e812ce8cddfce4c7aa9",3600383,3000,296
"us__us-sex__nebraska__0-44__female","legacy","North_America/sex-stratified/USA/fitted_model/Nebraska_age_0-44_sex_F.rda","5830dd3405edaaa946d762511823670abb8b7fa89ab22a3bdd4df4e9787ef332",2793703,3000,232
"us__us-sex__nebraska__0-44__male","legacy","North_America/sex-stratified/USA/fitted_model/Nebraska_age_0-44_sex_M.rda","47bcbeaebc35a1a5f54590f9156a87efbafbd915e3708f53f2547b82d33db2e3",3576303,3000,296
"us__us-sex__nebraska__45-64__female","legacy","North_America/sex-stratified/USA/fitted_model/Nebraska_age_45-64_sex_F.rda","be4f25637eeab4599209b81cc8318cc62aad866bc27f1e239661ec818ca9b5ee",3588343,3000,296
"us__us-sex__nebraska__45-64__male","legacy","North_America/sex-stratified/USA/fitted_model/Nebraska_age_45-64_sex_M.rda","17e2a10b6f2d64536710857180a7a9d21683c844060cae630dee84f7ac81b874",3588343,3000,296
"us__us-sex__nebraska__65-84__female","legacy","North_America/sex-stratified/USA/fitted_model/Nebraska_age_65-84_sex_F.rda","05d1c5aded56dce40a9a426d37dae149d4440573a5e5ec2f508d11547b312aa7",3600383,3000,296
"us__us-sex__nebraska__65-84__male","legacy","North_America/sex-stratified/USA/fitted_model/Nebraska_age_65-84_sex_M.rda","0bc631baa8f3948ca750840e5f50cdfff9a536c8eaa92963bf7912c9427957d0",3600383,3000,296
"us__us-sex__nebraska__ge85__female","legacy","North_America/sex-stratified/USA/fitted_model/Nebraska_age_Over 85_sex_F.rda","c3a35dfa2cd933ce40cd578781cee9f5a039e5fa38f93014de776b3f7faa6fa4",3600383,3000,296
"us__us-sex__nebraska__ge85__male","legacy","North_America/sex-stratified/USA/fitted_model/Nebraska_age_Over 85_sex_M.rda","a58ce85e9179cf44f418115067bcee0523b95a31985d93f65c7249f1f4e422ef",3600383,3000,296
"us__us-sex__nevada__0-44__female","legacy","North_America/sex-stratified/USA/fitted_model/Nevada_age_0-44_sex_F.rda","04ea9326d909ca37f3e305236a27202158f5422fb15de6e211aa2ac55d0be957",3564263,3000,296
"us__us-sex__nevada__0-44__male","legacy","North_America/sex-stratified/USA/fitted_model/Nevada_age_0-44_sex_M.rda","a6043ff92ee108ca71fceab5df01396cd706506bed6171ac489da97de116804a",3576303,3000,296
"us__us-sex__nevada__45-64__female","legacy","North_America/sex-stratified/USA/fitted_model/Nevada_age_45-64_sex_F.rda","91c23ff93a75d282cf4167a430e2d56894c9c9dc58de7d8bb02518e2620bcf5e",3576303,3000,296
"us__us-sex__nevada__45-64__male","legacy","North_America/sex-stratified/USA/fitted_model/Nevada_age_45-64_sex_M.rda","2d3719fa1fd8ffd31bbfcf591f1f51d6623c9cb8e4f58463f34a4234ca9cf154",3588343,3000,296
"us__us-sex__nevada__65-84__female","legacy","North_America/sex-stratified/USA/fitted_model/Nevada_age_65-84_sex_F.rda","9a1b3c25e9b9f2aec29fbaf8559fdb34878863f40542a2640aa0edef5a0fb171",3588343,3000,296
"us__us-sex__nevada__65-84__male","legacy","North_America/sex-stratified/USA/fitted_model/Nevada_age_65-84_sex_M.rda","37938bb25b895ff36cae9394b41042590f57f35be885dfcd52af0f05535faae2",3588343,3000,296
"us__us-sex__nevada__ge85__female","legacy","North_America/sex-stratified/USA/fitted_model/Nevada_age_Over 85_sex_F.rda","454b930c93fdce439114b76e95c1c3af7ef4a840fdaa2dad24802b886078e71d",3588343,3000,296
"us__us-sex__nevada__ge85__male","legacy","North_America/sex-stratified/USA/fitted_model/Nevada_age_Over 85_sex_M.rda","18c4552637b929cd97b0e147a28fb0f042540830efcd067a3ba1a91342fa4989",3588343,3000,296
"us__us-sex__new-hampshire__0-44__female","legacy","North_America/sex-stratified/USA/fitted_model/New Hampshire_age_0-44_sex_F.rda","7d0863226a65497302c67311fa511b7028536537d19a614e405f0f76b910a295",1505423,3000,123
"us__us-sex__new-hampshire__0-44__male","legacy","North_America/sex-stratified/USA/fitted_model/New Hampshire_age_0-44_sex_M.rda","f2310cfee961ecbcf44f69ac1974999898cadeeb0aed3ca4793e2cc2b77ce13d",3371623,3000,278
"us__us-sex__new-hampshire__45-64__female","legacy","North_America/sex-stratified/USA/fitted_model/New Hampshire_age_45-64_sex_F.rda","72edf32770a50536aabb92131681775d4e5e1f39ba211291a595479896bb9a8e",3600383,3000,296
"us__us-sex__new-hampshire__45-64__male","legacy","North_America/sex-stratified/USA/fitted_model/New Hampshire_age_45-64_sex_M.rda","36f2601a79ab4d36d0c3a14a2c23a5f8467e47e2311be829f540a20b5c06d579",3600383,3000,296
"us__us-sex__new-hampshire__65-84__female","legacy","North_America/sex-stratified/USA/fitted_model/New Hampshire_age_65-84_sex_F.rda","1d43b10cff012bf0398ba34e5b26eb98f8753a4fc217a1d40a4637d215c201ed",3600383,3000,296
"us__us-sex__new-hampshire__65-84__male","legacy","North_America/sex-stratified/USA/fitted_model/New Hampshire_age_65-84_sex_M.rda","60ed64e33354d29882a8bf0107ea63ba49d3164c8ca0f0a09582a987e1c127a0",3600383,3000,296
"us__us-sex__new-hampshire__ge85__female","legacy","North_America/sex-stratified/USA/fitted_model/New Hampshire_age_Over 85_sex_F.rda","4dc41f34303611be1d38440a215302150a49eb644db92d23ea72a3a181775097",3600383,3000,296
"us__us-sex__new-hampshire__ge85__male","legacy","North_America/sex-stratified/USA/fitted_model/New Hampshire_age_Over 85_sex_M.rda","16cb014a5c3d715ccde7f70e8d6e2eb229f8570b2f1b3b999655072404ed045e",3600383,3000,296
"us__us-sex__new-jersey__0-44__female","legacy","North_America/sex-stratified/USA/fitted_model/New Jersey_age_0-44_sex_F.rda","32ce6f1dc48ccffbbbcf793566a5e626a9ca951b260791acd3719e67cc87d709",3600383,3000,296
"us__us-sex__new-jersey__0-44__male","legacy","North_America/sex-stratified/USA/fitted_model/New Jersey_age_0-44_sex_M.rda","d4b1c139ec3d205cefb9f1e5eccc7799d8727c59b3f5aadccb90d426966f3dc1",3600383,3000,296
"us__us-sex__new-jersey__45-64__female","legacy","North_America/sex-stratified/USA/fitted_model/New Jersey_age_45-64_sex_F.rda","2e5baaad7af272e23bf34f8da96fed911c4dfdd0c52f18ad5c42648b95130771",3600383,3000,296
"us__us-sex__new-jersey__45-64__male","legacy","North_America/sex-stratified/USA/fitted_model/New Jersey_age_45-64_sex_M.rda","a13fb9cfd460e1203a9d8096538f0f1d4a03cab9c843d06e5db0d42a361c3d9c",3600383,3000,296
"us__us-sex__new-jersey__65-84__female","legacy","North_America/sex-stratified/USA/fitted_model/New Jersey_age_65-84_sex_F.rda","ef315808eafb63baba4907bd6e34576f5e32def98fb487d8d9f145464c093829",3600383,3000,296
"us__us-sex__new-jersey__65-84__male","legacy","North_America/sex-stratified/USA/fitted_model/New Jersey_age_65-84_sex_M.rda","739a74b529156111c4451adcdef62114e96ef9e47a506df2191a65fae47b467a",3600383,3000,296
"us__us-sex__new-jersey__ge85__female","legacy","North_America/sex-stratified/USA/fitted_model/New Jersey_age_Over 85_sex_F.rda","b18d58caf8ded09e1b18c9965e4123bb3daa9998e95330d05f372c5706b957fd",3600383,3000,296
"us__us-sex__new-jersey__ge85__male","legacy","North_America/sex-stratified/USA/fitted_model/New Jersey_age_Over 85_sex_M.rda","7b814a40078405e4ee18138759866e7437a5907b9e24638853a0619eac60ef19",3600383,3000,296
"us__us-sex__new-mexico__0-44__female","legacy","North_America/sex-stratified/USA/fitted_model/New Mexico_age_0-44_sex_F.rda","71f92acb907cd056a3227f8f00e4cf1be5d1da25d11d501f2c9fdea7d33ab1c4",3576303,3000,295
"us__us-sex__new-mexico__0-44__male","legacy","North_America/sex-stratified/USA/fitted_model/New Mexico_age_0-44_sex_M.rda","e01c69c3199d2960fc9bb0d51ff19003a54838031f4661c6dfaf730d286723d4",3588343,3000,296
"us__us-sex__new-mexico__45-64__female","legacy","North_America/sex-stratified/USA/fitted_model/New Mexico_age_45-64_sex_F.rda","1d2c745d9da45a577f58e2578468be93e901cd96728e44fcbd146d646821e4c0",3600383,3000,296
"us__us-sex__new-mexico__45-64__male","legacy","North_America/sex-stratified/USA/fitted_model/New Mexico_age_45-64_sex_M.rda","f63440af585aaa14c1e9c25bea353eb6afeaad4e389ab22fbceb183b8f15ee9a",3600383,3000,296
"us__us-sex__new-mexico__65-84__female","legacy","North_America/sex-stratified/USA/fitted_model/New Mexico_age_65-84_sex_F.rda","06e1f1a79998e80d70c77919d5aa073e3adcd8a57e79977e5f8254dec8943b32",3600383,3000,296
"us__us-sex__new-mexico__65-84__male","legacy","North_America/sex-stratified/USA/fitted_model/New Mexico_age_65-84_sex_M.rda","c14be38472bf38fa9885df3fafb886050b3a4e69b03cfb3ff1547314e6c322c9",3600383,3000,296
"us__us-sex__new-mexico__ge85__female","legacy","North_America/sex-stratified/USA/fitted_model/New Mexico_age_Over 85_sex_F.rda","2e43c42d9959d1091b74117a418e4797bd1d88dc05ed7be34012f91bfdaf5cf7",3600383,3000,296
"us__us-sex__new-mexico__ge85__male","legacy","North_America/sex-stratified/USA/fitted_model/New Mexico_age_Over 85_sex_M.rda","51c40ddf706fa49c5f64e3bfbe838f348697cbeca604c8f3a73d6a8881d75e28",3600383,3000,296
"us__us-sex__new-york__0-44__female","legacy","North_America/sex-stratified/USA/fitted_model/New York_age_0-44_sex_F.rda","4930fe47887949afbd9c187f2eae00c31ec96563a52877637d1fc62211c09216",3600383,3000,296
"us__us-sex__new-york__0-44__male","legacy","North_America/sex-stratified/USA/fitted_model/New York_age_0-44_sex_M.rda","989e5ce415aaf738acbe5d40ab7cb8973e662a26c599edee3f90114c81fe6fe6",3600383,3000,296
"us__us-sex__new-york__45-64__female","legacy","North_America/sex-stratified/USA/fitted_model/New York_age_45-64_sex_F.rda","027b962ec04227e8a9510cc278cc3846423fbf07d012115751bf4ffcdb68e607",3600383,3000,296
"us__us-sex__new-york__45-64__male","legacy","North_America/sex-stratified/USA/fitted_model/New York_age_45-64_sex_M.rda","08e10deeff39feb09d03d6d346972fb5c9358cee5a50e38fa9d6edbd2d6a8aa1",3600383,3000,296
"us__us-sex__new-york__65-84__female","legacy","North_America/sex-stratified/USA/fitted_model/New York_age_65-84_sex_F.rda","3b4af0b9b4f4b23342a0939abaf2c3e255243b793f9b2a1d5c7c97cc178a0778",3600383,3000,296
"us__us-sex__new-york__65-84__male","legacy","North_America/sex-stratified/USA/fitted_model/New York_age_65-84_sex_M.rda","5be0eeb45368a3b32f17eea06f52e4a6be9c2be087beb10ca4f9e6e9106dd666",3600383,3000,296
"us__us-sex__new-york__ge85__female","legacy","North_America/sex-stratified/USA/fitted_model/New York_age_Over 85_sex_F.rda","29cbb05d8595d02675f093a82175aee3f97c2404b635825986f491fa017c149a",3600383,3000,296
"us__us-sex__new-york__ge85__male","legacy","North_America/sex-stratified/USA/fitted_model/New York_age_Over 85_sex_M.rda","f571cb8958d1e35ee04bf26ba835a7a8b1fb76f1e7d51401723f5ca7983787cc",3600383,3000,296
"us__us-sex__north-carolina__0-44__female","legacy","North_America/sex-stratified/USA/fitted_model/North Carolina_age_0-44_sex_F.rda","aa71a7260d89d5fe86d6857c7d7611ac526f4c6265f3f12066ba10b10cf28719",3588343,3000,296
"us__us-sex__north-carolina__0-44__male","legacy","North_America/sex-stratified/USA/fitted_model/North Carolina_age_0-44_sex_M.rda","a993c3ec3cbe16f505b6940681f92ca32b9fd287575a761d2b1f6151cf4ddf48",3600383,3000,296
"us__us-sex__north-carolina__45-64__female","legacy","North_America/sex-stratified/USA/fitted_model/North Carolina_age_45-64_sex_F.rda","0a23efea244e5ba87bed8a2a7d3eac500c68055aac802c337cac5fc282f96afe",3600383,3000,296
"us__us-sex__north-carolina__45-64__male","legacy","North_America/sex-stratified/USA/fitted_model/North Carolina_age_45-64_sex_M.rda","a053a8825c9db42c4b07e9e8cba38e1d7d7cd298e18939d82a12d840c359a473",3600383,3000,296
"us__us-sex__north-carolina__65-84__female","legacy","North_America/sex-stratified/USA/fitted_model/North Carolina_age_65-84_sex_F.rda","3465bcdf416f2f655e4c4676523aed81a5568e1008004e60d8614f102505e506",3600383,3000,296
"us__us-sex__north-carolina__65-84__male","legacy","North_America/sex-stratified/USA/fitted_model/North Carolina_age_65-84_sex_M.rda","fb79246fdfb51d1ff6678c4d56d6b7ddcb55d58197e539debae847da97e0509e",3600383,3000,296
"us__us-sex__north-carolina__ge85__female","legacy","North_America/sex-stratified/USA/fitted_model/North Carolina_age_Over 85_sex_F.rda","0d1d3cdf19469d76aaaa42fa36b4f322ac18bff06eedb8079a53665ca45616d2",3600383,3000,296
"us__us-sex__north-carolina__ge85__male","legacy","North_America/sex-stratified/USA/fitted_model/North Carolina_age_Over 85_sex_M.rda","a77d314b25ad5a572363e8a29b50f7e377d7277214953a7e9c060e2639a8dff2",3600383,3000,296
"us__us-sex__north-dakota__0-44__female","legacy","North_America/sex-stratified/USA/fitted_model/North Dakota_age_0-44_sex_F.rda","2b9d0ca0fff2d6ee946a338c40484574c19b2b4905c516eea4ec8cd5d4ab8168",264863,3000,11
"us__us-sex__north-dakota__0-44__male","legacy","North_America/sex-stratified/USA/fitted_model/North Dakota_age_0-44_sex_M.rda","9c4439e7f1ac9e7aaf92d8314da04ee4421b51308f7e8ba8d60ec8aa689b00bf",1686023,3000,139
"us__us-sex__north-dakota__45-64__female","legacy","North_America/sex-stratified/USA/fitted_model/North Dakota_age_45-64_sex_F.rda","7127f1a9d2f3157fbc3716852d82f7c2f244ecf181129b970b9e365c3469e251",3552223,3000,293
"us__us-sex__north-dakota__45-64__male","legacy","North_America/sex-stratified/USA/fitted_model/North Dakota_age_45-64_sex_M.rda","f9b7f771ea63a35e04b95424b71783aa2245090489e735178fb7b6f36862c003",3588343,3000,296
"us__us-sex__north-dakota__65-84__female","legacy","North_America/sex-stratified/USA/fitted_model/North Dakota_age_65-84_sex_F.rda","f1f7f2dbc1a032b3797feb2dbcc600f172d00a81d3f07e6f9d247f7bb556a5f5",3588343,3000,296
"us__us-sex__north-dakota__65-84__male","legacy","North_America/sex-stratified/USA/fitted_model/North Dakota_age_65-84_sex_M.rda","f0aaa306d1a4daf4f05c4021afcc978f57e3fb3339488cb115b4f4c5d4f686ab",3600383,3000,296
"us__us-sex__north-dakota__ge85__female","legacy","North_America/sex-stratified/USA/fitted_model/North Dakota_age_Over 85_sex_F.rda","b0de0edacd4e084a874888c7f7009aae59cb7ba8a4e8812fbef01853a585d2f4",3600383,3000,296
"us__us-sex__north-dakota__ge85__male","legacy","North_America/sex-stratified/USA/fitted_model/North Dakota_age_Over 85_sex_M.rda","8ee004979010a8818712585443561ae89900452b0094c80d02667f704e72ebbc",3600383,3000,296
"us__us-sex__ohio__0-44__female","legacy","North_America/sex-stratified/USA/fitted_model/Ohio_age_0-44_sex_F.rda","bd594d93453bc2be01d3f29a6818181878d4c6f1a530379974080a1b02ac8cf8",3600383,3000,296
"us__us-sex__ohio__0-44__male","legacy","North_America/sex-stratified/USA/fitted_model/Ohio_age_0-44_sex_M.rda","1b42d6a30b14ced820f2e706bef8727ffcadec96b0de015d903bb6bbca954166",3600383,3000,296
"us__us-sex__ohio__45-64__female","legacy","North_America/sex-stratified/USA/fitted_model/Ohio_age_45-64_sex_F.rda","6f0b807270fe4320d14bafa12d28d05303fa1a36428562457c35adef06712668",3600383,3000,296
"us__us-sex__ohio__45-64__male","legacy","North_America/sex-stratified/USA/fitted_model/Ohio_age_45-64_sex_M.rda","3dad06f12b01940f472b6704015d27231fb549aa38497ca3e4c12ca012311ed6",3600383,3000,296
"us__us-sex__ohio__65-84__female","legacy","North_America/sex-stratified/USA/fitted_model/Ohio_age_65-84_sex_F.rda","e7ce479be12cb7f579024fb62dd9c9d62d146dd6e164c74b6dcfcd5aa85348ea",3600383,3000,296
"us__us-sex__ohio__65-84__male","legacy","North_America/sex-stratified/USA/fitted_model/Ohio_age_65-84_sex_M.rda","56c6a6fa1db378b939f8219b8356b2f1569277a759d59f1016c41457223f9ab4",3600383,3000,296
"us__us-sex__ohio__ge85__female","legacy","North_America/sex-stratified/USA/fitted_model/Ohio_age_Over 85_sex_F.rda","c314f97b136ee64c6fdebcfc8c80d102f4889f41773a5ca64c408dde37c2fa17",3600383,3000,296
"us__us-sex__ohio__ge85__male","legacy","North_America/sex-stratified/USA/fitted_model/Ohio_age_Over 85_sex_M.rda","2f4b0f4866451d0f87a5cea5c5acbd4e0ed0ce61acac9b62eaa907eb107aa4c4",3600383,3000,296
"us__us-sex__oklahoma__0-44__female","legacy","North_America/sex-stratified/USA/fitted_model/Oklahoma_age_0-44_sex_F.rda","cbcbc7a810be5d90772b5f62fd22da7db630fad8aee23d1b9ab0178093fa6b49",3588343,3000,296
"us__us-sex__oklahoma__0-44__male","legacy","North_America/sex-stratified/USA/fitted_model/Oklahoma_age_0-44_sex_M.rda","707d90ef350999e53231514e240b3d0f010910ec3117aa64bbe56422db189025",3600383,3000,296
"us__us-sex__oklahoma__45-64__female","legacy","North_America/sex-stratified/USA/fitted_model/Oklahoma_age_45-64_sex_F.rda","c36fc3b8cb5d3a0cef935d94ee69f331604f38c217be677cbe3e86aadf010c3c",3600383,3000,296
"us__us-sex__oklahoma__45-64__male","legacy","North_America/sex-stratified/USA/fitted_model/Oklahoma_age_45-64_sex_M.rda","8ecd7b32937dcee22a138950268bb8b5cb226fb0bf8e2f922f59cb7cbd2b4b34",3600383,3000,296
"us__us-sex__oklahoma__65-84__female","legacy","North_America/sex-stratified/USA/fitted_model/Oklahoma_age_65-84_sex_F.rda","5beec1f7b1ce97ef27827108e413199c31433c31619d5c2dd9abf55f9864fe97",3600383,3000,296
"us__us-sex__oklahoma__65-84__male","legacy","North_America/sex-stratified/USA/fitted_model/Oklahoma_age_65-84_sex_M.rda","550f71415e1a3264de40254bf1f2c512ac56c5da326b0c88097ef5f29c896f26",3600383,3000,296
"us__us-sex__oklahoma__ge85__female","legacy","North_America/sex-stratified/USA/fitted_model/Oklahoma_age_Over 85_sex_F.rda","4fcd53714fdc307646ca5dde39ad1d7eba6aa29e47b6ec18d44589c3403a86d8",3600383,3000,296
"us__us-sex__oklahoma__ge85__male","legacy","North_America/sex-stratified/USA/fitted_model/Oklahoma_age_Over 85_sex_M.rda","e0502d22d1b1e1cb91d8b0bd1017b31f0d769a88c260ceddc99fe8be783f00e5",3600383,3000,296
"us__us-sex__oregon__0-44__female","legacy","North_America/sex-stratified/USA/fitted_model/Oregon_age_0-44_sex_F.rda","1f1d60697ef04e00821d6aca8213795d640175df92dfb0aed2c5c16f6fa4d737",3588343,3000,296
"us__us-sex__oregon__0-44__male","legacy","North_America/sex-stratified/USA/fitted_model/Oregon_age_0-44_sex_M.rda","7994cbd3620ca892159a193a06dac52cf506a97d4cf2f0c089e971cdf5feaefb",3588343,3000,296
"us__us-sex__oregon__45-64__female","legacy","North_America/sex-stratified/USA/fitted_model/Oregon_age_45-64_sex_F.rda","131d9884829a3d3680341fb47338fc8dd9404f24ae26c68450bf4773386e3fc5",3600383,3000,296
"us__us-sex__oregon__45-64__male","legacy","North_America/sex-stratified/USA/fitted_model/Oregon_age_45-64_sex_M.rda","291261b24156a38bf463f0e7a68f6293507d15bb6b32f989e8d5498fd78a5f30",3600383,3000,296
"us__us-sex__oregon__65-84__female","legacy","North_America/sex-stratified/USA/fitted_model/Oregon_age_65-84_sex_F.rda","79a691eb7a8ee6e58fa9f756f9bcbadf58e9a8767c897925c77c9900ceb4b4b3",3600383,3000,296
"us__us-sex__oregon__65-84__male","legacy","North_America/sex-stratified/USA/fitted_model/Oregon_age_65-84_sex_M.rda","1ea7a252fc6d7aa5759a1f376bf230541efeb78aed38b310c1917d269a1e0bd5",3600383,3000,296
"us__us-sex__oregon__ge85__female","legacy","North_America/sex-stratified/USA/fitted_model/Oregon_age_Over 85_sex_F.rda","352391b94afd9a59a0e67b0e53d237dc513ed8542ec2b0fc6ef98c3ab36e4240",3600383,3000,296
"us__us-sex__oregon__ge85__male","legacy","North_America/sex-stratified/USA/fitted_model/Oregon_age_Over 85_sex_M.rda","f1ef30e6a55d3a759243024fff02eebdb289685b1da81ee26bdf4f8efbc2c159",3600383,3000,296
"us__us-sex__pennsylvania__0-44__female","legacy","North_America/sex-stratified/USA/fitted_model/Pennsylvania_age_0-44_sex_F.rda","15ece94f91f3db6510c194eefa8a1f19754bf1822bb1eab438ca1fcff3a34569",3600383,3000,296
"us__us-sex__pennsylvania__0-44__male","legacy","North_America/sex-stratified/USA/fitted_model/Pennsylvania_age_0-44_sex_M.rda","0feb6d068c727850b5b30b55b4deaa3a9ace8a65c2034500a5b1e418a4a2963a",3600383,3000,296
"us__us-sex__pennsylvania__45-64__female","legacy","North_America/sex-stratified/USA/fitted_model/Pennsylvania_age_45-64_sex_F.rda","5bb8cf4e5c9f1a9b401c0226892000dc22bf55c2be1909c42d7d964b37b0cbe1",3600383,3000,296
"us__us-sex__pennsylvania__45-64__male","legacy","North_America/sex-stratified/USA/fitted_model/Pennsylvania_age_45-64_sex_M.rda","1cb8fef46cc29bc412ceb600a5e2bc7f22cdff613b252adfdd290c3dc41752eb",3600383,3000,296
"us__us-sex__pennsylvania__65-84__female","legacy","North_America/sex-stratified/USA/fitted_model/Pennsylvania_age_65-84_sex_F.rda","2349de42f16d1a6cae6245e30c599f59ff569f35493244b40dbd0ea662dd5675",3600383,3000,296
"us__us-sex__pennsylvania__65-84__male","legacy","North_America/sex-stratified/USA/fitted_model/Pennsylvania_age_65-84_sex_M.rda","9fce01c41ec027ee1c39f6b596fd4c1c6bd6d78a066a9ec39fe2b59da3929e18",3600383,3000,296
"us__us-sex__pennsylvania__ge85__female","legacy","North_America/sex-stratified/USA/fitted_model/Pennsylvania_age_Over 85_sex_F.rda","aad22ff9c9321b830c917406eb5fe876723c234759b64a6c5eb4946702428070",3600383,3000,296
"us__us-sex__pennsylvania__ge85__male","legacy","North_America/sex-stratified/USA/fitted_model/Pennsylvania_age_Over 85_sex_M.rda","bb0888614d4d075d584e5c387667f8bc8963d522683bddb4fbef1e40bca9288c",3600383,3000,296
"us__us-sex__rhode-island__0-44__female","legacy","North_America/sex-stratified/USA/fitted_model/Rhode Island_age_0-44_sex_F.rda","9e6ded858b1410fabd330e7f2a9045388bc1c1def11c5277b0dcf4edd57ae734",807103,3000,66
"us__us-sex__rhode-island__0-44__male","legacy","North_America/sex-stratified/USA/fitted_model/Rhode Island_age_0-44_sex_M.rda","7d9a514f970a972784a0de8341da6256652172f07979e239d56b7e130b459670",3046543,3000,251
"us__us-sex__rhode-island__45-64__female","legacy","North_America/sex-stratified/USA/fitted_model/Rhode Island_age_45-64_sex_F.rda","bf89d0d7103b64cd5fa4d05349a86c8306c719a87bec040d4edf469f6f648bb4",3600383,3000,296
"us__us-sex__rhode-island__45-64__male","legacy","North_America/sex-stratified/USA/fitted_model/Rhode Island_age_45-64_sex_M.rda","0ff962934ca9ece9605be2661c751993e49a88a89c33db27360913e4d1aa0a5d",3600383,3000,296
"us__us-sex__rhode-island__65-84__female","legacy","North_America/sex-stratified/USA/fitted_model/Rhode Island_age_65-84_sex_F.rda","a7edd8b2592e7c57d302f103e1574f1e3dca7b33ddce7a9569338721c02c974c",3600383,3000,296
"us__us-sex__rhode-island__65-84__male","legacy","North_America/sex-stratified/USA/fitted_model/Rhode Island_age_65-84_sex_M.rda","59be30057cf8473141ebbf88822f2e9ddf5924236a523af912feb3ba4940be0c",3600383,3000,296
"us__us-sex__rhode-island__ge85__female","legacy","North_America/sex-stratified/USA/fitted_model/Rhode Island_age_Over 85_sex_F.rda","a20d4bf21a0b4d585daa3ccc6ef014f0f37dfc4f0b70b79e7940f9c65f7db58f",3600383,3000,296
"us__us-sex__rhode-island__ge85__male","legacy","North_America/sex-stratified/USA/fitted_model/Rhode Island_age_Over 85_sex_M.rda","25f06ed35c0d44d89f838ad082a9fcd545fa036d44013702e7edbdb43000cd11",3600383,3000,296
"us__us-sex__south-carolina__0-44__female","legacy","North_America/sex-stratified/USA/fitted_model/South Carolina_age_0-44_sex_F.rda","52fce21602d7fbc5d10ec7950f137fa1967c22c4d9318bc25cca5498544904b2",3600383,3000,296
"us__us-sex__south-carolina__0-44__male","legacy","North_America/sex-stratified/USA/fitted_model/South Carolina_age_0-44_sex_M.rda","d5b90ea03e1b6a0d5fd4e12ffdbd2d992975828171d9038fc7eea898da39801c",3600383,3000,296
"us__us-sex__south-carolina__45-64__female","legacy","North_America/sex-stratified/USA/fitted_model/South Carolina_age_45-64_sex_F.rda","9a51628402c87ae8e4cce66e86a7a6c4c7aa2aebdbdf62b0f42e19d25158a4c5",3600383,3000,296
"us__us-sex__south-carolina__45-64__male","legacy","North_America/sex-stratified/USA/fitted_model/South Carolina_age_45-64_sex_M.rda","6a54440b07ca5cc63fbc29fb8d859e199b7e9432800862f2818d7b2018d6e479",3600383,3000,296
"us__us-sex__south-carolina__65-84__female","legacy","North_America/sex-stratified/USA/fitted_model/South Carolina_age_65-84_sex_F.rda","ea103fe09e4abbcfad8e9df464b197dbda411f7d8bd2fd56dc7a087e7ec19472",3600383,3000,296
"us__us-sex__south-carolina__65-84__male","legacy","North_America/sex-stratified/USA/fitted_model/South Carolina_age_65-84_sex_M.rda","32afcc1e252c6c4914d3f2c3258b36d32a3106da75b832cdedfffeb603017673",3600383,3000,296
"us__us-sex__south-carolina__ge85__female","legacy","North_America/sex-stratified/USA/fitted_model/South Carolina_age_Over 85_sex_F.rda","efa5b0a20d38a81c676a8e3f095c6433056e95b38d3f66c89aa92ccac2c1c8d2",3600383,3000,296
"us__us-sex__south-carolina__ge85__male","legacy","North_America/sex-stratified/USA/fitted_model/South Carolina_age_Over 85_sex_M.rda","5c95fe6bd0d031c10108b41c8b0431d735c1a72e800838378f44824d20535668",3600383,3000,296
"us__us-sex__south-dakota__0-44__female","legacy","North_America/sex-stratified/USA/fitted_model/South Dakota_age_0-44_sex_F.rda","a16e35793e1fac9bd717d14d52c00c52de4dda6ed316d1ae899b7f0c2b0bbe8b",626503,3000,52
"us__us-sex__south-dakota__0-44__male","legacy","North_America/sex-stratified/USA/fitted_model/South Dakota_age_0-44_sex_M.rda","560a1481fc8b1c8695bfcdee676b17165fc8488c2b342e8f05b70072b75230c8",2504743,3000,208
"us__us-sex__south-dakota__45-64__female","legacy","North_America/sex-stratified/USA/fitted_model/South Dakota_age_45-64_sex_F.rda","8c339cc0e9c4383b675ee53aede1d173062368247881853f6fdae4de24b20b38",3588343,3000,296
"us__us-sex__south-dakota__45-64__male","legacy","North_America/sex-stratified/USA/fitted_model/South Dakota_age_45-64_sex_M.rda","fe056875f5af89e4dd484d94f56ff0eced70b73fc405ed6fda3ee799f883f2d5",3588343,3000,296
"us__us-sex__south-dakota__65-84__female","legacy","North_America/sex-stratified/USA/fitted_model/South Dakota_age_65-84_sex_F.rda","158b9bb1b8c48c69b4f318bea7303bc362bbbe335b7b60ca76550aa99cc3769e",3600383,3000,296
"us__us-sex__south-dakota__65-84__male","legacy","North_America/sex-stratified/USA/fitted_model/South Dakota_age_65-84_sex_M.rda","134ddb418d896f5663ea7d266fb247cf0f31120c07cb5752a2c67f066f5e84ed",3600383,3000,296
"us__us-sex__south-dakota__ge85__female","legacy","North_America/sex-stratified/USA/fitted_model/South Dakota_age_Over 85_sex_F.rda","8483208da2ac1dd38c7bb7c437e1b7bc900bb8c94f6078c012cdd3587819cb18",3600383,3000,296
"us__us-sex__south-dakota__ge85__male","legacy","North_America/sex-stratified/USA/fitted_model/South Dakota_age_Over 85_sex_M.rda","d87ff124d872890508195306c5d4ed50546713593425f59bd18d2c33412c735f",3600383,3000,296
"us__us-sex__tennessee__0-44__female","legacy","North_America/sex-stratified/USA/fitted_model/Tennessee_age_0-44_sex_F.rda","d447cf81ebb4a3d121c4499fe03dc7a5df2c563a5d8601c58b6cb2c03ac785f9",3600383,3000,296
"us__us-sex__tennessee__0-44__male","legacy","North_America/sex-stratified/USA/fitted_model/Tennessee_age_0-44_sex_M.rda","71e713a6344a0c4165e9b490ed2451c8dcd3a5516fb4e35391af5f2b16ec565b",3600383,3000,296
"us__us-sex__tennessee__45-64__female","legacy","North_America/sex-stratified/USA/fitted_model/Tennessee_age_45-64_sex_F.rda","76766e2a12298d4896e737463728271391a8cfcbba144b8f4c23fa10b9b1eb3f",3600383,3000,296
"us__us-sex__tennessee__45-64__male","legacy","North_America/sex-stratified/USA/fitted_model/Tennessee_age_45-64_sex_M.rda","3373275a5b62cc7bec65f97f70e129e929d7a1e1ac43fb25e090f58068397bb7",3600383,3000,296
"us__us-sex__tennessee__65-84__female","legacy","North_America/sex-stratified/USA/fitted_model/Tennessee_age_65-84_sex_F.rda","520a5ba88d8910b56574011e23fb8bb6ae6c02c9af6e1bb783fe3f0ab63ac18d",3600383,3000,296
"us__us-sex__tennessee__65-84__male","legacy","North_America/sex-stratified/USA/fitted_model/Tennessee_age_65-84_sex_M.rda","9658ffe475a02a5bf28f86f76bcc3b44f035e033c77fec1afcafaab3c5474d3b",3600383,3000,296
"us__us-sex__tennessee__ge85__female","legacy","North_America/sex-stratified/USA/fitted_model/Tennessee_age_Over 85_sex_F.rda","be57d71b48574693abd39191a5cb5fd8246cf96d89c207bbfb06a292e17c21a1",3600383,3000,296
"us__us-sex__tennessee__ge85__male","legacy","North_America/sex-stratified/USA/fitted_model/Tennessee_age_Over 85_sex_M.rda","c26da6e1688b9a6be34c65996858aced8db8534e3112953aa6fa155080ef2fff",3600383,3000,296
"us__us-sex__texas__0-44__female","legacy","North_America/sex-stratified/USA/fitted_model/Texas_age_0-44_sex_F.rda","4ac6a39456473e9737238fc385c7d506022e93f5bc95b0c96dbee30395bbf5e8",3600383,3000,296
"us__us-sex__texas__0-44__male","legacy","North_America/sex-stratified/USA/fitted_model/Texas_age_0-44_sex_M.rda","bdfb3f1dc912928e3707f2171c6108c15f66c5a2cf70447b0dbf2c76ba3b7c9a",3600383,3000,296
"us__us-sex__texas__45-64__female","legacy","North_America/sex-stratified/USA/fitted_model/Texas_age_45-64_sex_F.rda","1bba2159667a82adb544763c5ced5f97c3192d8d651be2cf0ec42fd500cf31c6",3600383,3000,296
"us__us-sex__texas__45-64__male","legacy","North_America/sex-stratified/USA/fitted_model/Texas_age_45-64_sex_M.rda","5677d155e96e1eebb3af55da6fc062ba6daa5edb293b8577f2a5ff6265a15708",3600383,3000,296
"us__us-sex__texas__65-84__female","legacy","North_America/sex-stratified/USA/fitted_model/Texas_age_65-84_sex_F.rda","3a7decfbb36796e4ed24029a6839e398a87be4f25ad4f2a214d2ae652eea33ab",3600383,3000,296
"us__us-sex__texas__65-84__male","legacy","North_America/sex-stratified/USA/fitted_model/Texas_age_65-84_sex_M.rda","d8af1229d56a394c9f8dce20a91fa6241ec8f64c43deb50dc2366b10b19063ab",3600383,3000,296
"us__us-sex__texas__ge85__female","legacy","North_America/sex-stratified/USA/fitted_model/Texas_age_Over 85_sex_F.rda","1a3ee6171cdc3bf46492b865b9e5f074c68f663927de36ac50fb7c2d373d53de",3600383,3000,296
"us__us-sex__texas__ge85__male","legacy","North_America/sex-stratified/USA/fitted_model/Texas_age_Over 85_sex_M.rda","14db8ddb25e93a346ea500da27401bf05f239d148b843aa8ca64ae5941215af5",3600383,3000,296
"us__us-sex__utah__0-44__female","legacy","North_America/sex-stratified/USA/fitted_model/Utah_age_0-44_sex_F.rda","68091d95c3dde84b9199160a7e091a23a22f2588ce5f3a9d241676ee31bf7526",3588343,3000,296
"us__us-sex__utah__0-44__male","legacy","North_America/sex-stratified/USA/fitted_model/Utah_age_0-44_sex_M.rda","af1f7c77305fa18b61a230c80dadea7d16069ac7b03e3a2819e8fe1766415234",3600383,3000,296
"us__us-sex__utah__45-64__female","legacy","North_America/sex-stratified/USA/fitted_model/Utah_age_45-64_sex_F.rda","d88f9dad58c1761e1d603128913c9e2b12465af00ae9bb93d00385290fa2268c",3600383,3000,296
"us__us-sex__utah__45-64__male","legacy","North_America/sex-stratified/USA/fitted_model/Utah_age_45-64_sex_M.rda","5351a172342349bc1511d57280cf084285e8a5edbde500674bdbe14ef06e48dc",3600383,3000,296
"us__us-sex__utah__65-84__female","legacy","North_America/sex-stratified/USA/fitted_model/Utah_age_65-84_sex_F.rda","99bd5be340c96770de4ec2f9ac64e30abcb5b9ca6ed83cbc217673d779194a4e",3600383,3000,296
"us__us-sex__utah__65-84__male","legacy","North_America/sex-stratified/USA/fitted_model/Utah_age_65-84_sex_M.rda","bd75025dc7de37db92c750590c4f4691736c4adc558341c27a8ec2cb40cdde3e",3600383,3000,296
"us__us-sex__utah__ge85__female","legacy","North_America/sex-stratified/USA/fitted_model/Utah_age_Over 85_sex_F.rda","ff1feee0d041b2ae643de9d8339ec8907c8a333e85c7208ec6373754be966a77",3600383,3000,296
"us__us-sex__utah__ge85__male","legacy","North_America/sex-stratified/USA/fitted_model/Utah_age_Over 85_sex_M.rda","c2635233484be2fe1aa6cfd0e07570ce719578dde9af984dda5ac658a407588b",3600383,3000,296
"us__us-sex__vermont__45-64__female","legacy","North_America/sex-stratified/USA/fitted_model/Vermont_age_45-64_sex_F.rda","7959c153761f1bf1ff14b42dd55b0ab7396a1081539da6f5b964aea46a05024b",3576303,3000,295
"us__us-sex__vermont__45-64__male","legacy","North_America/sex-stratified/USA/fitted_model/Vermont_age_45-64_sex_M.rda","b644a07552874c75c341bcd2a40b968bf655dcf56cb76336e55cc242a234a33a",3600383,3000,296
"us__us-sex__vermont__65-84__female","legacy","North_America/sex-stratified/USA/fitted_model/Vermont_age_65-84_sex_F.rda","850c5bf89035ed187aac3eb6224f86eeade02d23d4fd5aeea7336c9e623d5044",3600383,3000,296
"us__us-sex__vermont__65-84__male","legacy","North_America/sex-stratified/USA/fitted_model/Vermont_age_65-84_sex_M.rda","6a2b330b5e49d7e9a72985520921e863797ac7e67a3ee4c15b14da80ba5471cd",3600383,3000,296
"us__us-sex__vermont__ge85__female","legacy","North_America/sex-stratified/USA/fitted_model/Vermont_age_Over 85_sex_F.rda","b6c68df36f6518199e19de666bf0fc2adfd33a3e582569cb30808de79293569d",3600383,3000,296
"us__us-sex__vermont__ge85__male","legacy","North_America/sex-stratified/USA/fitted_model/Vermont_age_Over 85_sex_M.rda","2b10029dae95f84b8087aea01133fa5bfdc55d3506f179ee0cd0add448977c12",3600383,3000,296
"us__us-sex__virginia__0-44__female","legacy","North_America/sex-stratified/USA/fitted_model/Virginia_age_0-44_sex_F.rda","2621df98e3d5cd06e136dd8d102ecba54f60ef19da851b1e72c5045576e3122a",3600383,3000,296
"us__us-sex__virginia__0-44__male","legacy","North_America/sex-stratified/USA/fitted_model/Virginia_age_0-44_sex_M.rda","5a8c67889b153850cb89fc71a21eca403a2b2ce97d728bca6ed62bff2c103886",3600383,3000,296
"us__us-sex__virginia__45-64__female","legacy","North_America/sex-stratified/USA/fitted_model/Virginia_age_45-64_sex_F.rda","ad1a0ff26498d8e78bb046cb277438aeeb3ccb761186cd003eeb013cdeaf2c64",3600383,3000,296
"us__us-sex__virginia__45-64__male","legacy","North_America/sex-stratified/USA/fitted_model/Virginia_age_45-64_sex_M.rda","597ed851d1c5d8090586e80e987bfce4b8841e372f36e75b5963d805e2fbe6cf",3600383,3000,296
"us__us-sex__virginia__65-84__female","legacy","North_America/sex-stratified/USA/fitted_model/Virginia_age_65-84_sex_F.rda","6be2c24e92fe0ce17ea9a70c04d3e41b950af9c778fdb3c7d38a8cc575614e07",3600383,3000,296
"us__us-sex__virginia__65-84__male","legacy","North_America/sex-stratified/USA/fitted_model/Virginia_age_65-84_sex_M.rda","e04977470c4f97f1c07151b5be3929788a3ae4f9332803009cda4ba4ffa82a73",3600383,3000,296
"us__us-sex__virginia__ge85__female","legacy","North_America/sex-stratified/USA/fitted_model/Virginia_age_Over 85_sex_F.rda","58855728e8571f7ac82de426f9f7a12d9b031fc3ecfdc1ff3b324df6e09cd360",3600383,3000,296
"us__us-sex__virginia__ge85__male","legacy","North_America/sex-stratified/USA/fitted_model/Virginia_age_Over 85_sex_M.rda","47892f97dc971d824265dca82ef70b8411ff78c55d8bca0168ef4f8b917f9744",3600383,3000,296
"us__us-sex__washington__0-44__female","legacy","North_America/sex-stratified/USA/fitted_model/Washington_age_0-44_sex_F.rda","97a4f1d07a45ac2845fa497cca6b74eb6bea3b5d0705a26ccdb2e0f0ebeef680",3600383,3000,296
"us__us-sex__washington__0-44__male","legacy","North_America/sex-stratified/USA/fitted_model/Washington_age_0-44_sex_M.rda","e9a9267f2efeed2ca4b943d4fbc7e54a20e4f15731b87518b8ffbbc6c6d2e4d9",3600383,3000,296
"us__us-sex__washington__45-64__female","legacy","North_America/sex-stratified/USA/fitted_model/Washington_age_45-64_sex_F.rda","81d34d64b95b0984e7da36d79be65843aa88a79fa3992e27f2902c24ad7b46b0",3600383,3000,296
"us__us-sex__washington__45-64__male","legacy","North_America/sex-stratified/USA/fitted_model/Washington_age_45-64_sex_M.rda","d8f62bc28b544fa04f7056ee7b13ff8156e18130e3492adf47293f09fe3bff1e",3600383,3000,296
"us__us-sex__washington__65-84__female","legacy","North_America/sex-stratified/USA/fitted_model/Washington_age_65-84_sex_F.rda","8d6b47aac4e78ef21d860703082e8a1ecea64639ce5df024853b3d35c4a87bd6",3600383,3000,296
"us__us-sex__washington__65-84__male","legacy","North_America/sex-stratified/USA/fitted_model/Washington_age_65-84_sex_M.rda","b4446bc1b9a0fa3cb9d641094a6f2e86efc92880efeef8fb907f584c2ad6835a",3600383,3000,296
"us__us-sex__washington__ge85__female","legacy","North_America/sex-stratified/USA/fitted_model/Washington_age_Over 85_sex_F.rda","23c5f13248664048f6d01df835762a1e137a6e33c377403ba91ba84367d31760",3600383,3000,296
"us__us-sex__washington__ge85__male","legacy","North_America/sex-stratified/USA/fitted_model/Washington_age_Over 85_sex_M.rda","58ca758c2d001efc1886042efd7a7eb158c7d799902eabf5d5970a0bbccc9f8e",3600383,3000,296
"us__us-sex__west-virginia__0-44__female","legacy","North_America/sex-stratified/USA/fitted_model/West Virginia_age_0-44_sex_F.rda","078b1729e8b811ba91cd30bec9c603c47151584f00665dcade323fe07d88e749",3576303,3000,295
"us__us-sex__west-virginia__0-44__male","legacy","North_America/sex-stratified/USA/fitted_model/West Virginia_age_0-44_sex_M.rda","10150e626864555b9454dfe2993f215057d13f332afcf972b5954e9d8f08b1ad",3588343,3000,296
"us__us-sex__west-virginia__45-64__female","legacy","North_America/sex-stratified/USA/fitted_model/West Virginia_age_45-64_sex_F.rda","7e7b51dfaffcea132400e75c50d9bf005a7637782bf5f4adfe9159e02ee28fab",3600383,3000,296
"us__us-sex__west-virginia__45-64__male","legacy","North_America/sex-stratified/USA/fitted_model/West Virginia_age_45-64_sex_M.rda","f42f77a7ec6c4b28e11c02e25e1e0b96733fd09c209f95ff32808f0ad68dd22c",3600383,3000,296
"us__us-sex__west-virginia__65-84__female","legacy","North_America/sex-stratified/USA/fitted_model/West Virginia_age_65-84_sex_F.rda","366fcf15fbebc5dfd7cb263867146e9ee3695ff99335ddbef7487de5c1889ba5",3600383,3000,296
"us__us-sex__west-virginia__65-84__male","legacy","North_America/sex-stratified/USA/fitted_model/West Virginia_age_65-84_sex_M.rda","daf4f8fef9f42e597aa421449fc041f526e56197d96799af40daad60eda989fc",3600383,3000,296
"us__us-sex__west-virginia__ge85__female","legacy","North_America/sex-stratified/USA/fitted_model/West Virginia_age_Over 85_sex_F.rda","d46722634be759b101c3ff766fe98b82b49859db0194ef505ba79be24ebbc27d",3600383,3000,296
"us__us-sex__west-virginia__ge85__male","legacy","North_America/sex-stratified/USA/fitted_model/West Virginia_age_Over 85_sex_M.rda","c1f5f50fdffe63bc6eceb3e25e0a2e410574252cb7b0a2dd83bfa17236f40fa7",3600383,3000,296
"us__us-sex__wisconsin__0-44__female","legacy","North_America/sex-stratified/USA/fitted_model/Wisconsin_age_0-44_sex_F.rda","d254d26d151530290f5c1aae6fa2da943bc4fadcbe84083efd6b6c08bfd13d4a",3588343,3000,296
"us__us-sex__wisconsin__0-44__male","legacy","North_America/sex-stratified/USA/fitted_model/Wisconsin_age_0-44_sex_M.rda","5a3d487ad76c9272c4ccfd3b65e099a05fecb9c43ef46c75763ab02821811dc7",3600383,3000,296
"us__us-sex__wisconsin__45-64__female","legacy","North_America/sex-stratified/USA/fitted_model/Wisconsin_age_45-64_sex_F.rda","1fccdd60dc6e97457ec2151604556b2d29bd0f50341fd90f504e73919a30b4ef",3600383,3000,296
"us__us-sex__wisconsin__45-64__male","legacy","North_America/sex-stratified/USA/fitted_model/Wisconsin_age_45-64_sex_M.rda","53e7518b3da79553bdc5f00a293f6573d5e6af99e44dc2fa0a08f4061a8142e5",3600383,3000,296
"us__us-sex__wisconsin__65-84__female","legacy","North_America/sex-stratified/USA/fitted_model/Wisconsin_age_65-84_sex_F.rda","7e74e84a0373ae25f2d3dee5dea332a0bfce59c67e97d3b4464875056cb7bd3e",3600383,3000,296
"us__us-sex__wisconsin__65-84__male","legacy","North_America/sex-stratified/USA/fitted_model/Wisconsin_age_65-84_sex_M.rda","bc3ba3c4611b87a598d4577f5f32c3f85332b13a940962875c18ce99dee7ce55",3600383,3000,296
"us__us-sex__wisconsin__ge85__female","legacy","North_America/sex-stratified/USA/fitted_model/Wisconsin_age_Over 85_sex_F.rda","130f5f06d327ad2d769221a599bfda40ed817dd1737a93cc2697d3d5075a7224",3600383,3000,296
"us__us-sex__wisconsin__ge85__male","legacy","North_America/sex-stratified/USA/fitted_model/Wisconsin_age_Over 85_sex_M.rda","4b22965933f00438144bbfb370acd7744e76f8a934d263acd7a41ef742f0c6ff",3600383,3000,296
"us__us-sex__wyoming__0-44__female","legacy","North_America/sex-stratified/USA/fitted_model/Wyoming_age_0-44_sex_F.rda","8b4ea7531be42cca84d4f97375e94b0cb3cdb7dc07cb0599f6c0645fec493108",336983,3000,14
"us__us-sex__wyoming__0-44__male","legacy","North_America/sex-stratified/USA/fitted_model/Wyoming_age_0-44_sex_M.rda","1bf93239fec413022217a2908c87d3dc69b8d2e9e35a416be7eeeda3c2460473",1553583,3000,127
"us__us-sex__wyoming__45-64__female","legacy","North_America/sex-stratified/USA/fitted_model/Wyoming_age_45-64_sex_F.rda","c69cc3b021bdf8663e76dfde58cdd016c44313c77cff376f0a329258a4e1e2b1",3504063,3000,289
"us__us-sex__wyoming__45-64__male","legacy","North_America/sex-stratified/USA/fitted_model/Wyoming_age_45-64_sex_M.rda","a52ff65b5cab467195203f2fbb2f9690dd4dab83f53dfa756b16f41ba0449d6e",3588343,3000,296
"us__us-sex__wyoming__65-84__female","legacy","North_America/sex-stratified/USA/fitted_model/Wyoming_age_65-84_sex_F.rda","d63a906df636883a351595514ac2fa4effe651128a77d212682ca33ddd3a7e51",3600383,3000,296
"us__us-sex__wyoming__65-84__male","legacy","North_America/sex-stratified/USA/fitted_model/Wyoming_age_65-84_sex_M.rda","cc0bdc5465314f6d92156000fc6b92e3660e330dccdbe987f4190c94299a7ace",3600383,3000,296
"us__us-sex__wyoming__ge85__female","legacy","North_America/sex-stratified/USA/fitted_model/Wyoming_age_Over 85_sex_F.rda","92016890978d9a1fac88576536f7cde85d1b35c4dfce137ce7eb5cf3eecdc771",3600383,3000,296
"us__us-sex__wyoming__ge85__male","legacy","North_America/sex-stratified/USA/fitted_model/Wyoming_age_Over 85_sex_M.rda","97566fc1b4cd8e2171178efefd2c2cf754f2fcc0208b10ffc1657b9ba8ae56e4",3600383,3000,296
