{
"type": "FeatureCollection",
"name": "europe",
"crs": { "type": "name", "properties": { "name": "urn:ogc:def:crs:OGC:1.3:CRS84" } },
"features": [
{ "type": "Feature", "properties": { "map_id": "AT" }, "geometry": { "type": "Polygon", "coordinates": [ [ [ 16.95434452300006, 48.557398983506047 ], [ 16.864944295000061, 48.458076881477055 ], [ 16.844480428000114, 48.365601905449864 ], [ 16.901944621000045, 48.339401954442145 ], [ 16.916620727000122, 48.290800269427699 ], [ 16.954344523000053, 48.273126929422595 ], [ 16.981939738000072, 48.161299130389132 ], [ 17.080228312000092, 48.097607927370035 ], [ 17.069686320000098, 48.035673722351305 ], [ 17.148337850000068, 48.005443010342063 ], [ 17.085602661000049, 47.970148007331382 ], [ 17.067619262000047, 47.881626278304317 ], [ 17.004057251000091, 47.863281144298661 ], [ 17.055630330000099, 47.812354021282999 ], [ 17.050566040000117, 47.730989478257811 ], [ 17.075370728000049, 47.708484392250867 ], [ 16.902668091000113, 47.682026058242556 ], [ 16.864737589000121, 47.686728613244078 ], [ 16.850164836000147, 47.712928565252184 ], [ 16.797454874000042, 47.675463152240532 ], [ 16.730378866000109, 47.685901791243829 ], [ 16.689864543000109, 47.729568376257347 ], [ 16.567804810000045, 47.754192196265002 ], [ 16.531114542000072, 47.742978411261568 ], [ 16.512924438000145, 47.706003923250016 ], [ 16.431792440000088, 47.685462541243652 ], [ 16.407814575000092, 47.661329647236194 ], [ 16.42590132600008, 47.654275814233941 ], [ 16.630229940000103, 47.622003882223929 ], [ 16.689141072, 47.53802968019744 ], [ 16.636844523000086, 47.493200374183303 ], [ 16.640875284000089, 47.452918596170548 ], [ 16.481918579000112, 47.392302141151312 ], [ 16.456597128000027, 47.411835832157557 ], [ 16.433962850000082, 47.396849667152736 ], [ 16.424351034000065, 47.345199073136264 ], [ 16.473236938000035, 47.276805315114402 ], [ 16.421353800000055, 47.243138119103492 ], [ 16.412775512000103, 47.187172542085435 ], [ 16.441817667000127, 47.177121476082114 ], [ 16.433652792000082, 47.145753882072007 ], [ 16.509513793000107, 47.13753733006935 ], [ 16.454323364000114, 47.081700945051061 ], [ 16.49318404100006, 47.049144792040522 ], [ 16.424661092000061, 47.024081722032314 ], [ 16.486362752000105, 46.998553565023961 ], [ 16.274902791000073, 47.004315487025842 ], [ 16.223949829000105, 46.941063534004968 ], [ 16.110054972000093, 46.867915543980814 ], [ 15.981690715000097, 46.827685441967382 ], [ 15.970528606000075, 46.743013606939307 ], [ 16.016722579000064, 46.670691337914917 ], [ 15.850742635000104, 46.72448760693301 ], [ 15.728682902000052, 46.702990210925833 ], [ 15.635975382000057, 46.717562963930739 ], [ 15.626983684000034, 46.680872696918463 ], [ 15.545955037000109, 46.671880997915338 ], [ 15.511228475000083, 46.628369441900801 ], [ 15.462652628000059, 46.614649348896123 ], [ 15.388135214000016, 46.645577693906532 ], [ 15.0619535720001, 46.649556778907886 ], [ 15.004386027000063, 46.636844376903518 ], [ 14.967178995000038, 46.600257462891214 ], [ 14.933589315000116, 46.62113474189826 ], [ 14.8503902590001, 46.601135962891469 ], [ 14.788585245000117, 46.506645605859489 ], [ 14.709727010000076, 46.492512101854601 ], [ 14.679961385000102, 46.458870743843214 ], [ 14.590147746000097, 46.434427790834761 ], [ 14.540331665000076, 46.378643082815707 ], [ 14.502194458000107, 46.418356421829316 ], [ 14.450931437000067, 46.41448068882805 ], [ 14.395844361000117, 46.440990697837073 ], [ 14.14986454300006, 46.440060522836731 ], [ 14.050025676000137, 46.484398900851851 ], [ 13.982329549000065, 46.481918432851025 ], [ 13.860683228000118, 46.51524973186239 ], [ 13.670255574000068, 46.518712052863521 ], [ 13.478019246000116, 46.563567195878875 ], [ 13.231109253000051, 46.552172542874885 ], [ 13.146463257000045, 46.584961238885995 ], [ 12.830410197000081, 46.609636735894334 ], [ 12.739873088000079, 46.642993871905624 ], [ 12.547326701000138, 46.652192276908764 ], [ 12.405009806000086, 46.690122778921477 ], [ 12.342688029000039, 46.765131119946702 ], [ 12.269100789000055, 46.788566382954464 ], [ 12.266620320000067, 46.868148087980934 ], [ 12.126887247000122, 46.908869115994364 ], [ 12.141666708000034, 46.927989396000683 ], [ 12.111177612000057, 46.992998348022155 ], [ 12.203575073000142, 47.053330584041909 ], [ 12.18063073700012, 47.085214941052328 ], [ 11.899510946000138, 47.027724911033459 ], [ 11.734869832000104, 46.970622453014748 ], [ 11.683813517000116, 46.991913143021698 ], [ 11.524443400000019, 46.988347469020603 ], [ 11.47183679200012, 47.007080177026694 ], [ 11.411168661000152, 46.970493262014742 ], [ 11.313810262000095, 46.987262264020167 ], [ 11.174490601000057, 46.963852841012546 ], [ 11.091911662000117, 46.91243479099564 ], [ 11.052844279000082, 46.81492136296329 ], [ 10.996930379000109, 46.769110205947925 ], [ 10.870426473000114, 46.764071752946329 ], [ 10.722941935000046, 46.786447647953722 ], [ 10.748676798000137, 46.819443050964715 ], [ 10.662480509000117, 46.860965063978469 ], [ 10.48626387500013, 46.846366470973656 ], [ 10.453811076000139, 46.86442738497967 ], [ 10.458461955000105, 46.936619361003572 ], [ 10.378983602000089, 46.995504655022955 ], [ 10.313664592000066, 46.964317929012687 ], [ 10.29568119300006, 46.922692561999 ], [ 10.235116415000107, 46.92331267999915 ], [ 10.201423381000069, 46.8668303389804 ], [ 10.111299683000089, 46.84711577997389 ], [ 9.87513838700011, 46.927420956000525 ], [ 9.857981812000048, 47.015477596029427 ], [ 9.581202840000032, 47.056870419043086 ], [ 9.615722697000114, 47.106764014059301 ], [ 9.552057332000114, 47.166889543078824 ], [ 9.562909383000067, 47.197740373088784 ], [ 9.521154825000112, 47.262801001109864 ], [ 9.639803914000057, 47.39452422715204 ], [ 9.650345907000117, 47.452091773170309 ], [ 9.584510132000052, 47.4807205171794 ], [ 9.547481674000071, 47.534547098196406 ], [ 9.676700887000095, 47.522630103192689 ], [ 9.767134643000043, 47.58727732021292 ], [ 9.807959025000061, 47.576321916209565 ], [ 9.813126669000077, 47.541750383198575 ], [ 9.945935099000058, 47.540768530198349 ], [ 9.982625366000095, 47.481030575179446 ], [ 10.022622924000069, 47.4879552171817 ], [ 10.080603881000107, 47.427390438162426 ], [ 10.05321537300008, 47.404859514155348 ], [ 10.08287764400006, 47.359074195140686 ], [ 10.20927819800008, 47.372484229145002 ], [ 10.159875529000061, 47.271120907112525 ], [ 10.305913126000062, 47.302178443122493 ], [ 10.428282918000097, 47.396048682152561 ], [ 10.45195072400011, 47.438759253166126 ], [ 10.419601278000126, 47.493045346183322 ], [ 10.429213094000149, 47.577019548209748 ], [ 10.457118368000117, 47.579241634210469 ], [ 10.453501017000066, 47.546246232200033 ], [ 10.482543172000137, 47.53286203619588 ], [ 10.536906779000107, 47.529864804194879 ], [ 10.583725627000119, 47.562472632205164 ], [ 10.760769083000127, 47.513638403189752 ], [ 10.858644247000118, 47.530665788195094 ], [ 10.892233928000053, 47.51487863919025 ], [ 10.858437540000073, 47.485164689180756 ], [ 10.959826701000113, 47.432506405164027 ], [ 10.979463745000144, 47.390545142150792 ], [ 11.0837467850001, 47.389511614150486 ], [ 11.193817587000099, 47.428940731162953 ], [ 11.237019083000124, 47.393955786151814 ], [ 11.305645385000073, 47.43540028616507 ], [ 11.383883504000039, 47.444857072167999 ], [ 11.365486694000134, 47.46932586317574 ], [ 11.412615600000041, 47.506093644187345 ], [ 11.551211792000087, 47.513690080189804 ], [ 11.620458211000114, 47.589654436213642 ], [ 11.820342651000123, 47.575288387209234 ], [ 11.851968627000106, 47.599162899216644 ], [ 11.935891154000018, 47.610738420220322 ], [ 12.173602742000105, 47.60507985121847 ], [ 12.20677901200011, 47.645568335231282 ], [ 12.176599976000118, 47.705823055250036 ], [ 12.242229044000059, 47.732023007258164 ], [ 12.238715047000111, 47.678899635241613 ], [ 12.42413008600008, 47.691560361245536 ], [ 12.49658044400007, 47.628902686226027 ], [ 12.653056681000097, 47.675127255240398 ], [ 12.761990600000079, 47.666859025237926 ], [ 12.751655314000054, 47.649392392232421 ], [ 12.813150269000085, 47.611823625220637 ], [ 12.785865112000069, 47.602676897217776 ], [ 12.778940470000094, 47.554824520202708 ], [ 12.931592651000075, 47.473511654177081 ], [ 13.00187259900005, 47.466018572174725 ], [ 13.037322631000082, 47.493045346183322 ], [ 13.02812422700009, 47.541647030198611 ], [ 13.072049194000039, 47.659469295235539 ], [ 13.019855998000137, 47.712928565252184 ], [ 12.964045451000093, 47.705357967249853 ], [ 12.892008504000106, 47.72354807225549 ], [ 12.991227254000083, 47.847106422293692 ], [ 12.750931844000057, 48.074741106363049 ], [ 12.745040731000069, 48.120629778376902 ], [ 12.8625529380001, 48.196645809399719 ], [ 12.933039591000071, 48.209254859403508 ], [ 13.03277510600015, 48.263566789419635 ], [ 13.274207397000049, 48.307104183432607 ], [ 13.405568888000058, 48.376583147453104 ], [ 13.459209025000121, 48.516393734494095 ], [ 13.454558146000059, 48.573444515510786 ], [ 13.52070397900013, 48.584580787513872 ], [ 13.624366902000112, 48.56535715450832 ], [ 13.716505981000127, 48.521690568495693 ], [ 13.802392211000067, 48.611710914521765 ], [ 13.816861612000078, 48.695581763545896 ], [ 13.783581991000066, 48.71527048455156 ], [ 13.815724731000071, 48.766430152566159 ], [ 13.98232954900007, 48.706485490549071 ], [ 14.034729451000089, 48.661165259536034 ], [ 14.015195760000099, 48.620392554524265 ], [ 14.074830363000071, 48.591712135515976 ], [ 14.325357706000148, 48.558639217506389 ], [ 14.405352823000094, 48.586286109514432 ], [ 14.458166137000148, 48.643181861530813 ], [ 14.533820434000088, 48.608713680520943 ], [ 14.5941785070001, 48.621322730524483 ], [ 14.67562056500012, 48.576235042511485 ], [ 14.703835897000095, 48.673102515539497 ], [ 14.775356079000121, 48.724003801554026 ], [ 14.800367472000111, 48.776507056569066 ], [ 14.939583781000037, 48.762812802565143 ], [ 14.982061808000081, 49.007914120634361 ], [ 15.137401164000082, 48.993031307630197 ], [ 15.141948689000115, 48.937479143614588 ], [ 15.238066854000037, 48.950759985618333 ], [ 15.274550415000046, 48.986726783628463 ], [ 15.450353638000106, 48.944817196616668 ], [ 15.681347290000073, 48.858465878592298 ], [ 15.818496541000055, 48.872315161596219 ], [ 16.085353638000065, 48.742865698559456 ], [ 16.358308553000114, 48.727259416554929 ], [ 16.45308313000006, 48.802190243576376 ], [ 16.624028767000105, 48.783380022570974 ], [ 16.675085083000088, 48.73392567555689 ], [ 16.798901814000121, 48.709224341549771 ], [ 16.873005819000067, 48.718991187552639 ], [ 16.95434452300006, 48.557398983506047 ] ] ] } },
{ "type": "Feature", "properties": { "map_id": "BE" }, "geometry": { "type": "Polygon", "coordinates": [ [ [ 2.521799927545685, 51.087540880883537 ], [ 3.124847852000071, 51.329657291220173 ], [ 3.349414674000118, 51.375223115230355 ], [ 3.353210897000057, 51.288601784210826 ], [ 3.421940552000108, 51.237984718199286 ], [ 3.501212199000066, 51.240284320199905 ], [ 3.514338012000029, 51.281031186209091 ], [ 3.609526001000096, 51.290436297211258 ], [ 3.776234172000102, 51.254521177203102 ], [ 3.808686971000101, 51.205325213191813 ], [ 3.92702600100006, 51.206255389192094 ], [ 4.168561645000098, 51.296870013212725 ], [ 4.221491455000094, 51.368000600228712 ], [ 4.302989129000085, 51.296087955212471 ], [ 4.296722852000075, 51.267564192206052 ], [ 4.330821160000085, 51.296087955212471 ], [ 4.289317254000079, 51.30914947821551 ], [ 4.261067579000096, 51.369379272229089 ], [ 4.411234171000015, 51.356737159226149 ], [ 4.377127726000142, 51.442881772245535 ], [ 4.512623331000075, 51.477375791253216 ], [ 4.533190551000076, 51.467583107251123 ], [ 4.521511678000082, 51.428644915242309 ], [ 4.630135539000096, 51.418206276240028 ], [ 4.764184204000116, 51.496237688257402 ], [ 4.813586873000132, 51.484119566254741 ], [ 4.826092570000127, 51.460555112249509 ], [ 4.822681925, 51.413684588239022 ], [ 4.779067016000055, 51.426422829241922 ], [ 4.762117146000153, 51.413374529238979 ], [ 4.910325154000135, 51.391902972234064 ], [ 4.957144002000062, 51.410997413238398 ], [ 5.012127727000092, 51.474326881252473 ], [ 5.06029016100007, 51.461976214249795 ], [ 5.068144979000094, 51.374539691230254 ], [ 5.122921997000103, 51.313380633216475 ], [ 5.19733605900012, 51.308342180215284 ], [ 5.215422811000028, 51.258732805204012 ], [ 5.389055623000103, 51.258706968204038 ], [ 5.493235311000117, 51.286534726210405 ], [ 5.568372843000136, 51.207650652192378 ], [ 5.659013306000052, 51.17907358518584 ], [ 5.730843547000062, 51.183750303186926 ], [ 5.781383098000106, 51.152408546179828 ], [ 5.82913212100007, 51.156465146180658 ], [ 5.845978638000045, 51.103393451168493 ], [ 5.804947550000094, 51.096623837166888 ], [ 5.798849731000134, 51.061483863158706 ], [ 5.771461222000115, 51.058124896157956 ], [ 5.777559041000075, 51.023553363149937 ], [ 5.722368612000084, 50.959422910135025 ], [ 5.764019816000086, 50.959422910135025 ], [ 5.622323039000097, 50.852659401109904 ], [ 5.624493448000067, 50.830283506104621 ], [ 5.700457804000109, 50.795556943096337 ], [ 5.706555623000073, 50.754215797086459 ], [ 5.752444296000134, 50.773439430091081 ], [ 5.793165324000115, 50.752148740086035 ], [ 5.994910116000116, 50.749926653085495 ], [ 6.011549926000044, 50.708533832075595 ], [ 6.100226685000055, 50.701299131073803 ], [ 6.159447876000115, 50.622389219054782 ], [ 6.249054809000083, 50.614431048052921 ], [ 6.160688110000054, 50.543582660035611 ], [ 6.17081669100011, 50.5179511490294 ], [ 6.207196900000103, 50.486325172021715 ], [ 6.336904744000037, 50.481002499020413 ], [ 6.33773156700008, 50.368089494992574 ], [ 6.374525187000073, 50.315482887979506 ], [ 6.285951782000098, 50.303855688976668 ], [ 6.271792439000137, 50.267423804967635 ], [ 6.157174113000111, 50.222723690956315 ], [ 6.165132284000063, 50.181899308946086 ], [ 6.123171020000056, 50.164897763941845 ], [ 6.117486613000041, 50.12045603193058 ], [ 6.084206991000089, 50.159316708940452 ], [ 6.038628377000095, 50.148412981937661 ], [ 5.99832076000004, 50.174974667944376 ], [ 5.961630493000088, 50.16562123294203 ], [ 5.941063273000082, 50.128310848932593 ], [ 5.872436971000126, 50.09689157792463 ], [ 5.836366821000128, 50.018550106904669 ], [ 5.802673787000089, 50.002478736900585 ], [ 5.812595662000089, 49.977570696894169 ], [ 5.71895796700005, 49.891374406872004 ], [ 5.758128702000078, 49.858198137863383 ], [ 5.731877075000057, 49.859955135863849 ], [ 5.727742960000118, 49.8002171808483 ], [ 5.778489217000098, 49.773035376841214 ], [ 5.805360961000102, 49.721875709827778 ], [ 5.850216105000102, 49.714020890825743 ], [ 5.845771932000107, 49.66658192681323 ], [ 5.885459432000093, 49.643534237807174 ], [ 5.829958944000113, 49.582762752791062 ], [ 5.837400350000105, 49.561110328785347 ], [ 5.790684855000023, 49.537752581779174 ], [ 5.644647257000147, 49.543798723780711 ], [ 5.602272583000029, 49.513723039772721 ], [ 5.547598918000094, 49.523438208775353 ], [ 5.45613163300004, 49.498943580768767 ], [ 5.402078084000043, 49.602451473796251 ], [ 5.334898722000079, 49.625809221802477 ], [ 5.297898397000036, 49.613251848799138 ], [ 5.299448690000049, 49.662499488812117 ], [ 5.259244425000134, 49.691334937819761 ], [ 5.169430786000131, 49.687200823818799 ], [ 5.081890909000037, 49.752726539835884 ], [ 4.970993286000122, 49.797064918847511 ], [ 4.858028605000126, 49.786574601844734 ], [ 4.834877564000124, 49.853030494862061 ], [ 4.86019901600011, 49.913336890877673 ], [ 4.783924601000082, 49.958295386889269 ], [ 4.870534302000124, 50.122264706930991 ], [ 4.862679484000093, 50.147586158937457 ], [ 4.820098103000105, 50.146449276937211 ], [ 4.815550578000086, 50.161332088940966 ], [ 4.681915324000073, 50.083920793921401 ], [ 4.64584517400007, 49.984495338896039 ], [ 4.435108683000092, 49.9322504648826 ], [ 4.27759891700012, 49.960155738889675 ], [ 4.201117798000037, 49.953024390887869 ], [ 4.13166467200006, 49.974986874893489 ], [ 4.13734908000009, 50.025061337906429 ], [ 4.210006144000149, 50.060149634915298 ], [ 4.180550578000041, 50.127225643932299 ], [ 4.125773559000067, 50.12815581993253 ], [ 4.197603800000081, 50.25848378196531 ], [ 4.162773885000117, 50.27295318396898 ], [ 4.12525679500004, 50.257140194965025 ], [ 4.097868286000076, 50.294812313974397 ], [ 4.003300415000099, 50.34405995398668 ], [ 3.895916789000095, 50.32530140998194 ], [ 3.75504683400004, 50.346333717987207 ], [ 3.696859172000132, 50.298222958975245 ], [ 3.661719198000075, 50.319306942980546 ], [ 3.644355916000053, 50.445500790011657 ], [ 3.60828576600005, 50.476506650019317 ], [ 3.499145142000089, 50.486790260021863 ], [ 3.477130982000119, 50.519863177029926 ], [ 3.361065714000094, 50.489787494022558 ], [ 3.271045370000107, 50.526942848031638 ], [ 3.232391398000119, 50.695924782072453 ], [ 3.129245239000086, 50.779072162092412 ], [ 2.971425415000109, 50.75783314708729 ], [ 2.886882772000153, 50.696648252072741 ], [ 2.78673384600003, 50.723364967079078 ], [ 2.691855916000069, 50.808837786099488 ], [ 2.620439087000138, 50.816485899101295 ], [ 2.586746053000103, 50.845424701108165 ], [ 2.576927531000136, 50.911518857123781 ], [ 2.608450154000085, 50.961128232135366 ], [ 2.547058553000118, 51.02047861514928 ], [ 2.521799927545685, 51.087540880883537 ] ] ] } },
{ "type": "Feature", "properties": { "map_id": "BG" }, "geometry": { "type": "Polygon", "coordinates": [ [ [ 26.294911336000066, 41.71032337895673 ], [ 26.2118156330001, 41.750475966974754 ], [ 26.053685750000099, 41.701512546952785 ], [ 26.055029337000093, 41.648750909929021 ], [ 26.115284057000054, 41.616634006914623 ], [ 26.13120039800009, 41.55265858388573 ], [ 26.158072144000066, 41.542323296880959 ], [ 26.14587650600005, 41.478037815851863 ], [ 26.175642130000135, 41.431890760830946 ], [ 26.120865112000079, 41.357786757797193 ], [ 25.882016642000082, 41.304043267772727 ], [ 25.811013224000074, 41.341043593789479 ], [ 25.679961792000089, 41.297170302769551 ], [ 25.551494182000084, 41.315670464778044 ], [ 25.505088745000076, 41.280582167761942 ], [ 25.239110148000091, 41.240894667743731 ], [ 25.101857544000101, 41.336651096787499 ], [ 24.886366822000078, 41.400626519816655 ], [ 24.80327111800008, 41.392668348813068 ], [ 24.794279419000127, 41.347399794792437 ], [ 24.77443566900012, 41.348071588792749 ], [ 24.69919478300011, 41.408946425820545 ], [ 24.580442342000133, 41.440520725834865 ], [ 24.510162395000119, 41.561650282889744 ], [ 24.43884891700014, 41.52769886687436 ], [ 24.296118612000068, 41.515244846868768 ], [ 24.250746704000044, 41.563458957890575 ], [ 24.196279744000066, 41.547025852883159 ], [ 24.170234823000065, 41.511575819867069 ], [ 24.07659712700012, 41.536018772878172 ], [ 24.047348267000071, 41.525735162873545 ], [ 24.034739217000066, 41.451321099839767 ], [ 24.000736125000113, 41.464136854845563 ], [ 23.949886515000113, 41.437575168833519 ], [ 23.894799438000039, 41.464343560845634 ], [ 23.777080526000045, 41.429048557829695 ], [ 23.754446248000107, 41.400678195816717 ], [ 23.67217736800006, 41.402951958817766 ], [ 23.612439412000132, 41.371015924803203 ], [ 23.414518677000046, 41.399903049816402 ], [ 23.326048625000105, 41.369310601802425 ], [ 23.287704712000071, 41.398197727815578 ], [ 23.224246053000059, 41.379025771806852 ], [ 23.199544719000123, 41.332982069785828 ], [ 23.157170043000129, 41.316342258778235 ], [ 22.91697798600006, 41.335772597787177 ], [ 22.954598429000079, 41.432407525831117 ], [ 22.936098266000041, 41.626168308918906 ], [ 23.008858683000106, 41.73993397396999 ], [ 22.945916788000119, 41.769337863983218 ], [ 22.880804484000112, 41.872690729029422 ], [ 22.838223104000058, 42.019477635094674 ], [ 22.718437134000109, 42.044463190105702 ], [ 22.531058390000112, 42.129109187143129 ], [ 22.345023234000053, 42.313439020224124 ], [ 22.423984822000111, 42.325893041229484 ], [ 22.533125448000074, 42.457590428286835 ], [ 22.524857218000111, 42.507664891308423 ], [ 22.425328410000073, 42.572854710336678 ], [ 22.44207157300011, 42.681685276383561 ], [ 22.482895955000117, 42.733775120405845 ], [ 22.42739546700005, 42.813615208439991 ], [ 22.563614542000032, 42.884282729470129 ], [ 22.666243937000036, 42.871932062464843 ], [ 22.727015422000129, 42.886892389471207 ], [ 22.776418091000071, 42.979729100510575 ], [ 22.884215128000044, 43.0366506905346 ], [ 22.984570760000111, 43.174626765592684 ], [ 22.981366822000069, 43.198992202602739 ], [ 22.883801717000036, 43.230592341616074 ], [ 22.733009888000076, 43.381513361678799 ], [ 22.518862752000068, 43.474246719717037 ], [ 22.466256144000077, 43.649119766788722 ], [ 22.404864543000109, 43.687179458804309 ], [ 22.349467407000073, 43.807921442853342 ], [ 22.399593546000084, 43.993336481927926 ], [ 22.503669882000054, 44.019898167938521 ], [ 22.534158976000125, 44.057156875953453 ], [ 22.592966757000106, 44.063926488956135 ], [ 22.606195923000108, 44.174565730000019 ], [ 22.639992310000103, 44.207328588012999 ], [ 22.691640373000091, 44.228434534021318 ], [ 22.906435995000102, 44.122889297979576 ], [ 23.030976196000037, 44.093071996967701 ], [ 23.023018025000088, 44.031628717943235 ], [ 22.885868774000095, 43.994525039928405 ], [ 22.850522095000077, 43.896985773889192 ], [ 22.888762655000075, 43.839521581866073 ], [ 23.13184859200004, 43.847944839869513 ], [ 23.325150732000054, 43.886592275885079 ], [ 23.484695272000099, 43.880604344882613 ], [ 23.592699016000061, 43.837428685865277 ], [ 23.742870727000039, 43.842699681867316 ], [ 24.159382772000129, 43.752937718831035 ], [ 24.358233684000133, 43.760017389833884 ], [ 24.46634077900011, 43.802417902851111 ], [ 24.70560266100005, 43.743765152827301 ], [ 24.963674764000075, 43.74960458882969 ], [ 25.211308227000128, 43.711880793814366 ], [ 25.403131144000056, 43.650049942789167 ], [ 25.781144246000085, 43.732008763822556 ], [ 25.934003133000086, 43.870320734878483 ], [ 26.150734091000089, 44.012405084935544 ], [ 26.310517619000112, 44.052609349951631 ], [ 26.753694702000097, 44.108109837973721 ], [ 26.884126017000149, 44.156530654992871 ], [ 27.027476441000118, 44.177046199001119 ], [ 27.190428871419385, 44.131441791518931 ], [ 26.517374355282353, 41.822241506097683 ], [ 26.375526571000076, 41.816621800004356 ], [ 26.32002608200008, 41.765462131981565 ], [ 26.333358602000128, 41.713036390957967 ], [ 26.294911336000066, 41.71032337895673 ] ] ] } },
{ "type": "Feature", "properties": { "map_id": "CH" }, "geometry": { "type": "Polygon", "coordinates": [ [ [ 10.4485400800001, 46.832232966968945 ], [ 10.369165080000123, 46.672397761915562 ], [ 10.395623413000123, 46.638808080904269 ], [ 10.459082072000056, 46.623563533899059 ], [ 10.44399255400014, 46.537728979870039 ], [ 10.295371135000094, 46.55108733687463 ], [ 10.234703003000099, 46.575297745882843 ], [ 10.233772827000056, 46.617982479897172 ], [ 10.192121623000048, 46.626819149900257 ], [ 10.087838582000101, 46.604391577892642 ], [ 10.032751506000125, 46.532974747868458 ], [ 10.02634362700007, 46.446261694838853 ], [ 10.14075524900008, 46.402905167824066 ], [ 10.092386108000115, 46.338102921801756 ], [ 10.158945353000117, 46.262448624775644 ], [ 10.117914266000067, 46.231132706764747 ], [ 10.042673380000116, 46.220487361761009 ], [ 10.031717977000143, 46.260071508774836 ], [ 9.977561076000114, 46.298105362787993 ], [ 9.964021851000066, 46.356086320807954 ], [ 9.918443237000071, 46.371149999813113 ], [ 9.7680648190001, 46.33861968580198 ], [ 9.720109090000074, 46.350892838806168 ], [ 9.674323771000051, 46.291800837785786 ], [ 9.536451050000071, 46.298622127788086 ], [ 9.444363648000152, 46.375284114814562 ], [ 9.43464847800001, 46.498325699856643 ], [ 9.384625691000029, 46.466415503845717 ], [ 9.330985555000066, 46.501503800857677 ], [ 9.263186076000125, 46.485122371852114 ], [ 9.237967977000064, 46.436546525835503 ], [ 9.275175008000078, 46.331384985799481 ], [ 9.224842163000119, 46.231184382764766 ], [ 9.090586792000126, 46.138166804732393 ], [ 9.059167521000097, 46.061789038705612 ], [ 9.002116740000108, 46.039309790697779 ], [ 9.015552612000137, 45.993111059681461 ], [ 8.980515991000113, 45.964378963671294 ], [ 9.063094930000153, 45.898956599648102 ], [ 9.002426798000068, 45.82071848162024 ], [ 8.900004109000067, 45.826402888622368 ], [ 8.912096394000029, 45.883401993642686 ], [ 8.87096195400005, 45.94706735866523 ], [ 8.767919149000075, 45.983085831677869 ], [ 8.834375041000017, 46.066388240707219 ], [ 8.808950236000095, 46.089745988715464 ], [ 8.723890828000096, 46.109538061722411 ], [ 8.677485392000074, 46.095792130717534 ], [ 8.601831095000138, 46.12281890472704 ], [ 8.510260457000076, 46.207878312756719 ], [ 8.438120158000062, 46.235370173766249 ], [ 8.445768270000112, 46.412361954827261 ], [ 8.427888224000068, 46.448690486839666 ], [ 8.399156128000072, 46.452178645840931 ], [ 8.31626713000014, 46.433652644834503 ], [ 8.281540568000111, 46.370116470812796 ], [ 8.192553752000038, 46.309164119791816 ], [ 8.087340535000038, 46.271802058778832 ], [ 8.073077840000082, 46.253611954772595 ], [ 8.129508504000118, 46.196044408752577 ], [ 8.110594930000074, 46.126953018728507 ], [ 8.025328817000087, 46.091141251715968 ], [ 7.985848022000084, 45.999312231683625 ], [ 7.898204794000067, 45.98194894967758 ], [ 7.831232137000143, 45.914459529653612 ], [ 7.693979533000061, 45.928670548658765 ], [ 7.643026571000117, 45.966342667671967 ], [ 7.541120646000139, 45.984119360678292 ], [ 7.361803426000106, 45.907844946651316 ], [ 7.286665893000104, 45.913426000653288 ], [ 7.153547404000022, 45.876529028640149 ], [ 7.066937703000095, 45.890223283645014 ], [ 6.915112345000041, 46.048611548701082 ], [ 6.850930216000109, 46.049645076701424 ], [ 6.869223673000076, 46.112328588723429 ], [ 6.774345743000085, 46.134807836731156 ], [ 6.774862508000129, 46.185864151748952 ], [ 6.827675822000089, 46.269476619778004 ], [ 6.750367879000096, 46.345518489804341 ], [ 6.787058146000049, 46.414170630827861 ], [ 6.613683716000137, 46.45589934984217 ], [ 6.482942342000112, 46.448587133839709 ], [ 6.397676229000075, 46.40817616382585 ], [ 6.301558065000052, 46.394481909821188 ], [ 6.214121541000086, 46.315468644794009 ], [ 6.281197550000114, 46.240072729767959 ], [ 6.107874796000118, 46.138631892732548 ], [ 6.02829309000009, 46.14793365073583 ], [ 5.958839966000115, 46.130467016729675 ], [ 5.982921183000147, 46.170826309743859 ], [ 5.958529907000127, 46.211960749758127 ], [ 6.089684692000073, 46.24637725477001 ], [ 6.136400187000079, 46.359341935809049 ], [ 6.054234660000131, 46.419415787829692 ], [ 6.064156535000051, 46.471118058847416 ], [ 6.145701945000096, 46.551629939874758 ], [ 6.118416789000065, 46.583462621885651 ], [ 6.429198853000113, 46.760816137945248 ], [ 6.44263472500006, 46.944164120006043 ], [ 6.665411824000103, 47.021291195031409 ], [ 6.689699747000106, 47.078290300050028 ], [ 6.956246785000107, 47.24523101410422 ], [ 6.958623901000069, 47.29055124611871 ], [ 7.036551961000046, 47.329515275131229 ], [ 7.003995809000087, 47.368143409143578 ], [ 6.86663985200008, 47.354164933139103 ], [ 6.926067749000115, 47.424858293161655 ], [ 6.990973348000066, 47.45222096417038 ], [ 6.973300008000137, 47.489092099182045 ], [ 7.180832560000059, 47.488265276181728 ], [ 7.16832686300006, 47.443565161167569 ], [ 7.238090047000101, 47.416796769159099 ], [ 7.406348511000119, 47.438242489165887 ], [ 7.429292847000054, 47.465114234174472 ], [ 7.414306681000085, 47.490177303182399 ], [ 7.484483276000046, 47.49294199318323 ], [ 7.505153850000052, 47.53301706619596 ], [ 7.482726278000057, 47.542267147198828 ], [ 7.637032104000098, 47.59497710821541 ], [ 7.659666382000038, 47.596579078215861 ], [ 7.646540568000091, 47.571541846208049 ], [ 7.609746948000096, 47.564746395205866 ], [ 7.68343754000011, 47.544256690199433 ], [ 7.766739949000049, 47.55596140220316 ], [ 7.819656616000117, 47.595338843215522 ], [ 7.898204794000065, 47.587845760213121 ], [ 7.91215743000015, 47.560560604204596 ], [ 8.04227868600009, 47.560560604204596 ], [ 8.232964721000119, 47.621952206223824 ], [ 8.354094279000034, 47.581024471210974 ], [ 8.448868856000081, 47.584280087212029 ], [ 8.461787964000079, 47.606139217218846 ], [ 8.522352742000036, 47.621900530223826 ], [ 8.56069665500007, 47.589396053213591 ], [ 8.607308797000112, 47.656291195234495 ], [ 8.458273966000116, 47.63988392822943 ], [ 8.391301310000124, 47.665463761237483 ], [ 8.392128133000138, 47.699518531248017 ], [ 8.463648315000084, 47.763907366268015 ], [ 8.551601603000078, 47.779255266272848 ], [ 8.558216187000081, 47.801166073279603 ], [ 8.601624390000074, 47.794603166277575 ], [ 8.617437378000092, 47.757318620265984 ], [ 8.644102417000109, 47.791011654276403 ], [ 8.713142130000081, 47.757421973265984 ], [ 8.71706954000004, 47.694557593246508 ], [ 8.769882853000093, 47.695074357246675 ], [ 8.770709676000113, 47.720860897254653 ], [ 8.797581420000107, 47.720034075254389 ], [ 8.906205281000046, 47.651795345233204 ], [ 9.016586141000118, 47.678899635241613 ], [ 9.183397664000072, 47.670424700238947 ], [ 9.547481674000071, 47.534547098196406 ], [ 9.584510132000052, 47.4807205171794 ], [ 9.650345907000117, 47.452091773170309 ], [ 9.649519084000106, 47.409717099156843 ], [ 9.487358439000053, 47.210013525092776 ], [ 9.512369832000049, 47.108030087059738 ], [ 9.477023153000122, 47.06389841304533 ], [ 9.669052775000097, 47.056198625042818 ], [ 9.857981812000048, 47.015477596029427 ], [ 9.87513838700011, 46.927420956000525 ], [ 10.111299683000089, 46.84711577997389 ], [ 10.201423381000069, 46.8668303389804 ], [ 10.235116415000107, 46.92331267999915 ], [ 10.29568119300006, 46.922692561999 ], [ 10.313664592000066, 46.964317929012687 ], [ 10.378983602000089, 46.995504655022955 ], [ 10.458461955000105, 46.936619361003572 ], [ 10.4485400800001, 46.832232966968945 ] ] ] } },
{ "type": "Feature", "properties": { "map_id": "CZ" }, "geometry": { "type": "Polygon", "coordinates": [ [ [ 14.831683390000133, 50.857982073111117 ], [ 14.982061808000081, 50.859067279111372 ], [ 14.996634562000047, 50.959216204134925 ], [ 14.960977824000045, 50.992650856142745 ], [ 15.003972616000048, 51.020685320149319 ], [ 15.10794559700008, 50.981023659140014 ], [ 15.14442915800009, 51.011564430147139 ], [ 15.170164022000108, 50.977974749139335 ], [ 15.227111450000079, 50.97740630813913 ], [ 15.269796183000061, 50.952653297133374 ], [ 15.256050252000131, 50.899891660121 ], [ 15.28777958100005, 50.854881487110433 ], [ 15.341006306000114, 50.83173044610492 ], [ 15.35609582500012, 50.775454811091507 ], [ 15.441775350000093, 50.800207822097441 ], [ 15.684344523000107, 50.731426491080988 ], [ 15.792244914000031, 50.742691953083728 ], [ 15.84815881300011, 50.675150856067489 ], [ 15.971458781000104, 50.678613177068364 ], [ 15.998640584000096, 50.635566709058082 ], [ 15.982000773000056, 50.603630674050272 ], [ 16.086490519000073, 50.646780495060682 ], [ 16.175477335000036, 50.624094541055207 ], [ 16.232011352000107, 50.660888161064072 ], [ 16.331643514000096, 50.644041644060025 ], [ 16.425901326000087, 50.567560524041468 ], [ 16.394482056000037, 50.559343971039624 ], [ 16.391174764000141, 50.521826881030471 ], [ 16.352624145000075, 50.492784726023253 ], [ 16.287718547000051, 50.492784726023253 ], [ 16.211237427000079, 50.451288551013164 ], [ 16.199558553000085, 50.406278378001971 ], [ 16.232011352000114, 50.402609352001079 ], [ 16.262500448000075, 50.364420468991717 ], [ 16.343735799000054, 50.369949846993073 ], [ 16.371020956000077, 50.318376766980258 ], [ 16.43778690600001, 50.297964576975254 ], [ 16.535041952000142, 50.207737525952652 ], [ 16.566667928000125, 50.142211808936132 ], [ 16.660615682000074, 50.09301584692367 ], [ 16.701233357000092, 50.0949278739241 ], [ 16.817712036000039, 50.186756893947326 ], [ 16.95527469900011, 50.213473609954129 ], [ 16.960338989000089, 50.2319737719587 ], [ 17.014805949000099, 50.218486223955324 ], [ 16.987830851000069, 50.284942115971916 ], [ 16.926542602000016, 50.319255266980498 ], [ 16.865874471000044, 50.408448789002605 ], [ 16.892952921000102, 50.432943418008605 ], [ 17.131698038000046, 50.376822811994799 ], [ 17.187611939000139, 50.378476457995184 ], [ 17.210866333000066, 50.336411841984734 ], [ 17.337473592000059, 50.313002418978932 ], [ 17.319076782000071, 50.30824818697775 ], [ 17.341711060000101, 50.259724016965684 ], [ 17.388013143000105, 50.272643124968909 ], [ 17.424186645000123, 50.240552059960891 ], [ 17.469351847000098, 50.265563452967086 ], [ 17.629548787000111, 50.262101132966244 ], [ 17.707993611000038, 50.311038713978512 ], [ 17.747577759000105, 50.217504370955055 ], [ 17.675334106000058, 50.174716285944321 ], [ 17.589447876000122, 50.163244116941435 ], [ 17.632752726000088, 50.106348365927012 ], [ 17.731971476000062, 50.094876197924059 ], [ 17.719465780000068, 50.080871884920626 ], [ 17.763287394000056, 50.025216366906413 ], [ 17.839355102000127, 49.973643287893182 ], [ 18.032418253000081, 50.00284047190074 ], [ 18.002445923000039, 50.046765438911869 ], [ 18.09163944500008, 50.017206519904384 ], [ 18.098150675000053, 49.989042863897126 ], [ 18.255867147000089, 49.9460480728861 ], [ 18.292454061000054, 49.907807512876225 ], [ 18.368831827000086, 49.93204375988249 ], [ 18.481796509000073, 49.896645403873336 ], [ 18.559207804000039, 49.907187394876139 ], [ 18.567269328000123, 49.861453752864207 ], [ 18.593831014000049, 49.852203671861851 ], [ 18.566752564000073, 49.804764706849546 ], [ 18.617705526000119, 49.713865862825756 ], [ 18.727672974000086, 49.668907365813858 ], [ 18.7884444580001, 49.66859730781384 ], [ 18.833196249000089, 49.510260718771711 ], [ 18.732530558000121, 49.480288387763672 ], [ 18.635895630000046, 49.496721493768177 ], [ 18.535643351000108, 49.481683651764016 ], [ 18.514662719000107, 49.440600887753121 ], [ 18.416787557000131, 49.385462134738198 ], [ 18.387642049000107, 49.389751278739332 ], [ 18.385161580000045, 49.342260637726426 ], [ 18.160575806000118, 49.258699846703735 ], [ 18.117787719000095, 49.202579241688355 ], [ 18.075516398000097, 49.047188208645288 ], [ 18.012884562000096, 49.019127906637522 ], [ 17.914079223000044, 49.010497942635091 ], [ 17.878732544000027, 48.93355173461353 ], [ 17.795533488000046, 48.92058094960985 ], [ 17.727217244000052, 48.862910050593619 ], [ 17.535084269000063, 48.812990617579388 ], [ 17.453332153000133, 48.842756243587914 ], [ 17.374370565000099, 48.819605201581318 ], [ 17.212209920000131, 48.866062314594423 ], [ 17.113714641000083, 48.833919572585387 ], [ 17.025347941000057, 48.74632802056037 ], [ 16.945042766000146, 48.604166154519568 ], [ 16.873005819000067, 48.718991187552639 ], [ 16.798901814000121, 48.709224341549771 ], [ 16.675085083000088, 48.73392567555689 ], [ 16.643149047000129, 48.778264055569565 ], [ 16.519539022000114, 48.805600887577278 ], [ 16.435719848000044, 48.794542131574197 ], [ 16.358308553000114, 48.727259416554929 ], [ 16.085353638000065, 48.742865698559456 ], [ 15.818496541000055, 48.872315161596219 ], [ 15.681347290000073, 48.858465878592298 ], [ 15.450353638000106, 48.944817196616668 ], [ 15.274550415000046, 48.986726783628463 ], [ 15.238066854000037, 48.950759985618333 ], [ 15.141948689000115, 48.937479143614588 ], [ 15.137401164000082, 48.993031307630197 ], [ 15.003972616000048, 49.009774471634906 ], [ 14.964595174000038, 48.971740618624302 ], [ 14.939583781000037, 48.762812802565143 ], [ 14.800367472000111, 48.776507056569066 ], [ 14.775356079000121, 48.724003801554026 ], [ 14.703835897000095, 48.673102515539497 ], [ 14.67562056500012, 48.576235042511485 ], [ 14.5941785070001, 48.621322730524483 ], [ 14.533820434000088, 48.608713680520943 ], [ 14.458166137000148, 48.643181861530813 ], [ 14.405352823000094, 48.586286109514432 ], [ 14.325357706000148, 48.558639217506389 ], [ 14.040827270000127, 48.601168921518649 ], [ 14.006204060000126, 48.639512834529825 ], [ 14.032145630000093, 48.667263078537744 ], [ 13.991114543000036, 48.700180966547244 ], [ 13.815724731000071, 48.766430152566159 ], [ 13.724670858000133, 48.867302548594836 ], [ 13.63738936300012, 48.893450822602198 ], [ 13.60865726700013, 48.946160783617046 ], [ 13.515949747000036, 48.970242001623788 ], [ 13.482256713000083, 48.937634172614636 ], [ 13.427272990000041, 48.95995839162093 ], [ 13.299528849000119, 49.093645321658258 ], [ 13.178502645000068, 49.118346656665054 ], [ 12.999805542000107, 49.294925025713582 ], [ 12.884670451000121, 49.339573463725756 ], [ 12.856661825000094, 49.322210181721047 ], [ 12.777906941000104, 49.332545468723822 ], [ 12.729331095000104, 49.391146542739762 ], [ 12.64354821800009, 49.429490454749995 ], [ 12.622980998000122, 49.50984730677159 ], [ 12.58288008700012, 49.522404679774958 ], [ 12.546603230000077, 49.59557850879456 ], [ 12.501954793000037, 49.619711402800903 ], [ 12.496373739000122, 49.669992571814198 ], [ 12.419582560000041, 49.700223283822162 ], [ 12.383615763000074, 49.742856340833356 ], [ 12.452655477000125, 49.779701636842965 ], [ 12.462473999000112, 49.831223039856376 ], [ 12.482524454000041, 49.827243954855348 ], [ 12.524072306000045, 49.904965308875539 ], [ 12.462680705000142, 49.931268612882256 ], [ 12.451311889000069, 49.980567928894921 ], [ 12.24687992300011, 50.044956763911493 ], [ 12.179183797000123, 50.117975562930013 ], [ 12.175049682000095, 50.18262277994625 ], [ 12.079551635000138, 50.242722469961372 ], [ 12.110970906000089, 50.276622209969865 ], [ 12.076140991000042, 50.315172827979495 ], [ 12.149314819000015, 50.311710507978567 ], [ 12.178046916000115, 50.268767391967913 ], [ 12.239645223000142, 50.256571754964817 ], [ 12.229930054000112, 50.234815975959478 ], [ 12.300416707000068, 50.160815324940877 ], [ 12.336486857000066, 50.258587134965339 ], [ 12.510223022000073, 50.388760067997708 ], [ 12.691814006000103, 50.394651180999197 ], [ 12.737909383000042, 50.431548154008311 ], [ 12.817387736000031, 50.443020322011165 ], [ 12.952573283000083, 50.404159645001485 ], [ 12.996601603000043, 50.433666888008794 ], [ 13.009624064000148, 50.492681373023274 ], [ 13.16010583500014, 50.497022194024332 ], [ 13.232349487000082, 50.582029925045035 ], [ 13.305626668000089, 50.575777077043519 ], [ 13.368775268000149, 50.628332008056248 ], [ 13.447943563000058, 50.597274473048678 ], [ 13.523287801000041, 50.662180072064402 ], [ 13.51563968900007, 50.691015521071357 ], [ 13.556567423000073, 50.706725156075109 ], [ 13.834534953000089, 50.723675026079107 ], [ 13.88218062400006, 50.742743629083684 ], [ 13.892515910000043, 50.780415749092747 ], [ 13.959591919000069, 50.80206817409784 ], [ 14.034936157000059, 50.802584938098057 ], [ 14.190792277000103, 50.847905169108742 ], [ 14.232133423000022, 50.87937611611617 ], [ 14.34654504400001, 50.880202939116373 ], [ 14.381891724000125, 50.920872291125931 ], [ 14.318329712000057, 50.937512103129841 ], [ 14.303756958000095, 50.969706520137422 ], [ 14.238334595000103, 50.982470599140342 ], [ 14.287530558000073, 51.036834205153013 ], [ 14.39780806400006, 51.013114723147552 ], [ 14.482144002000069, 51.037195940153211 ], [ 14.574334758000113, 50.975494280138712 ], [ 14.550356893000098, 50.912087298123858 ], [ 14.629215128000103, 50.920717263125908 ], [ 14.613195435000078, 50.845579729108223 ], [ 14.700425252000054, 50.815969134101216 ], [ 14.775356079000113, 50.812971901100433 ], [ 14.831683390000133, 50.857982073111117 ] ] ] } },
{ "type": "Feature", "properties": { "map_id": "DE" }, "geometry": { "type": "MultiPolygon", "coordinates": [ [ [ [ 13.785855754000067, 48.724778947554235 ], [ 13.816861612000078, 48.695581763545896 ], [ 13.802392211000067, 48.611710914521765 ], [ 13.716505981000127, 48.521690568495693 ], [ 13.624366902000112, 48.56535715450832 ], [ 13.52070397900013, 48.584580787513872 ], [ 13.454558146000059, 48.573444515510786 ], [ 13.459209025000121, 48.516393734494095 ], [ 13.405568888000058, 48.376583147453104 ], [ 13.274207397000049, 48.307104183432607 ], [ 13.03277510600015, 48.263566789419635 ], [ 12.933039591000071, 48.209254859403508 ], [ 12.8625529380001, 48.196645809399719 ], [ 12.738942912000109, 48.113446753374689 ], [ 12.760233602000117, 48.064870907360095 ], [ 12.931075887000109, 47.924879452317505 ], [ 12.991227254000083, 47.847106422293692 ], [ 12.892008504000106, 47.72354807225549 ], [ 12.964045451000093, 47.705357967249853 ], [ 13.019855998000137, 47.712928565252184 ], [ 13.072049194000039, 47.659469295235539 ], [ 13.02812422700009, 47.541647030198611 ], [ 13.037322631000082, 47.493045346183322 ], [ 13.00187259900005, 47.466018572174725 ], [ 12.931592651000075, 47.473511654177081 ], [ 12.778940470000094, 47.554824520202708 ], [ 12.785865112000069, 47.602676897217776 ], [ 12.813150269000085, 47.611823625220637 ], [ 12.751655314000054, 47.649392392232421 ], [ 12.761990600000079, 47.666859025237926 ], [ 12.653056681000097, 47.675127255240398 ], [ 12.49658044400007, 47.628902686226027 ], [ 12.42413008600008, 47.691560361245536 ], [ 12.238715047000111, 47.678899635241613 ], [ 12.242229044000059, 47.732023007258164 ], [ 12.176599976000118, 47.705823055250036 ], [ 12.20677901200011, 47.645568335231282 ], [ 12.173602742000105, 47.60507985121847 ], [ 11.935891154000018, 47.610738420220322 ], [ 11.851968627000106, 47.599162899216644 ], [ 11.820342651000123, 47.575288387209234 ], [ 11.620458211000114, 47.589654436213642 ], [ 11.551211792000087, 47.513690080189804 ], [ 11.412615600000041, 47.506093644187345 ], [ 11.365486694000134, 47.46932586317574 ], [ 11.383883504000039, 47.444857072167999 ], [ 11.305645385000073, 47.43540028616507 ], [ 11.237019083000124, 47.393955786151814 ], [ 11.193817587000099, 47.428940731162953 ], [ 11.0837467850001, 47.389511614150486 ], [ 10.979463745000144, 47.390545142150792 ], [ 10.959826701000113, 47.432506405164027 ], [ 10.858437540000073, 47.485164689180756 ], [ 10.892233928000053, 47.51487863919025 ], [ 10.858644247000118, 47.530665788195094 ], [ 10.760769083000127, 47.513638403189752 ], [ 10.583725627000119, 47.562472632205164 ], [ 10.536906779000107, 47.529864804194879 ], [ 10.482543172000137, 47.53286203619588 ], [ 10.453501017000066, 47.546246232200033 ], [ 10.457118368000117, 47.579241634210469 ], [ 10.429213094000149, 47.577019548209748 ], [ 10.419601278000126, 47.493045346183322 ], [ 10.45195072400011, 47.438759253166126 ], [ 10.428282918000097, 47.396048682152561 ], [ 10.305913126000062, 47.302178443122493 ], [ 10.159875529000061, 47.271120907112525 ], [ 10.20927819800008, 47.372484229145002 ], [ 10.08287764400006, 47.359074195140686 ], [ 10.05321537300008, 47.404859514155348 ], [ 10.071818888000051, 47.439120989166234 ], [ 10.022622924000069, 47.4879552171817 ], [ 9.982625366000095, 47.481030575179446 ], [ 9.945935099000058, 47.540768530198349 ], [ 9.833487182000088, 47.5346190351964 ], [ 9.782120809000052, 47.588414201213354 ], [ 9.703986043000093, 47.531415096195396 ], [ 9.612622111000059, 47.52188079519243 ], [ 9.183397664000072, 47.670424700238947 ], [ 9.016586141000118, 47.678899635241613 ], [ 8.945376017000081, 47.65430165223394 ], [ 8.881710652000089, 47.656136166234525 ], [ 8.797581420000107, 47.720034075254389 ], [ 8.770709676000113, 47.720860897254653 ], [ 8.769882853000093, 47.695074357246675 ], [ 8.71706954000004, 47.694557593246508 ], [ 8.713142130000081, 47.757421973265984 ], [ 8.644102417000109, 47.791011654276403 ], [ 8.617437378000092, 47.757318620265984 ], [ 8.583124227000068, 47.800235897279251 ], [ 8.463648315000084, 47.763907366268015 ], [ 8.390991251000061, 47.692128801245779 ], [ 8.391301310000124, 47.665463761237483 ], [ 8.458273966000116, 47.63988392822943 ], [ 8.607308797000112, 47.656291195234495 ], [ 8.56069665500007, 47.589396053213591 ], [ 8.522352742000036, 47.621900530223826 ], [ 8.461787964000079, 47.606139217218846 ], [ 8.448868856000081, 47.584280087212029 ], [ 8.354094279000034, 47.581024471210974 ], [ 8.232964721000119, 47.621952206223824 ], [ 8.04227868600009, 47.560560604204596 ], [ 7.91215743000015, 47.560560604204596 ], [ 7.898204794000065, 47.587845760213121 ], [ 7.819656616000117, 47.595338843215522 ], [ 7.766739949000049, 47.55596140220316 ], [ 7.68343754000011, 47.544256690199433 ], [ 7.609746948000096, 47.564746395205866 ], [ 7.63589522300009, 47.564591366205853 ], [ 7.659666382000038, 47.596579078215861 ], [ 7.586028488000127, 47.584618540212148 ], [ 7.511871785000094, 47.707321672250522 ], [ 7.537813355000138, 47.731816300258089 ], [ 7.525927775000099, 47.783156836274031 ], [ 7.55900069100008, 47.882711484304629 ], [ 7.621115763000065, 47.971439918331718 ], [ 7.575743856000147, 48.053708798356759 ], [ 7.585665730000131, 48.12972482937964 ], [ 7.687158243000114, 48.252921444416479 ], [ 7.702454467000076, 48.311186621433812 ], [ 7.750720255000091, 48.341365658442783 ], [ 7.7383179120001, 48.40660715446203 ], [ 7.776455119000078, 48.498177792488768 ], [ 7.813455444000026, 48.51946848249495 ], [ 7.81025150600007, 48.615018205522773 ], [ 7.959182983000119, 48.721368303553263 ], [ 7.970138387000104, 48.757283423563592 ], [ 8.017267293000122, 48.761830950564899 ], [ 8.090337769000143, 48.807512916577927 ], [ 8.200305216000032, 48.958563127620515 ], [ 7.931897827000117, 49.034837542641924 ], [ 7.634965047000037, 49.037783097642667 ], [ 7.520863485000118, 49.083671770655471 ], [ 7.471047404000107, 49.128320208667809 ], [ 7.47611169400008, 49.151522925674293 ], [ 7.410482625000042, 49.168937883679092 ], [ 7.35095137600007, 49.159171038676362 ], [ 7.274366902000052, 49.105014136661389 ], [ 7.154994344000015, 49.114419247664017 ], [ 7.079856812000115, 49.142014461671565 ], [ 7.042546427000078, 49.10759795866209 ], [ 7.009473510000079, 49.181701961682556 ], [ 6.914388876000144, 49.206661679689496 ], [ 6.833463583000056, 49.209452206690152 ], [ 6.821784709000097, 49.147750546673215 ], [ 6.725563192000038, 49.155553687675386 ], [ 6.702515503000084, 49.213637997691386 ], [ 6.680604696000044, 49.207488501689689 ], [ 6.639676961000104, 49.27115386670701 ], [ 6.556426228000078, 49.326395972722167 ], [ 6.577716919000069, 49.355799862730123 ], [ 6.511674438000116, 49.424736222748727 ], [ 6.402740519000136, 49.465457251759766 ], [ 6.345307071000094, 49.455348648757003 ], [ 6.3507540280001, 49.566588030786768 ], [ 6.417933390000146, 49.639141741806036 ], [ 6.402740519000137, 49.655781551810399 ], [ 6.499685506000075, 49.712212215825254 ], [ 6.502579387000139, 49.795669654847181 ], [ 6.302591594000118, 49.83494374385738 ], [ 6.222699829000105, 49.887136939870906 ], [ 6.172677043000107, 49.956228329888624 ], [ 6.161928345000092, 49.942482398885225 ], [ 6.096402629000094, 50.048625790912432 ], [ 6.121310668000151, 50.161590471941054 ], [ 6.165132284000063, 50.181899308946086 ], [ 6.146838827000095, 50.214042050954212 ], [ 6.271792439000137, 50.267423804967635 ], [ 6.285951782000098, 50.303855688976668 ], [ 6.374525187000073, 50.315482887979506 ], [ 6.33773156700008, 50.368089494992574 ], [ 6.336904744000037, 50.481002499020413 ], [ 6.207196900000103, 50.486325172021715 ], [ 6.17081669100011, 50.5179511490294 ], [ 6.160688110000054, 50.543582660035611 ], [ 6.249054809000083, 50.614431048052921 ], [ 6.159447876000115, 50.622389219054782 ], [ 6.081003052000115, 50.713494769076739 ], [ 6.011549926000044, 50.708533832075595 ], [ 5.968761841000117, 50.794626767096076 ], [ 5.998320760000039, 50.800724586097552 ], [ 6.009276164000116, 50.840463762106964 ], [ 6.056715129000111, 50.852659401109889 ], [ 6.063743124000045, 50.907539772122746 ], [ 5.999871053000081, 50.929398903127918 ], [ 6.00369510900009, 50.973737281138305 ], [ 5.874607381000121, 50.96536570013631 ], [ 5.858174275000068, 51.019341733149005 ], [ 5.852489868000103, 51.042751157154385 ], [ 5.880498495000043, 51.052052915156594 ], [ 5.937962687000036, 51.030943092151652 ], [ 5.982921183000147, 51.074687192161861 ], [ 6.147252238000108, 51.152253517179695 ], [ 6.126271607000118, 51.164578346182545 ], [ 6.157070760000065, 51.179254453185976 ], [ 6.134126424000041, 51.184215391187017 ], [ 6.0843103440001, 51.162692156182111 ], [ 6.060849243000122, 51.170908709184012 ], [ 6.0566117760001, 51.211707252193349 ], [ 6.193554321000078, 51.344515683223463 ], [ 6.207817016000147, 51.387665505233215 ], [ 6.193347615000049, 51.509337664260428 ], [ 6.086480754000089, 51.595533953279372 ], [ 6.09919315600007, 51.644471535290101 ], [ 6.008552694000112, 51.681187640298099 ], [ 6.012066691000086, 51.715862525305667 ], [ 5.939306274000104, 51.731882220309188 ], [ 5.964110962000065, 51.776556496318833 ], [ 5.928040812000064, 51.806735532325419 ], [ 6.084000284000123, 51.853657732335463 ], [ 6.156140584000126, 51.842056373333044 ], [ 6.092991984000153, 51.885309547342217 ], [ 6.126995076000098, 51.8967300383447 ], [ 6.225180298000084, 51.862546079337385 ], [ 6.26466109200001, 51.866189268338125 ], [ 6.344966268000122, 51.821101580328538 ], [ 6.382483358000119, 51.827586972329854 ], [ 6.378452596000043, 51.860117286336774 ], [ 6.462891887000067, 51.848360898334313 ], [ 6.528624308000132, 51.876421201340371 ], [ 6.74375329600008, 51.908331398347123 ], [ 6.809175659000062, 51.979541522362361 ], [ 6.675023641000113, 52.034809466373943 ], [ 6.679881225000118, 52.06046681537935 ], [ 6.749851115000126, 52.102867327388253 ], [ 6.830673055000087, 52.112892555390282 ], [ 7.026320027000053, 52.230637306414849 ], [ 7.012470744000099, 52.284949236425952 ], [ 7.04823083500011, 52.365073544442339 ], [ 6.973300008000139, 52.451373187459843 ], [ 6.900229533000105, 52.431917010455841 ], [ 6.714814494000111, 52.461553444461899 ], [ 6.67171634900012, 52.541677752478044 ], [ 6.74375329600008, 52.559712827481604 ], [ 6.703962443000081, 52.583070574486221 ], [ 6.70179203200007, 52.619114886493414 ], [ 6.737035360000049, 52.634695330496548 ], [ 6.865399617000039, 52.641955869497885 ], [ 7.018465210000043, 52.625987851494827 ], [ 7.061976766000043, 52.824011939533719 ], [ 7.192821493000111, 52.998006487567103 ], [ 7.17194421400012, 53.137713722593574 ], [ 7.194590691000085, 53.245021874613549 ], [ 7.254730665000064, 53.319525455627364 ], [ 7.366547071000068, 53.302801822624311 ], [ 7.30290774800005, 53.33274973962979 ], [ 7.075205925000089, 53.337591861630685 ], [ 7.023610873000051, 53.376410220637794 ], [ 7.051442905000041, 53.51259999966252 ], [ 7.119639519000088, 53.516302799663215 ], [ 7.141774936000046, 53.537176822667014 ], [ 7.086761915000065, 53.586859439675919 ], [ 7.226084832000083, 53.666489973690069 ], [ 7.305023634000063, 53.684800520693287 ], [ 7.45883222700007, 53.695135806695191 ], [ 7.503916863000089, 53.678656314692262 ], [ 7.951426629000085, 53.721909895699902 ], [ 8.031423373000056, 53.708075259697473 ], [ 8.052907748000054, 53.63629791668474 ], [ 8.167979363000079, 53.553208723669826 ], [ 8.155446811000051, 53.526027733664989 ], [ 8.058767123000052, 53.502020572660633 ], [ 8.076996290000068, 53.468695377654576 ], [ 8.099782748000051, 53.44741445265074 ], [ 8.152354363000079, 53.449774478651207 ], [ 8.20533287900008, 53.410711978644123 ], [ 8.259450717000048, 53.412298892644372 ], [ 8.31511478000005, 53.474920963655769 ], [ 8.320485873000051, 53.509222720661924 ], [ 8.29151451900009, 53.529364322665558 ], [ 8.231211785000081, 53.525213931664815 ], [ 8.270681186000047, 53.612860416680512 ], [ 8.329356316000093, 53.618109439681511 ], [ 8.387705925000082, 53.577134504674106 ], [ 8.552093946000072, 53.543605858668172 ], [ 8.490000847000093, 53.48639557265782 ], [ 8.504405144000096, 53.358058983634457 ], [ 8.497569207000078, 53.474758202655728 ], [ 8.565765821000076, 53.546698306668695 ], [ 8.486094597000095, 53.700425520696044 ], [ 8.58757571700005, 53.870428775725898 ], [ 8.672699415000071, 53.891587629729571 ], [ 8.744639519000087, 53.854152733723097 ], [ 8.860687696000074, 53.831000064719021 ], [ 9.210703972000093, 53.87197499972617 ], [ 9.283376498000056, 53.861639713724401 ], [ 9.58236738400007, 53.591294661676706 ], [ 9.696625196000072, 53.556626692670434 ], [ 9.832041863000084, 53.543605858668172 ], [ 9.782074415000066, 53.569728905672832 ], [ 9.692393425000093, 53.575913801673941 ], [ 9.583669467000055, 53.612453515680492 ], [ 9.550791863000086, 53.634588931684462 ], [ 9.532237175000093, 53.711167707697982 ], [ 9.435801629000075, 53.74868398370463 ], [ 9.395192905000044, 53.831000064719021 ], [ 9.257823113000089, 53.885565494728503 ], [ 9.029958530000046, 53.907131249732259 ], [ 8.984629754000078, 53.897040103730504 ], [ 8.916026238000082, 53.937404687737484 ], [ 8.833343946000067, 54.036444400754455 ], [ 8.890635613000088, 54.047796939756381 ], [ 8.997243686000042, 54.03021881475339 ], [ 9.018321160000085, 54.097886457764915 ], [ 8.95289147200009, 54.150091861773724 ], [ 8.860687696000078, 54.125189517769485 ], [ 8.812836134000065, 54.180487369778845 ], [ 8.839610222000092, 54.25556061179136 ], [ 8.922048373000049, 54.274237369794491 ], [ 8.963145379000085, 54.31761302080163 ], [ 8.881114129000085, 54.290269270797126 ], [ 8.887950066000087, 54.303941145799385 ], [ 8.738942905000046, 54.293890689797692 ], [ 8.678477410000085, 54.269191796793642 ], [ 8.623383009000058, 54.290106509797113 ], [ 8.599864129000084, 54.338080142805062 ], [ 8.695567254000075, 54.35858795580836 ], [ 8.650645379000082, 54.377997134811586 ], [ 8.634776238000086, 54.365423892809538 ], [ 8.648448113000089, 54.406398827816247 ], [ 8.886078321000074, 54.417792056818193 ], [ 9.004730665000062, 54.465887759825982 ], [ 9.011566602000078, 54.506333723832498 ], [ 8.878754102000077, 54.606512759848705 ], [ 8.825856967000041, 54.598130598847341 ], [ 8.853282097000088, 54.619289452850751 ], [ 8.805430535000092, 54.687567447861582 ], [ 8.688731316000093, 54.735296939869137 ], [ 8.642751498000054, 54.844183658886145 ], [ 8.660775934000075, 54.896311153894317 ], [ 8.904138224000059, 54.897942197894537 ], [ 9.194766480000059, 54.850399879887071 ], [ 9.244065796000147, 54.801772357879592 ], [ 9.385039103000059, 54.819394020882356 ], [ 9.451426629000075, 54.810370181880963 ], [ 9.579925977000068, 54.866278384889689 ], [ 9.583181186000049, 54.830267642884031 ], [ 9.734629754000077, 54.807318424880414 ], [ 9.823741082000087, 54.756740624872464 ], [ 9.895355665000066, 54.769476627874475 ], [ 9.891449415000061, 54.790269270877729 ], [ 9.947520379000085, 54.779527082876079 ], [ 10.01823978000005, 54.701239322863721 ], [ 9.970469597000085, 54.701239322863721 ], [ 9.929453972000092, 54.673895572859408 ], [ 10.039073113000091, 54.666815494858255 ], [ 10.026866082000078, 54.559963280841224 ], [ 9.96558678500009, 54.506170963832524 ], [ 9.840098504000089, 54.475287174827471 ], [ 9.88331139400009, 54.462103580825364 ], [ 10.143402540000073, 54.491848046830214 ], [ 10.203868035000081, 54.461004947825224 ], [ 10.191254102000073, 54.39671458281466 ], [ 10.141774936000049, 54.372259830810712 ], [ 10.141774936000054, 54.32440826780276 ], [ 10.180349155000044, 54.341131900805607 ], [ 10.224375847000085, 54.413804426817492 ], [ 10.318369988000086, 54.443304752822243 ], [ 10.601084832000085, 54.365423892809538 ], [ 10.731293165000075, 54.310207421800442 ], [ 10.935313347000095, 54.379543358811851 ], [ 11.018809441000094, 54.385891015812902 ], [ 10.975840691000082, 54.378404036811617 ], [ 11.033946160000088, 54.367621158809897 ], [ 11.104177280000048, 54.392889713814036 ], [ 11.135508660000085, 54.385891015812895 ], [ 11.08773847700007, 54.351752017807293 ], [ 11.066579623000058, 54.35858795580836 ], [ 11.094493035000088, 54.283514713796023 ], [ 11.066579623000045, 54.183905338779333 ], [ 10.892832879000089, 54.102525129765674 ], [ 10.805430535000086, 54.094875390764386 ], [ 10.752614780000036, 54.050116275756828 ], [ 10.799652540000073, 54.000555728748374 ], [ 10.875498894000081, 53.995428775747477 ], [ 10.887380405000037, 53.963934634742081 ], [ 10.922618035000083, 53.961371158741571 ], [ 11.053477410000088, 54.008490299749631 ], [ 11.175059441000087, 54.018011783751327 ], [ 11.245371941000089, 53.978420312744575 ], [ 11.242930535000086, 53.945217187738848 ], [ 11.293711785000085, 53.940863345738073 ], [ 11.334157748000051, 53.961371158741571 ], [ 11.45769290500005, 53.906154687732077 ], [ 11.519053582000076, 54.036444400754455 ], [ 11.573496941000091, 54.039048567754861 ], [ 11.689707879000077, 54.155218814774528 ], [ 11.812266472000085, 54.149807030773637 ], [ 12.088145379000084, 54.194077864781121 ], [ 12.091644727000066, 54.113999739767621 ], [ 12.11500084700009, 54.097886457764915 ], [ 12.095062696000069, 54.145697330772926 ], [ 12.142832879000078, 54.180487369778845 ], [ 12.108897332000089, 54.183010155779236 ], [ 12.186859571000076, 54.243353580789325 ], [ 12.34213300900007, 54.303941145799385 ], [ 12.501963738000086, 54.473578189827201 ], [ 12.533864780000043, 54.488267317829525 ], [ 12.548350457000085, 54.462062890825351 ], [ 12.591481967000044, 54.451727603823699 ], [ 12.879649285000085, 54.448797916823196 ], [ 12.921153191000085, 54.433498437820717 ], [ 12.870778842000052, 54.416815494817989 ], [ 12.694590691000085, 54.433661197820726 ], [ 12.624196811000045, 54.422919009818976 ], [ 12.58171634200005, 54.406398827816247 ], [ 12.594737175000095, 54.385891015812895 ], [ 12.554047071000072, 54.390814517813702 ], [ 12.527028842000048, 54.372259830810691 ], [ 12.490977410000083, 54.390082095813597 ], [ 12.438487175000091, 54.387518619813193 ], [ 12.424001498000056, 54.344916080806136 ], [ 12.396739129000089, 54.351752017807279 ], [ 12.391612175000089, 54.321112369802236 ], [ 12.362559441000085, 54.310207421800442 ], [ 12.368825717000041, 54.269191796793663 ], [ 12.412445509000058, 54.251410220790646 ], [ 12.458181186000042, 54.25556061179136 ], [ 12.410329623000047, 54.269191796793663 ], [ 12.478688998000054, 54.331854556804025 ], [ 12.560557488000086, 54.358587955808375 ], [ 12.540782097000083, 54.372259830810691 ], [ 12.677256707000083, 54.39207591181389 ], [ 12.680837436000049, 54.410874739816961 ], [ 12.71753991000009, 54.413804426817492 ], [ 12.692393425000093, 54.396185611814566 ], [ 12.684092644000089, 54.372259830810691 ], [ 12.704600457000078, 54.399603580815125 ], [ 12.735036655000039, 54.378159895811628 ], [ 12.787119988000082, 54.39207591181389 ], [ 12.818044467000046, 54.357977603808386 ], [ 12.854665561000044, 54.357855533808262 ], [ 12.929372592000048, 54.414374088817574 ], [ 13.034190300000095, 54.433661197820726 ], [ 13.028575066000084, 54.401841536815503 ], [ 13.095550977000064, 54.372259830810691 ], [ 13.076670769000092, 54.352525129807354 ], [ 13.114919467000055, 54.280015364795389 ], [ 13.288828972000088, 54.234279687787776 ], [ 13.348887566000091, 54.180487369778845 ], [ 13.321543816000087, 54.166815494776522 ], [ 13.403493686000051, 54.173651431777671 ], [ 13.382985873000043, 54.153143619774227 ], [ 13.41773522200009, 54.153143619774241 ], [ 13.465098504000078, 54.09845611976499 ], [ 13.507090691000091, 54.091050520763694 ], [ 13.479258660000083, 54.125189517769492 ], [ 13.602712436000052, 54.139471744771988 ], [ 13.711924675000095, 54.173651431777671 ], [ 13.698252800000082, 54.153143619774241 ], [ 13.808116082000081, 54.104681705766033 ], [ 13.746104363000084, 54.036444400754455 ], [ 13.907562696000072, 53.9335391277368 ], [ 13.818532748000047, 53.877997134727238 ], [ 13.81706790500005, 53.852932030722847 ], [ 14.037445509000067, 53.75527578070578 ], [ 14.186534050000093, 53.739813541703086 ], [ 14.234141472000085, 53.761786197706911 ], [ 14.264496290000062, 53.751613671705172 ], [ 14.259532097000085, 53.727972720700947 ], [ 14.212738477000075, 53.708075259697473 ], [ 14.263900720257402, 53.699976157376717 ], [ 14.304170370000096, 53.508517962661834 ], [ 14.359877564000049, 53.444077451650173 ], [ 14.403285767000021, 53.278790382619754 ], [ 14.441629680000068, 53.251841123614817 ], [ 14.380651489000082, 53.189855242603265 ], [ 14.389539835000113, 53.131667580592378 ], [ 14.343341105000034, 53.048623552576714 ], [ 14.144490193000106, 52.959920957559788 ], [ 14.164954061000083, 52.895661314547489 ], [ 14.123922973000028, 52.850651141538741 ], [ 14.382201782000095, 52.73815154851679 ], [ 14.4319145100001, 52.68608754350663 ], [ 14.644821411000065, 52.576921079485075 ], [ 14.609061320000139, 52.517803240473171 ], [ 14.632315715000063, 52.496745095469009 ], [ 14.539814901000117, 52.421865944453906 ], [ 14.545395956000053, 52.38215260544581 ], [ 14.58415328000007, 52.291227923427243 ], [ 14.712414184000117, 52.235908302415829 ], [ 14.686369263000138, 52.121031593392068 ], [ 14.761403443000122, 52.07666737638273 ], [ 14.699081665000106, 51.992512306365114 ], [ 14.687092733000041, 51.911897071347902 ], [ 14.595935507000066, 51.842418109333082 ], [ 14.585806925000039, 51.803893329324751 ], [ 14.634176066000061, 51.769011736317253 ], [ 14.648438761000135, 51.717206113306034 ], [ 14.732464640000067, 51.65834665629319 ], [ 14.743936808000079, 51.606644387281776 ], [ 14.710037068000076, 51.530240781265 ], [ 14.910955038000086, 51.468978370251349 ], [ 14.95539676900006, 51.435414527243907 ], [ 14.96097782400005, 51.335291440221354 ], [ 15.022059367000058, 51.236770322199085 ], [ 14.955293417000119, 51.064041847159444 ], [ 14.759233032000056, 50.810181373099809 ], [ 14.613195435000078, 50.845579729108223 ], [ 14.629215128000103, 50.920717263125908 ], [ 14.550356893000098, 50.912087298123858 ], [ 14.574334758000113, 50.975494280138712 ], [ 14.482144002000069, 51.037195940153211 ], [ 14.39780806400006, 51.013114723147552 ], [ 14.287530558000073, 51.036834205153013 ], [ 14.238334595000103, 50.982470599140342 ], [ 14.303756958000095, 50.969706520137422 ], [ 14.318329712000057, 50.937512103129841 ], [ 14.381891724000125, 50.920872291125931 ], [ 14.34654504400001, 50.880202939116373 ], [ 14.232133423000022, 50.87937611611617 ], [ 14.190792277000103, 50.847905169108742 ], [ 14.034936157000059, 50.802584938098057 ], [ 13.959591919000069, 50.80206817409784 ], [ 13.892515910000043, 50.780415749092747 ], [ 13.88218062400006, 50.742743629083684 ], [ 13.834534953000089, 50.723675026079107 ], [ 13.556567423000073, 50.706725156075109 ], [ 13.51563968900007, 50.691015521071357 ], [ 13.523287801000041, 50.662180072064402 ], [ 13.447943563000058, 50.597274473048678 ], [ 13.368775268000149, 50.628332008056248 ], [ 13.305626668000089, 50.575777077043519 ], [ 13.232349487000082, 50.582029925045035 ], [ 13.16010583500014, 50.497022194024332 ], [ 13.009624064000148, 50.492681373023274 ], [ 12.996601603000043, 50.433666888008794 ], [ 12.952573283000083, 50.404159645001485 ], [ 12.817387736000031, 50.443020322011165 ], [ 12.737909383000042, 50.431548154008311 ], [ 12.691814006000103, 50.394651180999197 ], [ 12.510223022000073, 50.388760067997708 ], [ 12.336486857000066, 50.258587134965339 ], [ 12.300416707000068, 50.160815324940877 ], [ 12.229930054000112, 50.234815975959478 ], [ 12.239645223000142, 50.256571754964817 ], [ 12.178046916000115, 50.268767391967913 ], [ 12.149314819000015, 50.311710507978567 ], [ 12.076140991000042, 50.315172827979495 ], [ 12.110970906000089, 50.276622209969865 ], [ 12.079551635000138, 50.242722469961372 ], [ 12.175049682000095, 50.18262277994625 ], [ 12.179183797000123, 50.117975562930013 ], [ 12.24687992300011, 50.044956763911493 ], [ 12.451311889000069, 49.980567928894921 ], [ 12.462680705000142, 49.931268612882256 ], [ 12.524072306000045, 49.904965308875539 ], [ 12.482524454000041, 49.827243954855348 ], [ 12.462473999000112, 49.831223039856376 ], [ 12.452655477000125, 49.779701636842965 ], [ 12.383615763000074, 49.742856340833356 ], [ 12.419582560000041, 49.700223283822162 ], [ 12.496373739000122, 49.669992571814198 ], [ 12.501954793000037, 49.619711402800903 ], [ 12.546603230000077, 49.59557850879456 ], [ 12.58288008700012, 49.522404679774958 ], [ 12.622980998000122, 49.50984730677159 ], [ 12.64354821800009, 49.429490454749995 ], [ 12.729331095000104, 49.391146542739762 ], [ 12.777906941000104, 49.332545468723822 ], [ 12.856661825000094, 49.322210181721047 ], [ 12.884670451000121, 49.339573463725756 ], [ 12.999805542000107, 49.294925025713582 ], [ 13.178502645000068, 49.118346656665054 ], [ 13.299528849000119, 49.093645321658258 ], [ 13.427272990000041, 48.95995839162093 ], [ 13.482256713000083, 48.937634172614636 ], [ 13.515949747000036, 48.970242001623788 ], [ 13.60865726700013, 48.946160783617046 ], [ 13.63738936300012, 48.893450822602198 ], [ 13.724670858000133, 48.867302548594836 ], [ 13.815724731000071, 48.766430152566159 ], [ 13.785855754000067, 48.724778947554235 ] ] ], [ [ [ 14.210052931000057, 53.938462629737636 ], [ 14.175289348000096, 53.906478167732104 ], [ 14.200818737000134, 53.878157290727188 ], [ 14.048350457000078, 53.87938059872743 ], [ 13.938487175000096, 53.84467193972143 ], [ 13.840098504000082, 53.850287174722368 ], [ 13.821787957000078, 53.865139062724992 ], [ 13.931651238000093, 53.899318749730881 ], [ 13.904470248000056, 53.995428775747477 ], [ 13.972666863000079, 53.989243879746375 ], [ 13.958994988000089, 53.940863345738073 ], [ 13.987478061000051, 53.961411848741605 ], [ 14.027842644000083, 53.961371158741571 ], [ 14.014333530000037, 53.947088931739145 ], [ 14.048350457000078, 53.940863345738073 ], [ 14.051280144000089, 54.00507233074908 ], [ 13.946055535000088, 54.06659576775958 ], [ 13.890879754000078, 54.010158593749949 ], [ 13.855967644000089, 54.002346093748649 ], [ 13.86361738400007, 54.049994205756775 ], [ 13.774099155000041, 54.022772525752103 ], [ 13.814952019000083, 54.101263736765453 ], [ 13.752940300000093, 54.153143619774227 ], [ 13.777598504000075, 54.174017642777713 ], [ 13.814952019000081, 54.173651431777671 ], [ 13.882497592000043, 54.102443749765655 ], [ 14.016612175000086, 54.060003970758501 ], [ 14.210052931000057, 53.938462629737636 ] ] ], [ [ [ 6.798106316000085, 53.60443756467901 ], [ 6.72242272200009, 53.590765689676587 ], [ 6.756521030000043, 53.562892968671576 ], [ 6.677093946000069, 53.575628970673861 ], [ 6.65951582100007, 53.599107161678049 ], [ 6.784678582000081, 53.620062564681781 ], [ 6.798106316000085, 53.60443756467901 ] ] ], [ [ [ 6.873789910000083, 53.672756249691197 ], [ 7.047048373000053, 53.694159244694987 ], [ 7.085459832000081, 53.686997786693723 ], [ 6.873789910000083, 53.672756249691197 ] ] ], [ [ [ 7.133148634000069, 53.708075259697473 ], [ 7.232920769000086, 53.72943756470125 ], [ 7.34669030000009, 53.723211978700142 ], [ 7.133148634000069, 53.708075259697473 ] ] ], [ [ [ 7.366547071000068, 53.727972720700947 ], [ 7.403493686000049, 53.736721093702471 ], [ 7.435557488000086, 53.727972720700947 ], [ 7.366547071000068, 53.727972720700947 ] ] ], [ [ [ 8.120127800000089, 53.714300845698567 ], [ 8.152354363000079, 53.739162499702921 ], [ 8.19597415500005, 53.727972720700947 ], [ 8.120127800000089, 53.714300845698567 ] ] ], [ [ [ 7.606618686000047, 53.762599999707106 ], [ 7.625743035000085, 53.749945377704826 ], [ 7.472992384000063, 53.731878970701636 ], [ 7.486989780000045, 53.761419986706862 ], [ 7.606618686000047, 53.762599999707106 ] ] ], [ [ [ 7.686289910000087, 53.780991926710257 ], [ 7.728282097000091, 53.786566470711278 ], [ 7.812836134000065, 53.776353254709477 ], [ 7.668630405000043, 53.757879947706215 ], [ 7.686289910000087, 53.780991926710257 ] ] ], [ [ [ 7.854502800000095, 53.784572655710903 ], [ 7.897634311000044, 53.796291405712964 ], [ 7.955577019000088, 53.782904361710656 ], [ 7.875254754000085, 53.788397525711616 ], [ 7.873789910000084, 53.776353254709477 ], [ 7.854502800000095, 53.784572655710903 ] ] ], [ [ [ 11.390391472000085, 54.004584049748978 ], [ 11.468028191000084, 54.030951236753474 ], [ 11.497894727000068, 54.02277252575211 ], [ 11.457692905000037, 53.961371158741585 ], [ 11.447032097000095, 53.99713775974778 ], [ 11.423106316000091, 53.967718814742668 ], [ 11.375661655000039, 53.981838280745123 ], [ 11.390391472000085, 54.004584049748978 ] ] ], [ [ [ 11.539561394000089, 54.056952213757953 ], [ 11.533946160000086, 54.084865624762649 ], [ 11.615896030000048, 54.112127994767299 ], [ 11.539561394000089, 54.056952213757953 ] ] ], [ [ [ 8.958506707000087, 54.522447004835151 ], [ 8.887950066000093, 54.468451236826375 ], [ 8.812836134000065, 54.482123111828571 ], [ 8.844493035000088, 54.519720767834649 ], [ 8.958506707000087, 54.522447004835151 ] ] ], [ [ [ 11.314219597000083, 54.413804426817492 ], [ 11.188487175000095, 54.426174218819526 ], [ 11.112640821000072, 54.41522858081769 ], [ 11.098643425000095, 54.451646223823573 ], [ 11.008474155000039, 54.45465729182412 ], [ 11.033702019000094, 54.508856509832938 ], [ 11.121267123000047, 54.535956119837259 ], [ 11.20655358200009, 54.51447174483387 ], [ 11.314219597000083, 54.413804426817492 ] ] ], [ [ [ 13.143402540000059, 54.598130598847341 ], [ 13.102549675000089, 54.529933983836372 ], [ 13.061371290000073, 54.468451236826375 ], [ 13.102305535000081, 54.59609609384696 ], [ 13.15105228000005, 54.604925845848364 ], [ 13.149668816000093, 54.577704166844072 ], [ 13.143402540000059, 54.598130598847341 ] ] ], [ [ [ 13.698252800000089, 54.39207591181389 ], [ 13.76644941500007, 54.344916080806151 ], [ 13.723155144000094, 54.27838775979513 ], [ 13.690928582000081, 54.283514713796045 ], [ 13.711924675000084, 54.303941145799385 ], [ 13.651133660000079, 54.297186588798247 ], [ 13.711924675000086, 54.331854556804025 ], [ 13.616953972000095, 54.31761302080163 ], [ 13.690928582000074, 54.351752017807279 ], [ 13.499685092000041, 54.344916080806151 ], [ 13.359629754000078, 54.27545807279472 ], [ 13.355723504000084, 54.248724674790211 ], [ 13.363129102000073, 54.263006900792597 ], [ 13.41773522200009, 54.266058658793071 ], [ 13.407237175000088, 54.228216861786805 ], [ 13.311534050000086, 54.251125390790662 ], [ 13.335215691000085, 54.283514713796023 ], [ 13.26791425900007, 54.256496483791558 ], [ 13.210134311000045, 54.275824283794726 ], [ 13.204844597000088, 54.297186588798247 ], [ 13.149668816000084, 54.290269270797126 ], [ 13.177500847000088, 54.310207421800442 ], [ 13.115489129000084, 54.33808014280504 ], [ 13.148936394000087, 54.377264713811456 ], [ 13.266856316000082, 54.385891015812895 ], [ 13.211599155000039, 54.431097720820311 ], [ 13.156993035000085, 54.426825259819616 ], [ 13.181813998000054, 54.453029687823872 ], [ 13.273122592000044, 54.482123111828571 ], [ 13.233246290000059, 54.493068749830378 ], [ 13.232758009000056, 54.516262108834148 ], [ 13.185394727000075, 54.508286848832846 ], [ 13.143402540000071, 54.542914127838394 ], [ 13.259532097000085, 54.553778384840157 ], [ 13.297862175000093, 54.519680077834693 ], [ 13.301036004000084, 54.550360416839688 ], [ 13.369395379000085, 54.585150455845231 ], [ 13.348887566000085, 54.523667707835251 ], [ 13.383799675000086, 54.531887108836607 ], [ 13.376719597000079, 54.564642642841932 ], [ 13.430674675000089, 54.492743228830349 ], [ 13.507090691000084, 54.488267317829525 ], [ 13.520762566000089, 54.516262108834148 ], [ 13.499685092000053, 54.557196353840716 ], [ 13.520762566000084, 54.570786848842864 ], [ 13.441416863000084, 54.557196353840716 ], [ 13.369151238000082, 54.612127994849558 ], [ 13.253265821000065, 54.564642642841932 ], [ 13.293467644000087, 54.642279361854371 ], [ 13.224782748000051, 54.634955142853158 ], [ 13.241547071000065, 54.659979556857216 ], [ 13.418711785000079, 54.688421939861726 ], [ 13.445078972000085, 54.673895572859401 ], [ 13.382985873000058, 54.636379296853448 ], [ 13.424571160000085, 54.585150455845231 ], [ 13.640472852000071, 54.585679426845282 ], [ 13.677256707000076, 54.540472720838054 ], [ 13.584808790000066, 54.486517642829341 ], [ 13.579112175000091, 54.45506419282416 ], [ 13.609548373000052, 54.413804426817492 ], [ 13.698252800000089, 54.39207591181389 ] ] ], [ [ [ 8.332367384000067, 54.693793033862576 ], [ 8.401377800000084, 54.632961327852897 ], [ 8.353688998000058, 54.618963931850665 ], [ 8.291514519000083, 54.667059634858326 ], [ 8.360362175000096, 54.714829817865848 ], [ 8.332367384000067, 54.693793033862576 ] ] ], [ [ [ 8.553233269000092, 54.754461978872122 ], [ 8.593760613000079, 54.728501692867994 ], [ 8.565765821000072, 54.687567447861603 ], [ 8.485199415000073, 54.688055728861684 ], [ 8.394541863000088, 54.714829817865848 ], [ 8.436778191000084, 54.748480533871195 ], [ 8.553233269000092, 54.754461978872122 ] ] ], [ [ [ 8.354502800000091, 54.91274648389679 ], [ 8.436534050000093, 54.88727447889292 ], [ 8.654470248000054, 54.89362213489386 ], [ 8.504405144000092, 54.886175845892708 ], [ 8.446055535000077, 54.866278384889675 ], [ 8.343923373000049, 54.87909576789162 ], [ 8.307139519000089, 54.86538320288949 ], [ 8.284434441000082, 54.742377017870226 ], [ 8.288584832000078, 54.891302799893467 ], [ 8.373708530000041, 55.03497955691563 ], [ 8.415782097000095, 55.065334374920205 ], [ 8.463389519000094, 55.050685937918033 ], [ 8.394541863000086, 55.043849999916951 ], [ 8.430430535000079, 55.030015364914824 ], [ 8.361989780000041, 54.986802473908213 ], [ 8.354502800000091, 54.91274648389679 ] ] ], [ [ [ 8.698903842000053, 54.558579817840936 ], [ 8.669769727000071, 54.501898502831772 ], [ 8.618825717000046, 54.49262115883031 ], [ 8.602061394000092, 54.529771223836306 ], [ 8.698903842000053, 54.558579817840936 ] ] ], [ [ [ 7.900645379000079, 54.190659895780492 ], [ 7.897715691000085, 54.182318424779119 ], [ 7.879893425000092, 54.193915103781087 ], [ 7.900645379000079, 54.190659895780492 ] ] ], [ [ [ 7.912364129000078, 54.192287499780782 ], [ 7.933441602000077, 54.189886783780381 ], [ 7.917653842000054, 54.186997786779855 ], [ 7.912364129000078, 54.192287499780782 ] ] ] ] } },
{ "type": "Feature", "properties": { "map_id": "DK" }, "geometry": { "type": "MultiPolygon", "coordinates": [ [ [ [ 8.660775934000075, 54.896311153894317 ], [ 8.640961134000063, 55.023382877913839 ], [ 8.681895379000078, 55.133205468930491 ], [ 8.563649936000049, 55.143377994932059 ], [ 8.557383660000083, 55.096380924924922 ], [ 8.499359571000067, 55.065578515920237 ], [ 8.458832227000077, 55.103461002925947 ], [ 8.488942905000048, 55.197170312940145 ], [ 8.593760613000091, 55.180975650937683 ], [ 8.555186394000089, 55.149359439932915 ], [ 8.689463738000086, 55.141587629931728 ], [ 8.617686394000083, 55.437933658975659 ], [ 8.44190514400009, 55.463934634979452 ], [ 8.310394727000068, 55.562689517993725 ], [ 8.332367384000072, 55.572007551995007 ], [ 8.313161655000039, 55.582709049996538 ], [ 8.267832879000082, 55.580511783996258 ], [ 8.23902428500009, 55.55792877599302 ], [ 8.271739129000084, 55.530462955989051 ], [ 8.243662957000081, 55.516791080987105 ], [ 8.316742384000062, 55.489406640983127 ], [ 8.313324415000071, 55.469305728980309 ], [ 8.193614129000084, 55.525946353988424 ], [ 8.09522545700008, 55.549058332991684 ], [ 8.181651238000086, 55.729071354017357 ], [ 8.127777540000066, 55.987616276053345 ], [ 8.193369988000091, 55.873846745037696 ], [ 8.193614129000084, 55.811835026029009 ], [ 8.347829623000052, 55.869330143036997 ], [ 8.393321160000092, 55.909165755042508 ], [ 8.319509311000047, 55.986029362053102 ], [ 8.30811608200008, 56.0529238930622 ], [ 8.247731967000048, 56.08982981806713 ], [ 8.14966881600008, 56.11115143207013 ], [ 8.134776238000082, 55.993963932054179 ], [ 8.107920769000085, 56.024318750058306 ], [ 8.133799675000089, 56.205471094082739 ], [ 8.122406446000072, 56.551662500127954 ], [ 8.178721550000091, 56.672064518143287 ], [ 8.213877800000095, 56.711818750148304 ], [ 8.232432488000079, 56.688381250145376 ], [ 8.202159050000095, 56.640204167139302 ], [ 8.253916863000086, 56.606105859134892 ], [ 8.305918816000089, 56.597805078133881 ], [ 8.307383660000083, 56.554348047128322 ], [ 8.312022332000076, 56.578802800131385 ], [ 8.392100457000085, 56.585272526132307 ], [ 8.514659050000086, 56.544663802127026 ], [ 8.565765821000072, 56.578802800131399 ], [ 8.601084832000081, 56.501125391121477 ], [ 8.63697350400008, 56.479722396118646 ], [ 8.726573113000089, 56.483221745119188 ], [ 8.762543165000071, 56.563381250129474 ], [ 8.681895379000089, 56.626532292137526 ], [ 8.740896030000044, 56.634955143138548 ], [ 8.805430535000085, 56.695461328146216 ], [ 8.91675866000009, 56.708807682147942 ], [ 8.840830925000098, 56.722357487149601 ], [ 8.876638217000052, 56.764308984154852 ], [ 8.955739780000052, 56.802964583159678 ], [ 9.014903191000087, 56.797837630159037 ], [ 9.063161655000046, 56.81256744816092 ], [ 9.10596764400009, 56.800116276159329 ], [ 9.176036004000084, 56.708563542147928 ], [ 9.093435092000053, 56.674994206143616 ], [ 9.059336785000086, 56.633978581138408 ], [ 9.060557488000081, 56.565741276129778 ], [ 9.106781446000079, 56.610785221135508 ], [ 9.155446811000051, 56.612941797135761 ], [ 9.121348504000075, 56.620347396136722 ], [ 9.155446811000051, 56.661322331141932 ], [ 9.149424675000089, 56.638861393139067 ], [ 9.276215040000075, 56.632961328138364 ], [ 9.25033613400006, 56.578802800131399 ], [ 9.326182488000079, 56.530340885125234 ], [ 9.372731967000057, 56.565375065129722 ], [ 9.293711785000079, 56.561021224129121 ], [ 9.326019727000075, 56.669419662142914 ], [ 9.305674675000089, 56.69546132814623 ], [ 9.270843946000067, 56.702337956147119 ], [ 9.19906660200008, 56.676581120143901 ], [ 9.169118686000052, 56.688666081145371 ], [ 9.226410352000066, 56.716253971148852 ], [ 9.242523634000062, 56.747056380152664 ], [ 9.174978061000047, 56.806057031160073 ], [ 9.210622592000043, 56.863104557167155 ], [ 9.162852410000081, 56.894110417170971 ], [ 9.200205925000096, 56.938910221176442 ], [ 9.288747592000048, 56.997137760183605 ], [ 9.437022332000081, 57.024400130186869 ], [ 9.586761915000062, 56.99713776018362 ], [ 9.57309004000007, 56.978827214181372 ], [ 9.60792076900009, 56.969875391180224 ], [ 9.688975457000078, 57.039129948188709 ], [ 9.761241082000089, 57.058579818190942 ], [ 9.915782097000095, 57.058579818190942 ], [ 9.795664910000079, 57.106390690196697 ], [ 9.7119246750001, 57.061265365191318 ], [ 9.675140821000067, 57.079169010193482 ], [ 9.58082116000009, 57.049302474189879 ], [ 9.493988477000078, 57.048570052189802 ], [ 9.245371941000091, 57.002346094184205 ], [ 9.114512566000093, 57.058579818190928 ], [ 9.112803582000074, 57.038641667188607 ], [ 9.042653842000048, 57.017726953186077 ], [ 8.996755405000052, 57.028062240187261 ], [ 8.901621941000093, 56.986273503182211 ], [ 8.850433790000071, 57.003485417184322 ], [ 8.811696811000045, 56.969875391180224 ], [ 8.679535352000066, 56.952541406178092 ], [ 8.60792076900009, 56.849676823165503 ], [ 8.569590691000094, 56.818426823161587 ], [ 8.491384311000049, 56.79425690115864 ], [ 8.47641035200007, 56.715969141148825 ], [ 8.525563998000047, 56.715969141148825 ], [ 8.527028842000052, 56.695298568146214 ], [ 8.45289147200009, 56.702337956147126 ], [ 8.408213738000084, 56.688666081145364 ], [ 8.500987175000091, 56.674994206143616 ], [ 8.586273634000065, 56.688666081145364 ], [ 8.608083530000048, 56.631048893138122 ], [ 8.546641472000097, 56.601711328134343 ], [ 8.559580925000093, 56.593003646133226 ], [ 8.511485222000093, 56.607001042135025 ], [ 8.444834832000092, 56.664048568142228 ], [ 8.37338300900007, 56.680243229144367 ], [ 8.302012566000082, 56.763739323154773 ], [ 8.243662957000078, 56.777411198156535 ], [ 8.245860222000085, 56.704006250147295 ], [ 8.23617597700008, 56.771185612155726 ], [ 8.247894727000073, 56.812445378160824 ], [ 8.449717644000085, 57.003973698184396 ], [ 8.618011915000066, 57.122870182198689 ], [ 8.783946160000083, 57.104803776196604 ], [ 8.914561394000087, 57.127427474199237 ], [ 8.980479363000088, 57.1610375002033 ], [ 9.230642123000043, 57.141099349200921 ], [ 9.412119988000091, 57.165432031203757 ], [ 9.573252800000098, 57.242905990212982 ], [ 9.788422071000074, 57.459295964238279 ], [ 9.966970248000054, 57.591376042253366 ], [ 10.197601759000056, 57.601223047254472 ], [ 10.350596550000091, 57.648993229259816 ], [ 10.539073113000077, 57.743841862270429 ], [ 10.625010613000093, 57.747503971270824 ], [ 10.648936394000081, 57.737005925269635 ], [ 10.542491082000087, 57.698919987265469 ], [ 10.46045983200008, 57.630560612257725 ], [ 10.430430535000083, 57.570542708250969 ], [ 10.546560092000052, 57.435288802235441 ], [ 10.517425977000066, 57.391302800230356 ], [ 10.539073113000084, 57.236721094212321 ], [ 10.411468946000065, 57.144435938201291 ], [ 10.347178582000089, 57.010199284185141 ], [ 10.239756707000085, 56.992824609183003 ], [ 9.994639519000094, 57.092718815195092 ], [ 9.926931186000044, 57.058579818190928 ], [ 10.001963738000079, 57.083889063194036 ], [ 10.192393425000098, 56.994045313183193 ], [ 10.313731316000084, 56.982855534181823 ], [ 10.265879754000087, 56.907700912172594 ], [ 10.29542076900009, 56.778876042156718 ], [ 10.340586785000092, 56.717352604149049 ], [ 10.203868035000085, 56.702337956147119 ], [ 10.146494988000088, 56.722357487149601 ], [ 9.945567254000077, 56.658148503141476 ], [ 9.805918816000091, 56.640204167139302 ], [ 10.001475457000085, 56.661322331141932 ], [ 10.06283613400007, 56.688666081145364 ], [ 10.101328972000092, 56.68268463514466 ], [ 10.150563998000054, 56.71442291714861 ], [ 10.183360222000088, 56.708563542147928 ], [ 10.175791863000093, 56.695461328146216 ], [ 10.241953972000092, 56.688381250145376 ], [ 10.334239129000084, 56.703843490147278 ], [ 10.357676629000075, 56.64874908914036 ], [ 10.34034264400009, 56.620347396136722 ], [ 10.214366082000087, 56.558294987128782 ], [ 10.183360222000095, 56.469549870117397 ], [ 10.225596550000089, 56.475734766118208 ], [ 10.237640821000065, 56.554388737128342 ], [ 10.33033287900008, 56.603216862134545 ], [ 10.365244988000093, 56.558417057128892 ], [ 10.46989993600004, 56.520900781123984 ], [ 10.822276238000079, 56.534247135125717 ], [ 10.964121941000089, 56.448431706114647 ], [ 10.911631707000073, 56.334051823099713 ], [ 10.755381707000076, 56.229315495085935 ], [ 10.73861738400006, 56.154527083075862 ], [ 10.672211134000058, 56.165187891077338 ], [ 10.648936394000087, 56.188381250080461 ], [ 10.685231967000052, 56.196234440081412 ], [ 10.687673373000058, 56.222235417084946 ], [ 10.628591342000046, 56.237534896087006 ], [ 10.549164259000063, 56.178208724079035 ], [ 10.573741082000074, 56.11261627607027 ], [ 10.548024936000045, 56.10126373706872 ], [ 10.518565300000084, 56.102728581068916 ], [ 10.491221550000084, 56.139960026073958 ], [ 10.525401238000084, 56.153631901075784 ], [ 10.509450717000046, 56.170111393077967 ], [ 10.408702019000092, 56.16486237007733 ], [ 10.354665561000052, 56.202053125082209 ], [ 10.429209832000078, 56.222479557085066 ], [ 10.47779381600008, 56.20233795608226 ], [ 10.491221550000082, 56.216294662084131 ], [ 10.475433790000071, 56.244696354087957 ], [ 10.504730665000066, 56.277777409092295 ], [ 10.403005405000036, 56.298244531095001 ], [ 10.220225457000081, 56.147894596074991 ], [ 10.265635613000084, 56.073716537065003 ], [ 10.231130405000046, 56.017035221057327 ], [ 10.277517123000049, 56.017767643057361 ], [ 10.245371941000082, 55.914618229043263 ], [ 10.183360222000095, 55.873724675037586 ], [ 10.182139519000085, 55.833685612032021 ], [ 10.101817254000078, 55.882391667038831 ], [ 9.86744225400008, 55.85199615903462 ], [ 10.045746290000068, 55.813950912029291 ], [ 10.017344597000086, 55.765570378022495 ], [ 10.059825066000085, 55.749497787020239 ], [ 10.018809441000085, 55.73627350301841 ], [ 10.005218946000078, 55.701117253013393 ], [ 9.981700066000084, 55.709418034014604 ], [ 9.792246941000091, 55.674465234009659 ], [ 9.686534050000088, 55.708563542014524 ], [ 9.556407097000086, 55.711574609014917 ], [ 9.573578321000074, 55.695461328012648 ], [ 9.658539259000072, 55.690375065011892 ], [ 9.738291863000082, 55.629706120003313 ], [ 9.853770379000077, 55.626654362002903 ], [ 9.71241295700009, 55.56028880199333 ], [ 9.706879102000077, 55.537298892990037 ], [ 9.607269727000077, 55.516791080987076 ], [ 9.559580925000096, 55.523627017988069 ], [ 9.551931186000042, 55.505113020985426 ], [ 9.498057488000081, 55.489447330983104 ], [ 9.602386915000066, 55.495794986984073 ], [ 9.660166863000079, 55.477972720981448 ], [ 9.648936394000085, 55.441066796976131 ], [ 9.586761915000061, 55.427435611974182 ], [ 9.600840691000087, 55.365912174965125 ], [ 9.645274285000076, 55.342718814961735 ], [ 9.634613477000073, 55.317572330957958 ], [ 9.710297071000065, 55.248683983947821 ], [ 9.684418165000068, 55.197577213940193 ], [ 9.569834832000085, 55.192531640939436 ], [ 9.486338738000082, 55.156236067933918 ], [ 9.511892123000045, 55.133205468930491 ], [ 9.456553582000083, 55.125718489929341 ], [ 9.521332227000077, 55.115871483927933 ], [ 9.559580925000086, 55.085394595923262 ], [ 9.516612175000095, 55.056545312918878 ], [ 9.434336785000077, 55.037543033915981 ], [ 9.455251498000052, 55.023179426913842 ], [ 9.579925977000077, 55.050685937918033 ], [ 9.730967644000096, 54.995428775909552 ], [ 9.763194207000087, 54.900458072894963 ], [ 9.703461134000063, 54.886175845892708 ], [ 9.74447675900006, 54.866278384889675 ], [ 9.745941602000075, 54.836004947884895 ], [ 9.62330162900008, 54.865301822889464 ], [ 9.610362175000089, 54.9032249998954 ], [ 9.644216342000055, 54.913275455896894 ], [ 9.615000847000085, 54.932684634899928 ], [ 9.545909050000095, 54.879339908891595 ], [ 9.456390821000067, 54.843817447886167 ], [ 9.43692224100004, 54.810143939880845 ], [ 9.385039103000059, 54.819394020882356 ], [ 9.317032918000054, 54.801617327879498 ], [ 9.226392456000047, 54.80590647188022 ], [ 9.194766480000059, 54.850399879887071 ], [ 8.824246459000079, 54.905900367895789 ], [ 8.695882202000089, 54.889984026893302 ], [ 8.660775934000075, 54.896311153894317 ] ] ], [ [ [ 11.848643425000089, 54.773179426875004 ], [ 11.806976759000062, 54.70799387986478 ], [ 11.846446160000079, 54.697821353863191 ], [ 11.842621290000068, 54.676214908859691 ], [ 11.810720248000047, 54.655096744856408 ], [ 11.766123894000094, 54.646551822855024 ], [ 11.610524936000047, 54.666408593858201 ], [ 11.451833530000046, 54.628363345852129 ], [ 11.187754754000082, 54.732245181868656 ], [ 11.009287957000078, 54.771633202874867 ], [ 11.00570722700008, 54.803656314879873 ], [ 11.089691602000078, 54.810614322880951 ], [ 11.108164910000086, 54.831529036884206 ], [ 11.02523847700007, 54.879461978891641 ], [ 11.018809441000085, 54.903387759895381 ], [ 11.073985222000092, 54.948187564902305 ], [ 11.231700066000082, 54.961249088904317 ], [ 11.338877800000091, 54.919134830897775 ], [ 11.368907097000086, 54.881089582891896 ], [ 11.594737175000096, 54.811102603881025 ], [ 11.572764519000092, 54.847967838886795 ], [ 11.656260613000084, 54.866278384889675 ], [ 11.649424675000093, 54.913519595896943 ], [ 11.848643425000089, 54.773179426875004 ] ] ], [ [ [ 10.450205925000098, 54.899807030894799 ], [ 10.518565300000096, 54.851996158887445 ], [ 10.38347415500005, 54.830755924884087 ], [ 10.211436394000087, 54.939357812900958 ], [ 10.189219597000092, 54.977484439906831 ], [ 10.349619988000093, 54.896714582894354 ], [ 10.391368035000081, 54.89545318989412 ], [ 10.388845248000045, 54.920314843898034 ], [ 10.426036004000075, 54.872503970890563 ], [ 10.460948113000082, 54.874497786890892 ], [ 10.450205925000098, 54.899807030894799 ] ] ], [ [ [ 12.504730665000075, 55.019761457913191 ], [ 12.537608269000085, 55.002386783910602 ], [ 12.542653842000044, 54.951157942902768 ], [ 12.348399285000088, 54.960028384904163 ], [ 12.207774285000083, 54.886175845892708 ], [ 12.115000847000095, 54.907294009895956 ], [ 12.149099155000039, 54.940822655901201 ], [ 12.129161004000082, 54.954413150903278 ], [ 12.177012566000093, 54.968085025905346 ], [ 12.177012566000091, 54.989203189908558 ], [ 12.232188347000093, 54.975531314906476 ], [ 12.286875847000095, 54.989203189908558 ], [ 12.294200066000094, 55.023382877913832 ], [ 12.252696160000083, 55.043849999916951 ], [ 12.26197350400008, 55.064276431920113 ], [ 12.335297071000076, 55.033270572915328 ], [ 12.504730665000075, 55.019761457913191 ] ] ], [ [ [ 10.025889519000087, 54.95978424490405 ], [ 10.064463738000086, 54.88100820289187 ], [ 9.953623894000092, 54.862616275889067 ], [ 9.874278191000091, 54.886175845892708 ], [ 9.900889519000083, 54.900702213895002 ], [ 9.991547071000065, 54.872503970890563 ], [ 9.94369550900007, 54.903631900895419 ], [ 9.887950066000089, 54.913519595896943 ], [ 9.814707879000087, 54.901068424894966 ], [ 9.780935092000053, 54.916815494897492 ], [ 9.75814863400007, 54.981756900907477 ], [ 9.847504102000068, 54.948187564902319 ], [ 9.786794467000044, 55.000148827910238 ], [ 9.79908287900008, 55.01654693991275 ], [ 9.67416425900006, 55.021063541913492 ], [ 9.696625196000069, 55.050685937918033 ], [ 9.645518425000096, 55.044867252917072 ], [ 9.628428582000083, 55.05805084591907 ], [ 9.71664472700007, 55.082220767922792 ], [ 9.793467644000094, 55.080755924922499 ], [ 9.853037957000081, 55.040106509916349 ], [ 9.960948113000084, 55.015041405912577 ], [ 10.025889519000087, 54.95978424490405 ] ] ], [ [ [ 10.85499108200008, 55.043849999916951 ], [ 10.934255405000052, 55.159654036934469 ], [ 10.956716342000053, 55.153713280933587 ], [ 10.908946160000085, 55.030218814914875 ], [ 10.741058790000075, 54.752386783871792 ], [ 10.693858269000092, 54.735296939869116 ], [ 10.656423373000054, 54.803656314879873 ], [ 10.601084832000087, 54.838324283885292 ], [ 10.640879754000078, 54.843207095886036 ], [ 10.684418165000064, 54.887844140892952 ], [ 10.724457227000068, 54.886175845892708 ], [ 10.717784050000093, 54.907294009895956 ], [ 10.682953321000069, 54.907294009895956 ], [ 10.697032097000095, 54.931341861899703 ], [ 10.85499108200008, 55.043849999916951 ] ] ], [ [ [ 15.146657748000054, 55.128241275929753 ], [ 15.113242231000076, 55.018294871913049 ], [ 15.072666226000075, 54.991638003908982 ], [ 14.780832726000076, 55.051128324918054 ], [ 14.699554884000063, 55.089178775923877 ], [ 14.705739780000041, 55.225653384944387 ], [ 14.760915561000038, 55.309271549956748 ], [ 14.851422204000075, 55.248199848947706 ], [ 14.926799100000038, 55.215798732942972 ], [ 14.973399285000083, 55.21613190094299 ], [ 15.000498894000092, 55.188421939938834 ], [ 15.146657748000054, 55.128241275929753 ] ] ], [ [ [ 8.451670769000092, 55.339748437961305 ], [ 8.370941602000068, 55.427435611974168 ], [ 8.374359571000065, 55.463283593979334 ], [ 8.408213738000082, 55.46841054698011 ], [ 8.41195722700008, 55.438706770975735 ], [ 8.463389519000096, 55.427435611974168 ], [ 8.450205925000095, 55.393377994969221 ], [ 8.476410352000075, 55.345445051962109 ], [ 8.451670769000092, 55.339748437961305 ] ] ], [ [ [ 10.621429884000065, 55.064276431920113 ], [ 10.538259311000038, 55.029730533914744 ], [ 10.312754754000075, 55.06366608091993 ], [ 10.234222852000075, 55.092230533924287 ], [ 10.205251498000049, 55.093695377924483 ], [ 10.197032097000088, 55.064276431920113 ], [ 10.141774936000054, 55.092230533924287 ], [ 10.083506707000085, 55.086981509923547 ], [ 10.06592858200008, 55.092230533924301 ], [ 10.156016472000083, 55.140082095931518 ], [ 10.094004754000084, 55.188421939938834 ], [ 10.03931725400008, 55.180975650937683 ], [ 10.003591342000043, 55.197333072940168 ], [ 10.025645379000087, 55.125718489929341 ], [ 9.985524936000045, 55.127752994929672 ], [ 9.979502800000089, 55.21283600294241 ], [ 9.911387566000094, 55.228501692944775 ], [ 9.883962436000047, 55.253485416948578 ], [ 9.884776238000077, 55.348863020962661 ], [ 9.802419467000052, 55.362372134964666 ], [ 9.778086785000083, 55.380275780967231 ], [ 9.840098504000077, 55.400091861970111 ], [ 9.785492384000065, 55.413763736972101 ], [ 9.819590691000096, 55.413763736972101 ], [ 9.737315300000091, 55.438177799975698 ], [ 9.703461134000062, 55.46841054698011 ], [ 9.812185092000053, 55.441066796976138 ], [ 9.676280144000094, 55.49567291698412 ], [ 9.683929884000062, 55.506048892985554 ], [ 9.75513756600008, 55.544134830991091 ], [ 9.809092644000096, 55.55027903699191 ], [ 9.888194207000089, 55.50869374998593 ], [ 10.237315300000089, 55.605536197999911 ], [ 10.293630405000046, 55.588080142997363 ], [ 10.307627800000096, 55.618231510001728 ], [ 10.518809441000087, 55.533433332989517 ], [ 10.475271030000048, 55.531968489989225 ], [ 10.486013217000048, 55.494777733983931 ], [ 10.419606967000057, 55.458807681978698 ], [ 10.436045769000092, 55.442124739976265 ], [ 10.471527540000073, 55.443060611976406 ], [ 10.491221550000084, 55.46527740897961 ], [ 10.609141472000093, 55.492580468983597 ], [ 10.566905144000087, 55.523627017988069 ], [ 10.613780144000081, 55.527899478988736 ], [ 10.594248894000085, 55.57827382799595 ], [ 10.614593946000067, 55.564601952993989 ], [ 10.60857181100004, 55.612982487000934 ], [ 10.627614780000044, 55.613592839001029 ], [ 10.742360873000049, 55.487494205982841 ], [ 10.657481316000089, 55.459702864978865 ], [ 10.571299675000089, 55.461249088979081 ], [ 10.554047071000076, 55.442572330976368 ], [ 10.594248894000092, 55.441066796976138 ], [ 10.595957879000077, 55.459662174978831 ], [ 10.697927280000044, 55.440252994976092 ], [ 10.796641472000085, 55.358547265964042 ], [ 10.834320509000063, 55.290269270953949 ], [ 10.780284050000096, 55.304917707956129 ], [ 10.815196160000077, 55.214056705942639 ], [ 10.783376498000047, 55.12421295592916 ], [ 10.717784050000093, 55.064276431920128 ], [ 10.621429884000065, 55.064276431920113 ] ] ], [ [ [ 12.673838738000084, 55.605536197999918 ], [ 12.577972852000064, 55.554022525992451 ], [ 12.534841342000044, 55.569322004994703 ], [ 12.520192905000041, 55.619208073001836 ], [ 12.608409050000098, 55.701117253013393 ], [ 12.673838738000084, 55.605536197999918 ] ] ], [ [ [ 10.573090040000066, 55.878851628038284 ], [ 10.566905144000092, 55.928290104045168 ], [ 10.515391472000088, 55.951239323048313 ], [ 10.543955925000096, 55.997992253054704 ], [ 10.580251498000056, 55.936509505046274 ], [ 10.628265821000065, 55.920843815044073 ], [ 10.621429884000067, 55.87986888003848 ], [ 10.638682488000086, 55.866115625036549 ], [ 10.669281446000069, 55.880031641038478 ], [ 10.62826582100007, 55.845770573033732 ], [ 10.614593946000079, 55.776841537024112 ], [ 10.582204623000059, 55.759751693021684 ], [ 10.520274285000092, 55.788560287025774 ], [ 10.511566602000073, 55.825262760030938 ], [ 10.573090040000066, 55.878851628038284 ] ] ], [ [ [ 12.023936394000083, 54.898016666894534 ], [ 12.096446160000085, 54.898098046894539 ], [ 12.170176629000077, 54.838324283885292 ], [ 12.067149285000083, 54.7868106118772 ], [ 11.960703972000085, 54.694077864862599 ], [ 11.969004754000073, 54.56976959584275 ], [ 11.94906660200008, 54.568589582842577 ], [ 11.869151238000088, 54.659613345857103 ], [ 11.910166863000079, 54.721665754866926 ], [ 11.875824415000064, 54.72972239586818 ], [ 11.882823113000082, 54.756415103872456 ], [ 11.809092644000083, 54.804917707880023 ], [ 11.749685092000048, 54.873114322890721 ], [ 11.742035352000071, 54.925441796898767 ], [ 11.711436394000085, 54.940822655901201 ], [ 11.759287957000078, 54.968085025905346 ], [ 11.803965691000078, 54.948187564902319 ], [ 11.882823113000088, 54.981756900907477 ], [ 11.841807488000086, 55.030218814914875 ], [ 11.665537957000078, 55.066392317920396 ], [ 11.615896030000044, 55.092230533924287 ], [ 11.827484571000069, 55.050685937918033 ], [ 11.71762129000007, 55.125718489929341 ], [ 11.803965691000084, 55.134833072930782 ], [ 11.806976759000067, 55.146877343932509 ], [ 11.728526238000081, 55.15477122393375 ], [ 11.71762129000007, 55.208319400941761 ], [ 11.649424675000091, 55.180975650937683 ], [ 11.42318769600007, 55.221909895943753 ], [ 11.299978061000047, 55.208319400941782 ], [ 11.320485873000056, 55.194647525939743 ], [ 11.260996941000084, 55.2005882809406 ], [ 11.238536004000077, 55.242417707946892 ], [ 11.267832879000084, 55.235907291945914 ], [ 11.286306186000054, 55.256089582948903 ], [ 11.241953972000086, 55.248683983947821 ], [ 11.241547071000072, 55.278509830952238 ], [ 11.162119988000089, 55.319159244958264 ], [ 11.190114780000044, 55.345445051962109 ], [ 11.142344597000095, 55.352280989963099 ], [ 11.108164910000079, 55.331854556960131 ], [ 11.08773847700007, 55.358547265964042 ], [ 11.214203321000074, 55.403794661970693 ], [ 11.163910352000068, 55.501898502984972 ], [ 11.080902540000068, 55.513088280986629 ], [ 11.088552280000039, 55.533840233989594 ], [ 11.148448113000077, 55.557318424992957 ], [ 11.13209069100008, 55.595282291998359 ], [ 11.087901238000081, 55.626939193002826 ], [ 10.929942254000087, 55.667629297008659 ], [ 11.087738477000078, 55.660142318007622 ], [ 10.96021569100008, 55.724351302016721 ], [ 10.875498894000092, 55.742743229019368 ], [ 11.033050977000068, 55.729071354017371 ], [ 11.162771030000046, 55.749497787020253 ], [ 11.121836785000077, 55.736517643018459 ], [ 11.192637566000082, 55.700344141013353 ], [ 11.218028191000084, 55.708563542014524 ], [ 11.176442905000046, 55.729071354017371 ], [ 11.190114780000046, 55.736517643018459 ], [ 11.252207879000082, 55.729071354017371 ], [ 11.352224155000037, 55.755804753021117 ], [ 11.375661655000037, 55.807928776028419 ], [ 11.348399285000083, 55.838324284032652 ], [ 11.398448113000077, 55.826402083031027 ], [ 11.443369988000089, 55.845770573033732 ], [ 11.477549675000086, 55.841538802033114 ], [ 11.510508660000086, 55.908270573042422 ], [ 11.477386915000068, 55.941351628046924 ], [ 11.304535352000066, 55.967840885050563 ], [ 11.272634311000042, 55.996568099054507 ], [ 11.400563998000051, 55.961981510049796 ], [ 11.599375847000081, 55.942084050047036 ], [ 11.768321160000088, 55.970526432050995 ], [ 11.743988477000066, 55.903753971041738 ], [ 11.711436394000092, 55.907171940042275 ], [ 11.717621290000073, 55.920843815044073 ], [ 11.663096550000084, 55.907171940042275 ], [ 11.731618686000051, 55.830715234031651 ], [ 11.717621290000066, 55.8109805340289 ], [ 11.656260613000093, 55.810980534028886 ], [ 11.607758009000062, 55.783026432024997 ], [ 11.738780144000096, 55.797349349026945 ], [ 11.762705925000088, 55.749497787020239 ], [ 11.657237175000098, 55.730861719017675 ], [ 11.746348504000091, 55.731024479017712 ], [ 11.794444207000083, 55.687933659011591 ], [ 11.779795769000089, 55.660142318007601 ], [ 11.855479363000077, 55.732814844017923 ], [ 11.841807488000082, 55.756415104021301 ], [ 11.869151238000091, 55.804754948028041 ], [ 11.937347852000073, 55.825262760030924 ], [ 11.953623894000083, 55.853501693034801 ], [ 11.90951582100007, 55.9154727210434 ], [ 11.934743686000044, 55.933661198045918 ], [ 11.998220248000054, 55.902818099041639 ], [ 12.05193118600004, 55.736639714018516 ], [ 12.026133660000088, 55.715399479015439 ], [ 11.972666863000084, 55.721421615016304 ], [ 11.910166863000086, 55.660142318007601 ], [ 11.959157748000051, 55.66510651000835 ], [ 12.001149936000049, 55.698675846013117 ], [ 12.040375196000063, 55.674465234009659 ], [ 12.009287957000078, 55.680487370010589 ], [ 12.011403842000043, 55.669012760008954 ], [ 12.06031334700009, 55.653998112006768 ], [ 12.095062696000074, 55.729071354017371 ], [ 12.02613366000009, 55.94135162804691 ], [ 11.992442254000078, 55.960598047049565 ], [ 11.865489129000085, 55.939357813046634 ], [ 11.848643425000089, 55.94818756504791 ], [ 11.865570509000063, 55.972723698051254 ], [ 12.165375196000076, 56.10370514306905 ], [ 12.245127800000088, 56.128729557072518 ], [ 12.328461134000062, 56.126898503072155 ], [ 12.414886915000064, 56.09902578106842 ], [ 12.486094597000095, 56.09902578106842 ], [ 12.621918165000064, 56.043768620060987 ], [ 12.512705925000091, 55.928290104045168 ], [ 12.602224155000039, 55.797349349026945 ], [ 12.602224155000043, 55.708563542014524 ], [ 12.487152540000068, 55.609849349000434 ], [ 12.403575066000082, 55.619208073001836 ], [ 12.331309441000091, 55.595404361998419 ], [ 12.248220248000054, 55.546128645991288 ], [ 12.19809004000007, 55.487494205982841 ], [ 12.224864129000089, 55.434881900975242 ], [ 12.273448113000089, 55.410223697971631 ], [ 12.368825717000053, 55.400091861970111 ], [ 12.434743686000051, 55.363674218964803 ], [ 12.465017123000056, 55.290269270953928 ], [ 12.39242597700007, 55.255316470948813 ], [ 12.182790561000051, 55.227199608944645 ], [ 12.121104363000091, 55.191066796939189 ], [ 12.098968946000063, 55.141424869931818 ], [ 12.076670769000083, 55.181952213937869 ], [ 12.014659050000084, 55.167466536935613 ], [ 12.046641472000088, 55.14008209593154 ], [ 12.168630405000046, 55.128485416929792 ], [ 12.171397332000078, 55.095445051924777 ], [ 12.118500196000072, 55.073553775921532 ], [ 12.162282748000052, 55.004380598910942 ], [ 12.032969597000088, 54.968085025905346 ], [ 11.910166863000086, 55.009711002911679 ], [ 11.882823113000082, 54.940822655901215 ], [ 11.918467644000096, 54.921942447898282 ], [ 11.957855665000068, 54.948187564902305 ], [ 12.023936394000083, 54.898016666894534 ] ] ], [ [ [ 11.524587436000047, 56.684719141144903 ], [ 11.520843946000074, 56.715399479148751 ], [ 11.649424675000093, 56.729641016150516 ], [ 11.564219597000093, 56.677435612143974 ], [ 11.524587436000047, 56.684719141144903 ] ] ], [ [ [ 8.853282097000093, 56.797837630159037 ], [ 8.766123894000085, 56.698716537146588 ], [ 8.658376498000047, 56.678127344144052 ], [ 8.586273634000065, 56.736476953151424 ], [ 8.514659050000098, 56.738226628151587 ], [ 8.553233269000092, 56.76813385415538 ], [ 8.545258009000074, 56.791083073158205 ], [ 8.668793165000075, 56.825832422162534 ], [ 8.621104363000088, 56.832017318163302 ], [ 8.651621941000089, 56.894191797170976 ], [ 8.813649936000044, 56.910345768172917 ], [ 8.867442254000089, 56.962958073179443 ], [ 8.890391472000092, 56.954820052178398 ], [ 8.916270379000078, 56.979071354181372 ], [ 8.900401238000086, 56.874823307168626 ], [ 8.887950066000091, 56.866848047167558 ], [ 8.867442254000087, 56.894110417170971 ], [ 8.836436394000081, 56.869289453167916 ], [ 8.881114129000085, 56.805365300159963 ], [ 8.853282097000093, 56.797837630159037 ] ] ], [ [ [ 11.169932488000082, 57.332709050223521 ], [ 11.18911339700009, 57.294282640219024 ], [ 11.066579623000049, 57.291327214218668 ], [ 11.091100713000058, 57.252784055214171 ], [ 11.028835411000051, 57.201914299208177 ], [ 10.997904579000069, 57.197909951207706 ], [ 10.951814885000092, 57.233729675211904 ], [ 10.854991082000085, 57.26463450521554 ], [ 10.94660123500006, 57.304643285220244 ], [ 11.169932488000082, 57.332709050223521 ] ] ] ] } },
{ "type": "Feature", "properties": { "map_id": "EE" }, "geometry": { "type": "MultiPolygon", "coordinates": [ [ [ [ 24.306158734238295, 57.868186254127075 ], [ 24.39828535200007, 58.023260807301121 ], [ 24.464121941000077, 58.072170313306273 ], [ 24.470957879000078, 58.250921940325235 ], [ 24.548513217000043, 58.289292708329235 ], [ 24.551036004000078, 58.333726302333844 ], [ 24.444183790000071, 58.386135156339243 ], [ 24.361827019000081, 58.397284245340472 ], [ 24.315928582000087, 58.379950260338696 ], [ 24.243337436000047, 58.280218815328283 ], [ 24.156016472000076, 58.276841537327961 ], [ 24.111664259000069, 58.24103424532418 ], [ 23.980235222000083, 58.318426823332274 ], [ 23.833506707000076, 58.353949284335968 ], [ 23.740977410000077, 58.343085026334961 ], [ 23.677419467000043, 58.435248112344382 ], [ 23.67896569100008, 58.524155990353385 ], [ 23.584320509000065, 58.544867253355527 ], [ 23.561208530000048, 58.583156641359381 ], [ 23.516368035000092, 58.554632878356514 ], [ 23.50147545700008, 58.562486068357302 ], [ 23.497731967000036, 58.696600651370758 ], [ 23.546641472000086, 58.709621484372107 ], [ 23.533050977000062, 58.747463281375836 ], [ 23.584483269000092, 58.737941797374837 ], [ 23.697032097000079, 58.751166081376162 ], [ 23.802500847000093, 58.73069895837412 ], [ 23.785492384000051, 58.777980859378758 ], [ 23.874359571000074, 58.771673893378228 ], [ 23.784190300000095, 58.80097076838107 ], [ 23.757660352000073, 58.785345768379514 ], [ 23.739512566000091, 58.798000391380803 ], [ 23.603363477000073, 58.794826563380433 ], [ 23.429453972000079, 58.764837956377526 ], [ 23.466563347000083, 58.800726628381099 ], [ 23.526133660000088, 58.819769596382919 ], [ 23.463633660000085, 58.864162500387266 ], [ 23.422048373000052, 58.928697005393545 ], [ 23.443695509000054, 58.944037175394989 ], [ 23.584483269000078, 58.953558659395952 ], [ 23.627696160000077, 58.979152734398433 ], [ 23.621592644000085, 59.015326237401915 ], [ 23.559825066000084, 59.052801823405517 ], [ 23.614431186000047, 59.0112979174015 ], [ 23.580332879000082, 59.005072331400868 ], [ 23.552989129000078, 58.97089264339764 ], [ 23.461273634000047, 58.99237701839963 ], [ 23.408376498000052, 59.025580143402877 ], [ 23.436289910000088, 59.025580143402877 ], [ 23.43490644600007, 59.056097721405834 ], [ 23.490733269000092, 59.088283594408821 ], [ 23.518239780000034, 59.073309635407419 ], [ 23.51937910200007, 59.124986068412355 ], [ 23.470876498000056, 59.212144271420534 ], [ 23.525645379000078, 59.230414128422183 ], [ 23.578461134000058, 59.226304427421788 ], [ 23.641856316000087, 59.257391667424763 ], [ 23.730479363000082, 59.230414128422197 ], [ 23.723643425000091, 59.265082096425481 ], [ 23.756846550000084, 59.283636784427173 ], [ 23.888845248000045, 59.278753971426724 ], [ 24.038584832000065, 59.293280339428101 ], [ 24.080577019000096, 59.271307682426048 ], [ 24.100108269000078, 59.294501042428259 ], [ 24.019379102000077, 59.367254948434997 ], [ 24.034841342000043, 59.388657943436847 ], [ 24.080577019000096, 59.395453190437536 ], [ 24.164886915000064, 59.3540713544337 ], [ 24.221934441000087, 59.355169987433811 ], [ 24.16309655000008, 59.402289128438191 ], [ 24.30616295700008, 59.419094141439672 ], [ 24.33383222700007, 59.470607813444431 ], [ 24.422536655000052, 59.477443750445026 ], [ 24.498301629000068, 59.443833724441923 ], [ 24.548187696000067, 59.462958073443644 ], [ 24.642588738000093, 59.436428125441296 ], [ 24.656586134000058, 59.449896550442503 ], [ 24.621836785000077, 59.470607813444417 ], [ 24.658539259000062, 59.472072656444482 ], [ 24.674978061000051, 59.496039128446675 ], [ 24.744395379000078, 59.447211003442234 ], [ 24.772634311000047, 59.450100000442532 ], [ 24.815765821000063, 59.489325260446172 ], [ 24.772634311000047, 59.55996328145244 ], [ 24.803477410000088, 59.570502018453361 ], [ 24.934418165000068, 59.508042708447711 ], [ 25.012217644000078, 59.518377995448766 ], [ 25.097829623000031, 59.497870182446896 ], [ 25.107920769000096, 59.528998112449649 ], [ 25.145518425000088, 59.539129948450565 ], [ 25.409434441000077, 59.491034245446251 ], [ 25.415782097000079, 59.527085677449456 ], [ 25.543711785000085, 59.535142318450177 ], [ 25.497080925000077, 59.570868229453488 ], [ 25.484873894000085, 59.669826563462273 ], [ 25.622325066000084, 59.580471094454282 ], [ 25.676768425000091, 59.566066797453033 ], [ 25.718516472000079, 59.587591862454907 ], [ 25.670664910000088, 59.655503646461028 ], [ 25.694672071000067, 59.67088450546234 ], [ 25.78052819100008, 59.635687565459229 ], [ 25.793711785000085, 59.591213281455254 ], [ 25.826182488000079, 59.57526276045386 ], [ 25.861338738000079, 59.58612701845481 ], [ 25.883067254000082, 59.631333724458777 ], [ 25.94450931100004, 59.594671940455584 ], [ 25.988536004000075, 59.634344792459096 ], [ 26.090993686000036, 59.585638737454708 ], [ 26.280039910000081, 59.587307031454941 ], [ 26.497813347000093, 59.539984440450667 ], [ 26.58472741000007, 59.55996328145244 ], [ 26.665049675000098, 59.551947331451686 ], [ 26.826914910000081, 59.476955469444917 ], [ 26.937673373000049, 59.450100000442561 ], [ 27.409027540000057, 59.451890365442651 ], [ 27.873301629000071, 59.407619531438669 ], [ 27.953461134000062, 59.428168034440496 ], [ 28.019053582000083, 59.481756901445443 ], [ 28.104826701000032, 59.439215392441575 ], [ 28.186475464000132, 59.374929909435629 ], [ 28.181824585000065, 59.356068012433838 ], [ 28.157536662000062, 59.364026183434639 ], [ 28.11356001800009, 59.345422667432949 ], [ 28.00064701400003, 59.333743794431868 ], [ 28.096868531000069, 59.319429421430577 ], [ 28.076611369000133, 59.305270079429199 ], [ 27.959719279000101, 59.306458637429294 ], [ 27.882307984000075, 59.275659483426537 ], [ 27.842413778000036, 59.161196186415786 ], [ 27.713326049000081, 58.991904194399694 ], [ 27.477784871000065, 58.875425515388379 ], [ 27.410605509000096, 58.754864398376569 ], [ 27.554886108000112, 58.395248107340258 ], [ 27.494114624000098, 58.319542133332398 ], [ 27.495354859000116, 58.221460264322161 ], [ 27.63043705300003, 58.08829009830805 ], [ 27.631573934000127, 58.004160866298939 ], [ 27.66909102400011, 57.991965228297737 ], [ 27.675188843000086, 57.967806497295022 ], [ 27.664956909000121, 57.918403827289694 ], [ 27.774407593000063, 57.890705260286701 ], [ 27.799315633000024, 57.861068825283368 ], [ 27.700717, 57.824843647279437 ], [ 27.524603719000087, 57.807299498277423 ], [ 27.553852580000122, 57.794767963276172 ], [ 27.50243453000008, 57.77254709727368 ], [ 27.507757202000104, 57.714772845267291 ], [ 27.391433553000098, 57.680201312263407 ], [ 27.382080119000044, 57.60268666425457 ], [ 27.328026571000066, 57.583152973252481 ], [ 27.35293461100013, 57.527600808246156 ], [ 27.319965047000061, 57.516128640244759 ], [ 27.085354045000102, 57.549434101248565 ], [ 26.981071004000086, 57.608991189255356 ], [ 26.872653849000123, 57.627181293257394 ], [ 26.79575931800013, 57.571319069251111 ], [ 26.666981649000064, 57.564859516250245 ], [ 26.590087118000074, 57.520366107245209 ], [ 26.542234741000069, 57.528169249246197 ], [ 26.499550008000046, 57.51581858124473 ], [ 26.430923706000026, 57.561707253250027 ], [ 26.297185099000068, 57.599146828254234 ], [ 26.168510783, 57.704049986266028 ], [ 26.024746948000143, 57.774355772273843 ], [ 26.014515015000082, 57.842827045281361 ], [ 25.792616415000076, 57.855978697282815 ], [ 25.730294637000078, 57.923132221290125 ], [ 25.601516968000045, 57.912202656289104 ], [ 25.541675659000095, 57.962819721294544 ], [ 25.457184692000038, 57.984058734296752 ], [ 25.396619914000091, 58.023177794301084 ], [ 25.324582967000101, 58.034753315302346 ], [ 25.281691528000071, 58.073407286306342 ], [ 25.250685669000035, 58.068498025305857 ], [ 25.249548788000123, 58.051186420304106 ], [ 25.284378703000101, 58.008139952299395 ], [ 25.2324955650001, 57.985376484296971 ], [ 25.202109822000025, 57.991965228297737 ], [ 25.166969848000093, 58.058731179304836 ], [ 25.094209432000138, 58.067309467305805 ], [ 24.949308716000047, 58.006434629299179 ], [ 24.872517537000071, 58.000440163298549 ], [ 24.81681034400015, 57.976669005295996 ], [ 24.733507935000123, 57.992197772297637 ], [ 24.684828735000082, 57.947575173292812 ], [ 24.533830200000054, 57.945068866292537 ], [ 24.378180786000087, 57.859441018283221 ], [ 24.306158734238295, 57.868186254127075 ] ] ], [ [ [ 23.937998894000081, 58.137274479313248 ], [ 23.984222852000073, 58.157131250315381 ], [ 24.013356967000043, 58.153509831314942 ], [ 24.022146030000048, 58.129868880312408 ], [ 23.970713738000082, 58.099595443309248 ], [ 23.937998894000081, 58.137274479313248 ] ] ], [ [ [ 23.148285352000066, 58.521551823353143 ], [ 23.318369988000089, 58.472479557348187 ], [ 23.32496178500007, 58.442287500345103 ], [ 23.261403842000046, 58.46588776034752 ], [ 23.237640821000074, 58.456366276346522 ], [ 23.27800540500003, 58.436509505344461 ], [ 23.234873894000092, 58.439886784344822 ], [ 23.156504754000078, 58.47752513034871 ], [ 23.13038170700008, 58.439520573344787 ], [ 23.084239129000093, 58.42963287834376 ], [ 23.086761915000075, 58.394964909340139 ], [ 23.042491082000073, 58.37148671933776 ], [ 23.021983269000078, 58.363226628336911 ], [ 22.95484459700009, 58.381048893338757 ], [ 22.96949303500007, 58.360174870336685 ], [ 22.902679884000069, 58.311835026331622 ], [ 22.811208530000052, 58.273423568327601 ], [ 22.721202019000085, 58.270331120327306 ], [ 22.710134311000036, 58.257757878325975 ], [ 22.756683790000064, 58.242254948324344 ], [ 22.723155144000089, 58.225409245322538 ], [ 22.669200066000087, 58.221502995322176 ], [ 22.621348504000078, 58.252752995325423 ], [ 22.564952019000089, 58.23517487032359 ], [ 22.535004102000059, 58.254055078325578 ], [ 22.504161004000078, 58.223537500322401 ], [ 22.476817254000085, 58.245103255324565 ], [ 22.323415561000047, 58.206610417320555 ], [ 22.271739129000082, 58.174261784317125 ], [ 22.202972852000066, 57.993963932297881 ], [ 22.048350457000083, 57.915106510289334 ], [ 22.016856316000084, 57.9144961592892 ], [ 21.963389519000089, 57.984035547296777 ], [ 21.997569207000087, 57.984035547296777 ], [ 22.085703972000079, 58.082586979307436 ], [ 22.14771569100008, 58.079575912307071 ], [ 22.20297285200008, 58.147894596314401 ], [ 22.072276238000082, 58.175848698317331 ], [ 21.993825717000046, 58.244696354324638 ], [ 21.867849155000048, 58.264593815326627 ], [ 21.843272332000076, 58.302150781330603 ], [ 21.908213738000075, 58.298732813330219 ], [ 21.873301629000082, 58.341620182334715 ], [ 21.894541863000089, 58.346502995335271 ], [ 21.94459069100008, 58.31875234433231 ], [ 21.968028191000087, 58.354559635336045 ], [ 22.01124108200008, 58.353949284335968 ], [ 21.945974155000037, 58.432277734344083 ], [ 21.832367384000062, 58.510972396352102 ], [ 21.901377800000095, 58.497992253350731 ], [ 21.92847741000007, 58.518377995352822 ], [ 21.995616082000076, 58.512518620352239 ], [ 22.08936608200008, 58.422186589343028 ], [ 22.103688998000052, 58.487209375349686 ], [ 22.194590691000077, 58.545843815355624 ], [ 22.228851759000054, 58.510565495352097 ], [ 22.273203972000079, 58.502020573351146 ], [ 22.288340691000084, 58.569322005357996 ], [ 22.32195071700005, 58.584784245359621 ], [ 22.463063998000042, 58.592922266360368 ], [ 22.583181186000036, 58.634507552364539 ], [ 22.648122592000043, 58.586737370359835 ], [ 22.682139519000092, 58.600327865361109 ], [ 22.736338738000086, 58.588080143359925 ], [ 22.811371290000068, 58.622951563363415 ], [ 22.922048373000052, 58.617417708362851 ], [ 23.091075066000087, 58.570949609358181 ], [ 23.148285352000066, 58.521551823353143 ] ] ], [ [ [ 23.397146030000041, 58.563666081357383 ], [ 23.362152540000068, 58.532456771354283 ], [ 23.278575066000084, 58.5463727873557 ], [ 23.223806186000051, 58.535467839354624 ], [ 23.059336785000077, 58.603461003361481 ], [ 23.062836134000069, 58.624579167363542 ], [ 23.12094160200007, 58.628322656363892 ], [ 23.134613477000062, 58.661810612367255 ], [ 23.175791863000079, 58.681097721369241 ], [ 23.288340691000087, 58.666489974367813 ], [ 23.343760613000086, 58.64472076836558 ], [ 23.34750410200007, 58.607163802361782 ], [ 23.397146030000041, 58.563666081357383 ] ] ], [ [ [ 23.389659050000088, 59.007513737401176 ], [ 23.374278191000091, 58.975531315398058 ], [ 23.340098504000089, 58.983954167398885 ], [ 23.278575066000084, 58.970689193397519 ], [ 23.223399285000074, 58.983954167398885 ], [ 23.174164259000054, 58.968329167397421 ], [ 23.114105665000061, 59.021795964402543 ], [ 23.148203972000079, 59.044419662404614 ], [ 23.344248894000078, 59.039292708404147 ], [ 23.389659050000088, 59.007513737401176 ] ] ], [ [ [ 22.226898634000058, 58.886460677389472 ], [ 22.062510613000079, 58.925848698393288 ], [ 22.055511915000071, 58.952704167395829 ], [ 22.463063998000045, 58.970892643397647 ], [ 22.442067905000048, 58.984686589398997 ], [ 22.488454623000045, 58.981146550398627 ], [ 22.487559441000094, 59.016424870402048 ], [ 22.55925540500003, 59.03839752640409 ], [ 22.597666863000089, 59.089504297408986 ], [ 22.714121941000084, 59.06956614640702 ], [ 22.691579623000045, 59.041164453404392 ], [ 22.736664259000062, 59.005072331400868 ], [ 22.837168816000087, 59.008612370401266 ], [ 22.934092644000078, 58.984035547398904 ], [ 22.949554884000058, 58.93618398439434 ], [ 23.015147332000087, 58.891791081390011 ], [ 23.04053795700008, 58.840765690384963 ], [ 23.019053582000069, 58.829087630383832 ], [ 22.95679772200009, 58.847398177385585 ], [ 22.942230665000068, 58.834214583384366 ], [ 22.879567905000037, 58.832709050384217 ], [ 22.886729363000075, 58.79047272138007 ], [ 22.845388217000039, 58.776516016378686 ], [ 22.778330925000088, 58.792181706380234 ], [ 22.819346550000084, 58.829657292383935 ], [ 22.777598504000078, 58.824367578383409 ], [ 22.736664259000065, 58.806463932381632 ], [ 22.654958530000044, 58.702785547371356 ], [ 22.555674675000091, 58.686997787369769 ], [ 22.463063998000052, 58.71645742237272 ], [ 22.497243686000047, 58.73753489637479 ], [ 22.449473504000082, 58.786810612379689 ], [ 22.439789259000065, 58.841376042385036 ], [ 22.382090691000091, 58.882269596389079 ], [ 22.324961785000092, 58.896633203390387 ], [ 22.226898634000058, 58.886460677389472 ] ] ], [ [ [ 24.500498894000096, 59.596258854455733 ], [ 24.550059441000087, 59.557766016452199 ], [ 24.516286655000037, 59.54425690145105 ], [ 24.487315300000091, 59.578517969454161 ], [ 24.500498894000096, 59.596258854455733 ] ] ], [ [ [ 23.27068118600004, 57.807806706277503 ], [ 23.250254754000068, 57.784369206274981 ], [ 23.217784050000095, 57.800930078276764 ], [ 23.224294467000039, 57.823716537279296 ], [ 23.27068118600004, 57.807806706277503 ] ] ] ] } },
{ "type": "Feature", "properties": { "map_id": "ES" }, "geometry": { "type": "MultiPolygon", "coordinates": [ [ [ [ -5.340728318999933, 35.847357480071473 ], [ -5.39885867899988, 35.924503844111435 ], [ -5.28307044199994, 35.91168853510478 ], [ -5.340728318999933, 35.847357480071473 ] ] ], [ [ [ -1.811268683999915, 43.395086975684379 ], [ -1.796914021999952, 43.341128229662004 ], [ -1.7473563229999, 43.291002090641136 ], [ -1.654907185999886, 43.297539158643893 ], [ -1.621885945999905, 43.246999607622861 ], [ -1.559047403999929, 43.284077448638328 ], [ -1.432233438999983, 43.265008844630337 ], [ -1.403501342999961, 43.243330581621329 ], [ -1.425773884999924, 43.135275161576175 ], [ -1.487837279999891, 43.081815892553649 ], [ -1.457141478999861, 43.045073949538249 ], [ -1.366139282999939, 43.033317561533202 ], [ -1.348259236999866, 43.093081354558372 ], [ -1.286040811999952, 43.109178563565131 ], [ -1.315082966999854, 43.082875259554001 ], [ -1.293688923999951, 43.05520252954247 ], [ -1.149925088999875, 43.005722346521644 ], [ -1.028485473999889, 42.986705418513523 ], [ -0.943219360999904, 42.947896417497127 ], [ -0.759664672999862, 42.946501154496509 ], [ -0.740286010999882, 42.884799493470311 ], [ -0.648301961999885, 42.849788711455417 ], [ -0.569030313999862, 42.772635798422598 ], [ -0.533890339999909, 42.808008316437551 ], [ -0.423922892999911, 42.790670872430248 ], [ -0.322792113999956, 42.842502334452327 ], [ -0.235148885999931, 42.786226699428333 ], [ -0.161406615999903, 42.795347590432243 ], [ -0.119031941999881, 42.716851089398588 ], [ -0.038933471999909, 42.685147598384994 ], [ 0.169167521000133, 42.726462905402741 ], [ 0.238362264000047, 42.710365697395851 ], [ 0.275388428000103, 42.668688654377974 ], [ 0.354169148000096, 42.717497044398982 ], [ 0.409282064000086, 42.682253717383851 ], [ 0.656734660000096, 42.687989802386284 ], [ 0.666449829000048, 42.714758194397753 ], [ 0.633480265000091, 42.744782200410675 ], [ 0.656321248000095, 42.838419896450596 ], [ 0.812900838000133, 42.831624445447638 ], [ 0.921111287000118, 42.784366348427575 ], [ 0.950256795000143, 42.796122736432586 ], [ 1.089059692000148, 42.771318048421932 ], [ 1.151484823000118, 42.70672250839425 ], [ 1.342584269000047, 42.708660375395148 ], [ 1.429297322000107, 42.595385635346403 ], [ 1.406456339000105, 42.529239802317854 ], [ 1.449967895000045, 42.504073378306906 ], [ 1.4075932210001, 42.486761774299474 ], [ 1.447900838000065, 42.43464609227685 ], [ 1.516630493000122, 42.429504287274582 ], [ 1.70700647000007, 42.502781468306402 ], [ 1.927458129000059, 42.436894017277815 ], [ 1.963734985000118, 42.367234186247501 ], [ 2.009210245000079, 42.347080377238726 ], [ 2.06326379400008, 42.357906591243498 ], [ 2.136954386000097, 42.416223444268851 ], [ 2.277410930000148, 42.428625788274324 ], [ 2.422518351000066, 42.38369313025462 ], [ 2.514812459000068, 42.325660497229329 ], [ 2.548092081000107, 42.352248021240989 ], [ 2.662193644000098, 42.339018855235182 ], [ 2.640282837000139, 42.372841079249952 ], [ 2.690408976000075, 42.406172378264436 ], [ 2.788594198000058, 42.412011815267043 ], [ 2.933701619000062, 42.470225316292264 ], [ 3.029613077000131, 42.465651951290241 ], [ 3.086147094000094, 42.427178848273577 ], [ 3.180969656804696, 42.431484141946243 ], [ 3.187347852000074, 42.349514059239731 ], [ 3.317718946000071, 42.32298411122818 ], [ 3.263031446000075, 42.239854228191817 ], [ 3.170176629000086, 42.25967030920048 ], [ 3.118825717000049, 42.218329163182382 ], [ 3.122487826000059, 42.140488993148139 ], [ 3.214495693000061, 42.068333840116317 ], [ 3.195896147000044, 42.033117866100689 ], [ 3.232188347000092, 41.946030986062041 ], [ 3.150165377000066, 41.84535096401725 ], [ 3.078630960000056, 41.826618268008815 ], [ 3.069057555000085, 41.799076105996548 ], [ 2.932990851000056, 41.712464369957708 ], [ 2.840179884000063, 41.694647521949712 ], [ 2.778496578000043, 41.645582254927604 ], [ 2.449473504000085, 41.535223693877796 ], [ 2.26734459700009, 41.448635151838531 ], [ 2.130544467000054, 41.303656310772439 ], [ 2.019704623000055, 41.265855203755159 ], [ 1.539235873000056, 41.187445373719257 ], [ 1.217784050000094, 41.104681701681201 ], [ 1.172943556000066, 41.058661193659987 ], [ 1.097666863000087, 41.070868224665595 ], [ 1.01742597700007, 41.051784565656824 ], [ 0.714203321000068, 40.81521230054711 ], [ 0.694834832000086, 40.785996805533472 ], [ 0.750173373000054, 40.765570373523971 ], [ 0.766937696000077, 40.785020242533051 ], [ 0.873708530000045, 40.727932026506366 ], [ 0.858083530000045, 40.686265360486907 ], [ 0.784027540000068, 40.660956115474981 ], [ 0.677093946000069, 40.565171610430085 ], [ 0.615896030000044, 40.553452860424613 ], [ 0.592458530000047, 40.582098693438027 ], [ 0.663177931000068, 40.574733784434571 ], [ 0.732676629000081, 40.633734435462287 ], [ 0.563487175000092, 40.590033263441747 ], [ 0.350596550000098, 40.284898172297588 ], [ 0.040497267000091, 40.002875060163035 ], [ -0.32335364499994, 39.516221413927973 ], [ -0.301340298999948, 39.322007546833113 ], [ -0.215492823999903, 39.181838536764452 ], [ -0.242182165999907, 39.166275172756777 ], [ -0.226703362999954, 39.111781747729957 ], [ -0.158029751999949, 39.002142637675945 ], [ -0.030995245999917, 38.882757872616907 ], [ 0.153981967000054, 38.831000059591254 ], [ 0.234548373000054, 38.742254942547191 ], [ 0.083018425000094, 38.660956114506789 ], [ 0.080577019000084, 38.631008197491838 ], [ -0.042958136999912, 38.611721088482177 ], [ -0.075428839999916, 38.539943744446369 ], [ -0.176991339999913, 38.527248432440068 ], [ -0.329416469999954, 38.470038145411493 ], [ -0.413685675999938, 38.36481353635881 ], [ -0.509836391999951, 38.338364968345523 ], [ -0.504017706999945, 38.207220762279668 ], [ -0.623687303999932, 38.162420958257172 ], [ -0.654530402999909, 37.989325254169856 ], [ -0.718413865999937, 37.943019916146454 ], [ -0.760731574999908, 37.79612864007202 ], [ -0.787993943999936, 37.822821348085576 ], [ -0.856109178999928, 37.742499083044876 ], [ -0.809925910999937, 37.66689686900645 ], [ -0.707997199999907, 37.643011777994303 ], [ -0.727894660999938, 37.603420306974208 ], [ -0.925160285999935, 37.555894264950027 ], [ -1.087757941999936, 37.580877988962783 ], [ -1.119984503999945, 37.559027402951621 ], [ -1.105766687999953, 37.532134926937907 ], [ -1.24269886799993, 37.579202788961865 ], [ -1.261670586999905, 37.557661259950919 ], [ -1.32373514099993, 37.561990812953113 ], [ -1.470895962999916, 37.482245175912524 ], [ -1.496937628999944, 37.427801816884752 ], [ -1.670887824999904, 37.36330800185187 ], [ -1.812733527999911, 37.207058001771991 ], [ -1.906117316999942, 36.987616269659576 ], [ -1.90033932199992, 36.941188860635783 ], [ -1.988921678999932, 36.900498756614837 ], [ -2.071156378999945, 36.775335996550496 ], [ -2.126698370999916, 36.736395566530504 ], [ -2.203643357999903, 36.737127988530894 ], [ -2.282785610999952, 36.810085345568389 ], [ -2.361683722999939, 36.83677805358213 ], [ -2.560780402999908, 36.818793027572859 ], [ -2.617176886999907, 36.72842030652636 ], [ -2.718251105999911, 36.682033587502481 ], [ -2.820993618999923, 36.713893938518915 ], [ -2.848255988999936, 36.700222063511895 ], [ -2.933257615999933, 36.751654355538307 ], [ -3.329579230999905, 36.744899798534874 ], [ -3.415154668999949, 36.695516278509466 ], [ -3.549831564999916, 36.712372677518118 ], [ -3.601100173999951, 36.742550285533625 ], [ -3.731281329999942, 36.724097315524162 ], [ -3.838541254999936, 36.751969924538457 ], [ -3.960961123999939, 36.726792770525513 ], [ -4.056711391999958, 36.747992246536462 ], [ -4.224720831999949, 36.712388405518119 ], [ -4.403187628999933, 36.723863014524014 ], [ -4.52482605299991, 36.580715255450301 ], [ -4.587799793999919, 36.573817652446763 ], [ -4.65925045499995, 36.507635800412686 ], [ -4.902658657999943, 36.506537168412102 ], [ -4.994166374999899, 36.457093949386618 ], [ -5.186553514999955, 36.411200253362935 ], [ -5.253651495999918, 36.297105201303999 ], [ -5.290598110999941, 36.277411191293858 ], [ -5.338773483242615, 36.141119663223307 ], [ -5.425445115999935, 36.179754941243431 ], [ -5.43862870999993, 36.062811582182967 ], [ -5.611765102999929, 36.006455787153804 ], [ -5.689361131999924, 36.067124733185231 ], [ -5.796050584999937, 36.085516660194678 ], [ -5.917185024999926, 36.184068092245639 ], [ -6.036773240999936, 36.18952056624849 ], [ -6.104725714999923, 36.280707089295575 ], [ -6.159453904999908, 36.304307350307759 ], [ -6.310007290999919, 36.534125058426319 ], [ -6.257517055999932, 36.51378000641585 ], [ -6.231475389999953, 36.472683001394657 ], [ -6.179351365999925, 36.513535865415712 ], [ -6.224354620999909, 36.510850319414295 ], [ -6.234893357999896, 36.575751035447766 ], [ -6.283192511999916, 36.61237212846666 ], [ -6.394683397999925, 36.636908261479235 ], [ -6.433338995999911, 36.75120676453809 ], [ -6.34561113199993, 36.794989316560589 ], [ -6.338205532999948, 36.883734433606179 ], [ -6.304351365999929, 36.907212623618243 ], [ -6.223255988999939, 36.902329811615722 ], [ -6.194813605999906, 36.932114967631023 ], [ -6.344715949999907, 36.901271868615247 ], [ -6.346669074999904, 36.819891660573454 ], [ -6.388010219999951, 36.808172910567372 ], [ -6.49958248599995, 36.959662168645202 ], [ -6.892893032999947, 37.16657134775128 ], [ -6.917632615999933, 37.215073951776034 ], [ -6.852691209999929, 37.295233457817091 ], [ -6.931141730999911, 37.233872780785738 ], [ -6.962554490999928, 37.233832089785665 ], [ -6.928456183999907, 37.17234934275421 ], [ -7.101040416999921, 37.224250742780782 ], [ -7.12734941299993, 37.214748431775895 ], [ -7.085560675999939, 37.20648833977171 ], [ -7.414418097999945, 37.192816464764689 ], [ -7.468867553999868, 37.475568941909096 ], [ -7.529122273999861, 37.556700939950446 ], [ -7.444011189999909, 37.730152885038613 ], [ -7.306861937999962, 37.850765678099762 ], [ -7.272703816999891, 37.977011202163645 ], [ -7.159739135999905, 37.996803276173615 ], [ -7.123255573999861, 38.040004773195413 ], [ -7.023985148999919, 38.022563977186621 ], [ -6.947504027999916, 38.196636039274367 ], [ -7.026413939999965, 38.199633273275872 ], [ -7.103515176999905, 38.173588351262758 ], [ -7.167180541999899, 38.272083631312249 ], [ -7.359210163999874, 38.446362399399561 ], [ -7.270430053999861, 38.6176956104852 ], [ -7.29249588999994, 38.646117648499391 ], [ -7.280713663999954, 38.720428358536417 ], [ -7.15100581899992, 38.819285372585426 ], [ -7.056076212999915, 38.855148816603275 ], [ -7.066049764999914, 38.90460316262778 ], [ -6.973290567999919, 39.013950493681705 ], [ -6.985692911999902, 39.066763807707822 ], [ -7.038816283999913, 39.109138481728735 ], [ -7.157206990999895, 39.105443616726866 ], [ -7.168059040999936, 39.170633435758852 ], [ -7.244126749999908, 39.195644829771247 ], [ -7.265779174999894, 39.231353244788757 ], [ -7.250844685999937, 39.270627332808047 ], [ -7.326654011999948, 39.34132069184264 ], [ -7.31352819799988, 39.457437635899332 ], [ -7.399414428999905, 39.493662813916984 ], [ -7.515841430999927, 39.593760063965689 ], [ -7.557285929999886, 39.679801324007407 ], [ -7.182890177999895, 39.675098768005121 ], [ -7.021142944999919, 39.694012343014244 ], [ -7.000265664999859, 39.802532851066744 ], [ -6.927660278999916, 39.861909071095347 ], [ -6.879704548999912, 40.009186903166054 ], [ -6.955720581999855, 40.102927952210905 ], [ -7.015768594999882, 40.119050998218675 ], [ -7.043105428999893, 40.181372776248438 ], [ -7.015768594999885, 40.225504449269344 ], [ -6.878050903999852, 40.265243625288335 ], [ -6.794438435999914, 40.356400852331554 ], [ -6.857121948999851, 40.442132053372127 ], [ -6.812525186999951, 40.514634088406339 ], [ -6.850455688999945, 40.582226861438052 ], [ -6.814282185999927, 40.647184136468596 ], [ -6.839138549999886, 40.757513319520193 ], [ -6.816194213999947, 40.856835422566476 ], [ -6.942491414999959, 41.015998833640317 ], [ -6.906834675999955, 41.05609974565877 ], [ -6.804360310999919, 41.064419651662618 ], [ -6.755216023999877, 41.158832493706178 ], [ -6.646643839999882, 41.267611383755998 ], [ -6.495852010999896, 41.294948215768542 ], [ -6.379166625999911, 41.397319227815252 ], [ -6.32113399199994, 41.411013482821481 ], [ -6.279534463999937, 41.497003065860412 ], [ -6.205947224999926, 41.570280246893709 ], [ -6.272248087999849, 41.628235365919807 ], [ -6.365937459999912, 41.663607883935711 ], [ -6.46081538999988, 41.676552829941606 ], [ -6.503035033999968, 41.653091730931074 ], [ -6.541533976999919, 41.658905328933614 ], [ -6.577397419999961, 41.739727268969901 ], [ -6.52422237199991, 41.867419734027024 ], [ -6.575795450999922, 41.882896825033939 ], [ -6.571661335999896, 41.942608942060581 ], [ -6.609488484999871, 41.962323501069243 ], [ -6.622821003999916, 41.940955296059869 ], [ -6.727982543999873, 41.93085255305536 ], [ -6.824927530999928, 41.983769220078806 ], [ -6.85495153799988, 41.942944839060694 ], [ -6.945126911999896, 41.943358251060907 ], [ -6.992359170999912, 41.966380101071096 ], [ -7.051270303999921, 41.942014663060263 ], [ -7.145373087999896, 41.98748992308051 ], [ -7.199943399999908, 41.963718765069949 ], [ -7.218650268999906, 41.879046931032306 ], [ -7.391921345999974, 41.842046605015724 ], [ -7.442719278999956, 41.80595061699961 ], [ -7.469384318999911, 41.852536920020476 ], [ -7.515841430999921, 41.864990941026008 ], [ -7.546692260999919, 41.832047215011215 ], [ -7.606068480999852, 41.825535985008372 ], [ -7.607360391999912, 41.873181656029587 ], [ -7.722030395999864, 41.899252415041268 ], [ -7.89659338399987, 41.857937107022842 ], [ -7.906101846999884, 41.913851008047722 ], [ -7.944755818999872, 41.866954646026784 ], [ -7.993641723999867, 41.863673192025331 ], [ -8.048573770999882, 41.816389256004285 ], [ -8.179573526999885, 41.810704848001699 ], [ -8.177041381999878, 41.849849746019224 ], [ -8.220397908999878, 41.868194880027353 ], [ -8.230216430999853, 41.904678441043686 ], [ -8.09508255999992, 42.040923355104205 ], [ -8.137612263999893, 42.07291106611833 ], [ -8.204016479999915, 42.06955209811683 ], [ -8.222361612999915, 42.153629654153875 ], [ -8.346746785999894, 42.101694839131049 ], [ -8.626884724999906, 42.051026097108711 ], [ -8.670809691999859, 41.999814752086017 ], [ -8.881255662999932, 41.893296611038558 ], [ -8.895497199999907, 42.119085999138662 ], [ -8.82652747299994, 42.130519918143719 ], [ -8.846994594999948, 42.160834046157042 ], [ -8.805775519999932, 42.197495829173192 ], [ -8.621652798999939, 42.31020741822261 ], [ -8.62645423099991, 42.348334046239216 ], [ -8.674794074999905, 42.299017639217695 ], [ -8.784982876999944, 42.260077210200663 ], [ -8.867502407999947, 42.256415100199092 ], [ -8.853260870999915, 42.304836324220254 ], [ -8.827219204999944, 42.296698303216729 ], [ -8.830718553999935, 42.341620178236347 ], [ -8.77196204299992, 42.3427188112368 ], [ -8.655262824999902, 42.441351624279761 ], [ -8.843576626999948, 42.403713277263371 ], [ -8.888010219999948, 42.45563385028597 ], [ -8.942616339999914, 42.469305725291875 ], [ -8.881255662999932, 42.49656809530368 ], [ -8.87433834499995, 42.469305725291875 ], [ -8.826527472999944, 42.461859436288655 ], [ -8.822987433999915, 42.569525452335256 ], [ -8.775502081999937, 42.604722392350411 ], [ -8.730946417999915, 42.688421936386462 ], [ -8.784982876999948, 42.640570374365886 ], [ -8.83950761599993, 42.682440491383886 ], [ -8.86876380099994, 42.617499085355973 ], [ -8.889475063999955, 42.63060129836159 ], [ -8.936390753999941, 42.606431376351189 ], [ -8.922230597999944, 42.593695374345657 ], [ -8.969878709999932, 42.579169006339406 ], [ -9.011545376999948, 42.530707092318465 ], [ -9.070871548999936, 42.59613678034674 ], [ -9.030140753999941, 42.707709046394726 ], [ -8.898264126999949, 42.792303772430941 ], [ -8.887684699999896, 42.831122131447508 ], [ -8.908436652999907, 42.839463603451051 ], [ -8.951039191999927, 42.795111389432115 ], [ -9.048939581999935, 42.794745178432009 ], [ -9.068674282999948, 42.759710999417003 ], [ -9.100249803999928, 42.757513733416019 ], [ -9.13499915299991, 42.812770895439677 ], [ -9.100249803999924, 42.833278707448414 ], [ -9.141224738999929, 42.85744862945873 ], [ -9.134510870999918, 42.917547913484256 ], [ -9.195871548999943, 42.949326884497715 ], [ -9.195790167999922, 42.92658111648808 ], [ -9.235585089999915, 42.934881897491557 ], [ -9.268422003999941, 42.891302796473056 ], [ -9.291981574999907, 42.922634176486397 ], [ -9.250965949999909, 43.016791077526193 ], [ -9.279530402999901, 43.054999085542349 ], [ -9.217600063999949, 43.114447327567362 ], [ -9.18980872299994, 43.102321676562283 ], [ -9.107736782999952, 43.141140035578566 ], [ -9.208363410999935, 43.137884827577182 ], [ -9.217600063999953, 43.155340881584543 ], [ -9.170074022999916, 43.188747457598552 ], [ -9.052398240999937, 43.196356506601695 ], [ -9.011545376999949, 43.238755595619395 ], [ -8.932525193999938, 43.235296936617885 ], [ -8.915272589999912, 43.245021871621994 ], [ -8.98802649599992, 43.283026428637896 ], [ -8.841175910999931, 43.338934631661104 ], [ -8.693104620999925, 43.293402405642134 ], [ -8.59251868399992, 43.324204814654941 ], [ -8.558420376999941, 43.313218486650406 ], [ -8.388295050999943, 43.385891012680545 ], [ -8.353586391999952, 43.348618876665064 ], [ -8.330718553999922, 43.405666402688766 ], [ -8.267201300999941, 43.385931702680544 ], [ -8.210194464999914, 43.313218486650399 ], [ -8.20962480399993, 43.390692444682578 ], [ -8.175404425999947, 43.41632721069314 ], [ -8.30516516799991, 43.451076559707452 ], [ -8.178781704999944, 43.47329335571667 ], [ -8.168568488999929, 43.492010803724376 ], [ -8.333119269999941, 43.471502991715923 ], [ -8.292103644999944, 43.532945048741176 ], [ -8.312652147999925, 43.567124736755183 ], [ -8.232248501999946, 43.5755068977587 ], [ -8.086659308999915, 43.656480204791755 ], [ -8.074615037999928, 43.639634501784911 ], [ -8.051869269999939, 43.642808329786163 ], [ -8.073963995999913, 43.678534241800769 ], [ -8.059315558999913, 43.709418030813325 ], [ -7.981190558999911, 43.717840881816784 ], [ -7.908558722999947, 43.76634348683644 ], [ -7.846506313999947, 43.717962952816777 ], [ -7.908558722999937, 43.67015207979729 ], [ -7.858387824999904, 43.668198954796523 ], [ -7.867583787999934, 43.69745513980844 ], [ -7.819162563999953, 43.69745513980844 ], [ -7.812001105999907, 43.723089905818895 ], [ -7.712757941999944, 43.76068756183416 ], [ -7.685536261999906, 43.793443095847408 ], [ -7.668324347999937, 43.77252838183896 ], [ -7.691558397999923, 43.727240296820561 ], [ -7.641021287999931, 43.75267161183087 ], [ -7.615956183999914, 43.688544006804854 ], [ -7.541411912999933, 43.731634827822361 ], [ -7.367054816999943, 43.680080465801396 ], [ -7.304107225999931, 43.598578186768073 ], [ -7.256743943999934, 43.581610413761162 ], [ -7.271066860999954, 43.561143290752788 ], [ -7.04430091099994, 43.559393616752033 ], [ -7.044585740999935, 43.479193421719081 ], [ -7.001372850999923, 43.556667379750991 ], [ -6.943959113999932, 43.565985413754788 ], [ -6.703724738999941, 43.557562561751318 ], [ -6.648671027999908, 43.579046936760101 ], [ -6.510121222999943, 43.547471415747168 ], [ -6.462961391999952, 43.554958395750255 ], [ -6.469105597999941, 43.575384827758612 ], [ -6.31460527299993, 43.568630270755882 ], [ -6.222767706999936, 43.59589263976703 ], [ -6.069162563999956, 43.569688212756276 ], [ -6.02350826699995, 43.588446350764002 ], [ -5.907378709999932, 43.588446350764002 ], [ -5.907378709999932, 43.636826884783744 ], [ -5.863514777999906, 43.641424866785655 ], [ -5.85220292899993, 43.662949931794422 ], [ -5.677479620999915, 43.561143290752788 ], [ -5.393869594999955, 43.555243225750374 ], [ -5.413929816999934, 43.506537171730315 ], [ -5.356800910999933, 43.538600973743549 ], [ -5.299875454999947, 43.537665100743141 ], [ -5.177886522999919, 43.489365947723314 ], [ -4.975168423999948, 43.458766988710678 ], [ -4.941029425999949, 43.471747131716086 ], [ -4.734934048999949, 43.417100322693464 ], [ -4.508168097999937, 43.402451884687402 ], [ -4.481678839999913, 43.3836123666796 ], [ -4.432525193999933, 43.402614645687457 ], [ -4.379261847999938, 43.3836123666796 ], [ -4.359364386999911, 43.399684957686297 ], [ -4.188588019999939, 43.405381572688647 ], [ -4.012766079999947, 43.45250071270808 ], [ -3.981434699999909, 43.438259176702218 ], [ -3.940052863999936, 43.477118225718257 ], [ -3.826730923999941, 43.497015686726414 ], [ -3.76915442599994, 43.479193421719081 ], [ -3.844309048999949, 43.445095113705023 ], [ -3.811187303999933, 43.425482483696939 ], [ -3.772287563999952, 43.452500712708094 ], [ -3.74498450399994, 43.438259176702218 ], [ -3.755523240999941, 43.471747131716086 ], [ -3.579416469999954, 43.518255921735168 ], [ -3.431507941999937, 43.466864319714013 ], [ -3.428618943999934, 43.446844788705789 ], [ -3.470041469999952, 43.454169006708803 ], [ -3.501698370999921, 43.43077219769912 ], [ -3.461089647999926, 43.412461650691554 ], [ -3.447010870999917, 43.43077219769912 ], [ -3.26895097599993, 43.404120178688146 ], [ -3.13149980399993, 43.355780335668129 ], [ -3.089507615999934, 43.36688873367266 ], [ -3.008168097999945, 43.320908915653597 ], [ -3.029286261999909, 43.376166077676523 ], [ -2.939930792999912, 43.417100322693464 ], [ -2.946685350999927, 43.430772197699106 ], [ -2.768625454999948, 43.45250071270808 ], [ -2.715199347999938, 43.424505921696522 ], [ -2.69102942599994, 43.367539775672974 ], [ -2.66120357999995, 43.41193267869135 ], [ -2.483509894999935, 43.370632223674271 ], [ -2.367421027999907, 43.315700582651459 ], [ -2.19627844999991, 43.314764710651048 ], [ -2.12779700399995, 43.287420960639672 ], [ -1.960357225999922, 43.343085022662841 ], [ -1.918690558999911, 43.320990296653591 ], [ -1.925689256999932, 43.342637431662666 ], [ -1.811268683999915, 43.395086975684379 ] ] ], [ [ [ 1.99949507600013, 42.443896174280908 ], [ 1.9456482330001, 42.463817439289521 ], [ 1.967972453000075, 42.485702407298966 ], [ 1.99949507600013, 42.443896174280908 ] ] ], [ [ [ -0.754505988999936, 37.774400124061025 ], [ -0.740142381999932, 37.702460020024525 ], [ -0.726470506999928, 37.665187885005579 ], [ -0.74689693899995, 37.683783262015062 ], [ -0.754505988999936, 37.774400124061025 ] ] ], [ [ [ 1.565683815000062, 38.691485497521953 ], [ 1.581390821000071, 38.653062234502819 ], [ 1.523448113000085, 38.649400124500978 ], [ 1.458085631000076, 38.68134073151689 ], [ 1.382950333000053, 38.642060917497332 ], [ 1.382823113000086, 38.711574603531957 ], [ 1.431325717000052, 38.754868874553452 ], [ 1.486094597000091, 38.694566140523492 ], [ 1.52638326400006, 38.677767616515148 ], [ 1.565683815000062, 38.691485497521953 ] ] ], [ [ [ 1.60084069100009, 39.082383523715464 ], [ 1.623057488000088, 39.029201557689255 ], [ 1.509776238000091, 38.930161843640349 ], [ 1.414728475000057, 38.890621729620804 ], [ 1.403104951000046, 38.83227755559188 ], [ 1.283457879000086, 38.874619851612856 ], [ 1.259938998000054, 38.857896218604523 ], [ 1.216644727000073, 38.885077208618078 ], [ 1.218435092000052, 38.954087624652153 ], [ 1.300954623000054, 38.967759499658897 ], [ 1.292816602000069, 39.033270567691297 ], [ 1.356781446000068, 39.077622781713174 ], [ 1.522715691000085, 39.118882546733438 ], [ 1.60084069100009, 39.082383523715464 ] ] ], [ [ [ 3.383148634000066, 39.777940164054868 ], [ 3.474375847000087, 39.74970123204119 ], [ 3.453868035000088, 39.65969472199766 ], [ 3.323252800000092, 39.52387115393168 ], [ 3.252614780000044, 39.386175840864531 ], [ 3.060801629000082, 39.269069721807277 ], [ 2.958832227000076, 39.363226622853347 ], [ 2.786631707000084, 39.375921934859527 ], [ 2.736582879000081, 39.462103575901565 ], [ 2.74350019600007, 39.523382872931442 ], [ 2.681651238000091, 39.558661192948612 ], [ 2.569102410000088, 39.531520893935387 ], [ 2.492686394000091, 39.470241596905581 ], [ 2.45394941500007, 39.537420958938284 ], [ 2.391856316000091, 39.523749083931641 ], [ 2.355642123000054, 39.558661192948612 ], [ 2.35767662900008, 39.611883848974436 ], [ 2.569672071000074, 39.713080138023471 ], [ 2.813243035000087, 39.872585347100475 ], [ 3.179453972000092, 39.968776753146749 ], [ 3.214203321000071, 39.955104878140183 ], [ 3.096934441000088, 39.913519591120142 ], [ 3.094737175000094, 39.881211649104607 ], [ 3.206797722000088, 39.89301177911026 ], [ 3.187185092000056, 39.854356180091735 ], [ 3.126312696000067, 39.831854552080905 ], [ 3.136485222000093, 39.788763732060076 ], [ 3.223887566000088, 39.749701232041183 ], [ 3.383148634000066, 39.777940164054868 ] ] ], [ [ [ 4.298024936000048, 39.941961974133847 ], [ 4.337087436000047, 39.867173563097843 ], [ 4.302907748000051, 39.88759999510772 ], [ 4.300059441000087, 39.821763407076027 ], [ 4.24813886800007, 39.816473693073448 ], [ 3.98137454500005, 39.936061909131041 ], [ 3.830658399000072, 39.936061909131034 ], [ 3.850515170000052, 39.983872782154002 ], [ 3.81291751400005, 40.001206766162234 ], [ 3.809499545000052, 40.035386453178624 ], [ 4.10507246200007, 40.079413146199741 ], [ 4.14226321700005, 40.024807026173576 ], [ 4.170502149000075, 40.064601948192589 ], [ 4.264903191000088, 39.986395568155146 ], [ 4.254567905000045, 39.949693094137494 ], [ 4.298024936000048, 39.941961974133847 ] ] ], [ [ [ 2.982307966000064, 39.139183500743471 ], [ 2.930866760000071, 39.118175881733137 ], [ 2.913614193000062, 39.151962667749764 ], [ 2.980582428000048, 39.185560423766269 ], [ 2.982307966000064, 39.139183500743471 ] ] ], [ [ [ -5.41877379599992, 35.9155973031068 ], [ -5.417888241999951, 35.91087434710434 ], [ -5.420840089999958, 35.914268972106143 ], [ -5.41877379599992, 35.9155973031068 ] ] ] ] } },
{ "type": "Feature", "properties": { "map_id": "FI" }, "geometry": { "type": "MultiPolygon", "coordinates": [ [ [ [ 30.07269398067276, 63.767888525987296 ], [ 29.980784546000049, 63.741536762754286 ], [ 30.001145060000045, 63.715336811752742 ], [ 30.242473999000129, 63.581804910744872 ], [ 30.380450073000116, 63.532453917742025 ], [ 30.461065307000109, 63.472870991738468 ], [ 30.820939982000127, 63.375667622732635 ], [ 30.974935750000039, 63.289161274727391 ], [ 31.203965698000108, 63.212680153722658 ], [ 31.262773478000035, 63.100593972715892 ], [ 31.480641317000057, 62.986337381708758 ], [ 31.569524780000098, 62.905928852703781 ], [ 31.441263875000061, 62.788700865696349 ], [ 31.243756551000104, 62.503343606678037 ], [ 31.168619019000054, 62.476006773676254 ], [ 30.980620158000086, 62.358804625668419 ], [ 30.925636433000072, 62.302115579664779 ], [ 30.647720581000041, 62.192768248657487 ], [ 29.977683960000078, 61.72817128462534 ], [ 29.84224003000007, 61.660165098620602 ], [ 29.779143107000035, 61.593114928615734 ], [ 29.635120891000028, 61.511104430609883 ], [ 29.517040242000064, 61.475060118607288 ], [ 29.463400106000051, 61.413823546602771 ], [ 29.318396037000063, 61.338427631597234 ], [ 29.203157593000057, 61.24590097959036 ], [ 28.797600952000067, 61.096840310579218 ], [ 28.614563029000106, 60.961938983568984 ], [ 28.480927775000104, 60.933465269566781 ], [ 27.807871941000084, 60.553045964536899 ], [ 27.762054884000069, 60.580145573539077 ], [ 27.739512566000077, 60.574164128538506 ], [ 27.753184441000077, 60.518947656534131 ], [ 27.732676629000071, 60.512111719533557 ], [ 27.753184441000087, 60.50584544353309 ], [ 27.705414259000062, 60.48541901053143 ], [ 27.636485222000083, 60.492254948532022 ], [ 27.691661004000089, 60.518947656534131 ], [ 27.615977410000092, 60.512111719533557 ], [ 27.629649285000077, 60.471136784530238 ], [ 27.508474155000037, 60.513861393533723 ], [ 27.472666863000079, 60.505845443533069 ], [ 27.493174675000027, 60.492254948532022 ], [ 27.472666863000075, 60.477972721530861 ], [ 27.506683790000075, 60.457464909529115 ], [ 27.4567977220001, 60.463690495529725 ], [ 27.369313998000052, 60.497870182532495 ], [ 27.232432488000079, 60.512111719533557 ], [ 27.230804884000065, 60.526312565534703 ], [ 27.308116082000094, 60.525783594534666 ], [ 27.211924675000084, 60.559881901537473 ], [ 27.21461022200009, 60.584947005539362 ], [ 27.177744988000075, 60.56732819053807 ], [ 27.200694207000076, 60.523260807534491 ], [ 27.177744988000093, 60.512111719533557 ], [ 27.112559441000077, 60.546820378536367 ], [ 27.088389519000085, 60.525783594534666 ], [ 27.054372592000046, 60.546820378536395 ], [ 27.033376498000056, 60.541815495535964 ], [ 26.998220248000052, 60.488023177531588 ], [ 26.931407097000093, 60.48541901053143 ], [ 26.962412957000065, 60.447211003528274 ], [ 26.914724155000048, 60.474554753530512 ], [ 26.793630405000034, 60.457464909529115 ], [ 26.797048373000038, 60.485907292531465 ], [ 26.742442254000085, 60.468003646529972 ], [ 26.739024285000074, 60.436957096527479 ], [ 26.701426629000078, 60.41990794352602 ], [ 26.617035352000084, 60.452948307528793 ], [ 26.577159050000091, 60.447333073528334 ], [ 26.553396030000044, 60.433010156527132 ], [ 26.501963738000075, 60.453070378528828 ], [ 26.474864129000089, 60.487250065531533 ], [ 26.53663170700009, 60.515529688533888 ], [ 26.579844597000086, 60.591376042540041 ], [ 26.625010613000082, 60.609605208541375 ], [ 26.666677280000044, 60.606431380541132 ], [ 26.753184441000087, 60.574164128538506 ], [ 26.699229363000079, 60.64020416754385 ], [ 26.659190300000091, 60.651800846544788 ], [ 26.591807488000093, 60.628566797542902 ], [ 26.465830925000088, 60.508124089533261 ], [ 26.469411655000041, 60.427476302526642 ], [ 26.416351759000054, 60.411932682525482 ], [ 26.424164259000058, 60.395982162524106 ], [ 26.383311394000078, 60.416489974525788 ], [ 26.342051629000078, 60.375555729522517 ], [ 26.245616082000073, 60.450873112528598 ], [ 26.229340040000068, 60.438421940527569 ], [ 26.273448113000072, 60.402167057524657 ], [ 26.178965691000094, 60.410630599525327 ], [ 26.142425977000077, 60.395982162524113 ], [ 25.980967644000096, 60.475775456530677 ], [ 25.917246941000091, 60.48541901053143 ], [ 26.028981967000028, 60.433335677527218 ], [ 26.040049675000077, 60.405951237524995 ], [ 26.006846550000095, 60.40053945352458 ], [ 26.012217644000085, 60.388576563523529 ], [ 26.108164910000077, 60.335923568519185 ], [ 26.091319207000083, 60.306626693516826 ], [ 26.040049675000088, 60.299790755516234 ], [ 26.005869988000082, 60.368109440521899 ], [ 25.95655358200008, 60.356024479520883 ], [ 25.842051629000075, 60.402167057524657 ], [ 25.917246941000091, 60.361273503521289 ], [ 25.883067254000082, 60.306626693516826 ], [ 25.930186394000081, 60.245184635511755 ], [ 25.753754102000073, 60.320746159517881 ], [ 25.745371941000084, 60.295803125515896 ], [ 25.848887566000084, 60.265692448513491 ], [ 25.761973504000075, 60.240383203511307 ], [ 25.735524936000044, 60.247259831511869 ], [ 25.649668816000094, 60.299790755516234 ], [ 25.670583530000027, 60.32746002651853 ], [ 25.64966881600008, 60.341376042519649 ], [ 25.704356316000077, 60.341376042519649 ], [ 25.668630405000037, 60.364650781521568 ], [ 25.526133660000081, 60.327093815518467 ], [ 25.545095248000042, 60.292303776515617 ], [ 25.502777540000061, 60.246161198511778 ], [ 25.361664259000072, 60.245184635511755 ], [ 25.350922071000074, 60.267238672513564 ], [ 25.31381269600007, 60.272528385513937 ], [ 25.321299675000091, 60.251410221512273 ], [ 25.197520379000078, 60.245184635511755 ], [ 25.185801629000089, 60.223130599509801 ], [ 25.156260613000075, 60.232163802510584 ], [ 25.203949415000057, 60.204250391508275 ], [ 25.18140709700009, 60.200506901508071 ], [ 25.197113477000066, 60.190619206507129 ], [ 25.11703535200007, 60.17572662850597 ], [ 25.094737175000088, 60.176336979506026 ], [ 25.101573113000093, 60.190619206507129 ], [ 25.029307488000093, 60.147853906503634 ], [ 24.997894727000062, 60.162665104504889 ], [ 25.025889519000089, 60.199448958507887 ], [ 24.998789910000074, 60.212836003509018 ], [ 24.950938347000093, 60.143459375503269 ], [ 24.845225457000087, 60.143744206503285 ], [ 24.834157748000045, 60.155829167504287 ], [ 24.870941602000073, 60.161688542504713 ], [ 24.868825717000036, 60.179754948506279 ], [ 24.842458530000034, 60.194647526507531 ], [ 24.806813998000052, 60.190619206507108 ], [ 24.827321811000047, 60.162665104504889 ], [ 24.679698113000086, 60.13011302150214 ], [ 24.670258009000069, 60.101223047499644 ], [ 24.630625847000086, 60.13629791750261 ], [ 24.554047071000067, 60.155951237504183 ], [ 24.596853061000054, 60.127264714501848 ], [ 24.540375196000056, 60.087551172498451 ], [ 24.608164910000077, 60.101223047499644 ], [ 24.573985222000093, 60.073919987497348 ], [ 24.594493035000077, 60.060248112496225 ], [ 24.445648634000058, 59.992254948490377 ], [ 24.416270379000085, 59.991359766490334 ], [ 24.464121941000077, 60.046576237495039 ], [ 24.446136915000061, 60.047512109495138 ], [ 24.374766472000079, 60.004950260491512 ], [ 24.367686394000085, 60.02204010449293 ], [ 24.312673373000035, 59.997503971490865 ], [ 24.367930535000081, 60.073919987497348 ], [ 24.319672071000067, 60.075832422497513 ], [ 24.252452019000089, 60.039740300494373 ], [ 24.158457879000075, 60.043036198494676 ], [ 24.18295332100006, 60.025458073493191 ], [ 24.164235873000063, 60.019435938492691 ], [ 24.105967644000089, 60.031927800493762 ], [ 24.00961347700007, 60.010565495491988 ], [ 24.019216342000039, 60.039740300494373 ], [ 24.000824415000071, 60.03827545649424 ], [ 23.955332879000089, 60.003566797491374 ], [ 23.873057488000075, 59.993068750490465 ], [ 23.799489780000048, 59.956610417487333 ], [ 23.77125084700009, 59.9679629564883 ], [ 23.607595248000056, 59.956610417487333 ], [ 23.573496941000094, 59.977687891489118 ], [ 23.42945397200009, 59.956610417487333 ], [ 23.483571811000036, 60.011297917492058 ], [ 23.540863477000062, 60.029120182493564 ], [ 23.546153191000077, 60.073919987497348 ], [ 23.498301629000082, 60.063299870496465 ], [ 23.439707879000085, 59.994452214490579 ], [ 23.326426629000085, 59.923041081484463 ], [ 23.237152540000068, 59.898016667482302 ], [ 23.222178582000094, 59.867824609479634 ], [ 23.251312696000056, 59.841131901477347 ], [ 22.888194207000076, 59.81317780047489 ], [ 22.946136915000064, 59.84796783947796 ], [ 23.168142123000042, 59.888902083481533 ], [ 23.165863477000073, 59.917669987483997 ], [ 23.247080925000084, 59.92243072948439 ], [ 23.326426629000078, 60.009344792491895 ], [ 23.332855665000057, 60.029852604493584 ], [ 23.223399285000085, 59.929877018484987 ], [ 23.188812696000056, 59.950181380486718 ], [ 23.171234571000056, 59.936428125485612 ], [ 23.131846550000084, 59.942938542486161 ], [ 23.11068769600007, 59.923285221484413 ], [ 23.111338738000086, 59.974269922488837 ], [ 23.203623894000078, 59.997503971490865 ], [ 23.257578972000076, 60.039740300494373 ], [ 23.035492384000069, 60.044582422494813 ], [ 22.990733269000085, 60.077337956497658 ], [ 23.045909050000084, 60.121649479501421 ], [ 23.025401238000082, 60.135321354502551 ], [ 22.969493035000085, 60.094387109499067 ], [ 22.958669467000043, 60.121568099501353 ], [ 22.874685092000043, 60.149603581503754 ], [ 22.867198113000079, 60.183742578506582 ], [ 23.007578972000093, 60.277004297514331 ], [ 23.080577019000092, 60.355047917520814 ], [ 23.034190300000095, 60.343939518519875 ], [ 22.998057488000086, 60.306626693516826 ], [ 22.941172722000083, 60.316473698517605 ], [ 22.736175977000059, 60.238185938511172 ], [ 22.525075717000039, 60.204250391508275 ], [ 22.593435092000046, 60.232163802510584 ], [ 22.572032097000086, 60.242661849511478 ], [ 22.590342644000089, 60.26227447951316 ], [ 22.648122592000053, 60.27871328151447 ], [ 22.503591342000036, 60.2470563805118 ], [ 22.449473504000082, 60.245184635511755 ], [ 22.459157748000049, 60.264960026513357 ], [ 22.627614780000037, 60.375392969522487 ], [ 22.624278191000084, 60.399074609524433 ], [ 22.543467644000089, 60.372544662522259 ], [ 22.463063998000052, 60.375555729522517 ], [ 22.48357181100004, 60.402167057524657 ], [ 22.291514519000085, 60.382635807523108 ], [ 22.181488477000059, 60.430487370527011 ], [ 22.11670983200009, 60.436957096527479 ], [ 22.10108483200008, 60.462144271529482 ], [ 22.047048373000038, 60.438788151527625 ], [ 21.983897332000069, 60.492254948532022 ], [ 21.935394727000077, 60.492254948532022 ], [ 21.95036868600004, 60.518947656534131 ], [ 21.903168165000061, 60.528876042534939 ], [ 21.843923373000052, 60.515529688533888 ], [ 21.874034050000095, 60.477972721530854 ], [ 21.785329623000042, 60.477972721530854 ], [ 21.807871941000077, 60.575588281538685 ], [ 21.846039259000054, 60.587836003539614 ], [ 21.840505405000044, 60.628729557542975 ], [ 21.661794467000053, 60.56732819053807 ], [ 21.641449415000064, 60.495754297532244 ], [ 21.558116082000076, 60.492254948532022 ], [ 21.58375084700009, 60.505031641532987 ], [ 21.517751498000052, 60.56732819053807 ], [ 21.578623894000092, 60.56732819053807 ], [ 21.486094597000083, 60.574164128538506 ], [ 21.442637566000091, 60.56732819053807 ], [ 21.408539259000069, 60.580389714539074 ], [ 21.414805535000088, 60.608303125541283 ], [ 21.469981316000084, 60.608303125541283 ], [ 21.399912957000073, 60.634100651543342 ], [ 21.353282097000086, 60.676581120546743 ], [ 21.35328209700009, 60.690171615547754 ], [ 21.43897545700008, 60.680324609546993 ], [ 21.422129754000085, 60.725002344550525 ], [ 21.469981316000091, 60.731146550551031 ], [ 21.387380405000037, 60.752346094552692 ], [ 21.422129754000075, 60.759100651553297 ], [ 21.328868035000081, 60.82754140655863 ], [ 21.318532748000056, 60.864691471561486 ], [ 21.407888217000057, 60.864569401561475 ], [ 21.428396030000044, 60.875799870562354 ], [ 21.35328209700009, 60.902533268564355 ], [ 21.390798373000052, 60.916815495565501 ], [ 21.428396030000044, 60.902533268564355 ], [ 21.318532748000056, 61.012355859572864 ], [ 21.339040561000044, 61.026597396573848 ], [ 21.29867597700007, 61.060126042576492 ], [ 21.387380405000048, 61.040269271574942 ], [ 21.407725457000069, 61.050726628575759 ], [ 21.36695397200009, 61.060126042576492 ], [ 21.395274285000085, 61.069403385577189 ], [ 21.482269727000073, 61.060126042576492 ], [ 21.45484459700009, 61.078192448577894 ], [ 21.43523196700005, 61.142726953582709 ], [ 21.469981316000077, 61.149562891583173 ], [ 21.442637566000073, 61.169989323584794 ], [ 21.503428582000083, 61.177435612585313 ], [ 21.496592644000085, 61.191107487586372 ], [ 21.55811608200008, 61.204169010587371 ], [ 21.543467644000081, 61.225083724588806 ], [ 21.47608483200009, 61.245754297590366 ], [ 21.50342858200008, 61.279852604592939 ], [ 21.544444207000065, 61.279852604592939 ], [ 21.524261915000064, 61.375311589599988 ], [ 21.448903842000053, 61.402777409602024 ], [ 21.572438998000052, 61.416408594602956 ], [ 21.510264519000096, 61.457993880605933 ], [ 21.422129754000071, 61.485337630607901 ], [ 21.555674675000088, 61.475165104607271 ], [ 21.592133009000072, 61.485337630607916 ], [ 21.565603061000044, 61.519476628610427 ], [ 21.510264519000092, 61.519476628610427 ], [ 21.469981316000087, 61.546820378612423 ], [ 21.460134311000044, 61.562404688613576 ], [ 21.48226972700007, 61.567857162613961 ], [ 21.716319207000087, 61.526922917611053 ], [ 21.614268425000088, 61.585435287615219 ], [ 21.591807488000086, 61.628119206618223 ], [ 21.537608269000089, 61.649847721619857 ], [ 21.517751498000052, 61.711249089624197 ], [ 21.585948113000086, 61.697658594623228 ], [ 21.469981316000077, 61.759711003627565 ], [ 21.486094597000093, 61.811183984631199 ], [ 21.444590691000084, 61.826320703632227 ], [ 21.403168165000061, 61.876410221635794 ], [ 21.414073113000089, 61.906887109637893 ], [ 21.380544467000046, 61.937811589640042 ], [ 21.312510613000075, 61.939846094640167 ], [ 21.277517123000049, 61.951483464640951 ], [ 21.294932488000075, 61.971340234642376 ], [ 21.236582879000071, 61.985012109643286 ], [ 21.289073113000086, 62.121568099652599 ], [ 21.296397332000083, 62.130438542653245 ], [ 21.31226647200009, 62.109116927651804 ], [ 21.325938347000093, 62.163763737655444 ], [ 21.383962436000047, 62.194484766657446 ], [ 21.353282097000086, 62.232001042660116 ], [ 21.374278191000077, 62.266791081662397 ], [ 21.312266472000086, 62.232001042660116 ], [ 21.339040561000033, 62.355536198668332 ], [ 21.270681186000044, 62.349310612667892 ], [ 21.270681186000036, 62.410793359671935 ], [ 21.205088738000089, 62.359686589668627 ], [ 21.216075066000077, 62.335028385666959 ], [ 21.194346550000098, 62.337062891667067 ], [ 21.202403191000084, 62.390326237670592 ], [ 21.181325717000043, 62.396470443671014 ], [ 21.202403191000087, 62.417629297672399 ], [ 21.16675866000007, 62.421332096672636 ], [ 21.133555535000085, 62.403957422671468 ], [ 21.154551629000082, 62.464789128675562 ], [ 21.116384311000036, 62.460150456675201 ], [ 21.115570509000062, 62.495794987677506 ], [ 21.154551629000071, 62.527492578679542 ], [ 21.126719597000097, 62.554144596681283 ], [ 21.209239129000082, 62.582098698683183 ], [ 21.193532748000052, 62.600897526684385 ], [ 21.121592644000096, 62.609442448684923 ], [ 21.106211785000077, 62.623032943685764 ], [ 21.065196160000077, 62.595770573684014 ], [ 21.078949415000064, 62.67829010468936 ], [ 21.160817905000034, 62.719305729691996 ], [ 21.116465691000077, 62.749660547693949 ], [ 21.113536004000071, 62.781195378695905 ], [ 21.150889519000092, 62.79437897169673 ], [ 21.183360222000093, 62.782375391695936 ], [ 21.243418816000084, 62.869452214701518 ], [ 21.33570397200009, 62.855454818700537 ], [ 21.390798373000052, 62.880316471702173 ], [ 21.422129754000071, 62.941799219706084 ], [ 21.463145379000082, 62.95140208370659 ], [ 21.444102410000074, 63.040920313712199 ], [ 21.480479363000089, 63.043036198712294 ], [ 21.495127800000084, 63.071722721714075 ], [ 21.625743035000085, 63.023871159711106 ], [ 21.68848717500008, 63.027085677711334 ], [ 21.559580925000095, 63.095119531715561 ], [ 21.572438998000052, 63.12335846471732 ], [ 21.52084394600006, 63.126776432717584 ], [ 21.503428582000076, 63.15745677171931 ], [ 21.551931186000033, 63.177923893720603 ], [ 21.50098717500008, 63.1924502607215 ], [ 21.504893425000077, 63.217433984722987 ], [ 21.558116082000087, 63.23261139372395 ], [ 21.647227410000088, 63.197658594721844 ], [ 21.667979363000097, 63.219549870723178 ], [ 21.742360873000052, 63.199652409721949 ], [ 21.764170769000089, 63.205877995722346 ], [ 21.70264733200008, 63.225775456723511 ], [ 21.894541863000086, 63.260484115725632 ], [ 21.880869988000089, 63.177923893720603 ], [ 21.983897332000094, 63.143215234718532 ], [ 21.955902540000071, 63.184759831721067 ], [ 21.994395379000071, 63.196437891721857 ], [ 22.02475019600006, 63.239406641724401 ], [ 22.043142123000056, 63.245591537724692 ], [ 22.072032097000093, 63.225775456723511 ], [ 22.127207879000075, 63.239406641724415 ], [ 22.175059441000077, 63.23261139372395 ], [ 22.278086785000081, 63.301459050728141 ], [ 22.307627800000091, 63.275864974726595 ], [ 22.330088738000082, 63.283840234727059 ], [ 22.373708530000037, 63.321356510729409 ], [ 22.250498894000085, 63.411322331734716 ], [ 22.195567254000082, 63.431219792735988 ], [ 22.19092858200009, 63.458441471737522 ], [ 22.246755405000037, 63.469631250738225 ], [ 22.304942254000089, 63.435858464736299 ], [ 22.401621941000091, 63.418158268735226 ], [ 22.279958530000037, 63.48761627673931 ], [ 22.281423373000059, 63.526190495741574 ], [ 22.337412957000073, 63.523342188741395 ], [ 22.333343946000056, 63.493231510739648 ], [ 22.396820509000058, 63.476955469738705 ], [ 22.394786004000071, 63.452337956737225 ], [ 22.435801629000085, 63.472805078738439 ], [ 22.497243686000033, 63.58576080774516 ], [ 22.54566491000007, 63.575181380744553 ], [ 22.497243686000051, 63.622992253747313 ], [ 22.525075717000036, 63.657700912749284 ], [ 22.585703972000083, 63.65704987074934 ], [ 22.589040561000058, 63.703314518752066 ], [ 22.637054884000062, 63.683091537750798 ], [ 22.65406334700009, 63.70376210975207 ], [ 22.675303582000083, 63.70237864675196 ], [ 22.734060092000043, 63.627590234747643 ], [ 22.773448113000075, 63.62750885474761 ], [ 22.82927493600004, 63.646226302748701 ], [ 22.840342644000092, 63.677639063750526 ], [ 22.901866082000087, 63.705511784752176 ], [ 22.833018425000084, 63.726019596753403 ], [ 22.901866082000083, 63.726019596753403 ], [ 22.874685092000043, 63.746527409754535 ], [ 22.925791863000079, 63.74339427175434 ], [ 22.902517123000042, 63.79486725375736 ], [ 22.942881707000083, 63.800482487757712 ], [ 23.000661655000034, 63.76361725375552 ], [ 22.990733269000078, 63.815375065758509 ], [ 23.062836134000058, 63.852972721760658 ], [ 23.132578972000086, 63.852484440760655 ], [ 23.16732832100007, 63.886948958762623 ], [ 23.275238477000066, 63.888902083762709 ], [ 23.326426629000078, 63.910956120764013 ], [ 23.350759311000036, 63.898830469763368 ], [ 23.39421634200005, 63.911078190764016 ], [ 23.415782097000083, 63.924627995764872 ], [ 23.370860222000083, 63.9465192717661 ], [ 23.381602410000088, 64.048163151771917 ], [ 23.41521243600004, 64.056219792772353 ], [ 23.47730553500007, 64.035101628771159 ], [ 23.506602410000074, 64.041652734771489 ], [ 23.60450280000008, 64.027655339770675 ], [ 23.619802280000037, 64.038031315771306 ], [ 23.573578321000056, 64.107245182775216 ], [ 23.622080925000084, 64.107123112775199 ], [ 23.723643425000091, 64.178534245779247 ], [ 23.724375847000083, 64.208929753780893 ], [ 23.819102410000092, 64.220648503781504 ], [ 23.861094597000083, 64.267889714784246 ], [ 23.943369988000079, 64.246771550783023 ], [ 23.92904707100006, 64.301418359786027 ], [ 24.004405144000089, 64.3891055347909 ], [ 24.068614129000082, 64.405585026791854 ], [ 24.081257222037969, 64.428928258560461 ], [ 30.07269398067276, 63.767888525987296 ] ] ], [ [ [ 22.401866082000087, 60.075751042497522 ], [ 22.430430535000074, 60.08185455749804 ], [ 22.449473504000082, 60.066473698496715 ], [ 22.448008660000081, 60.012355859492089 ], [ 22.442637566000084, 59.997503971490865 ], [ 22.409515821000067, 60.009344792491895 ], [ 22.382823113000075, 59.992580469490413 ], [ 22.348887566000084, 60.063218490496446 ], [ 22.370616082000083, 60.080755925497925 ], [ 22.387217644000089, 60.051662500495453 ], [ 22.408376498000052, 60.052801823495592 ], [ 22.401866082000087, 60.075751042497522 ] ] ], [ [ [ 21.496592644000085, 60.135321354502537 ], [ 21.571055535000085, 60.170355534505461 ], [ 21.654307488000097, 60.155829167504287 ], [ 21.613291863000079, 60.129095768502033 ], [ 21.636973504000089, 60.123683984501604 ], [ 21.62631269600007, 60.107367253500165 ], [ 21.503916863000093, 60.102972721499746 ], [ 21.48226972700008, 60.114813542500826 ], [ 21.499196811000051, 60.121079818501315 ], [ 21.55811608200008, 60.121649479501421 ], [ 21.533050977000073, 60.137030339502751 ], [ 21.496592644000085, 60.135321354502537 ] ] ], [ [ [ 21.708181186000036, 60.17177968850558 ], [ 21.853526238000093, 60.196763412507686 ], [ 21.88770592500008, 60.176336979505997 ], [ 21.846039259000054, 60.170111393505429 ], [ 21.867849155000048, 60.155829167504287 ], [ 21.791514519000096, 60.155829167504287 ], [ 21.826182488000093, 60.149603581503754 ], [ 21.805674675000088, 60.135321354502537 ], [ 21.720225457000076, 60.1137149095007 ], [ 21.695811394000092, 60.121649479501421 ], [ 21.72250410200007, 60.149603581503754 ], [ 21.708181186000036, 60.17177968850558 ] ] ], [ [ [ 21.353282097000086, 60.211086328508898 ], [ 21.448903842000039, 60.183742578506561 ], [ 21.409353061000044, 60.184515690506679 ], [ 21.380544467000046, 60.162665104504889 ], [ 21.270681186000044, 60.190619206507129 ], [ 21.30640709700009, 60.209702865508739 ], [ 21.353282097000086, 60.211086328508898 ] ] ], [ [ [ 22.072032097000083, 60.196763412507686 ], [ 22.011241082000073, 60.170111393505429 ], [ 22.037852410000081, 60.155829167504287 ], [ 21.977712436000051, 60.135484115502507 ], [ 21.935394727000062, 60.176336979505997 ], [ 22.041758660000077, 60.211411849508856 ], [ 22.072032097000083, 60.196763412507686 ] ] ], [ [ [ 25.83562259200005, 60.196030990507623 ], [ 25.840586785000067, 60.218817448509533 ], [ 25.87623131600008, 60.217230534509348 ], [ 25.83562259200005, 60.196030990507623 ] ] ], [ [ [ 22.209239129000082, 60.204250391508275 ], [ 22.271657748000038, 60.252997135512416 ], [ 22.291758660000081, 60.245184635511777 ], [ 22.296885613000089, 60.22125885450972 ], [ 22.232269727000066, 60.184963281506725 ], [ 22.209239129000082, 60.204250391508275 ] ] ], [ [ [ 25.5920516290001, 60.242580469511516 ], [ 25.564463738000089, 60.278265690514402 ], [ 25.581716342000053, 60.296372787515921 ], [ 25.684418165000061, 60.245184635511777 ], [ 25.635996941000094, 60.204250391508275 ], [ 25.60336347700007, 60.215399479509273 ], [ 25.622325066000087, 60.238348698511153 ], [ 25.5920516290001, 60.242580469511516 ] ] ], [ [ [ 22.814952019000089, 60.2269961595102 ], [ 22.920746290000068, 60.296698307515989 ], [ 22.956390821000074, 60.292954818515625 ], [ 22.833506707000087, 60.193060612507416 ], [ 22.819346550000077, 60.162665104504889 ], [ 22.846853061000044, 60.111029362500439 ], [ 22.730479363000086, 60.046576237495039 ], [ 22.757985873000049, 60.032294010493814 ], [ 22.72982832100006, 60.004950260491512 ], [ 22.682139519000078, 59.997503971490865 ], [ 22.654958530000044, 60.032294010493814 ], [ 22.600271030000037, 59.984523828489742 ], [ 22.574880405000044, 60.017035221492492 ], [ 22.593435092000036, 60.046576237495046 ], [ 22.529958530000041, 60.008246159491755 ], [ 22.469899936000036, 59.997503971490865 ], [ 22.473643425000088, 60.090969141498789 ], [ 22.422129754000078, 60.114813542500841 ], [ 22.600271030000041, 60.142157292503128 ], [ 22.415212436000051, 60.149603581503754 ], [ 22.448090040000068, 60.221380925509699 ], [ 22.477305535000085, 60.224676823510094 ], [ 22.466481967000046, 60.183742578506582 ], [ 22.566579623000038, 60.193304753507434 ], [ 22.620616082000087, 60.211086328508898 ], [ 22.814952019000089, 60.2269961595102 ] ] ], [ [ [ 22.132009311000047, 60.315659896517523 ], [ 22.249766472000086, 60.311468815517202 ], [ 22.321299675000088, 60.297064518516066 ], [ 22.337168816000091, 60.274481510514192 ], [ 22.215505405000044, 60.253119206512395 ], [ 22.181162957000076, 60.281317448514727 ], [ 22.140879754000071, 60.27871328151447 ], [ 22.181895379000082, 60.27871328151447 ], [ 22.163340691000094, 60.259222721512906 ], [ 22.080088738000079, 60.269476628513743 ], [ 22.083832227000073, 60.301459050516328 ], [ 22.132009311000047, 60.315659896517523 ] ] ], [ [ [ 22.387950066000091, 60.320949609518038 ], [ 22.312836134000062, 60.320949609518038 ], [ 22.350271030000034, 60.347845768520166 ], [ 22.398203972000086, 60.355047917520814 ], [ 22.401621941000087, 60.341376042519649 ], [ 22.477305535000085, 60.320949609518038 ], [ 22.394786004000085, 60.293158268515718 ], [ 22.367442254000075, 60.292954818515611 ], [ 22.387950066000091, 60.320949609518038 ] ] ], [ [ [ 21.979665561000051, 60.328599349518655 ], [ 21.901377800000091, 60.327093815518467 ], [ 21.901377800000091, 60.341376042519649 ], [ 21.794118686000051, 60.373968815522296 ], [ 21.79224694100008, 60.396958724524175 ], [ 21.846039259000069, 60.409654037525243 ], [ 21.798350457000076, 60.443793034528071 ], [ 21.817881707000073, 60.471991276530417 ], [ 21.931976759000062, 60.42332591252638 ], [ 21.950368686000051, 60.395982162524113 ], [ 21.894541863000093, 60.395982162524113 ], [ 21.942230665000071, 60.368109440521899 ], [ 21.988617384000051, 60.36591217552165 ], [ 21.997569207000087, 60.355047917520814 ], [ 21.963389519000092, 60.347601628520188 ], [ 21.99756920700008, 60.341376042519649 ], [ 21.979665561000051, 60.328599349518655 ] ] ], [ [ [ 21.764170769000085, 60.525783594534666 ], [ 21.687998894000089, 60.455308333528947 ], [ 21.714203321000067, 60.508612370533356 ], [ 21.764170769000085, 60.525783594534666 ] ] ], [ [ [ 21.324880405000052, 60.482082422531107 ], [ 21.250254754000078, 60.498439844532506 ], [ 21.229177280000041, 60.559881901537473 ], [ 21.304942254000085, 60.518947656534152 ], [ 21.324880405000052, 60.482082422531107 ] ] ], [ [ [ 21.394216342000046, 60.559881901537473 ], [ 21.482269727000073, 60.525783594534666 ], [ 21.463145379000085, 60.525783594534666 ], [ 21.463145379000085, 60.492254948532022 ], [ 21.433604363000075, 60.489081120531722 ], [ 21.442637566000077, 60.471136784530238 ], [ 21.39226321700005, 60.489976302531751 ], [ 21.360118035000081, 60.533189193535215 ], [ 21.328623894000096, 60.525336003534669 ], [ 21.352549675000095, 60.561835026537622 ], [ 21.394216342000046, 60.559881901537473 ] ] ], [ [ [ 21.28101647200009, 60.566351628537909 ], [ 21.213877800000095, 60.616359766541898 ], [ 21.259287957000083, 60.647528385544462 ], [ 21.291188998000049, 60.615139063541847 ], [ 21.28101647200009, 60.566351628537909 ] ] ], [ [ [ 21.318125847000083, 60.880194401562669 ], [ 21.202403191000087, 60.889471745563363 ], [ 21.227793816000091, 60.899725651564246 ], [ 21.298675977000084, 60.895697331563909 ], [ 21.31226647200009, 60.923000391566035 ], [ 21.243418816000069, 60.950873112568104 ], [ 21.304942254000078, 60.971380925569719 ], [ 21.374278191000069, 60.930405990566527 ], [ 21.327891472000086, 60.910142318564986 ], [ 21.318125847000083, 60.880194401562669 ] ] ], [ [ [ 21.39633222700008, 63.260687565725732 ], [ 21.428396030000037, 63.198431706721863 ], [ 21.377452019000078, 63.190130925721377 ], [ 21.36280358200008, 63.206244206722332 ], [ 21.291188998000052, 63.177923893720603 ], [ 21.318532748000059, 63.1649437507199 ], [ 21.301524285000074, 63.156154688719283 ], [ 21.243418816000084, 63.150702214718962 ], [ 21.18881269600006, 63.191595768721463 ], [ 21.147227410000074, 63.182196354720936 ], [ 21.133555535000088, 63.198431706721863 ], [ 21.154551629000071, 63.205877995722346 ], [ 21.102793816000087, 63.235988672724233 ], [ 21.078949415000071, 63.287787175727338 ], [ 21.120290561000044, 63.271958724726346 ], [ 21.24341881600008, 63.280991927726916 ], [ 21.195078972000086, 63.239406641724401 ], [ 21.209483269000078, 63.221380925723309 ], [ 21.28679446700005, 63.211371159722709 ], [ 21.291188998000049, 63.239406641724415 ], [ 21.355967644000089, 63.260728255725638 ], [ 21.39633222700008, 63.260687565725732 ] ] ], [ [ [ 21.315277540000057, 63.304022526728282 ], [ 21.277517123000056, 63.301459050728141 ], [ 21.229177280000044, 63.328802800729832 ], [ 21.345957879000075, 63.363755599731896 ], [ 21.373871290000061, 63.333400781730063 ], [ 21.318532748000059, 63.287787175727345 ], [ 21.315277540000057, 63.304022526728282 ] ] ], [ [ [ 23.923513217000039, 59.969305729488447 ], [ 23.886078321000074, 59.947984115486527 ], [ 23.847422722000079, 59.954657292487148 ], [ 23.870290561000051, 59.97280507848874 ], [ 23.923513217000039, 59.969305729488447 ] ] ], [ [ [ 22.917735222000079, 60.068670964496931 ], [ 22.916840040000061, 60.049221094495238 ], [ 22.872243686000051, 60.006048893491553 ], [ 22.851084832000094, 60.027899479493456 ], [ 22.883799675000077, 60.048081771495141 ], [ 22.855153842000046, 60.05556875049578 ], [ 22.917735222000079, 60.068670964496931 ] ] ], [ [ [ 22.961680535000077, 60.104396875499972 ], [ 22.94678795700009, 60.084702865498244 ], [ 22.845469597000093, 60.082220768498082 ], [ 22.91700280000008, 60.125067448501653 ], [ 22.961680535000077, 60.104396875499972 ] ] ], [ [ [ 21.999766472000093, 60.128485417502027 ], [ 21.987640821000056, 60.112046615500589 ], [ 21.929942254000075, 60.124579167501665 ], [ 21.962087436000051, 60.137884831502717 ], [ 21.999766472000093, 60.128485417502027 ] ] ], [ [ [ 22.375010613000082, 60.204046940508263 ], [ 22.367930535000081, 60.177394922506039 ], [ 22.319997592000036, 60.164048568504988 ], [ 22.336924675000095, 60.148504948503671 ], [ 22.288340691000084, 60.149847721503747 ], [ 22.304535352000066, 60.188788151507062 ], [ 22.375010613000082, 60.204046940508263 ] ] ], [ [ [ 21.995778842000046, 60.287298893515207 ], [ 21.979014519000089, 60.289252018515313 ], [ 22.008311394000092, 60.297308659516034 ], [ 21.995778842000046, 60.287298893515207 ] ] ], [ [ [ 21.944590691000087, 60.277085677514293 ], [ 21.884938998000056, 60.289496159515437 ], [ 21.879730665000071, 60.31053294351711 ], [ 21.973806186000029, 60.309312240516995 ], [ 21.944590691000087, 60.277085677514293 ] ] ], [ [ [ 22.289561394000078, 60.357977604521047 ], [ 22.191091342000039, 60.34174225351974 ], [ 22.157237175000095, 60.351874089520493 ], [ 22.255707227000066, 60.374172266522386 ], [ 22.284922722000083, 60.374986068522361 ], [ 22.289561394000078, 60.357977604521047 ] ] ], [ [ [ 22.207530144000092, 60.375555729522517 ], [ 22.11247806100004, 60.352932031520623 ], [ 22.104258660000088, 60.354152734520703 ], [ 22.137868686000033, 60.379095768522753 ], [ 22.207530144000092, 60.375555729522517 ] ] ], [ [ [ 21.307790561000033, 60.389593815523575 ], [ 21.355316602000066, 60.351792708520485 ], [ 21.30388431100004, 60.364243880521521 ], [ 21.307790561000033, 60.389593815523575 ] ] ], [ [ [ 26.593435092000046, 60.445949609528185 ], [ 26.649668816000084, 60.421535547526247 ], [ 26.573090040000075, 60.40534088552495 ], [ 26.53834069100008, 60.378078516522649 ], [ 26.513438347000093, 60.411281641525392 ], [ 26.574717644000092, 60.421779688526264 ], [ 26.593435092000046, 60.445949609528185 ] ] ], [ [ [ 22.007578972000086, 63.324896550729534 ], [ 22.060801629000093, 63.30215078172823 ], [ 22.046641472000086, 63.282171940726975 ], [ 22.013845248000056, 63.277736719726676 ], [ 22.004567905000034, 63.291164453727518 ], [ 21.984385613000072, 63.277167057726672 ], [ 21.989024285000088, 63.310370182728697 ], [ 22.029958530000052, 63.308417057728597 ], [ 22.007578972000086, 63.324896550729534 ] ] ], [ [ [ 22.136485222000083, 63.250555729725107 ], [ 22.07935631600008, 63.266302800726031 ], [ 22.069183790000071, 63.318548893729201 ], [ 22.110199415000068, 63.328924870729843 ], [ 22.195648634000054, 63.309759831728606 ], [ 22.226328972000079, 63.340643620730567 ], [ 22.246267123000045, 63.307074284728522 ], [ 22.222666863000086, 63.279974675726848 ], [ 22.114431186000044, 63.284165755727159 ], [ 22.158539259000062, 63.274074609726476 ], [ 22.136485222000083, 63.250555729725107 ] ] ], [ [ [ 21.94898522200009, 63.333807682730104 ], [ 21.996429884000072, 63.384711003733159 ], [ 22.096039259000058, 63.383490300733094 ], [ 22.076182488000086, 63.360052800731722 ], [ 22.012705925000091, 63.363714909731847 ], [ 21.94898522200009, 63.333807682730104 ] ] ], [ [ [ 22.823415561000036, 63.779242253756415 ], [ 22.802093946000074, 63.73818593875405 ], [ 22.782074415000064, 63.744818425754467 ], [ 22.776052280000041, 63.728176172753514 ], [ 22.719248894000081, 63.726629948753462 ], [ 22.681488477000073, 63.763413802755551 ], [ 22.763845248000035, 63.791449284757128 ], [ 22.823415561000036, 63.779242253756415 ] ] ], [ [ [ 22.510264519000089, 59.876288151480388 ], [ 22.443695509000072, 59.85146718847826 ], [ 22.416026238000079, 59.852932031478367 ], [ 22.421885613000089, 59.865668034479491 ], [ 22.510264519000089, 59.876288151480388 ] ] ], [ [ [ 21.615896030000037, 60.255194401512632 ], [ 21.601735873000049, 60.222560938509858 ], [ 21.563487175000095, 60.226223047510118 ], [ 21.586924675000098, 60.269354557513786 ], [ 21.615896030000037, 60.255194401512632 ] ] ], [ [ [ 21.26734459700009, 60.851060287560308 ], [ 21.263194207000087, 60.83026764355877 ], [ 21.186289910000077, 60.856512760560868 ], [ 21.206553582000076, 60.863185938561323 ], [ 21.226573113000082, 60.847113346560121 ], [ 21.26734459700009, 60.851060287560308 ] ] ], [ [ [ 21.429372592000043, 61.173000391584971 ], [ 21.346690300000084, 61.177557682585338 ], [ 21.363129102000062, 61.20856354258764 ], [ 21.391368035000081, 61.209621484587672 ], [ 21.389170769000074, 61.192206120586448 ], [ 21.429372592000043, 61.173000391584971 ] ] ], [ [ [ 21.523936394000096, 61.63312408961864 ], [ 21.507823113000086, 61.618068750617546 ], [ 21.459971550000098, 61.629339909618352 ], [ 21.484548373000042, 61.640448307619188 ], [ 21.523936394000096, 61.63312408961864 ] ] ], [ [ [ 21.221934441000084, 62.951361393706605 ], [ 21.168142123000038, 62.945990300706256 ], [ 21.13599694100008, 62.962958073707391 ], [ 21.159353061000051, 62.975409245708121 ], [ 21.131846550000077, 62.992824609709196 ], [ 21.145192905000034, 63.010158594710283 ], [ 21.207367384000065, 62.986151432708816 ], [ 21.221934441000084, 62.951361393706605 ] ] ] ] } },
{ "type": "Feature", "properties": { "map_id": "FR" }, "geometry": { "type": "MultiPolygon", "coordinates": [ [ [ [ 2.521799927545685, 51.087540880883537 ], [ 2.556980428000117, 51.001177467144757 ], [ 2.608450154000085, 50.961128232135366 ], [ 2.576927531000136, 50.911518857123781 ], [ 2.586746053000103, 50.845424701108165 ], [ 2.620439087000138, 50.816485899101295 ], [ 2.691855916000069, 50.808837786099488 ], [ 2.78673384600003, 50.723364967079078 ], [ 2.886882772000153, 50.696648252072741 ], [ 2.971425415000109, 50.75783314708729 ], [ 3.129245239000086, 50.779072162092412 ], [ 3.232391398000119, 50.695924782072453 ], [ 3.271045370000107, 50.526942848031638 ], [ 3.361065714000094, 50.489787494022558 ], [ 3.477130982000119, 50.519863177029926 ], [ 3.499145142000089, 50.486790260021863 ], [ 3.60828576600005, 50.476506650019317 ], [ 3.644355916000053, 50.445500790011657 ], [ 3.661719198000075, 50.319306942980546 ], [ 3.696859172000132, 50.298222958975245 ], [ 3.75504683400004, 50.346333717987207 ], [ 3.895916789000095, 50.32530140998194 ], [ 4.003300415000099, 50.34405995398668 ], [ 4.097868286000076, 50.294812313974397 ], [ 4.12525679500004, 50.257140194965025 ], [ 4.162773885000117, 50.27295318396898 ], [ 4.197603800000081, 50.25848378196531 ], [ 4.125773559000067, 50.12815581993253 ], [ 4.180550578000041, 50.127225643932299 ], [ 4.210006144000149, 50.060149634915298 ], [ 4.13734908000009, 50.025061337906429 ], [ 4.13166467200006, 49.974986874893489 ], [ 4.201117798000037, 49.953024390887869 ], [ 4.27759891700012, 49.960155738889675 ], [ 4.435108683000092, 49.9322504648826 ], [ 4.64584517400007, 49.984495338896039 ], [ 4.681915324000073, 50.083920793921401 ], [ 4.815550578000086, 50.161332088940966 ], [ 4.871877889000076, 50.139783016935425 ], [ 4.783924601000082, 49.958295386889269 ], [ 4.86019901600011, 49.913336890877673 ], [ 4.834877564000124, 49.853030494862061 ], [ 4.849036906000069, 49.794171037846809 ], [ 4.970993286000122, 49.797064918847511 ], [ 5.081890909000037, 49.752726539835884 ], [ 5.169430786000131, 49.687200823818799 ], [ 5.259244425000134, 49.691334937819761 ], [ 5.299448690000049, 49.662499488812117 ], [ 5.297898397000036, 49.613251848799138 ], [ 5.334898722000079, 49.625809221802477 ], [ 5.402078084000043, 49.602451473796251 ], [ 5.45613163300004, 49.498943580768767 ], [ 5.547598918000094, 49.523438208775353 ], [ 5.602272583000029, 49.513723039772721 ], [ 5.644647257000147, 49.543798723780711 ], [ 5.710276327000087, 49.531086321777288 ], [ 5.74634647600007, 49.54943145478223 ], [ 5.839570760000101, 49.499873756768956 ], [ 5.928144165000077, 49.482303768764268 ], [ 5.960700317000119, 49.441324358753214 ], [ 6.078005819000086, 49.452021379756076 ], [ 6.136090129000083, 49.495274552767746 ], [ 6.193554321000076, 49.499408668768879 ], [ 6.325329224000083, 49.45672393475737 ], [ 6.402740519000136, 49.465457251759766 ], [ 6.511674438000116, 49.424736222748727 ], [ 6.577716919000069, 49.355799862730123 ], [ 6.556426228000078, 49.326395972722167 ], [ 6.639676961000104, 49.27115386670701 ], [ 6.680604696000044, 49.207488501689689 ], [ 6.702515503000084, 49.213637997691386 ], [ 6.713780965000124, 49.158860978676266 ], [ 6.821784709000097, 49.147750546673215 ], [ 6.833463583000056, 49.209452206690152 ], [ 6.914388876000144, 49.206661679689496 ], [ 7.009473510000079, 49.181701961682556 ], [ 7.042546427000078, 49.10759795866209 ], [ 7.079856812000115, 49.142014461671565 ], [ 7.154994344000015, 49.114419247664017 ], [ 7.274366902000052, 49.105014136661389 ], [ 7.35095137600007, 49.159171038676362 ], [ 7.410482625000042, 49.168937883679092 ], [ 7.47611169400008, 49.151522925674293 ], [ 7.471047404000107, 49.128320208667809 ], [ 7.520863485000118, 49.083671770655471 ], [ 7.634965047000037, 49.037783097642667 ], [ 7.931897827000117, 49.034837542641924 ], [ 8.200305216000032, 48.958563127620515 ], [ 8.090337769000143, 48.807512916577927 ], [ 8.017267293000122, 48.761830950564899 ], [ 7.970138387000104, 48.757283423563592 ], [ 7.959182983000119, 48.721368303553263 ], [ 7.81025150600007, 48.615018205522773 ], [ 7.813455444000026, 48.51946848249495 ], [ 7.776455119000078, 48.498177792488768 ], [ 7.7383179120001, 48.40660715446203 ], [ 7.750720255000091, 48.341365658442783 ], [ 7.702454467000076, 48.311186621433812 ], [ 7.687158243000114, 48.252921444416479 ], [ 7.585665730000131, 48.12972482937964 ], [ 7.575743856000147, 48.053708798356759 ], [ 7.621115763000065, 47.971439918331718 ], [ 7.55900069100008, 47.882711484304629 ], [ 7.525927775000099, 47.783156836274031 ], [ 7.537813355000138, 47.731816300258089 ], [ 7.511871785000094, 47.707321672250522 ], [ 7.586028488000127, 47.584618540212148 ], [ 7.482726278000057, 47.542267147198828 ], [ 7.505153850000052, 47.53301706619596 ], [ 7.484483276000046, 47.49294199318323 ], [ 7.414306681000085, 47.490177303182399 ], [ 7.426088908000085, 47.455760799171429 ], [ 7.378546590000069, 47.430646054163461 ], [ 7.238090047000101, 47.416796769159099 ], [ 7.16832686300006, 47.443565161167569 ], [ 7.180832560000059, 47.488265276181728 ], [ 6.973300008000137, 47.489092099182045 ], [ 6.990973348000066, 47.45222096417038 ], [ 6.926067749000115, 47.424858293161655 ], [ 6.86663985200008, 47.354164933139103 ], [ 7.003995809000087, 47.368143409143578 ], [ 7.036551961000046, 47.329515275131229 ], [ 6.958623901000069, 47.29055124611871 ], [ 6.956246785000107, 47.24523101410422 ], [ 6.689699747000106, 47.078290300050028 ], [ 6.665411824000103, 47.021291195031409 ], [ 6.44263472500006, 46.944164120006043 ], [ 6.429198853000113, 46.760816137945248 ], [ 6.118416789000065, 46.583462621885651 ], [ 6.145701945000096, 46.551629939874758 ], [ 6.064156535000051, 46.471118058847416 ], [ 6.054234660000131, 46.419415787829692 ], [ 6.135056600000102, 46.37040069181284 ], [ 6.094025513000134, 46.253043513772347 ], [ 5.954809204000126, 46.199920141753985 ], [ 5.982921183000147, 46.170826309743859 ], [ 5.958839966000115, 46.130467016729675 ], [ 6.140327596000132, 46.150207413736581 ], [ 6.281197550000114, 46.240072729767959 ], [ 6.214121541000086, 46.315468644794009 ], [ 6.269105265000124, 46.375025732814528 ], [ 6.482942342000112, 46.448587133839709 ], [ 6.613683716000137, 46.45589934984217 ], [ 6.787058146000049, 46.414170630827861 ], [ 6.750367879000096, 46.345518489804341 ], [ 6.827675822000089, 46.269476619778004 ], [ 6.765664103000034, 46.151602676737134 ], [ 6.869223673000076, 46.112328588723429 ], [ 6.850930216000109, 46.049645076701424 ], [ 6.915112345000041, 46.048611548701082 ], [ 6.987666056000054, 45.993111059681461 ], [ 7.022082560000117, 45.925259904657395 ], [ 6.94901208500005, 45.857822159633535 ], [ 6.800804077000097, 45.826454565622342 ], [ 6.795946492000074, 45.71814076358357 ], [ 6.963378133000049, 45.640729467555644 ], [ 6.982808471000056, 45.511124975508558 ], [ 7.159645223000101, 45.39847035346736 ], [ 7.092569213000075, 45.323952937439969 ], [ 7.108382202000143, 45.25920236841597 ], [ 7.055465536000074, 45.213675431399054 ], [ 7.029730672000086, 45.228196508404473 ], [ 6.95872725400008, 45.209799698397724 ], [ 6.844108927000152, 45.130114640367943 ], [ 6.736415242000076, 45.157348120378096 ], [ 6.602728312000068, 45.103449601358022 ], [ 6.651665894000074, 45.035650121332552 ], [ 6.723496134000073, 45.013377579324164 ], [ 6.745406941000028, 44.907802628284259 ], [ 6.847106161000055, 44.859071753265866 ], [ 6.932682332000127, 44.861655574266798 ], [ 7.004925985000057, 44.827962540253971 ], [ 6.998414754000066, 44.793752742240919 ], [ 7.055155476000097, 44.684870499199221 ], [ 6.959864135000091, 44.683165177198475 ], [ 6.94560144100012, 44.625442602176378 ], [ 6.835737345000068, 44.534026993141012 ], [ 6.861265503000112, 44.474909155117999 ], [ 6.917799519000083, 44.436306859102956 ], [ 6.877181844000037, 44.414396052094482 ], [ 6.869843791000048, 44.362926326074223 ], [ 6.973403361000097, 44.249444880029692 ], [ 7.144969116000085, 44.207225235013013 ], [ 7.340616089000152, 44.123664443979941 ], [ 7.655635620000055, 44.176064347000676 ], [ 7.641889689, 44.143559870987808 ], [ 7.689948771000078, 44.067337132957519 ], [ 7.47786869300006, 43.865514826876655 ], [ 7.502289259000064, 43.792222392846909 ], [ 7.437454032126023, 43.743360535661701 ], [ 7.387538289000105, 43.757898656833078 ], [ 7.330533323000053, 43.686424117803988 ], [ 7.257273161000056, 43.691647998806083 ], [ 7.203791110000053, 43.644359644786825 ], [ 7.151621941000085, 43.654771220791048 ], [ 7.126154018000078, 43.605832966771111 ], [ 7.138916191000077, 43.554020352749852 ], [ 7.088426787000059, 43.568674440755849 ], [ 7.037202227000078, 43.53626350074255 ], [ 6.962087436000045, 43.540106506744159 ], [ 6.894027990000037, 43.42762840969781 ], [ 6.862957239000083, 43.439362053702723 ], [ 6.846671575000072, 43.412577130691581 ], [ 6.757085807000066, 43.422686586695768 ], [ 6.731146285000081, 43.407846715689615 ], [ 6.717837534000069, 43.350604241665941 ], [ 6.674571160000085, 43.346380921664164 ], [ 6.590891640000052, 43.268897945631934 ], [ 6.693373608000059, 43.272972792633652 ], [ 6.660400217000073, 43.190411673599229 ], [ 6.401678985000049, 43.146938161581033 ], [ 6.366080205000059, 43.118634916569107 ], [ 6.375371472000041, 43.090841108557399 ], [ 6.280373941000049, 43.118665517569113 ], [ 6.193198227000039, 43.108773321564968 ], [ 6.15316816500007, 43.071966858549452 ], [ 6.152767707000062, 43.048107300539456 ], [ 6.185420303000059, 43.04544362953839 ], [ 6.154461750000054, 43.03375112753335 ], [ 6.088517320000051, 43.034848581533844 ], [ 6.132065822000073, 43.052638330541349 ], [ 6.129087889000063, 43.071362182549244 ], [ 6.02700849000007, 43.078195096552079 ], [ 6.016520033000063, 43.098936365560803 ], [ 5.934092644000088, 43.113592835566976 ], [ 5.940928582000084, 43.134019267575567 ], [ 5.879405144000087, 43.120428772569873 ], [ 5.951378968000086, 43.079977563552831 ], [ 5.875336134000064, 43.068793030548122 ], [ 5.856605081000054, 43.044828509538057 ], [ 5.78187313800004, 43.079118193552468 ], [ 5.811464562000083, 43.106725476564101 ], [ 5.696298672000066, 43.146875105580932 ], [ 5.673918542000083, 43.179888540594817 ], [ 5.63421264200008, 43.187229111597873 ], [ 5.612420433000066, 43.160428653586614 ], [ 5.524952486000074, 43.212629076608444 ], [ 5.346980067000059, 43.215899312609871 ], [ 5.369151238000086, 43.270412496632602 ], [ 5.338882958000057, 43.334288830659155 ], [ 5.294173414000059, 43.355471877667931 ], [ 5.238278858000058, 43.328040745656594 ], [ 5.034022073000075, 43.335476425659699 ], [ 5.005572076000077, 43.38162749667881 ], [ 5.026133660000085, 43.409328512690223 ], [ 5.173838738000086, 43.428290100698121 ], [ 5.226328972000091, 43.480292053719552 ], [ 5.222829623000053, 43.503973694729311 ], [ 5.13998457100007, 43.485785217721791 ], [ 5.105723504000082, 43.53302642874128 ], [ 5.029144727000076, 43.558579814751681 ], [ 5.009287957000084, 43.517645569734967 ], [ 5.062266472000092, 43.45164622070768 ], [ 5.051117384000063, 43.429266663698499 ], [ 4.998465760000044, 43.414699400692491 ], [ 4.928477410000086, 43.440130921702938 ], [ 4.868174675000088, 43.421454163695287 ], [ 4.867531575000046, 43.365112093671925 ], [ 4.901005115000088, 43.366965079672696 ], [ 4.855778264000096, 43.341779135662307 ], [ 4.833262566000085, 43.381984762678968 ], [ 4.757823113000088, 43.42234934569565 ], [ 4.742442254000081, 43.524481506737757 ], [ 4.694590691000085, 43.579087626760106 ], [ 4.72877037900008, 43.527899475739154 ], [ 4.742523634000069, 43.422552796695669 ], [ 4.823018876000048, 43.367168957672796 ], [ 4.820279138000049, 43.346355710664199 ], [ 4.592335626000081, 43.359889268669797 ], [ 4.566288765000079, 43.371093560674424 ], [ 4.579593630000089, 43.430066198698853 ], [ 4.513031446000071, 43.45579661170941 ], [ 4.181651238000088, 43.463771871712744 ], [ 4.13282311300009, 43.487046611722334 ], [ 4.13282311300009, 43.532782288741167 ], [ 4.105316602000071, 43.551865947748951 ], [ 3.952972852000074, 43.539943746744051 ], [ 3.739919467000053, 43.412827861691703 ], [ 3.622162306000066, 43.374904684676011 ], [ 3.513356967000051, 43.281073303637015 ], [ 3.385427280000045, 43.283921611638206 ], [ 3.31771894600007, 43.263088277629542 ], [ 3.114024285000081, 43.106309306563944 ], [ 3.038991733000046, 42.942775777494894 ], [ 3.041840040000067, 42.629055074360899 ], [ 3.051849806000065, 42.554877014328952 ], [ 3.137380405000043, 42.524929098316022 ], [ 3.180969656804696, 42.431484141946243 ], [ 3.086147094000094, 42.427178848273577 ], [ 3.029613077000131, 42.465651951290241 ], [ 2.933701619000062, 42.470225316292264 ], [ 2.788594198000058, 42.412011815267043 ], [ 2.690408976000075, 42.406172378264436 ], [ 2.640282837000139, 42.372841079249952 ], [ 2.662193644000098, 42.339018855235182 ], [ 2.548092081000107, 42.352248021240989 ], [ 2.514812459000068, 42.325660497229329 ], [ 2.422518351000066, 42.38369313025462 ], [ 2.277410930000148, 42.428625788274324 ], [ 2.136954386000097, 42.416223444268851 ], [ 2.051688273000107, 42.352351374241053 ], [ 1.995671020000092, 42.34868234723946 ], [ 1.927458129000059, 42.436894017277815 ], [ 1.712174113000061, 42.493712254302416 ], [ 1.721682577000136, 42.548515110326122 ], [ 1.765090780000152, 42.563372085332588 ], [ 1.713310995000086, 42.589546198343918 ], [ 1.72199263500005, 42.60985503635267 ], [ 1.608304484000145, 42.618123265356211 ], [ 1.543088827000137, 42.649361668369608 ], [ 1.466814412000105, 42.641455174366264 ], [ 1.429297322000107, 42.595385635346403 ], [ 1.342584269000047, 42.708660375395148 ], [ 1.151484823000118, 42.70672250839425 ], [ 1.089059692000148, 42.771318048421932 ], [ 0.950256795000143, 42.796122736432586 ], [ 0.921111287000118, 42.784366348427575 ], [ 0.724327433000074, 42.845292861453501 ], [ 0.656321248000095, 42.838419896450596 ], [ 0.633480265000091, 42.744782200410675 ], [ 0.665416301000051, 42.698660985390909 ], [ 0.643608846000122, 42.684475804384768 ], [ 0.409282064000086, 42.682253717383851 ], [ 0.354169148000096, 42.717497044398982 ], [ 0.275388428000103, 42.668688654377974 ], [ 0.238362264000047, 42.710365697395851 ], [ 0.169167521000133, 42.726462905402741 ], [ -0.038933471999909, 42.685147598384994 ], [ -0.119031941999881, 42.716851089398588 ], [ -0.161406615999903, 42.795347590432243 ], [ -0.235148885999931, 42.786226699428333 ], [ -0.322792113999956, 42.842502334452327 ], [ -0.423922892999911, 42.790670872430248 ], [ -0.533890339999909, 42.808008316437551 ], [ -0.569030313999862, 42.772635798422598 ], [ -0.648301961999885, 42.849788711455417 ], [ -0.740286010999882, 42.884799493470311 ], [ -0.759664672999862, 42.946501154496509 ], [ -0.943219360999904, 42.947896417497127 ], [ -1.028485473999889, 42.986705418513523 ], [ -1.149925088999875, 43.005722346521644 ], [ -1.293688923999951, 43.05520252954247 ], [ -1.315082966999854, 43.082875259554001 ], [ -1.286040811999952, 43.109178563565131 ], [ -1.348259236999866, 43.093081354558372 ], [ -1.366139282999939, 43.033317561533202 ], [ -1.457141478999861, 43.045073949538249 ], [ -1.487837279999891, 43.081815892553649 ], [ -1.425773884999924, 43.135275161576175 ], [ -1.403501342999961, 43.243330581621329 ], [ -1.432233438999983, 43.265008844630337 ], [ -1.559047403999929, 43.284077448638328 ], [ -1.621885945999905, 43.246999607622861 ], [ -1.654907185999886, 43.297539158643893 ], [ -1.7473563229999, 43.291002090641136 ], [ -1.796914021999952, 43.341128229662004 ], [ -1.794074744885913, 43.386015326743397 ], [ -1.661000128999943, 43.399684957686297 ], [ -1.47687740799995, 43.580064189760463 ], [ -1.281564907999945, 44.302191468050452 ], [ -1.25723222599993, 44.556057028149496 ], [ -1.186512824999907, 44.665472718191765 ], [ -1.044748501999941, 44.669419659193288 ], [ -1.065297003999941, 44.717474672211686 ], [ -1.172230597999943, 44.778265687234978 ], [ -1.233631964999912, 44.706854554207709 ], [ -1.260365363999937, 44.627427471177086 ], [ -1.139963344999954, 45.490057679500914 ], [ -1.08527584499995, 45.569037172529647 ], [ -1.058583136999911, 45.569647523529895 ], [ -1.039947068999939, 45.507269593507189 ], [ -0.915272589999917, 45.450425518486398 ], [ -0.766184048999945, 45.326076560440711 ], [ -0.715972459999934, 45.134507549369559 ], [ -0.682199673999944, 45.07648346134792 ], [ -0.568959113999935, 44.997992250318333 ], [ -0.53465735599991, 44.894964906279448 ], [ -0.538970506999926, 44.976507875310219 ], [ -0.596180792999914, 45.024644268328373 ], [ -0.493763800999944, 44.997992250318333 ], [ -0.65599524599992, 45.099107159356372 ], [ -0.719715949999908, 45.361070049453595 ], [ -0.795480923999944, 45.477118226496202 ], [ -1.083811001999947, 45.660386455562701 ], [ -1.194203253999942, 45.710191143580637 ], [ -1.247303839999913, 45.709906312580543 ], [ -1.230295376999949, 45.792425843610211 ], [ -1.163807745999921, 45.806708070615308 ], [ -0.987172003999942, 45.717352601583251 ], [ -1.125355597999941, 45.807684632615675 ], [ -1.151722785999939, 45.868150127637151 ], [ -1.073353644999938, 45.90436432065006 ], [ -1.089751756999932, 45.950751039666514 ], [ -1.069162563999945, 45.964341534671355 ], [ -1.110747850999933, 46.018377992690404 ], [ -1.072987433999914, 46.007473044686542 ], [ -1.048695441999937, 46.038804424697545 ], [ -1.084217902999906, 46.056545310703775 ], [ -1.117014126999946, 46.128241273728989 ], [ -1.210804816999934, 46.174546612745111 ], [ -1.17959550699993, 46.229478252764174 ], [ -1.11074785099993, 46.259222718774488 ], [ -1.110747850999929, 46.302679750789501 ], [ -1.177235480999914, 46.326157940797621 ], [ -1.214344855999909, 46.310695700792294 ], [ -1.213205532999946, 46.279120179781451 ], [ -1.240101691999935, 46.284247132783214 ], [ -1.370228644999938, 46.354193422807292 ], [ -1.448719855999909, 46.343410544803561 ], [ -1.481434699999906, 46.408189190825823 ], [ -1.625640428999924, 46.431138409833721 ], [ -1.633452928999926, 46.454291078841607 ], [ -1.761138475999924, 46.492010804854516 ], [ -1.789173956999941, 46.532945049868403 ], [ -1.795399542999914, 46.494533591855379 ], [ -1.822661912999927, 46.594387106889258 ], [ -1.909901495999919, 46.691799216922014 ], [ -2.118763800999937, 46.819973044964932 ], [ -2.128773566999937, 46.89345937298927 ], [ -1.990712042999911, 47.035386456035965 ], [ -2.030018683999908, 47.092108462054568 ], [ -2.241118943999933, 47.142482811070948 ], [ -2.165191209999922, 47.167873436079141 ], [ -2.160552537999932, 47.271185610112497 ], [ -2.014556443999932, 47.300116274121834 ], [ -1.917062954999949, 47.28416575311671 ], [ -1.898426886999914, 47.273423566113223 ], [ -1.918853318999935, 47.266017967110898 ], [ -1.803944464999915, 47.218980206095708 ], [ -1.727040167999907, 47.210760805093045 ], [ -1.905629035999926, 47.293931378119815 ], [ -2.010121222999936, 47.319728904128091 ], [ -2.148101365999934, 47.313218488126005 ], [ -2.27839107999995, 47.246405337104541 ], [ -2.371408657999949, 47.286444399117443 ], [ -2.448394334999929, 47.266587628111033 ], [ -2.541981574999911, 47.300116274121834 ], [ -2.476063605999912, 47.290676170118793 ], [ -2.436187303999929, 47.307033592124021 ], [ -2.48062089799993, 47.347886456137118 ], [ -2.501698370999918, 47.32062408712838 ], [ -2.514800584999929, 47.36493561014256 ], [ -2.556385870999911, 47.383246157148356 ], [ -2.476796027999903, 47.415676170158747 ], [ -2.439035610999947, 47.396307680152617 ], [ -2.391835089999915, 47.423651430161279 ], [ -2.448150193999933, 47.430609438163465 ], [ -2.494740363999937, 47.491197003182705 ], [ -2.363921678999927, 47.506170962187461 ], [ -2.517486131999934, 47.528387758194484 ], [ -2.621693488999937, 47.513413800189682 ], [ -2.576812303999928, 47.55394114420244 ], [ -2.638254360999948, 47.540269269198156 ], [ -2.617787238999937, 47.526678774193897 ], [ -2.665516730999909, 47.533514712196073 ], [ -2.680734829999948, 47.504217837186857 ], [ -2.830189581999944, 47.50360748518662 ], [ -2.909250454999944, 47.558417055203911 ], [ -2.865305141999948, 47.566636456206474 ], [ -2.816395636999906, 47.546535545200179 ], [ -2.809559699999904, 47.567613019206817 ], [ -2.741444464999917, 47.551336977201679 ], [ -2.688628709999928, 47.604396873218299 ], [ -2.683990037999933, 47.622992251224183 ], [ -2.706532355999912, 47.642726951230379 ], [ -2.708607550999944, 47.602280988217629 ], [ -2.77538001199991, 47.629095766226051 ], [ -2.734486456999945, 47.622259829223886 ], [ -2.746327277999909, 47.633856508227566 ], [ -2.789133266999958, 47.642726951230379 ], [ -2.919422980999905, 47.595526430215557 ], [ -2.974680141999949, 47.663804425236954 ], [ -2.939930792999911, 47.560777081204662 ], [ -2.994496222999945, 47.595526430215557 ], [ -3.003407355999911, 47.578680727210283 ], [ -3.011789516999956, 47.607163800219219 ], [ -3.015695766999952, 47.581244204211039 ], [ -3.073841925999939, 47.576483462209595 ], [ -3.123280402999908, 47.598781639216533 ], [ -3.123280402999908, 47.518988344191484 ], [ -3.084543423999947, 47.478216860178584 ], [ -3.131703253999941, 47.478216860178584 ], [ -3.141184048999939, 47.598049217216328 ], [ -3.20059160099993, 47.639593813229382 ], [ -3.186350063999952, 47.680609438242151 ], [ -3.111195441999934, 47.704169008249508 ], [ -3.118031378999947, 47.732123110258151 ], [ -3.139149542999913, 47.724676821255862 ], [ -3.139149542999915, 47.752590232264538 ], [ -3.193186001999947, 47.746405337262615 ], [ -3.159087693999937, 47.711004946251613 ], [ -3.207386847999942, 47.697333071247392 ], [ -3.193186001999949, 47.68374257624312 ], [ -3.224191860999949, 47.656398826234579 ], [ -3.262074347999949, 47.68374257624312 ], [ -3.358265753999944, 47.697333071247385 ], [ -3.282622850999927, 47.691148175245409 ], [ -3.358265753999946, 47.71100494625162 ], [ -3.282622850999926, 47.787339581275283 ], [ -3.383168097999941, 47.737046613259665 ], [ -3.364491339999913, 47.71845123525393 ], [ -3.446441209999927, 47.704575910249638 ], [ -3.528309699999901, 47.779933982273 ], [ -3.625152147999922, 47.779933982273 ], [ -3.723215298999945, 47.813381248283328 ], [ -3.775380011999909, 47.793605857277235 ], [ -3.851714647999918, 47.801011456279454 ], [ -3.885853644999936, 47.855047915296197 ], [ -3.961822068999938, 47.89996979030996 ], [ -3.988270636999912, 47.903469139310971 ], [ -4.008900519999936, 47.851263735294985 ], [ -4.029204881999926, 47.855047915296197 ], [ -4.001942511999919, 47.869289451300538 ], [ -4.036691860999945, 47.855047915296197 ], [ -4.106556769999941, 47.88011301930382 ], [ -4.132191535999936, 47.923895571317317 ], [ -4.11119544199994, 47.869289451300538 ], [ -4.15274003799993, 47.855047915296197 ], [ -4.185617641999955, 47.874416404302103 ], [ -4.180043097999935, 47.841986391292146 ], [ -4.152740037999937, 47.841986391292146 ], [ -4.185210740999937, 47.813381248283335 ], [ -4.371815558999906, 47.807196352281437 ], [ -4.347320115999943, 47.862941795298553 ], [ -4.434641079999946, 47.975653383333075 ], [ -4.533273891999947, 48.026312563348377 ], [ -4.572010870999918, 48.005926821342229 ], [ -4.601958787999934, 48.025580141348215 ], [ -4.72813880099994, 48.040594790352792 ], [ -4.700795050999942, 48.074774477363107 ], [ -4.285389777999916, 48.115383201375337 ], [ -4.302357550999937, 48.196356508399624 ], [ -4.379261847999938, 48.232367251410373 ], [ -4.485463019999936, 48.242621157413417 ], [ -4.557484503999945, 48.17719146939389 ], [ -4.547189907999947, 48.252590232416445 ], [ -4.626332160999941, 48.266546938420532 ], [ -4.626332160999937, 48.287054751426659 ], [ -4.575184699999902, 48.290025128427573 ], [ -4.546701626999946, 48.34682851444439 ], [ -4.543202277999904, 48.304673566431852 ], [ -4.51553300699993, 48.295843813429215 ], [ -4.262603318999936, 48.300034894430496 ], [ -4.28990637899994, 48.293849998428655 ], [ -4.269357876999949, 48.288397524427069 ], [ -4.187489386999908, 48.307521873432691 ], [ -4.324696417999908, 48.321722719436949 ], [ -4.269398566999934, 48.362738344449063 ], [ -4.453724738999941, 48.335394594440984 ], [ -4.396595831999941, 48.387762758456454 ], [ -4.289906378999944, 48.431586001469306 ], [ -4.599354620999912, 48.350165102445338 ], [ -4.690541144999937, 48.362738344449063 ], [ -4.704497850999926, 48.34162018044281 ], [ -4.75499426999994, 48.341986391442887 ], [ -4.78490149599991, 48.436183982470638 ], [ -4.749256964999914, 48.4726016264813 ], [ -4.774647589999914, 48.491278383486822 ], [ -4.764556443999935, 48.520209048495204 ], [ -4.721994594999952, 48.568182680509167 ], [ -4.642486131999928, 48.581854555513154 ], [ -4.577259894999937, 48.568182680509175 ], [ -4.607736782999949, 48.603013410519232 ], [ -4.530140753999945, 48.601711326518881 ], [ -4.563628709999934, 48.629624738526871 ], [ -4.406605597999942, 48.64325592353083 ], [ -4.426503058999915, 48.657538149534965 ], [ -4.343251105999908, 48.678859764541087 ], [ -4.299143032999946, 48.663641665536758 ], [ -4.306507941999936, 48.641546938530354 ], [ -4.19375566299993, 48.650091860532839 ], [ -4.213002081999941, 48.661200258536027 ], [ -4.173898891999952, 48.691107485544592 ], [ -4.064035610999951, 48.68488189954283 ], [ -4.05654863199993, 48.712144269550627 ], [ -3.973988410999936, 48.732814842556543 ], [ -3.954741990999935, 48.657538149534965 ], [ -3.891997850999921, 48.678045962540878 ], [ -3.906320766999953, 48.66437408753692 ], [ -3.851714647999922, 48.629624738526871 ], [ -3.857899542999914, 48.68488189954283 ], [ -3.837473110999952, 48.670599673538682 ], [ -3.81012936099995, 48.73322174355674 ], [ -3.58478756399995, 48.682806704542195 ], [ -3.580474412999932, 48.73322174355674 ], [ -3.528309699999909, 48.739488019558465 ], [ -3.58153235599991, 48.790594790573053 ], [ -3.515288865999936, 48.841945701587683 ], [ -3.397613084999923, 48.807318423577776 ], [ -3.229725714999918, 48.872259829596189 ], [ -3.207142706999944, 48.855414126591469 ], [ -3.220529751999941, 48.794134829574098 ], [ -3.145375128999946, 48.86237213359346 ], [ -3.091460740999935, 48.871283266595952 ], [ -3.077056443999933, 48.828273826583811 ], [ -3.125477667999915, 48.759955141564326 ], [ -3.065500454999948, 48.823960675582562 ], [ -3.008168097999937, 48.821437889581823 ], [ -3.042388475999927, 48.787909243572294 ], [ -2.933094855999914, 48.767401430566494 ], [ -2.946685350999924, 48.73322174355674 ], [ -2.826975063999948, 48.657538149534986 ], [ -2.812977667999917, 48.598578188517948 ], [ -2.71401933499993, 48.560736391506993 ], [ -2.734486456999942, 48.534002993499257 ], [ -2.682362433999909, 48.509019269491937 ], [ -2.676136847999934, 48.540228579501004 ], [ -2.620025193999939, 48.543605857502037 ], [ -2.569406704999951, 48.588690493515116 ], [ -2.473622199999907, 48.62596262852589 ], [ -2.459543423999945, 48.64325592353083 ], [ -2.48745683499993, 48.650091860532839 ], [ -2.386219855999905, 48.650091860532818 ], [ -2.316070115999932, 48.698553774546795 ], [ -2.28197180899991, 48.670599673538682 ], [ -2.330311652999903, 48.629624738526871 ], [ -2.312652147999918, 48.620184633524232 ], [ -2.250965949999907, 48.650091860532839 ], [ -2.213693813999951, 48.581854555513139 ], [ -2.192616339999916, 48.615912173522943 ], [ -2.174061652999909, 48.582953188513379 ], [ -2.161040818999936, 48.613023175522081 ], [ -2.124338344999955, 48.609116925520958 ], [ -2.144846157999948, 48.636460675528845 ], [ -2.052357550999937, 48.650091860532839 ], [ -2.00088456899993, 48.588690493515116 ], [ -1.980295376999945, 48.513576561493288 ], [ -1.93936113199993, 48.534002993499257 ], [ -1.980295376999942, 48.588690493515116 ], [ -1.952951626999951, 48.575018618511123 ], [ -2.028716600999928, 48.643255923530823 ], [ -1.945627407999945, 48.698553774546795 ], [ -1.843739386999912, 48.712144269550635 ], [ -1.860951300999939, 48.640855206530141 ], [ -1.796009894999938, 48.615912173522943 ], [ -1.579701300999939, 48.64325592353083 ], [ -1.356556769999939, 48.643255923530823 ], [ -1.39460201699995, 48.668280337538079 ], [ -1.443267381999929, 48.662827863536435 ], [ -1.553618943999935, 48.747137758560676 ], [ -1.566761847999933, 48.822170311582049 ], [ -1.602935350999928, 48.849351300589731 ], [ -1.542795376999944, 48.935248110613955 ], [ -1.563059048999941, 48.957586977620316 ], [ -1.545765753999943, 49.030340883640633 ], [ -1.507964647999921, 49.033677472641521 ], [ -1.549712693999929, 49.039780988643187 ], [ -1.579457160999935, 49.013169660635903 ], [ -1.593576626999951, 49.028998110640252 ], [ -1.607736782999946, 49.10272857966072 ], [ -1.56948808499993, 49.143540753672063 ], [ -1.589344855999905, 49.143540753672042 ], [ -1.610422329999946, 49.215887758691984 ], [ -1.548410610999953, 49.225490623694583 ], [ -1.61685136599993, 49.238226626698051 ], [ -1.624663865999926, 49.219305727692898 ], [ -1.65819251199991, 49.287543032711568 ], [ -1.699086066999936, 49.313544008718679 ], [ -1.69912675699993, 49.355861717730143 ], [ -1.714751756999934, 49.338527732725453 ], [ -1.775502081999944, 49.370103253733973 ], [ -1.767974412999935, 49.38373443873769 ], [ -1.816477016999946, 49.38373443873769 ], [ -1.819406704999947, 49.452053123756102 ], [ -1.88467363199993, 49.53091054577726 ], [ -1.843739386999907, 49.571844790788212 ], [ -1.83950761599993, 49.619777732800912 ], [ -1.869496222999946, 49.661688540811966 ], [ -1.945627407999945, 49.677964581816255 ], [ -1.935210740999939, 49.724107160828481 ], [ -1.839426235999945, 49.715399477826132 ], [ -1.816477016999952, 49.691636456819872 ], [ -1.606678839999913, 49.650051170808894 ], [ -1.511463995999921, 49.662543032812202 ], [ -1.409494594999959, 49.711574607825106 ], [ -1.263050910999929, 49.695502016820889 ], [ -1.227772589999912, 49.62409088380209 ], [ -1.301421678999931, 49.581773175790794 ], [ -1.30626380099994, 49.558091535784577 ], [ -1.175689256999922, 49.415228579746191 ], [ -1.181996222999939, 49.356187238730193 ], [ -1.122873501999947, 49.345445050727321 ], [ -1.072255011999908, 49.396795962741251 ], [ -0.940419074999909, 49.392279360740027 ], [ -0.82213294199994, 49.362697654731974 ], [ -0.411122199999908, 49.342759503726569 ], [ -0.219471808999914, 49.280096743709542 ], [ 0.012868686000046, 49.334621482724394 ], [ 0.162364129000085, 49.415187889746171 ], [ 0.411306186000043, 49.452053123756102 ], [ 0.493174675000093, 49.493597719767266 ], [ 0.339610222000093, 49.456732485757371 ], [ 0.12435957100007, 49.485785219765148 ], [ 0.078623894000086, 49.515529686773164 ], [ 0.185883009000065, 49.703192446822946 ], [ 0.596690300000092, 49.857245180863202 ], [ 0.760915561000047, 49.87506744686776 ], [ 1.221202019000094, 49.978989972894482 ], [ 1.455821160000087, 50.123602602931456 ], [ 1.521006707000088, 50.214667055954394 ], [ 1.67253665500005, 50.192531639948797 ], [ 1.644541863000089, 50.212388410953849 ], [ 1.665049675000088, 50.219794008955681 ], [ 1.541514519000089, 50.277899477970188 ], [ 1.551524285000085, 50.349066469987932 ], [ 1.572032097000097, 50.375677798994467 ], [ 1.610362175000092, 50.370672915993282 ], [ 1.555186394000091, 50.40477122300161 ], [ 1.579274936000049, 50.53314850203315 ], [ 1.610362175000093, 50.548163150036856 ], [ 1.563161655000046, 50.678290103068292 ], [ 1.605642123000055, 50.790025129095021 ], [ 1.58057701900009, 50.868801171113695 ], [ 1.653330925000093, 50.889105533118496 ], [ 1.729828321000068, 50.943915103131403 ], [ 1.921397332000083, 50.996771549143666 ], [ 2.521799927545685, 51.087540880883537 ] ], [ [ 1.947508585000117, 42.451234227284075 ], [ 1.99949507600013, 42.443896174280908 ], [ 1.967972453000075, 42.485702407298966 ], [ 1.947508585000117, 42.451234227284075 ] ] ], [ [ [ 9.482106967000046, 42.620103251357015 ], [ 9.47681725400008, 42.619085999356592 ], [ 9.456553582000085, 42.647406311368833 ], [ 9.482106967000046, 42.620103251357015 ] ] ], [ [ [ 8.574066602000073, 42.219916077183058 ], [ 8.549489780000046, 42.242254944192872 ], [ 8.68775475400008, 42.272935283206337 ], [ 8.625173373000047, 42.319159241226529 ], [ 8.605316602000066, 42.310451559222713 ], [ 8.634776238000084, 42.338934631235169 ], [ 8.612803582000083, 42.352443746241022 ], [ 8.552093946000065, 42.338934631235183 ], [ 8.549082879000078, 42.377101949251831 ], [ 8.659515821000072, 42.429877014274751 ], [ 8.66749108200008, 42.509710999309405 ], [ 8.71656334700009, 42.530707092318451 ], [ 8.709157748000056, 42.57916900633942 ], [ 8.78695722700007, 42.561997783332053 ], [ 8.805430535000088, 42.606431376351182 ], [ 9.049978061000044, 42.662176819375198 ], [ 9.117849155000048, 42.732001038405137 ], [ 9.236827019000085, 42.722560934401059 ], [ 9.292165561000052, 42.674750061380564 ], [ 9.34253991000009, 42.749090881412471 ], [ 9.305674675000095, 42.839260152450919 ], [ 9.360199415000068, 42.928615621488888 ], [ 9.346690300000089, 43.003729553520735 ], [ 9.422373894000092, 43.017401428526483 ], [ 9.464040561000044, 42.990057678514965 ], [ 9.484385613000086, 42.832424215448 ], [ 9.442881707000087, 42.640570374365879 ], [ 9.476898634000069, 42.57916900633942 ], [ 9.511892123000047, 42.565497131333544 ], [ 9.489593946000067, 42.612616272353883 ], [ 9.528086785000083, 42.563544006332684 ], [ 9.559580925000086, 42.146551819150801 ], [ 9.403168165000064, 41.952948303065163 ], [ 9.401621941000089, 41.706447651954996 ], [ 9.346690300000086, 41.619574279915881 ], [ 9.292165561000042, 41.626410216918991 ], [ 9.278575066000091, 41.598374735906297 ], [ 9.345062696000069, 41.604478250909061 ], [ 9.350596550000096, 41.581203511898543 ], [ 9.264659050000095, 41.530829162875804 ], [ 9.270843946000063, 41.468736063847665 ], [ 9.210703972000088, 41.448228250838334 ], [ 9.210703972000088, 41.407294005819729 ], [ 9.250336134000067, 41.427801818829117 ], [ 9.223155144000083, 41.372503966803869 ], [ 9.096446160000079, 41.403509826817974 ], [ 9.121348504000077, 41.434637755832206 ], [ 9.066579623000049, 41.461900125844537 ], [ 9.07984459700009, 41.482367248853826 ], [ 9.038747592000044, 41.461900125844537 ], [ 8.935720248000052, 41.489203185856937 ], [ 8.79175866000009, 41.56122467088953 ], [ 8.801768425000093, 41.63906483992465 ], [ 8.872569207000083, 41.651068420930081 ], [ 8.92269941500007, 41.694647521949712 ], [ 8.788828972000088, 41.712551167957734 ], [ 8.784922722000092, 41.742499084971179 ], [ 8.69556725400008, 41.729437560965316 ], [ 8.702972852000077, 41.742499084971179 ], [ 8.65512129000007, 41.749904683974492 ], [ 8.717539910000079, 41.772040099984437 ], [ 8.709157748000051, 41.80451080299899 ], [ 8.784922722000088, 41.824408264007829 ], [ 8.750824415000073, 41.845526428017322 ], [ 8.791758660000079, 41.859116923023343 ], [ 8.805430535000088, 41.906927796044663 ], [ 8.764414910000085, 41.934271546056827 ], [ 8.614268425000096, 41.900783590041932 ], [ 8.586273634000069, 41.968980204072267 ], [ 8.655039910000088, 41.97870513907656 ], [ 8.664561394000092, 42.014471741092457 ], [ 8.74496504000007, 42.056585999111057 ], [ 8.699229363000089, 42.109320374134356 ], [ 8.660899285000081, 42.105454814132635 ], [ 8.559580925000086, 42.153998108154084 ], [ 8.593760613000091, 42.167059631159852 ], [ 8.565765821000074, 42.174505921163089 ], [ 8.574066602000073, 42.219916077183058 ] ] ], [ [ [ -1.224354620999917, 45.935044659661031 ], [ -1.176096157999952, 45.898749086648102 ], [ -1.20921790299991, 45.814154359617916 ], [ -1.37832597599993, 45.975978903675447 ], [ -1.404937303999928, 46.053168031702633 ], [ -1.247629360999955, 46.001776429684575 ], [ -1.224354620999917, 45.935044659661031 ] ] ], [ [ [ -1.254139777999908, 46.162420961740871 ], [ -1.432850714999913, 46.21084218575772 ], [ -1.504261847999932, 46.207668356756585 ], [ -1.555816209999925, 46.251776429771944 ], [ -1.480091925999939, 46.259222718774488 ], [ -1.473866339999921, 46.238104554767197 ], [ -1.507964647999925, 46.245550843769777 ], [ -1.490549282999947, 46.224432679762465 ], [ -1.411122199999908, 46.238104554767204 ], [ -1.408762173999942, 46.218247784760308 ], [ -1.308094855999905, 46.206935935756384 ], [ -1.254139777999908, 46.162420961740871 ] ] ], [ [ [ -2.298207160999933, 46.720160218931554 ], [ -2.26895097599993, 46.697414450923958 ], [ -2.371408657999949, 46.704291078926289 ], [ -2.382923956999942, 46.72264231593239 ], [ -2.298207160999933, 46.720160218931554 ] ] ], [ [ [ -2.189808722999942, 46.977240298016888 ], [ -2.144846157999946, 46.957464907010383 ], [ -2.142567511999915, 46.909857484994674 ], [ -2.194813605999915, 46.961859438011857 ], [ -2.247303839999916, 46.964300844012627 ], [ -2.295643683999907, 47.033189191035255 ], [ -2.200021938999949, 47.024359438032349 ], [ -2.189808722999942, 46.977240298016888 ] ] ], [ [ [ -3.242990688999948, 47.395331118152285 ], [ -3.072743292999925, 47.328314516130881 ], [ -3.067005988999937, 47.301947329122378 ], [ -3.223459438999955, 47.312160545125693 ], [ -3.262074347999942, 47.383246157148356 ], [ -3.242990688999948, 47.395331118152285 ] ] ], [ [ [ -5.091786261999911, 48.480780337483715 ], [ -5.03661048099991, 48.465155337479153 ], [ -5.087961391999954, 48.44721100147386 ], [ -5.132801886999915, 48.458319399477141 ], [ -5.091786261999911, 48.480780337483715 ] ] ], [ [ [ 6.241884786000069, 43.025649712529962 ], [ 6.252208826000074, 43.002632192520281 ], [ 6.202484571000071, 42.987127991513752 ], [ 6.16618899800005, 42.999660543518992 ], [ 6.241884786000069, 43.025649712529962 ] ] ] ] } },
{ "type": "Feature", "properties": { "map_id": "UK" }, "geometry": { "type": "MultiPolygon", "coordinates": [ [ [ [ -7.256743943999928, 55.050685937918047 ], [ -7.053700324999911, 55.048732812917656 ], [ -6.974924282999949, 55.13544342493077 ], [ -6.96255449099993, 55.19464752593975 ], [ -6.883778449999903, 55.174139713936654 ], [ -6.754505988999937, 55.177801822937234 ], [ -6.57127844999991, 55.21124908894226 ], [ -6.475941535999932, 55.248683983947821 ], [ -6.415923631999924, 55.231878970945331 ], [ -6.352894660999931, 55.242621158946868 ], [ -6.239816860999958, 55.208319400941761 ], [ -6.160023566999937, 55.221909895943753 ], [ -6.10098222599993, 55.212388411942413 ], [ -6.037098761999913, 55.167914127935667 ], [ -6.062082485999955, 55.074123437921543 ], [ -5.968251105999911, 55.043849999916965 ], [ -5.986236131999926, 54.981756900907477 ], [ -5.886341925999939, 54.940822655901201 ], [ -5.800526495999913, 54.820746158882521 ], [ -5.715646938999957, 54.783758853876783 ], [ -5.797596808999913, 54.844549869886286 ], [ -5.781727667999916, 54.861721093888853 ], [ -5.75161699099993, 54.856878970888161 ], [ -5.689849412999938, 54.793117577878199 ], [ -5.729318813999953, 54.728501692867994 ], [ -5.845366990999938, 54.701239322863721 ], [ -5.890736456999946, 54.67230865885913 ], [ -5.92723548099991, 54.632961327852897 ], [ -5.907378709999932, 54.605617577848498 ], [ -5.747954881999932, 54.680405989860418 ], [ -5.694691535999933, 54.668687239858549 ], [ -5.568999803999922, 54.676947330859839 ], [ -5.430775519999943, 54.48517486982913 ], [ -5.474842902999908, 54.358587955808375 ], [ -5.515777147999915, 54.338080142805062 ], [ -5.576649542999907, 54.402777408815631 ], [ -5.543690558999906, 54.457831119824647 ], [ -5.575306769999937, 54.528998111836145 ], [ -5.701975063999952, 54.577704166844072 ], [ -5.715646938999955, 54.536688541837478 ], [ -5.62559973899994, 54.516262108834148 ], [ -5.670318162999934, 54.505682681832475 ], [ -5.639963344999961, 54.495754296830803 ], [ -5.625599738999937, 54.441107486821885 ], [ -5.661447719999961, 54.379584049811839 ], [ -5.70885169199993, 54.351752017807279 ], [ -5.579701300999942, 54.383693749812515 ], [ -5.550526495999914, 54.365423892809538 ], [ -5.553049282999948, 54.298529361798472 ], [ -5.655751105999912, 54.229681705787051 ], [ -5.736887173999948, 54.249090884790313 ], [ -5.86204993399991, 54.230536197787202 ], [ -5.893788214999913, 54.104681705766033 ], [ -6.040516730999915, 54.036444400754455 ], [ -6.095448370999914, 54.036363020754415 ], [ -6.112904425999938, 54.050116275756842 ], [ -6.084950324999899, 54.056952213757967 ], [ -6.174305792999919, 54.074286197760877 ], [ -6.185861782999952, 54.092678124764006 ], [ -6.35482702599989, 54.110651751767016 ], [ -6.377512980999936, 54.063264463758941 ], [ -6.47854040599989, 54.067708636759754 ], [ -6.630624144999925, 54.041818743755357 ], [ -6.672533732999902, 54.0684321067599 ], [ -6.640339314999957, 54.168012591776744 ], [ -6.694651244999929, 54.197984922781693 ], [ -6.744777384999841, 54.1841873147795 ], [ -6.787823852999849, 54.20299753678259 ], [ -6.837743285999891, 54.260513405792118 ], [ -6.882185017999879, 54.277256569795021 ], [ -6.856656860999939, 54.292811175797581 ], [ -6.879704548999904, 54.341593727805588 ], [ -7.017835652999846, 54.413165585817396 ], [ -7.078503783999899, 54.39471710081439 ], [ -7.127027953999905, 54.349758603806976 ], [ -7.192450316999977, 54.334720761804547 ], [ -7.209038452999885, 54.293431293797617 ], [ -7.145889851999927, 54.252090146790771 ], [ -7.15333125799995, 54.224236550786166 ], [ -7.249087686999867, 54.197416481781616 ], [ -7.280041870999868, 54.126154680769652 ], [ -7.295544799999988, 54.165118711776302 ], [ -7.325982218999849, 54.154576719774454 ], [ -7.310324259999895, 54.114682513767747 ], [ -7.394660197999908, 54.121917214768999 ], [ -7.414658976999952, 54.14568837377297 ], [ -7.502302204999863, 54.125121152769438 ], [ -7.60901403799993, 54.139900612772003 ], [ -7.704770466999888, 54.20036203878216 ], [ -7.856440796999893, 54.211420794783997 ], [ -7.880263631999863, 54.287023414796558 ], [ -7.950801961999931, 54.300872699798923 ], [ -8.002194172999875, 54.357923480808296 ], [ -8.056480265999934, 54.365881651809566 ], [ -8.173837442999909, 54.461741432825363 ], [ -8.072448282999881, 54.487062884829399 ], [ -8.002194172999875, 54.54344187283845 ], [ -7.887136596999928, 54.532124733836667 ], [ -7.707871052999906, 54.604161680848307 ], [ -7.710558227999846, 54.62426381285151 ], [ -7.753553019999945, 54.614496966850012 ], [ -7.814996296999935, 54.63945668385395 ], [ -7.846415567999964, 54.631446835852614 ], [ -7.929666300999884, 54.696714170863004 ], [ -7.845898803999907, 54.731027320868478 ], [ -7.770502888999939, 54.706015928864545 ], [ -7.649683390999908, 54.744876605870644 ], [ -7.543074910999847, 54.741672666870116 ], [ -7.543384968999926, 54.793090716878169 ], [ -7.455069945999918, 54.863008929889077 ], [ -7.405253865999896, 55.003568824910744 ], [ -7.355024372999927, 55.040930885916474 ], [ -7.247100389999948, 55.069322004920792 ], [ -7.256743943999928, 55.050685937918047 ] ] ], [ [ [ -2.693755662999929, 51.596177473279525 ], [ -2.858713344999949, 51.54612864526846 ], [ -2.943348761999907, 51.542547916267708 ], [ -2.974680141999958, 51.562974348272192 ], [ -3.172718878999945, 51.453111067247796 ], [ -3.184803839999913, 51.397609765235458 ], [ -3.289418097999944, 51.384222720232387 ], [ -3.539173956999945, 51.398504947235637 ], [ -3.663197394999943, 51.476223046252954 ], [ -3.737619594999956, 51.490871483256235 ], [ -3.770130988999937, 51.563299869272278 ], [ -3.841623501999949, 51.62152740828509 ], [ -3.976633266999951, 51.611883853282997 ], [ -3.999908006999928, 51.590887759278417 ], [ -3.974598761999908, 51.562974348272192 ], [ -4.026519334999932, 51.554022525270298 ], [ -4.046457485999945, 51.568426822273445 ], [ -4.070220506999928, 51.55556874927057 ], [ -4.121652798999952, 51.565985416272902 ], [ -4.200550910999931, 51.538763736266908 ], [ -4.28990637899994, 51.555568749270527 ], [ -4.289906378999942, 51.617010806284092 ], [ -4.234730597999943, 51.644964908290284 ], [ -4.22101803299995, 51.623846744285601 ], [ -4.091297980999903, 51.639878645289095 ], [ -4.070546027999902, 51.675970767297024 ], [ -4.106841600999925, 51.664252017294466 ], [ -4.200550910999935, 51.685858463299184 ], [ -4.315297003999941, 51.677476301297354 ], [ -4.379261847999941, 51.726874088308072 ], [ -4.310454881999926, 51.733710025309634 ], [ -4.362538214999908, 51.742865299311539 ], [ -4.365101691999934, 51.78904856732153 ], [ -4.399159308999914, 51.761623437315585 ], [ -4.445790167999912, 51.77326080631822 ], [ -4.426503058999917, 51.74730052031255 ], [ -4.460764126999949, 51.735785220310035 ], [ -4.645375128999945, 51.732123111309249 ], [ -4.67821204299991, 51.717433983306087 ], [ -4.712310350999925, 51.650091861291322 ], [ -4.863514777999911, 51.64411041629009 ], [ -4.941029425999935, 51.596502994279653 ], [ -5.045765753999941, 51.626898502286274 ], [ -5.051177537999933, 51.656927799292859 ], [ -5.119740363999929, 51.678412174297542 ], [ -4.844838019999939, 51.713812564305243 ], [ -4.879017706999947, 51.762030338315739 ], [ -4.824330206999941, 51.795721744322975 ], [ -4.933583136999917, 51.775295312318583 ], [ -4.900542772999927, 51.762111718315772 ], [ -4.910552537999933, 51.718207095306219 ], [ -5.009917772999923, 51.706366275303701 ], [ -5.149240688999956, 51.718085025306173 ], [ -5.182850714999917, 51.68927643129993 ], [ -5.180653449999907, 51.706366275303672 ], [ -5.249501105999903, 51.733710025309634 ], [ -5.110259568999936, 51.778509830319251 ], [ -5.125884568999933, 51.856024478336003 ], [ -5.221587693999936, 51.877671614340578 ], [ -5.310943162999925, 51.863999739337665 ], [ -5.298329230999916, 51.91095611934773 ], [ -5.11953691299993, 51.958929752357889 ], [ -5.070220506999928, 52.026353254372154 ], [ -4.961740688999943, 52.007513736368161 ], [ -4.913685675999941, 52.014837955369678 ], [ -4.920521613999933, 52.028509830372641 ], [ -4.841420050999941, 52.014837955369678 ], [ -4.838002081999943, 52.049017642376953 ], [ -4.777577277999912, 52.064886783380317 ], [ -4.720285610999945, 52.113348697390457 ], [ -4.673451300999938, 52.09739817638706 ], [ -4.675689256999926, 52.126939192393202 ], [ -4.637521938999955, 52.138495181395683 ], [ -4.502268032999953, 52.13837311139563 ], [ -4.385568813999948, 52.203436588409147 ], [ -4.315825975999924, 52.21629466141183 ], [ -4.197132941999941, 52.279282942424771 ], [ -4.109608527999909, 52.365301822442433 ], [ -4.056548631999924, 52.529445702475535 ], [ -4.016184048999943, 52.521958723474022 ], [ -3.947336391999949, 52.549261783479523 ], [ -4.053130662999928, 52.542425845478185 ], [ -4.125477667999917, 52.603908593490338 ], [ -4.056548631999928, 52.700669661509465 ], [ -3.988270636999912, 52.734279687516121 ], [ -4.048817511999905, 52.72158437451364 ], [ -4.149037238999941, 52.812079166531284 ], [ -4.117339647999922, 52.83075592453492 ], [ -4.12987219999991, 52.889227603546246 ], [ -4.064035610999943, 52.919175520551931 ], [ -4.077626105999909, 52.926662499553444 ], [ -4.406605597999942, 52.892523502546844 ], [ -4.48167883999991, 52.850897525538841 ], [ -4.489125128999936, 52.803168033529559 ], [ -4.516468878999939, 52.789496158526859 ], [ -4.594634568999931, 52.816799218532189 ], [ -4.762847459999936, 52.789496158526859 ], [ -4.596058722999944, 52.928412174553692 ], [ -4.523996548999937, 52.944240624556848 ], [ -4.358225063999953, 53.028469140572867 ], [ -4.340891079999949, 53.112738345588774 ], [ -4.320668097999937, 53.101507877586698 ], [ -4.177967902999911, 53.217596744608478 ], [ -4.066883917999909, 53.2290713536106 ], [ -3.831288214999912, 53.289129947621745 ], [ -3.878407355999908, 53.337591861630685 ], [ -3.768869594999954, 53.319159244627265 ], [ -3.716297980999908, 53.286932681621344 ], [ -3.602202928999929, 53.288885806621707 ], [ -3.330311652999905, 53.351792707633223 ], [ -3.087757941999935, 53.234686588611638 ], [ -3.084543423999943, 53.275458072619237 ], [ -3.186350063999956, 53.392767642640749 ], [ -3.058257615999932, 53.434759830648431 ], [ -3.012196417999913, 53.416693424645146 ], [ -2.952951626999944, 53.323919986628134 ], [ -2.881499803999925, 53.288397525621633 ], [ -2.775502081999936, 53.299872134623769 ], [ -2.743153449999904, 53.338527733630876 ], [ -2.699777798999943, 53.351792707633223 ], [ -2.764393683999908, 53.345160220632032 ], [ -2.799794074999905, 53.321030989627602 ], [ -2.92495683499993, 53.350002343632966 ], [ -3.101918097999944, 53.558050845670735 ], [ -3.021839972999939, 53.652818098687661 ], [ -2.899037238999933, 53.735419009702319 ], [ -2.984852667999917, 53.736070051702413 ], [ -3.049183722999947, 53.769517317708242 ], [ -3.056630011999917, 53.906154687732077 ], [ -3.017567511999914, 53.931952213736515 ], [ -2.888539191999937, 53.946030989738937 ], [ -2.857980923999946, 53.967596744742707 ], [ -2.830067511999909, 54.016017968750958 ], [ -2.895497199999905, 54.002346093748649 ], [ -2.918202277999908, 54.034328515754083 ], [ -2.79596920499995, 54.125189517769492 ], [ -2.854237433999911, 54.194077864781121 ], [ -2.81029212099992, 54.21190012978407 ], [ -2.795969204999946, 54.248724674790189 ], [ -2.939198370999913, 54.155096744774539 ], [ -2.997710740999936, 54.159572655775328 ], [ -3.015370245999915, 54.21190012978407 ], [ -3.049183722999941, 54.222072655785773 ], [ -3.061024542999914, 54.161932681775703 ], [ -3.145253058999917, 54.100043033765196 ], [ -3.145375128999941, 54.063788150759109 ], [ -3.240956183999905, 54.112127994767299 ], [ -3.248402472999941, 54.173651431777671 ], [ -3.21519934799994, 54.179836327778752 ], [ -3.207386847999936, 54.263006900792597 ], [ -3.232167120999919, 54.20254140578249 ], [ -3.306792772999926, 54.191880598780656 ], [ -3.40737870999993, 54.277736718795019 ], [ -3.413441535999927, 54.342962955805824 ], [ -3.634185350999925, 54.512884830833592 ], [ -3.509185350999922, 54.721665754866926 ], [ -3.439564581999952, 54.761460676873213 ], [ -3.387928839999908, 54.883368228892273 ], [ -3.344960089999913, 54.902533267895215 ], [ -3.306467251999945, 54.886175845892708 ], [ -3.254628058999914, 54.899807030894799 ], [ -3.317290818999936, 54.920314843898034 ], [ -3.27651933499993, 54.9434268229016 ], [ -3.213612433999908, 54.954413150903278 ], [ -3.12279212099992, 54.932684634899928 ], [ -3.021839972999937, 54.954413150903278 ], [ -3.090728318999934, 54.961249088904317 ], [ -3.021839972999937, 54.975531314906469 ], [ -3.135406053999932, 54.968085025905346 ], [ -3.501047329999951, 54.992499088909099 ], [ -3.526031053999929, 54.977118228906761 ], [ -3.570546027999911, 54.995428775909552 ], [ -3.581695115999933, 54.883612369892312 ], [ -3.717640753999949, 54.88084544289184 ], [ -3.739247199999906, 54.859808658888554 ], [ -3.810129360999947, 54.866278384889675 ], [ -3.812367316999936, 54.855169986887887 ], [ -3.816965298999946, 54.886175845892708 ], [ -3.857899542999911, 54.844549869886286 ], [ -3.823841925999941, 54.824693098883081 ], [ -4.011708136999909, 54.768215233874272 ], [ -4.05577551999994, 54.782538150876611 ], [ -4.064035610999954, 54.831529036884227 ], [ -4.083851691999945, 54.776922916875705 ], [ -4.122954881999926, 54.773016666875101 ], [ -4.209136522999922, 54.826239322883445 ], [ -4.200550910999931, 54.866278384889675 ], [ -4.270741339999923, 54.839422916885432 ], [ -4.356922980999912, 54.865545963889502 ], [ -4.402902798999944, 54.907294009895956 ], [ -4.417225714999911, 54.84593333288641 ], [ -4.344471808999906, 54.794501041878405 ], [ -4.348133917999924, 54.701971744863883 ], [ -4.382394985999946, 54.680080468860382 ], [ -4.49673417899993, 54.700628970863683 ], [ -4.596669074999901, 54.775295312875421 ], [ -4.781076626999944, 54.833075259884446 ], [ -4.799631313999951, 54.861273502888871 ], [ -4.859120245999921, 54.866278384889675 ], [ -4.954823370999912, 54.804754947880042 ], [ -4.86725826699995, 54.690130924861961 ], [ -4.859120245999911, 54.632961327852897 ], [ -4.953684048999952, 54.659735416857124 ], [ -4.954701300999941, 54.728501692868008 ], [ -4.98818925699993, 54.735296939869137 ], [ -5.003285285999937, 54.771307681874795 ], [ -5.157134568999936, 54.87909576789162 ], [ -5.177601691999935, 54.990545963908822 ], [ -5.115142381999927, 55.031561588915096 ], [ -5.069488084999936, 54.986029361908116 ], [ -5.060861782999942, 54.931138411899624 ], [ -5.013091600999934, 54.909613345896325 ], [ -4.988189256999926, 54.927720442899073 ], [ -5.050282355999899, 55.026800845914352 ], [ -5.007801886999911, 55.141180728931673 ], [ -4.867258266999952, 55.222479556943888 ], [ -4.832508917999912, 55.331122134960054 ], [ -4.773101365999936, 55.369370832965615 ], [ -4.749256964999916, 55.413763736972101 ], [ -4.650502081999946, 55.448472395977205 ], [ -4.617787238999935, 55.495591536983987 ], [ -4.650786912999936, 55.537054752990009 ], [ -4.687163865999933, 55.544134830991091 ], [ -4.666249152999906, 55.562201236993658 ], [ -4.692738410999929, 55.605210676999846 ], [ -4.818104620999914, 55.637193099004385 ], [ -4.810617641999944, 55.653998112006768 ], [ -4.920521613999939, 55.708563542014524 ], [ -4.861073370999918, 55.756740625021287 ], [ -4.886463995999915, 55.919663802043956 ], [ -4.799387173999943, 55.957912500049233 ], [ -4.672515428999929, 55.933783268045943 ], [ -4.481678839999913, 55.928290104045175 ], [ -4.673451300999949, 55.961859440049714 ], [ -4.783436652999909, 56.017645573057429 ], [ -4.839182094999955, 56.080633854065944 ], [ -4.778920050999949, 55.992092188053903 ], [ -4.851551886999917, 55.98802317705335 ], [ -4.865386522999923, 56.066717839064069 ], [ -4.75552324099993, 56.206529037082802 ], [ -4.851673956999949, 56.11261627607027 ], [ -4.880604620999921, 56.119859115071236 ], [ -4.893544074999904, 56.174261784078539 ], [ -4.920521613999939, 56.167914128077719 ], [ -4.886219855999909, 56.08038971406593 ], [ -4.892648891999947, 55.989732162053564 ], [ -4.954701300999941, 55.996568099054507 ], [ -4.913685675999937, 55.961859440049714 ], [ -4.968983527999914, 55.87986888003848 ], [ -4.994740363999931, 55.869818425037046 ], [ -5.042469855999911, 55.8847516930391 ], [ -5.070790167999914, 55.95868561204928 ], [ -5.123605923999944, 56.009914453056325 ], [ -5.139637824999905, 56.002752995055339 ], [ -5.086537238999931, 55.901271875041409 ], [ -5.171538865999934, 55.935532943046105 ], [ -5.180653449999914, 55.969305729050816 ], [ -5.242054816999935, 55.892889714040294 ], [ -5.20107988199993, 55.831488346031705 ], [ -5.307118292999907, 55.860419010035791 ], [ -5.338286912999928, 55.903753971041738 ], [ -5.338286912999919, 55.996568099054507 ], [ -5.204497850999917, 56.119452214071188 ], [ -5.104603644999941, 56.151516016075433 ], [ -5.04344641799992, 56.216294662084138 ], [ -4.940093553999928, 56.251410221088797 ], [ -4.920521613999935, 56.277777409092295 ], [ -5.064564581999945, 56.229315495085935 ], [ -5.108876105999907, 56.174709375078599 ], [ -5.228138800999933, 56.129217839072517 ], [ -5.310943162999931, 56.058050846062869 ], [ -5.345692511999904, 56.051214909061947 ], [ -5.368641730999903, 56.009426172056251 ], [ -5.433827277999908, 56.010199284056363 ], [ -5.444406704999946, 56.027573958058774 ], [ -5.454986131999922, 55.955633854048948 ], [ -5.400380011999905, 55.892889714040294 ], [ -5.407215949999907, 55.86627838503658 ], [ -5.317779100999921, 55.783026432024997 ], [ -5.433461066999942, 55.721014714016263 ], [ -5.490101691999935, 55.644598698005453 ], [ -5.454986131999934, 55.59194570299789 ], [ -5.488758917999913, 55.569077864994604 ], [ -5.510975714999912, 55.484442447982474 ], [ -5.584624803999928, 55.427435611974168 ], [ -5.543690558999906, 55.40692779997115 ], [ -5.52505449099993, 55.358628645964082 ], [ -5.616281704999945, 55.306586002956408 ], [ -5.75454667899993, 55.297349348955045 ], [ -5.782866990999931, 55.313544009957447 ], [ -5.791411912999924, 55.398627017969908 ], [ -5.715646938999957, 55.447902733977138 ], [ -5.721831834999935, 55.564601952993989 ], [ -5.673329230999909, 55.64061106800483 ], [ -5.680897589999914, 55.674465234009659 ], [ -5.626535610999941, 55.700628971013387 ], [ -5.581206834999924, 55.757635807021494 ], [ -5.504628058999914, 55.789374089025891 ], [ -5.454986131999922, 55.845770573033732 ], [ -5.599436001999945, 55.764227604022381 ], [ -5.660389777999906, 55.797349349026945 ], [ -5.674061652999911, 55.845770573033732 ], [ -5.571034308999917, 55.934515690045998 ], [ -5.671701626999949, 55.886908268039427 ], [ -5.696400519999933, 55.915961003043449 ], [ -5.571034308999907, 56.037543034060043 ], [ -5.62559973899993, 56.024481510058393 ], [ -5.694488084999922, 55.934515690045998 ], [ -5.707508917999919, 55.942572331047081 ], [ -5.696441209999935, 55.982163802052511 ], [ -5.577463344999956, 56.096991276068159 ], [ -5.531605597999938, 56.086330469066759 ], [ -5.558705206999938, 56.130804753072724 ], [ -5.509632941999947, 56.18838125008044 ], [ -5.605783657999944, 56.139960026073958 ], [ -5.559437628999944, 56.229559635085963 ], [ -5.492827928999924, 56.260402734089986 ], [ -5.512684699999906, 56.270941471091369 ], [ -5.59215247299994, 56.249823307088626 ], [ -5.572580532999945, 56.328070378098943 ], [ -5.543690558999912, 56.35285065110223 ], [ -5.448109503999937, 56.359686589103056 ], [ -5.537505662999932, 56.359686589103042 ], [ -5.457020636999911, 56.440863346113687 ], [ -5.322865363999923, 56.454982813115507 ], [ -5.208729620999916, 56.446844792114469 ], [ -5.118519660999941, 56.507757878122298 ], [ -5.064564581999941, 56.565130925129708 ], [ -5.20107988199993, 56.462103581116395 ], [ -5.350168423999946, 56.472967839117842 ], [ -5.37808183499993, 56.45897044311598 ], [ -5.410552537999929, 56.503648177121747 ], [ -5.454986131999931, 56.469549870117397 ], [ -5.427642381999928, 56.53782786512614 ], [ -5.35667883999992, 56.519680078123898 ], [ -5.242054816999929, 56.565130925129708 ], [ -5.372425910999936, 56.53034088512522 ], [ -5.41392981699994, 56.544663802127026 ], [ -5.298451300999941, 56.646429753140005 ], [ -5.317779100999924, 56.661322331141932 ], [ -5.218902147999925, 56.688666081145364 ], [ -5.153309699999906, 56.681219792144375 ], [ -4.995594855999902, 56.715969141148832 ], [ -5.160552537999929, 56.695868229146271 ], [ -5.238270636999904, 56.71662018214893 ], [ -5.119740363999939, 56.818426823161587 ], [ -5.233469204999948, 56.76068756515442 ], [ -5.268462693999939, 56.713080143148417 ], [ -5.340158657999948, 56.693060612145942 ], [ -5.674061652999908, 56.496893620120908 ], [ -5.77025305899991, 56.53782786512614 ], [ -5.749134894999936, 56.571966862130552 ], [ -5.793853318999933, 56.543280339126866 ], [ -5.854359503999944, 56.55048248712778 ], [ -6.003407355999903, 56.618719792136545 ], [ -6.008168097999936, 56.642279362139497 ], [ -5.933583136999911, 56.654730534141081 ], [ -5.839182094999957, 56.626532292137526 ], [ -5.865834113999935, 56.661322331141932 ], [ -5.759999152999901, 56.700751042146912 ], [ -5.647368943999933, 56.681219792144375 ], [ -5.543690558999915, 56.695461328146216 ], [ -5.636545376999953, 56.688666081145364 ], [ -5.749989386999907, 56.714544987148599 ], [ -5.896799282999949, 56.67511627614369 ], [ -6.098622199999904, 56.696966862146375 ], [ -6.161732550999936, 56.678208724144014 ], [ -6.222767706999933, 56.695461328146216 ], [ -6.234486456999947, 56.728583073150389 ], [ -6.180531378999943, 56.754624740153652 ], [ -6.026966925999945, 56.763739323154773 ], [ -5.965199347999939, 56.784857487157382 ], [ -5.852202928999937, 56.746975000152688 ], [ -5.886341925999939, 56.784857487157382 ], [ -5.756662563999956, 56.784857487157375 ], [ -5.83169511599993, 56.805365300159956 ], [ -5.851185675999942, 56.828924870162929 ], [ -5.733876105999907, 56.844794010164868 ], [ -5.6603897779999, 56.872992253168363 ], [ -5.744496222999939, 56.854152734166 ], [ -5.783924933999915, 56.859930729166777 ], [ -5.73550370999993, 56.894110417170971 ], [ -5.921131964999919, 56.894110417170971 ], [ -5.852202928999927, 56.900336003171674 ], [ -5.880116339999921, 56.92202382817436 ], [ -5.831695115999938, 56.997137760183605 ], [ -5.755238410999935, 57.026556706187066 ], [ -5.658558722999934, 56.979478255181434 ], [ -5.571278449999903, 56.983832096181963 ], [ -5.523264126999946, 57.00397369818441 ], [ -5.628814256999934, 56.991888737182926 ], [ -5.685536261999915, 57.009588932185082 ], [ -5.701975063999948, 57.044907943189351 ], [ -5.742339647999926, 57.038072005188511 ], [ -5.780181443999938, 57.051743880190202 ], [ -5.776193813999949, 57.075832422193059 ], [ -5.715646938999951, 57.120062565198346 ], [ -5.645863410999943, 57.129461979199483 ], [ -5.558257615999939, 57.100409245196019 ], [ -5.400380011999909, 57.106390690196719 ], [ -5.420033331999938, 57.120672917198483 ], [ -5.540638800999947, 57.106390690196697 ], [ -5.680897589999914, 57.157904362202871 ], [ -5.625599738999933, 57.216253971209873 ], [ -5.644154425999926, 57.233221745211836 ], [ -5.578236456999941, 57.266750391215794 ], [ -5.543690558999909, 57.270900781216326 ], [ -5.44627844999991, 57.223049219210637 ], [ -5.407215949999907, 57.229925846211472 ], [ -5.501942511999903, 57.277655339217084 ], [ -5.440663214999913, 57.319281315221978 ], [ -5.464995897999922, 57.324937240222638 ], [ -5.578439907999952, 57.277655339217084 ], [ -5.656971808999913, 57.291327214218668 ], [ -5.720570441999929, 57.284491276217942 ], [ -5.72931881399995, 57.298163151219519 ], [ -5.65436764199995, 57.35394928422599 ], [ -5.613189256999929, 57.341986393224659 ], [ -5.501291469999957, 57.370998438228014 ], [ -5.456654425999948, 57.393540755230646 ], [ -5.44810950399994, 57.421698307233896 ], [ -5.563465949999911, 57.363104557227103 ], [ -5.639963344999957, 57.373928125228417 ], [ -5.607085740999926, 57.389105534230154 ], [ -5.619618292999912, 57.416693425233333 ], [ -5.707183397999917, 57.359767969226752 ], [ -5.807769334999922, 57.354925846226166 ], [ -5.811187303999933, 57.442206120236328 ], [ -5.85903886599993, 57.452704167237499 ], [ -5.872670050999946, 57.493719792242175 ], [ -5.83918209499996, 57.579291081251938 ], [ -5.803618943999935, 57.581366276252233 ], [ -5.639963344999954, 57.511053776244218 ], [ -5.653553839999913, 57.531561589246529 ], [ -5.5126846999999, 57.541489974247604 ], [ -5.588368292999918, 57.561021224249892 ], [ -5.660389777999906, 57.54458242224802 ], [ -5.694488084999931, 57.566310938250474 ], [ -5.680897589999907, 57.579291081251938 ], [ -5.714222785999929, 57.582709050252333 ], [ -5.762806769999939, 57.633978581258205 ], [ -5.805897589999926, 57.642645573259188 ], [ -5.790760870999915, 57.69599030026508 ], [ -5.734486456999944, 57.707953190266466 ], [ -5.692494269999939, 57.691066797264597 ], [ -5.674061652999905, 57.709662175266601 ], [ -5.720529751999949, 57.733384505269242 ], [ -5.803822394999944, 57.743841862270429 ], [ -5.811187303999923, 57.833197331280303 ], [ -5.776519334999937, 57.867905990284122 ], [ -5.698638475999929, 57.869086003284252 ], [ -5.674061652999914, 57.860500391283381 ], [ -5.660389777999909, 57.792222396275804 ], [ -5.605783657999944, 57.770493880273378 ], [ -5.62559973899993, 57.792222396275804 ], [ -5.584624803999934, 57.784816797274992 ], [ -5.585275844999959, 57.83144765628014 ], [ -5.653553839999907, 57.894680078287031 ], [ -5.612619594999947, 57.928778385290855 ], [ -5.550526495999909, 57.915106510289334 ], [ -5.556263800999943, 57.887762760286371 ], [ -5.487049933999911, 57.855861719282778 ], [ -5.454986131999928, 57.853705143282596 ], [ -5.414906378999945, 57.908148503288494 ], [ -5.221587693999933, 57.846869206281823 ], [ -5.392893032999951, 57.918198958289608 ], [ -5.366200324999912, 57.943060612292371 ], [ -5.297352667999915, 57.908270573288611 ], [ -5.256255662999931, 57.915106510289334 ], [ -5.198801235999941, 57.897772526287383 ], [ -5.070790167999918, 57.833197331280303 ], [ -5.097157355999912, 57.870917057284487 ], [ -5.221587693999933, 57.921332096290008 ], [ -5.193959113999933, 57.935980534291602 ], [ -5.204497850999927, 57.960150456294222 ], [ -5.292632615999937, 57.980617578296474 ], [ -5.366932745999915, 58.028876042301718 ], [ -5.427642381999934, 58.031195378301938 ], [ -5.413929816999934, 58.052313542304169 ], [ -5.447010870999914, 58.084377344307555 ], [ -5.428089972999937, 58.097967839309021 ], [ -5.390044725999934, 58.092189844308457 ], [ -5.366200324999902, 58.065985417305676 ], [ -5.300770636999904, 58.070135807306073 ], [ -5.276763475999924, 58.086411849307808 ], [ -5.297352667999919, 58.134833073313033 ], [ -5.242054816999931, 58.147894596314401 ], [ -5.331450975999932, 58.182033594317957 ], [ -5.323963995999925, 58.20311106832019 ], [ -5.39207923099991, 58.261379297326314 ], [ -5.293853318999941, 58.240912175324141 ], [ -5.216053839999922, 58.261419987326363 ], [ -5.173207160999923, 58.250921940325235 ], [ -5.129383917999917, 58.271389063327383 ], [ -5.067697719999956, 58.250921940325235 ], [ -5.00243079299992, 58.250921940325235 ], [ -4.933583136999911, 58.223049219322313 ], [ -4.982004360999948, 58.250921940325235 ], [ -4.9267471999999, 58.264593815326627 ], [ -5.009917772999934, 58.271389063327383 ], [ -5.050119594999954, 58.259914453326182 ], [ -5.136219855999915, 58.30556875033097 ], [ -5.173207160999932, 58.353949284335968 ], [ -5.15330969999991, 58.353949284335968 ], [ -5.143055792999912, 58.414780990342265 ], [ -5.016184048999944, 58.388128971339526 ], [ -5.057036912999927, 58.422186589343028 ], [ -5.098052537999927, 58.414780990342237 ], [ -5.105539516999951, 58.436509505344461 ], [ -5.05011959499995, 58.453802800346267 ], [ -4.995594855999905, 58.436509505344461 ], [ -5.105539516999954, 58.487372135349716 ], [ -5.105620897999919, 58.50556061235153 ], [ -5.02798417899993, 58.54409414135543 ], [ -4.988189256999933, 58.628322656363892 ], [ -4.835926886999912, 58.60504791736161 ], [ -4.803822394999937, 58.559393620357049 ], [ -4.818104620999917, 58.524644271353438 ], [ -4.776519334999931, 58.607163802361768 ], [ -4.660023566999941, 58.555853581356601 ], [ -4.760975714999912, 58.447984115345612 ], [ -4.612131313999957, 58.524644271353438 ], [ -4.584950324999909, 58.574164128358454 ], [ -4.475493943999929, 58.565619206357646 ], [ -4.426503058999911, 58.5463727873557 ], [ -4.426503058999907, 58.524644271353452 ], [ -4.495350714999912, 58.44953033934582 ], [ -4.343861456999938, 58.53888580735493 ], [ -4.306996222999948, 58.5463727873557 ], [ -4.234730597999938, 58.524644271353438 ], [ -4.22101803299995, 58.551947331356281 ], [ -4.081450975999924, 58.56183502635723 ], [ -4.02904212099991, 58.595160221360644 ], [ -4.003773566999935, 58.570624089358176 ], [ -3.895741339999907, 58.565619206357646 ], [ -3.810129360999952, 58.573065495358442 ], [ -3.597564256999934, 58.62714264336384 ], [ -3.542591925999941, 58.620835677363203 ], [ -3.532053188999952, 58.602118229361324 ], [ -3.447010870999918, 58.613999740362452 ], [ -3.364084438999946, 58.600816146361204 ], [ -3.350819464999903, 58.620835677363203 ], [ -3.412912563999955, 58.655585026366708 ], [ -3.374867316999944, 58.677069401368826 ], [ -3.340565558999915, 58.648138737365898 ], [ -3.20409094999991, 58.661118880367212 ], [ -3.151926235999948, 58.641262109365222 ], [ -3.019113735999949, 58.640326237365137 ], [ -3.129261847999936, 58.512640690352221 ], [ -3.118723110999949, 58.484442448349391 ], [ -3.064442511999907, 58.482977604349244 ], [ -3.053334113999938, 58.465765690347482 ], [ -3.129790818999933, 58.369289453337572 ], [ -3.220529751999941, 58.30556875033097 ], [ -3.384999152999907, 58.264593815326599 ], [ -3.51528886599993, 58.168402409316485 ], [ -3.80919348899994, 58.0519066413041 ], [ -3.851714647999919, 58.003892318298909 ], [ -3.990956183999911, 57.9603945962943 ], [ -4.001942511999919, 57.935614323291574 ], [ -4.08438066299993, 57.964178776294638 ], [ -4.077626105999905, 57.943060612292371 ], [ -4.016184048999951, 57.932196354291165 ], [ -3.988270636999917, 57.908270573288611 ], [ -4.009348110999944, 57.867905990284122 ], [ -4.070220506999923, 57.874172266284837 ], [ -4.104969855999907, 57.853705143282596 ], [ -4.218169725999918, 57.874172266284866 ], [ -4.298898891999952, 57.862779037283538 ], [ -4.39240475199994, 57.908270573288611 ], [ -4.30772864499994, 57.851467188282314 ], [ -4.208241339999907, 57.859198307283194 ], [ -4.149728969999954, 57.829820052280013 ], [ -4.139068162999938, 57.846869206281823 ], [ -4.039906378999945, 57.818182682278703 ], [ -3.98350989499994, 57.842352604281395 ], [ -3.914784308999912, 57.807684635277589 ], [ -3.798451300999937, 57.866522526284015 ], [ -3.779449022999929, 57.855658268282731 ], [ -3.790028449999902, 57.830715234280106 ], [ -3.98827063699991, 57.695990300265066 ], [ -4.023671027999908, 57.697821354265301 ], [ -4.016184048999945, 57.723334050268157 ], [ -4.042958136999916, 57.737290755269683 ], [ -4.168568488999937, 57.689439193264349 ], [ -4.294789191999939, 57.680161849263293 ], [ -4.428456183999904, 57.577541406251768 ], [ -4.201893683999907, 57.674994206262738 ], [ -4.096791144999935, 57.658107813260855 ], [ -4.009348110999956, 57.688544010264302 ], [ -4.025257941999939, 57.655218815260589 ], [ -4.118560350999927, 57.592962956253494 ], [ -4.104969855999903, 57.579291081251938 ], [ -4.170643683999911, 57.570746159250952 ], [ -4.18492591099993, 57.548163151248453 ], [ -4.262603318999938, 57.5520694012489 ], [ -4.207997199999907, 57.538397526247316 ], [ -4.248931443999932, 57.497463281242624 ], [ -4.194813605999906, 57.49160390624192 ], [ -4.034982876999949, 57.55687083324937 ], [ -4.083851691999941, 57.586127018252753 ], [ -3.837473110999945, 57.592962956253473 ], [ -3.684803839999917, 57.654445703260393 ], [ -3.625152147999924, 57.661932682261323 ], [ -3.645619269999942, 57.64142487025903 ], [ -3.590972459999935, 57.64142487025903 ], [ -3.6115616529999, 57.668117578261921 ], [ -3.535755988999945, 57.661932682261323 ], [ -3.491851365999931, 57.713120833266977 ], [ -3.40916907499991, 57.723334050268157 ], [ -3.284738735999946, 57.720445052267848 ], [ -3.210072394999941, 57.693996484264858 ], [ -3.034901495999923, 57.668605859262044 ], [ -2.916086391999952, 57.70282623726586 ], [ -2.758046027999912, 57.70282623726586 ], [ -2.731068488999938, 57.688544010264302 ], [ -2.658924933999919, 57.697455143265302 ], [ -2.526112433999911, 57.668605859262044 ], [ -2.49795488199993, 57.682359115263623 ], [ -2.432850714999915, 57.668117578261921 ], [ -2.360503709999931, 57.682359115263594 ], [ -2.328968878999949, 57.674058333262629 ], [ -2.295643683999917, 57.695990300265066 ], [ -2.209950324999904, 57.675523177262775 ], [ -2.108143683999912, 57.704982813266106 ], [ -1.997670050999943, 57.70282623726586 ], [ -1.973500128999942, 57.675523177262775 ], [ -1.932484503999937, 57.682359115263594 ], [ -1.829457160999939, 57.613470768255794 ], [ -1.759348110999951, 57.473578190239877 ], [ -1.849964972999941, 57.39435455723077 ], [ -1.980295376999942, 57.319281315221978 ], [ -2.068511522999925, 57.174627995204936 ], [ -2.049305792999914, 57.118841862198245 ], [ -2.186919725999923, 56.984686589182026 ], [ -2.186390753999941, 56.914536849173437 ], [ -2.319813605999907, 56.801581120159554 ], [ -2.426421678999925, 56.751288151153297 ], [ -2.514556443999932, 56.591498112133038 ], [ -2.699777798999948, 56.503648177121747 ], [ -2.727650519999942, 56.469549870117397 ], [ -3.060617641999955, 56.451727604115113 ], [ -3.238189256999925, 56.367743229104143 ], [ -3.323475714999915, 56.365912175103951 ], [ -3.230620897999929, 56.356024479102665 ], [ -2.88499915299991, 56.457993880115801 ], [ -2.802805141999955, 56.427964583111994 ], [ -2.83755449099994, 56.365912175103951 ], [ -2.802805141999953, 56.34540436210122 ], [ -2.677154100999924, 56.328436589098978 ], [ -2.576812303999935, 56.283921615093107 ], [ -2.648345506999926, 56.228705143085769 ], [ -2.806141730999914, 56.18838125008044 ], [ -2.892079230999911, 56.208889063083184 ], [ -2.964344855999903, 56.205633854082734 ], [ -3.127552863999935, 56.122870182071644 ], [ -3.163563605999911, 56.063869531063659 ], [ -3.342681443999933, 56.02716705705874 ], [ -3.671498175999944, 56.050848698061884 ], [ -3.817005988999939, 56.112250065070192 ], [ -3.837473110999951, 56.106431380069417 ], [ -3.760853644999937, 56.07245514306485 ], [ -3.721424933999909, 56.03070709605921 ], [ -3.656239386999905, 56.010199284056363 ], [ -3.577381964999908, 56.017035221057327 ], [ -3.405425584999929, 55.989732162053564 ], [ -3.331044074999905, 55.994086003054171 ], [ -3.303456183999911, 55.977606510051956 ], [ -3.121815558999908, 55.969305729050816 ], [ -3.078236456999946, 55.946844792047763 ], [ -2.939930792999914, 55.969305729050816 ], [ -2.857980923999945, 56.010199284056341 ], [ -2.87096106699994, 56.03070709605921 ], [ -2.823150193999934, 56.059759831063111 ], [ -2.635121222999945, 56.058050846062869 ], [ -2.569406704999948, 56.024481510058365 ], [ -2.583648240999931, 56.002752995055339 ], [ -2.528960740999932, 55.996568099054507 ], [ -2.507923956999939, 56.010199284056341 ], [ -2.307769334999931, 55.935003971046086 ], [ -2.138010219999951, 55.914618229043263 ], [ -1.816477016999944, 55.632879948003783 ], [ -1.781402147999929, 55.645656641005573 ], [ -1.74767005099994, 55.619208073001836 ], [ -1.767974412999926, 55.612982487000934 ], [ -1.699126756999934, 55.612982487000934 ], [ -1.630848761999914, 55.585109765996989 ], [ -1.630848761999909, 55.537298892990037 ], [ -1.584950324999905, 55.483710025982376 ], [ -1.56822669199994, 55.279608463952428 ], [ -1.507964647999925, 55.194647525939743 ], [ -1.517933722999942, 55.157131249934096 ], [ -1.41291256399995, 55.000311588910307 ], [ -1.362660285999933, 54.964789127904879 ], [ -1.275461391999951, 54.748439843871189 ], [ -1.172230597999938, 54.701239322863721 ], [ -1.192453579999946, 54.689276431861899 ], [ -1.164702928999927, 54.652777408855989 ], [ -1.203724738999935, 54.625718489851721 ], [ -1.152658657999947, 54.613185937849728 ], [ -1.138050910999935, 54.646551822855024 ], [ -1.103627081999945, 54.624660546851558 ], [ -0.78791256399995, 54.560777082841291 ], [ -0.562977667999917, 54.47736236982783 ], [ -0.447743292999917, 54.373195702810769 ], [ -0.370472785999937, 54.247707421790054 ], [ -0.277088995999917, 54.217759504785029 ], [ -0.233876105999911, 54.160467838775475 ], [ -0.075510219999953, 54.112127994767299 ], [ -0.163929816999939, 54.083400780762418 ], [ -0.219471808999905, 54.022772525752103 ], [ -0.151112433999914, 53.899318749730881 ], [ 0.133474155000044, 53.642645572685872 ], [ 0.149261915000068, 53.609605207679941 ], [ 0.131195509000069, 53.573431705673492 ], [ 0.109629754000084, 53.562892968671576 ], [ 0.120209181000065, 53.618109439681511 ], [ 0.034515821000072, 53.646063541686424 ], [ -0.045033331999944, 53.625555728682833 ], [ -0.092274542999919, 53.631048892683772 ], [ -0.260365363999931, 53.735419009702319 ], [ -0.544422980999913, 53.709458723697679 ], [ -0.637033657999949, 53.732001041701714 ], [ -0.726470506999927, 53.700628970696137 ], [ -0.692453579999948, 53.686997786693723 ], [ -0.619536912999938, 53.711859439698117 ], [ -0.529937303999928, 53.677679752692107 ], [ -0.48631751199991, 53.694484765695009 ], [ -0.279367641999951, 53.707098697697305 ], [ -0.188628709999924, 53.620428775681965 ], [ 0.151866082000084, 53.47581614565587 ], [ 0.219493035000089, 53.419501041645709 ], [ 0.342133009000068, 53.226304426610078 ], [ 0.356618686000048, 53.145738020595012 ], [ 0.329844597000099, 53.086493228583876 ], [ 0.160817905000045, 53.008978580569206 ], [ 0.010264519000089, 52.886460676545653 ], [ 0.105642123000057, 52.889349674546239 ], [ 0.246755405000049, 52.795721744528109 ], [ 0.325531446000067, 52.803168033529559 ], [ 0.384532097000096, 52.768377994522815 ], [ 0.485687696000073, 52.933498437554775 ], [ 0.569590691000091, 52.969305728561622 ], [ 0.684743686000052, 52.986395572564874 ], [ 0.968435092000052, 52.947495832557401 ], [ 1.013926629000084, 52.960150455559827 ], [ 0.966075066000088, 52.974432681562604 ], [ 1.274668816000085, 52.92918528655386 ], [ 1.644216342000052, 52.775824283524237 ], [ 1.697032097000089, 52.731024478515472 ], [ 1.747243686000049, 52.625189517494562 ], [ 1.771169467000044, 52.485907291466823 ], [ 1.630544467000055, 52.270453189422994 ], [ 1.630869988000087, 52.199774478408443 ], [ 1.582286004000085, 52.08148834538374 ], [ 1.472015821000071, 52.056219791378489 ], [ 1.33228600400008, 51.940090233353921 ], [ 1.264414910000092, 51.994370832365412 ], [ 1.15788821700005, 52.028509830372641 ], [ 1.214366082000088, 51.991441145364767 ], [ 1.270762566000088, 51.981512759362687 ], [ 1.271006707000086, 51.956447655357401 ], [ 1.165293816000087, 51.967027082359593 ], [ 1.069102410000085, 51.953436588356752 ], [ 1.281993035000085, 51.946600650355336 ], [ 1.199554884000064, 51.877671614340599 ], [ 1.264414910000083, 51.863999739337665 ], [ 1.286631707000087, 51.881659244341513 ], [ 1.276377800000092, 51.844794009333611 ], [ 1.167816602000076, 51.790228580321802 ], [ 1.065440300000093, 51.775295312318583 ], [ 0.979828321000075, 51.843573306333283 ], [ 0.962087436000047, 51.813788150326914 ], [ 0.886973504000082, 51.782131249320081 ], [ 0.873708530000047, 51.74730052031255 ], [ 0.698578321000076, 51.720038150306593 ], [ 0.760752800000092, 51.692694400300667 ], [ 0.930023634000067, 51.743597720311747 ], [ 0.951833530000044, 51.67841217429752 ], [ 0.91146894600007, 51.623846744285601 ], [ 0.951833530000045, 51.617010806284092 ], [ 0.924489780000048, 51.588324283277828 ], [ 0.771250847000093, 51.528265689264558 ], [ 0.650563998000056, 51.535793358266176 ], [ 0.568858269000085, 51.508368228260153 ], [ 0.456065300000091, 51.50556061125949 ], [ 0.428477410000084, 51.467108463250995 ], [ 0.384532097000098, 51.453111067247796 ], [ 0.534841342000053, 51.491685286256434 ], [ 0.694834832000083, 51.477036848253157 ], [ 0.723155144000092, 51.446722720246363 ], [ 0.640961134000064, 51.444159244245839 ], [ 0.57276451900009, 51.419582421240371 ], [ 0.554535352000078, 51.41217682223872 ], [ 0.576508009000071, 51.393622134234533 ], [ 0.71290123800009, 51.384222720232387 ], [ 0.700368686000049, 51.409816796238182 ], [ 0.726410352000075, 51.419012759240239 ], [ 0.764414910000084, 51.364406640227948 ], [ 0.977224155000044, 51.349188541224528 ], [ 1.100922071000073, 51.373236392229948 ], [ 1.448252800000091, 51.382879947232141 ], [ 1.425140821000073, 51.332953189220824 ], [ 1.37761478000004, 51.326239322219358 ], [ 1.413096550000094, 51.22174713419566 ], [ 1.384450717000053, 51.151678775179555 ], [ 1.192067905000046, 51.082586978163675 ], [ 1.066905144000085, 51.06439850215942 ], [ 0.966481967000053, 50.982733463140455 ], [ 0.97982832100007, 50.918158267125293 ], [ 0.762461785000083, 50.930894270128292 ], [ 0.624196811000045, 50.858710025111307 ], [ 0.36524498800009, 50.818996483101849 ], [ 0.271006707000088, 50.747381900084839 ], [ 0.122080925000098, 50.760809634088069 ], [ -0.173166469999958, 50.82900624910426 ], [ -0.269683397999921, 50.831284895104787 ], [ -0.397572394999938, 50.802069400097913 ], [ -0.568959113999933, 50.802069400097913 ], [ -0.732736782999944, 50.767279361089557 ], [ -0.758208787999929, 50.777085676091872 ], [ -0.789947068999937, 50.730047916080679 ], [ -0.904123501999944, 50.771877343090694 ], [ -0.86363684799994, 50.808254296099364 ], [ -0.928944464999917, 50.822821353102796 ], [ -0.939198370999918, 50.843247786107646 ], [ -1.020741339999914, 50.843654687107701 ], [ -1.056223110999949, 50.783026431093369 ], [ -1.08275305899991, 50.780951236092811 ], [ -1.103016730999909, 50.795477603096309 ], [ -1.069162563999951, 50.843654687107701 ], [ -1.164702928999927, 50.843654687107716 ], [ -1.123768683999912, 50.818793033101848 ], [ -1.124908006999932, 50.788723046094731 ], [ -1.151112433999909, 50.781398827092936 ], [ -1.466420050999937, 50.918158267125314 ], [ -1.323068813999949, 50.825751041103487 ], [ -1.317290818999938, 50.800238345097426 ], [ -1.524728969999956, 50.761053775088129 ], [ -1.561187303999926, 50.718980207078019 ], [ -1.693023240999938, 50.739935611083069 ], [ -1.771717902999913, 50.720119530078314 ], [ -1.857411261999913, 50.726955468079964 ], [ -1.940012173999947, 50.690822655071315 ], [ -1.949289516999955, 50.713324283076702 ], [ -2.021962042999912, 50.720119530078314 ], [ -2.038970506999934, 50.739935611083069 ], [ -2.082671678999933, 50.698960676073192 ], [ -2.035633917999911, 50.713324283076702 ], [ -2.002512173999946, 50.681301171069002 ], [ -1.952788865999933, 50.676581119067947 ], [ -1.93248450399994, 50.644435937060166 ], [ -1.965199347999947, 50.602199608049936 ], [ -2.065174933999913, 50.595526431048334 ], [ -2.398345506999932, 50.645575259060422 ], [ -2.460072394999937, 50.606512759051 ], [ -2.428700324999908, 50.557562564039088 ], [ -2.453358527999906, 50.527655338031821 ], [ -2.483509894999937, 50.590399478047111 ], [ -2.692941860999946, 50.692816470071776 ], [ -2.864816860999954, 50.733791405081632 ], [ -3.259836391999955, 50.674546614067367 ], [ -3.295562303999926, 50.637518619058454 ], [ -3.368153449999909, 50.617092187053565 ], [ -3.42096920499994, 50.629461978056497 ], [ -3.46442623599995, 50.678534244068359 ], [ -3.433338995999918, 50.610256249051908 ], [ -3.505970831999945, 50.520819400030184 ], [ -3.487456834999942, 50.459418033015126 ], [ -3.556263800999938, 50.432114973008389 ], [ -3.549305792999909, 50.415594791004331 ], [ -3.48745683499993, 50.40477122300161 ], [ -3.526926235999944, 50.349798891988101 ], [ -3.570546027999903, 50.356390688989698 ], [ -3.631988084999931, 50.312323305978829 ], [ -3.660633917999915, 50.22101471295592 ], [ -3.788970506999932, 50.212388410953849 ], [ -3.961008266999952, 50.322251691981229 ], [ -4.054351365999937, 50.300360415975831 ], [ -4.108265753999945, 50.336615298984768 ], [ -4.10496985599991, 50.370672915993275 ], [ -4.17145748599995, 50.382798566996208 ], [ -4.191477016999958, 50.417629296004819 ], [ -4.159535285999937, 50.459418033015126 ], [ -4.200550910999928, 50.459418033015126 ], [ -4.234730597999945, 50.438299869009917 ], [ -4.228505011999908, 50.397365623999853 ], [ -4.289906378999942, 50.397365623999853 ], [ -4.193755662999936, 50.376898501994795 ], [ -4.228505011999912, 50.370672915993282 ], [ -4.180043097999942, 50.356390688989691 ], [ -4.19375566299993, 50.322251691981229 ], [ -4.25234941299993, 50.356390688989691 ], [ -4.337717251999945, 50.370672915993275 ], [ -4.495350714999912, 50.328436587982765 ], [ -4.673451300999945, 50.315415753979543 ], [ -4.694325324999903, 50.343451235986493 ], [ -4.763295050999951, 50.322088930981238 ], [ -4.800160285999937, 50.229559633958118 ], [ -4.849720831999939, 50.234564516959324 ], [ -4.947255011999914, 50.199367576950522 ], [ -5.002430792999917, 50.14411041593663 ], [ -5.020375128999941, 50.191961977948665 ], [ -5.052967902999906, 50.195786847949549 ], [ -5.064564581999948, 50.158392641940232 ], [ -5.043446417999918, 50.144110415936638 ], [ -5.125965949999906, 50.096340232924476 ], [ -5.070790167999911, 50.089504295922723 ], [ -5.05650794199994, 50.060614321915409 ], [ -5.191151495999913, 49.959133201889465 ], [ -5.245228644999942, 49.993109438898124 ], [ -5.304351365999935, 50.080267641920386 ], [ -5.474842902999906, 50.13043854093312 ], [ -5.540923631999934, 50.113470766928842 ], [ -5.534657355999907, 50.082342837920919 ], [ -5.563465949999904, 50.059637758915223 ], [ -5.70514889199995, 50.052313540913318 ], [ -5.709217902999912, 50.132635805933695 ], [ -5.684641079999954, 50.161525779940973 ], [ -5.510975714999915, 50.219468488955563 ], [ -5.437977667999915, 50.194322003949225 ], [ -5.387562628999942, 50.240301821960848 ], [ -5.314849412999932, 50.253607485964103 ], [ -5.149891730999911, 50.350165102988164 ], [ -5.153675910999933, 50.399481509000374 ], [ -5.05028235599991, 50.428697004007546 ], [ -5.015614386999912, 50.538031314034349 ], [ -4.947255011999911, 50.562445377040234 ], [ -4.933583136999911, 50.520249739029964 ], [ -4.844838019999942, 50.514064843028535 ], [ -4.921864386999911, 50.554877017038429 ], [ -4.920521613999929, 50.589178775046761 ], [ -4.792469855999908, 50.595200911048231 ], [ -4.751942511999916, 50.67007070206629 ], [ -4.657297329999946, 50.711127017076144 ], [ -4.577259894999937, 50.774725650091362 ], [ -4.550119594999959, 50.809556379099604 ], [ -4.526437954999946, 51.014960025148007 ], [ -4.337717251999948, 50.996649478143702 ], [ -4.207997199999915, 51.076361392162198 ], [ -4.255767381999934, 51.151516015179538 ], [ -4.21483313699991, 51.151516015179538 ], [ -4.228505011999908, 51.192450259188973 ], [ -3.769154425999945, 51.247707421201525 ], [ -3.434193488999931, 51.209784244192896 ], [ -3.384999152999913, 51.186224674187493 ], [ -3.029286261999909, 51.2204043611953 ], [ -3.021839972999937, 51.192450259188973 ], [ -2.999582485999946, 51.233221744198246 ], [ -3.021839972999945, 51.322821353218629 ], [ -2.992176886999909, 51.321926171218415 ], [ -2.974680141999952, 51.384222720232387 ], [ -2.921009894999935, 51.394435937234675 ], [ -2.798573370999915, 51.482611392254391 ], [ -2.69615637899994, 51.512640689261076 ], [ -2.556385870999918, 51.659247134293373 ], [ -2.464995897999926, 51.725897525307879 ], [ -2.388539191999938, 51.750433658313213 ], [ -2.383371548999944, 51.773260806318227 ], [ -2.398060675999943, 51.782131249320081 ], [ -2.420399542999915, 51.753119205313801 ], [ -2.482085740999936, 51.742865299311539 ], [ -2.693755662999929, 51.596177473279525 ] ] ], [ [ [ -1.062326626999946, 50.692816470071776 ], [ -1.162220831999948, 50.645982161060537 ], [ -1.168446417999918, 50.603461002050203 ], [ -1.27920488199993, 50.582505598045167 ], [ -1.48595130099994, 50.669338280066135 ], [ -1.569488084999932, 50.658026431063369 ], [ -1.505930141999948, 50.707709049075348 ], [ -1.418690558999913, 50.733791405081625 ], [ -1.425363735999944, 50.720119530078314 ], [ -1.400868292999911, 50.721991275078793 ], [ -1.318511522999926, 50.772162174090752 ], [ -1.109120245999917, 50.732855533081384 ], [ -1.062326626999946, 50.692816470071776 ] ] ], [ [ [ -0.950306769999938, 50.823797916103025 ], [ -0.938832160999931, 50.780951236092811 ], [ -1.020741339999921, 50.788397525094631 ], [ -0.972564256999929, 50.82977936110445 ], [ -0.950306769999938, 50.823797916103025 ] ] ], [ [ [ 0.932465040000069, 51.397691145235378 ], [ 0.936371290000068, 51.371039127229452 ], [ 0.911468946000069, 51.364406640227948 ], [ 0.794769727000077, 51.370550845229346 ], [ 0.733897332000082, 51.41217682223872 ], [ 0.766937696000073, 51.447943424246724 ], [ 0.932465040000069, 51.397691145235378 ] ] ], [ [ [ -4.626291469999957, 53.320868228627631 ], [ -4.571888800999943, 53.239488020612484 ], [ -4.693959113999935, 53.309637759625566 ], [ -4.626291469999957, 53.320868228627631 ] ] ], [ [ [ -4.121978318999939, 53.317084049626878 ], [ -4.042876756999928, 53.302801822624311 ], [ -4.09805253799993, 53.250148827614467 ], [ -4.195546027999912, 53.220282291608967 ], [ -4.222035285999934, 53.182114973601827 ], [ -4.343861456999947, 53.132066145592454 ], [ -4.406605597999942, 53.130601301592129 ], [ -4.385121222999938, 53.18244049460197 ], [ -4.447580532999942, 53.159409895597548 ], [ -4.495350714999915, 53.179877017601399 ], [ -4.499623175999939, 53.211249088607325 ], [ -4.571034308999915, 53.275458072619237 ], [ -4.571034308999912, 53.392767642640749 ], [ -4.425363735999956, 53.426703189646958 ], [ -4.324696417999917, 53.419501041645709 ], [ -4.276722785999936, 53.401027733642316 ], [ -4.203236456999947, 53.298488671623481 ], [ -4.121978318999939, 53.317084049626878 ] ] ], [ [ [ -6.184803839999915, 55.306830142956414 ], [ -6.171864386999912, 55.293198957954388 ], [ -6.1948136059999, 55.262925520949956 ], [ -6.211089647999925, 55.29531484395477 ], [ -6.283558722999943, 55.297064517954958 ], [ -6.184803839999915, 55.306830142956414 ] ] ], [ [ [ -5.093006964999915, 55.50043365898474 ], [ -5.078236456999941, 55.455308332978191 ], [ -5.1635636059999, 55.434881900975242 ], [ -5.263091600999925, 55.447211002976999 ], [ -5.345692511999918, 55.482652082982163 ], [ -5.345692511999904, 55.550279036991896 ], [ -5.389068162999929, 55.590236718997659 ], [ -5.392893032999951, 55.646551823005751 ], [ -5.35521399599991, 55.689601953011845 ], [ -5.290516730999904, 55.708563542014524 ], [ -5.297352667999919, 55.722845768016526 ], [ -5.198312954999952, 55.704331771013841 ], [ -5.159982876999947, 55.676214909009886 ], [ -5.137440558999912, 55.592027082997959 ], [ -5.094227667999911, 55.566555077994281 ], [ -5.119740363999939, 55.523627017988069 ], [ -5.070790167999911, 55.509344791986081 ], [ -5.093006964999915, 55.50043365898474 ] ] ], [ [ [ -5.021839972999937, 55.805609440028107 ], [ -5.028797980999903, 55.723334050016575 ], [ -5.11558997299994, 55.784369206025112 ], [ -5.199533657999947, 55.911078190042772 ], [ -5.166900193999934, 55.920843815044073 ], [ -5.080922003999949, 55.879584050038403 ], [ -5.021839972999937, 55.805609440028107 ] ] ], [ [ [ -6.049794074999905, 55.76634349002267 ], [ -6.023508266999953, 55.681870833010748 ], [ -6.058257615999937, 55.660142318007601 ], [ -6.131906704999945, 55.631822005003613 ], [ -6.215321417999917, 55.626654362002903 ], [ -6.226958787999931, 55.601752017999274 ], [ -6.287342902999908, 55.57843658899602 ], [ -6.31118730399993, 55.583238020996681 ], [ -6.319243943999935, 55.628241276003081 ], [ -6.243234829999956, 55.660142318007601 ], [ -6.277088995999915, 55.70400625001389 ], [ -6.325184699999904, 55.71539947901546 ], [ -6.249989386999914, 55.776841537024097 ], [ -6.328724738999941, 55.783148503024975 ], [ -6.462961391999952, 55.674465234009659 ], [ -6.503529425999943, 55.68134186201064 ], [ -6.503895636999906, 55.722845768016526 ], [ -6.448638475999928, 55.776841537024097 ], [ -6.48216712099992, 55.790472721026006 ], [ -6.445220506999925, 55.8488223310341 ], [ -6.331369594999956, 55.889960026039816 ], [ -6.338205532999945, 55.845770573033732 ], [ -6.310902472999944, 55.818426823029945 ], [ -6.296986456999946, 55.867173568036691 ], [ -6.140126105999907, 55.94135162804691 ], [ -6.099232550999933, 55.801011458027482 ], [ -6.049794074999905, 55.76634349002267 ] ] ], [ [ [ -6.198231574999904, 56.1062686200694 ], [ -6.138010219999951, 56.124701237071868 ], [ -6.174305792999911, 56.043768620060987 ], [ -6.249175584999933, 56.031317448059269 ], [ -6.269886847999937, 56.037543034060043 ], [ -6.198231574999904, 56.1062686200694 ] ] ], [ [ [ -5.746490037999926, 56.141750391074225 ], [ -5.694488084999922, 56.147406315074953 ], [ -5.689320441999937, 56.111761784070168 ], [ -5.886341925999935, 55.886704818039433 ], [ -5.945423956999941, 55.8585879560355 ], [ -5.962066209999938, 55.804754948028041 ], [ -6.026600714999915, 55.79608795602681 ], [ -6.078114386999919, 55.834906315032185 ], [ -6.07518469999991, 55.915961003043449 ], [ -5.886341925999945, 55.976141667051699 ], [ -5.980702277999903, 55.969916081050847 ], [ -5.983265753999953, 56.008856510056233 ], [ -5.746490037999926, 56.141750391074225 ] ] ], [ [ [ -5.680897589999917, 56.194566146081215 ], [ -5.69420325399994, 56.168605859077829 ], [ -5.749134894999936, 56.161078190076758 ], [ -5.722238735999952, 56.187079167080284 ], [ -5.680897589999917, 56.194566146081215 ] ] ], [ [ [ -5.627837693999929, 56.25999583308996 ], [ -5.610585089999917, 56.249416406088606 ], [ -5.637440558999913, 56.189276432080568 ], [ -5.666656053999926, 56.222479557085052 ], [ -5.627837693999929, 56.25999583308996 ] ] ], [ [ [ -5.620757615999928, 56.324204818098465 ], [ -5.584624803999928, 56.325588281098597 ], [ -5.621693488999933, 56.276068425092113 ], [ -5.64671790299991, 56.298773503095077 ], [ -5.620757615999928, 56.324204818098465 ] ] ], [ [ [ -5.557972785999934, 56.414292708110239 ], [ -5.502756313999942, 56.421128646111121 ], [ -5.536203579999949, 56.392238672107332 ], [ -5.584624803999934, 56.387030339106659 ], [ -5.557972785999934, 56.414292708110239 ] ] ], [ [ [ -6.160023566999933, 56.469549870117397 ], [ -6.263661261999906, 56.483221745119181 ], [ -6.229603644999941, 56.503322656121746 ], [ -6.160023566999933, 56.469549870117397 ] ] ], [ [ [ -6.767201300999936, 56.548570052127587 ], [ -6.729237433999912, 56.530340885125234 ], [ -6.869292772999923, 56.479641016118663 ], [ -6.881581183999915, 56.44428131511409 ], [ -6.96519934799994, 56.459865625116137 ], [ -6.98989824099993, 56.503648177121747 ], [ -6.767201300999936, 56.548570052127587 ] ] ], [ [ [ -5.679554816999936, 56.427964583111986 ], [ -5.657622850999931, 56.400091862108354 ], [ -5.703033006999934, 56.393377995107514 ], [ -5.742339647999923, 56.414292708110239 ], [ -5.783924933999899, 56.365912175103951 ], [ -5.712228969999957, 56.380194401105832 ], [ -5.702707485999952, 56.364569401103758 ], [ -5.808705206999944, 56.318915104097805 ], [ -5.880116339999907, 56.325588281098597 ], [ -5.853505011999906, 56.343695378101017 ], [ -5.87267005099994, 56.357733464102871 ], [ -6.065988735999955, 56.289211328093828 ], [ -6.102365688999941, 56.298244531095001 ], [ -6.300038214999912, 56.268011784091001 ], [ -6.360178188999952, 56.303615625095766 ], [ -6.357004360999952, 56.336330469100048 ], [ -6.290394660999935, 56.34540436210122 ], [ -6.24722245999993, 56.311672266096814 ], [ -6.228911912999922, 56.325588281098597 ], [ -6.249989386999911, 56.332342839099503 ], [ -6.186634894999934, 56.331244206099356 ], [ -6.039906378999945, 56.371039128104535 ], [ -6.026966925999935, 56.387030339106659 ], [ -6.178944464999917, 56.359930729103141 ], [ -6.203236456999942, 56.380316471105814 ], [ -6.126535610999952, 56.448431706114654 ], [ -6.021839972999934, 56.464097396116685 ], [ -6.003285285999929, 56.489406641119935 ], [ -6.016672329999951, 56.503648177121747 ], [ -6.127430792999908, 56.474351302117988 ], [ -6.174305792999915, 56.516669010123472 ], [ -6.307728644999943, 56.537298893126078 ], [ -6.338205532999957, 56.552069401128051 ], [ -6.290394660999941, 56.571966862130552 ], [ -6.325184699999907, 56.606105859134892 ], [ -6.256255662999931, 56.620347396136722 ], [ -6.230213995999904, 56.608587956135196 ], [ -6.220285610999952, 56.632269596138272 ], [ -6.15127519399993, 56.651800846140674 ], [ -6.058257615999933, 56.640204167139302 ], [ -6.064442511999914, 56.620347396136722 ], [ -6.008778449999904, 56.598700260134024 ], [ -5.962554490999929, 56.526109115124648 ], [ -5.794341600999927, 56.516669010123472 ], [ -5.648426886999903, 56.44773997411454 ], [ -5.65355383999991, 56.427964583111986 ], [ -5.679554816999936, 56.427964583111986 ] ] ], [ [ [ -6.462310350999933, 56.691229557145718 ], [ -6.56411699099993, 56.598700260134024 ], [ -6.616322394999934, 56.575181380130964 ], [ -6.668934699999912, 56.577785547131271 ], [ -6.677886522999931, 56.558254297128784 ], [ -6.701893683999918, 56.585638737132285 ], [ -6.64810136599993, 56.602850651134538 ], [ -6.591379360999953, 56.651841537140676 ], [ -6.462310350999933, 56.691229557145718 ] ] ], [ [ [ -7.434966600999933, 57.023830469186741 ], [ -7.37352454299991, 56.982855534181823 ], [ -7.411040818999934, 56.97972239618138 ], [ -7.445301886999915, 56.947088932177465 ], [ -7.556752081999947, 56.953070378178126 ], [ -7.516509568999933, 56.981187240181569 ], [ -7.524322068999934, 57.010199284185141 ], [ -7.457102016999956, 57.031561589187746 ], [ -7.449208136999906, 57.058579818190942 ], [ -7.414418097999933, 57.044907943189358 ], [ -7.434966600999933, 57.023830469186741 ] ] ], [ [ [ -6.364247199999905, 57.055650130190607 ], [ -6.250965949999903, 57.026556706187066 ], [ -6.269886847999937, 57.010199284185141 ], [ -6.243234829999947, 57.010199284185141 ], [ -6.303618943999936, 56.943996484177077 ], [ -6.35977128799993, 56.947333073177482 ], [ -6.455474412999934, 57.00397369818441 ], [ -6.364247199999905, 57.055650130190607 ] ] ], [ [ [ -6.606353318999938, 57.051743880190195 ], [ -6.537464972999944, 57.072821354192719 ], [ -6.48965410099992, 57.058579818190942 ], [ -6.548247850999926, 57.047593490189655 ], [ -6.606353318999938, 57.051743880190195 ] ] ], [ [ [ -5.984852667999911, 57.290432031218657 ], [ -6.013905402999908, 57.317450260221776 ], [ -5.989979620999918, 57.325506901222703 ], [ -5.955718553999925, 57.321600651222248 ], [ -5.925445115999942, 57.291693425218746 ], [ -5.984852667999911, 57.290432031218657 ] ] ], [ [ [ -7.370472785999938, 57.355129297226149 ], [ -7.195423956999939, 57.305609440220387 ], [ -7.256743943999932, 57.236721094212321 ], [ -7.353016730999907, 57.242905990212982 ], [ -7.271066860999951, 57.216253971209873 ], [ -7.259917772999922, 57.159816797203113 ], [ -7.271066860999942, 57.147935287201676 ], [ -7.30760657499991, 57.155829167202647 ], [ -7.346180792999917, 57.147935287201676 ], [ -7.277251756999926, 57.147935287201676 ], [ -7.215891079999946, 57.113836979197679 ], [ -7.239125128999939, 57.100531315196037 ], [ -7.321685350999931, 57.109930729197167 ], [ -7.353016730999904, 57.099554753195939 ], [ -7.39069576699995, 57.129055078199499 ], [ -7.414418097999945, 57.216253971209873 ], [ -7.455433722999934, 57.236721094212321 ], [ -7.389719204999949, 57.311957096221093 ], [ -7.428130662999925, 57.387600000229988 ], [ -7.353016730999904, 57.408026432232305 ], [ -7.22264563699991, 57.339789128224339 ], [ -7.27179928299995, 57.337469792224098 ], [ -7.371083136999908, 57.387600000229988 ], [ -7.393950975999928, 57.380764063229137 ], [ -7.370472785999938, 57.355129297226149 ] ] ], [ [ [ -7.369618292999919, 57.489325260241699 ], [ -7.202137824999911, 57.462632552238553 ], [ -7.263579881999924, 57.448960677237032 ], [ -7.205433722999943, 57.418605859233558 ], [ -7.318267381999928, 57.408026432232305 ], [ -7.407622850999934, 57.445624089236674 ], [ -7.369618292999919, 57.489325260241699 ] ] ], [ [ [ -6.054798956999944, 57.326402083222796 ], [ -6.069081183999914, 57.436102604235565 ], [ -6.016672329999951, 57.462632552238567 ], [ -6.037098761999911, 57.489935612241744 ], [ -5.995594855999905, 57.489935612241744 ], [ -6.009836391999955, 57.511053776244218 ], [ -5.982533331999937, 57.497463281242624 ], [ -6.017648891999955, 57.418198958233511 ], [ -5.989491339999917, 57.347316797225261 ], [ -6.054798956999944, 57.326402083222796 ] ] ], [ [ [ -5.968251105999911, 57.517889714244959 ], [ -5.982533331999954, 57.566310938250474 ], [ -5.961903449999903, 57.577297266251691 ], [ -5.968251105999911, 57.517889714244959 ] ] ], [ [ [ -7.189116990999926, 57.655096745260565 ], [ -7.065052863999937, 57.633978581258205 ], [ -7.099191860999945, 57.607326563255107 ], [ -7.171131964999901, 57.64142487025903 ], [ -7.215891079999944, 57.64142487025903 ], [ -7.154286261999909, 57.587347721252868 ], [ -7.106027798999953, 57.592962956253473 ], [ -7.12559973899994, 57.571112370251072 ], [ -7.236317511999913, 57.552069401248914 ], [ -7.256743943999941, 57.572495833251203 ], [ -7.312082485999951, 57.5520694012489 ], [ -7.144154425999944, 57.548529362248431 ], [ -7.157541469999949, 57.511053776244218 ], [ -7.305287238999936, 57.511053776244218 ], [ -7.346180792999917, 57.544582422248034 ], [ -7.318267381999934, 57.5520694012489 ], [ -7.442372199999908, 57.579291081251938 ], [ -7.470855272999922, 57.567206120250589 ], [ -7.544829881999926, 57.592962956253473 ], [ -7.476551886999911, 57.661932682261323 ], [ -7.38711503799993, 57.661932682261323 ], [ -7.414418097999939, 57.648260807259753 ], [ -7.396555141999951, 57.635321354258323 ], [ -7.312082485999947, 57.688544010264302 ], [ -7.332508917999911, 57.661932682261323 ], [ -7.277902798999953, 57.64956289125989 ], [ -7.256743943999938, 57.648260807259753 ], [ -7.277251756999919, 57.661932682261323 ], [ -7.181711391999951, 57.688544010264302 ], [ -7.165394660999932, 57.669867253262161 ], [ -7.189116990999926, 57.655096745260565 ] ] ], [ [ [ -6.580555792999925, 57.338812565224238 ], [ -6.695952928999929, 57.364406641227262 ], [ -6.783843553999929, 57.456447656237877 ], [ -6.722401495999913, 57.456447656237877 ], [ -6.747141079999948, 57.487941797241575 ], [ -6.71593176999994, 57.514227604244482 ], [ -6.606800910999932, 57.443915104236417 ], [ -6.630604620999919, 57.50177643224314 ], [ -6.611439581999953, 57.512193099244229 ], [ -6.564116990999938, 57.503607487243372 ], [ -6.599354620999915, 57.537543034247236 ], [ -6.654774542999915, 57.5520694012489 ], [ -6.640451626999936, 57.607326563255107 ], [ -6.464914516999955, 57.512518620244379 ], [ -6.420765753999948, 57.517889714244959 ], [ -6.443470831999939, 57.488104557241599 ], [ -6.400257941999942, 57.520982162245311 ], [ -6.31090247299995, 57.462632552238553 ], [ -6.389556443999935, 57.552476302248877 ], [ -6.359852667999915, 57.592962956253494 ], [ -6.400257941999932, 57.599798893254246 ], [ -6.415679490999933, 57.645819401259516 ], [ -6.310902472999944, 57.70282623726586 ], [ -6.153879360999952, 57.589544987253142 ], [ -6.133371548999943, 57.476263737240203 ], [ -6.146962042999918, 57.425116276234291 ], [ -6.187977667999913, 57.39435455723077 ], [ -6.126535610999944, 57.408026432232305 ], [ -6.135243292999912, 57.357367253226393 ], [ -6.099232550999946, 57.332342839223571 ], [ -6.153879360999952, 57.305609440220387 ], [ -6.045399542999909, 57.308294987220705 ], [ -6.078114386999915, 57.277655339217084 ], [ -6.008452928999927, 57.286769922218205 ], [ -5.92324785099993, 57.26691315121586 ], [ -5.900624152999901, 57.242905990212982 ], [ -5.767893032999948, 57.277411198217052 ], [ -5.647368943999936, 57.26463450521554 ], [ -5.662953253999939, 57.212713932209461 ], [ -5.727284308999913, 57.172796940204691 ], [ -5.782053188999944, 57.166245833203888 ], [ -5.800363735999953, 57.123724675198794 ], [ -5.934925910999935, 57.041205143188947 ], [ -6.006743943999933, 57.028387760187385 ], [ -6.02725175699993, 57.062160547191475 ], [ -5.986927863999938, 57.11823151019825 ], [ -5.941558397999928, 57.154771224202555 ], [ -5.845366990999931, 57.188299870206521 ], [ -5.98623613199993, 57.174627995204936 ], [ -6.044016079999942, 57.229925846211472 ], [ -6.023508266999953, 57.19574615920741 ], [ -6.088612433999913, 57.127427474199237 ], [ -6.112904425999941, 57.188299870206521 ], [ -6.164458787999934, 57.201361393208039 ], [ -6.177154100999925, 57.181219792205667 ], [ -6.318348761999915, 57.1610375002033 ], [ -6.27672278599993, 57.201971745208134 ], [ -6.345611131999924, 57.188299870206521 ], [ -6.379790818999934, 57.223089909210685 ], [ -6.345611131999926, 57.242905990212982 ], [ -6.408192511999915, 57.243353581213043 ], [ -6.482167120999914, 57.311835026221146 ], [ -6.416411912999929, 57.334540104223784 ], [ -6.310902472999937, 57.298163151219512 ], [ -6.323882615999942, 57.311428125221056 ], [ -6.406158006999932, 57.351548568225681 ], [ -6.462961391999955, 57.346584375225149 ], [ -6.475941535999932, 57.401190495231589 ], [ -6.523793097999938, 57.380764063229137 ], [ -6.530629035999934, 57.415472721233186 ], [ -6.571522589999914, 57.387600000229988 ], [ -6.580555792999925, 57.338812565224238 ] ] ], [ [ [ -7.180165167999916, 57.734686589269494 ], [ -7.152007615999931, 57.726304427268452 ], [ -7.222645636999916, 57.709662175266601 ], [ -7.180165167999916, 57.734686589269494 ] ] ], [ [ [ -8.621001756999929, 57.833197331280324 ], [ -8.569081183999907, 57.823675846279258 ], [ -8.552235480999908, 57.818915104278815 ], [ -8.590891079999942, 57.804754948277186 ], [ -8.621001756999929, 57.833197331280324 ] ] ], [ [ [ -7.04458574099993, 57.902085677287886 ], [ -7.079335089999908, 57.880316471285497 ], [ -7.037749803999925, 57.916327214289495 ], [ -6.997385219999951, 57.915106510289334 ], [ -6.997059699999909, 57.89354075528702 ], [ -7.04458574099993, 57.902085677287886 ] ] ], [ [ [ -6.862863735999952, 58.216457422321646 ], [ -6.882313605999911, 58.23627350332373 ], [ -6.88003495999993, 58.257757878325975 ], [ -6.791249152999907, 58.209947005320913 ], [ -6.862863735999952, 58.216457422321646 ] ] ], [ [ [ -6.973500128999937, 57.733343815269272 ], [ -7.125070766999947, 57.836900130280718 ], [ -7.096994594999956, 57.838039453280842 ], [ -7.079335089999915, 57.812689518278063 ], [ -6.984852667999911, 57.864894922283817 ], [ -6.914173956999944, 57.867905990284122 ], [ -6.962554490999928, 57.894680078287031 ], [ -6.881703253999945, 57.914292708289231 ], [ -6.832264777999912, 57.902085677287886 ], [ -6.865834113999934, 57.921332096290016 ], [ -6.839100714999916, 57.935614323291574 ], [ -7.009755011999914, 57.955267643293716 ], [ -7.112782355999917, 57.990220443297488 ], [ -7.051909959999929, 58.011379297299769 ], [ -7.058216925999938, 58.024969792301256 ], [ -6.934641079999949, 58.052313542304169 ], [ -7.058216925999935, 58.038641667302734 ], [ -7.024037238999933, 58.052313542304177 ], [ -7.051909959999931, 58.058539128304851 ], [ -7.024037238999937, 58.079575912307071 ], [ -7.075550910999931, 58.062241927305266 ], [ -7.112782355999908, 58.100083724309307 ], [ -7.123402472999934, 58.136664128313164 ], [ -7.093006964999917, 58.168402409316485 ], [ -7.112782355999908, 58.182033594317957 ], [ -7.01720130099994, 58.189439193318812 ], [ -7.058216925999935, 58.213364974321223 ], [ -7.03087317599995, 58.244696354324638 ], [ -6.907338019999941, 58.216782943321654 ], [ -6.937082485999942, 58.211004948321069 ], [ -6.85960852799991, 58.10687897130996 ], [ -6.887521938999948, 58.168402409316485 ], [ -6.869496222999939, 58.189439193318783 ], [ -6.798451300999942, 58.202378646320092 ], [ -6.736683722999944, 58.168402409316485 ], [ -6.709380662999928, 58.189439193318783 ], [ -6.75719153599993, 58.23041412832309 ], [ -6.783843553999925, 58.23041412832309 ], [ -6.81859290299991, 58.285101628328839 ], [ -6.715565558999916, 58.339667057334523 ], [ -6.557484503999945, 58.368557031337495 ], [ -6.243234829999953, 58.510972396352102 ], [ -6.166859503999931, 58.419501042342731 ], [ -6.215321417999923, 58.367621159337411 ], [ -6.167469855999915, 58.346502995335271 ], [ -6.317860480999906, 58.268296615326996 ], [ -6.318348761999915, 58.244696354324638 ], [ -6.366118943999936, 58.237250065323742 ], [ -6.347727016999952, 58.22113678432212 ], [ -6.270904100999932, 58.216498112321645 ], [ -6.150705532999956, 58.25836822932601 ], [ -6.160023566999939, 58.216782943321654 ], [ -6.233550584999925, 58.184271550318172 ], [ -6.400257941999938, 58.209947005320913 ], [ -6.372954881999934, 58.141058659313678 ], [ -6.489654100999924, 58.100083724309307 ], [ -6.523793097999938, 58.10687897130996 ], [ -6.619374152999917, 58.086411849307822 ], [ -6.581288214999912, 58.079006250307046 ], [ -6.407093878999949, 58.10687897130996 ], [ -6.366118943999926, 58.058539128304851 ], [ -6.400257941999938, 58.045477604303464 ], [ -6.352447068999937, 58.038641667302734 ], [ -6.424468553999928, 58.003892318298909 ], [ -6.544911261999911, 58.017523503300445 ], [ -6.455474412999937, 57.976548568296039 ], [ -6.507557745999918, 57.935980534291602 ], [ -6.551096157999947, 57.943060612292371 ], [ -6.537464972999937, 57.921332096290016 ], [ -6.578439907999948, 57.917222396289546 ], [ -6.629872199999908, 57.956732487293863 ], [ -6.619374152999915, 57.915106510289334 ], [ -6.660959438999957, 57.928778385290826 ], [ -6.709380662999934, 58.003892318298909 ], [ -6.665842251999946, 58.044663802303383 ], [ -6.592030402999903, 58.058539128304851 ], [ -6.688303188999946, 58.058539128304851 ], [ -6.764027472999929, 58.003892318298909 ], [ -6.673980272999924, 57.928778385290855 ], [ -6.69566809799995, 57.921332096290016 ], [ -6.660959438999955, 57.880316471285497 ], [ -6.787017381999935, 57.898830469287574 ], [ -6.805572068999937, 57.880316471285497 ], [ -6.764027472999938, 57.867905990284122 ], [ -6.741932745999909, 57.831488346280167 ], [ -6.7912491529999, 57.825751042279506 ], [ -6.783843553999931, 57.812689518278063 ], [ -6.852691209999929, 57.833197331280303 ], [ -6.839100714999919, 57.812689518278063 ], [ -6.887521938999944, 57.784816797274992 ], [ -6.873280402999909, 57.777980859274223 ], [ -6.973500128999937, 57.733343815269272 ] ] ], [ [ [ -2.906971808999919, 58.83808014338468 ], [ -2.885365363999932, 58.8200544273829 ], [ -2.919422980999911, 58.806463932381632 ], [ -2.911040818999931, 58.748683984375894 ], [ -2.939930792999914, 58.73069895837412 ], [ -2.987782355999904, 58.757391667376858 ], [ -2.974354620999918, 58.77204010437827 ], [ -3.015695766999952, 58.812648828382244 ], [ -2.978871222999941, 58.808172917381846 ], [ -2.967193162999926, 58.8200544273829 ], [ -3.035552537999934, 58.826320703383566 ], [ -2.906971808999919, 58.83808014338468 ] ] ], [ [ [ -3.248402472999933, 58.792181706380234 ], [ -3.131703253999947, 58.806463932381632 ], [ -3.156320766999956, 58.786769922379669 ], [ -3.299305792999914, 58.77912018237901 ], [ -3.378773566999941, 58.874090885388277 ], [ -3.43016516799992, 58.874823307388333 ], [ -3.39321855399993, 58.920233464392766 ], [ -3.337147589999915, 58.928697005393545 ], [ -3.246083136999908, 58.89618561239039 ], [ -3.172718878999947, 58.826320703383594 ], [ -3.248402472999933, 58.792181706380234 ] ] ], [ [ [ -2.713612433999913, 58.966864323397289 ], [ -2.714751756999929, 58.925482487393261 ], [ -2.785023566999937, 58.910711979391763 ], [ -2.823841925999943, 58.881537175388914 ], [ -2.926828579999951, 58.904852604391287 ], [ -2.98119055899991, 58.960109766396549 ], [ -3.02383378799993, 58.940497135394693 ], [ -3.084543423999943, 58.943019922394917 ], [ -3.070301886999909, 58.928697005393545 ], [ -3.118031378999936, 58.915716862392266 ], [ -3.202788865999932, 58.915920313392313 ], [ -3.238514777999906, 58.950913802395647 ], [ -3.207386847999942, 59.005072331400868 ], [ -3.227894660999929, 59.038560287404081 ], [ -3.240956183999911, 59.0112979174015 ], [ -3.275786912999927, 59.0112979174015 ], [ -3.256988084999932, 58.978338932398387 ], [ -3.289418097999936, 58.95038483139561 ], [ -3.353260870999913, 58.98281484439881 ], [ -3.35020911399994, 59.097967839409847 ], [ -3.279286261999913, 59.143540755414115 ], [ -3.182728644999937, 59.147162175414422 ], [ -3.121571417999916, 59.12396881541224 ], [ -3.084543423999941, 59.127997135412656 ], [ -2.994496222999939, 59.059719141406163 ], [ -3.062814907999945, 59.04946523440514 ], [ -3.131703253999944, 59.005072331400868 ], [ -3.116688605999911, 58.998195703400206 ], [ -3.059722459999928, 58.991400456399532 ], [ -3.011952277999912, 59.017401432402082 ], [ -2.974436001999946, 58.999090885400378 ], [ -2.933094855999915, 59.0112979174015 ], [ -2.895375128999941, 58.991034245399526 ], [ -2.878407355999904, 58.998236393400227 ], [ -2.885365363999932, 58.977118229398293 ], [ -2.780629035999942, 58.990301823399541 ], [ -2.837554490999934, 58.95038483139561 ], [ -2.79478919199994, 58.926092839393334 ], [ -2.77538001199991, 58.928697005393545 ], [ -2.795969204999937, 58.956691797396218 ], [ -2.713612433999913, 58.966864323397289 ] ] ], [ [ [ -2.548451300999936, 59.109035547410855 ], [ -2.514759894999944, 59.093817448409403 ], [ -2.532622850999931, 59.083563542408363 ], [ -2.59732011599993, 59.073309635407419 ], [ -2.599476691999935, 59.095892643409577 ], [ -2.634429490999938, 59.108628646410779 ], [ -2.670725063999945, 59.08152903740816 ], [ -2.665516730999904, 59.108099675410685 ], [ -2.617787238999941, 59.127997135412656 ], [ -2.665516730999906, 59.155218815415147 ], [ -2.611561652999906, 59.161444401415764 ], [ -2.617787238999938, 59.148423568414543 ], [ -2.590077277999911, 59.148871159414554 ], [ -2.569406704999951, 59.142238672413974 ], [ -2.592884894999941, 59.138576563413572 ], [ -2.583648240999935, 59.120550846411909 ], [ -2.53526770699994, 59.127997135412656 ], [ -2.548451300999936, 59.109035547410855 ] ] ], [ [ [ -3.036447719999952, 59.129095768412704 ], [ -3.11465410099993, 59.158351953415469 ], [ -3.120432094999957, 59.176581120417147 ], [ -3.074208136999908, 59.197495833419168 ], [ -3.029123501999946, 59.182359115417697 ], [ -2.952951626999946, 59.183172917417814 ], [ -2.975249803999924, 59.133775130413177 ], [ -3.036447719999952, 59.129095768412704 ] ] ], [ [ [ -2.830067511999913, 59.175767318417059 ], [ -2.785959438999946, 59.1968447924191 ], [ -2.787912563999941, 59.247219141423813 ], [ -2.761097785999938, 59.25210195342423 ], [ -2.768625454999941, 59.237860417422937 ], [ -2.727650519999936, 59.224188542421722 ], [ -2.761097785999927, 59.193101302418718 ], [ -2.734486456999944, 59.148423568414543 ], [ -2.789133266999955, 59.145331120414305 ], [ -2.830067511999913, 59.175767318417059 ] ] ], [ [ [ -2.563221808999919, 59.265082096425481 ], [ -2.404896613999929, 59.316351628430198 ], [ -2.392486131999932, 59.285467839427348 ], [ -2.458973761999905, 59.27912018242678 ], [ -2.504505988999933, 59.233384505422507 ], [ -2.516265428999929, 59.252142643424278 ], [ -2.576812303999928, 59.224188542421722 ], [ -2.569406704999948, 59.244614974423591 ], [ -2.604156053999927, 59.244614974423591 ], [ -2.692616339999911, 59.192287500418672 ], [ -2.687977667999919, 59.217962956421026 ], [ -2.595570441999939, 59.264837956425481 ], [ -2.611561652999908, 59.293036198428062 ], [ -2.522124803999925, 59.306708073429377 ], [ -2.563221808999919, 59.265082096425481 ] ] ], [ [ [ -3.008168097999938, 59.271307682426048 ], [ -3.077056443999935, 59.334051823431857 ], [ -3.008168097999941, 59.334051823431857 ], [ -2.965199347999933, 59.360907292434327 ], [ -2.946359829999946, 59.349554753433317 ], [ -2.987782355999904, 59.31976959643054 ], [ -2.895497199999908, 59.302964583428981 ], [ -2.830067511999913, 59.25210195342423 ], [ -2.88536536399994, 59.230414128422197 ], [ -2.870961066999936, 59.258286849424827 ], [ -2.947417772999927, 59.291205143427888 ], [ -2.974680141999948, 59.293036198428062 ], [ -2.960357225999925, 59.271307682426048 ], [ -3.008168097999938, 59.271307682426048 ] ] ], [ [ [ -1.645497199999902, 59.514105534448284 ], [ -1.625233527999908, 59.555812891452035 ], [ -1.583119269999939, 59.55996328145244 ], [ -1.608143683999913, 59.547349349451324 ], [ -1.596750454999946, 59.532049870450003 ], [ -1.645497199999902, 59.514105534448284 ] ] ], [ [ [ -0.769154425999944, 60.613185938541683 ], [ -0.760731574999909, 60.587836003539593 ], [ -0.785227016999948, 60.57632070353872 ], [ -0.870472785999932, 60.587836003539593 ], [ -0.856190558999914, 60.56732819053807 ], [ -0.883534308999913, 60.570542708538277 ], [ -0.938832160999937, 60.628729557542961 ], [ -0.822132941999938, 60.628729557542961 ], [ -0.80907141799992, 60.608303125541283 ], [ -0.769154425999944, 60.613185938541683 ] ] ], [ [ [ -1.144276495999919, 60.388576563523529 ], [ -1.034413214999918, 60.450628971528616 ], [ -1.125070766999948, 60.383734440523099 ], [ -1.117543097999941, 60.373928125522291 ], [ -1.068267381999929, 60.396307682524174 ], [ -1.070423956999948, 60.359523828521169 ], [ -1.172230597999936, 60.347601628520188 ], [ -1.075306769999946, 60.320949609518038 ], [ -1.137928839999913, 60.290716862515488 ], [ -1.134348110999952, 60.27558014351424 ], [ -1.089751756999924, 60.272528385513937 ], [ -1.147857225999929, 60.248846745512004 ], [ -1.192616339999916, 60.272528385513937 ], [ -1.185170050999939, 60.245184635511755 ], [ -1.219390428999926, 60.238348698511153 ], [ -1.17902584499995, 60.232163802510584 ], [ -1.199452277999916, 60.204250391508275 ], [ -1.157866990999934, 60.224676823510094 ], [ -1.192616339999915, 60.176336979506026 ], [ -1.155140753999949, 60.192572331507321 ], [ -1.157866990999939, 60.170111393505444 ], [ -1.123768683999912, 60.149603581503719 ], [ -1.199452277999907, 60.129095768502033 ], [ -1.189849412999938, 60.113348698500694 ], [ -1.213205532999954, 60.107367253500151 ], [ -1.164702928999931, 60.060248112496225 ], [ -1.185170050999942, 60.03827545649424 ], [ -1.21939042899993, 60.039740300494373 ], [ -1.201242641999953, 59.986395573489865 ], [ -1.247303839999915, 59.997503971490865 ], [ -1.27456620999993, 59.854193425478456 ], [ -1.295033331999945, 59.874660547480197 ], [ -1.311105923999947, 59.865545964479473 ], [ -1.301421678999931, 59.888902083481533 ], [ -1.375965949999904, 59.908636784483214 ], [ -1.355702277999915, 59.945461328486331 ], [ -1.322987433999905, 59.950995182486842 ], [ -1.349720831999943, 59.977687891489147 ], [ -1.32298743399991, 59.977687891489118 ], [ -1.262603318999928, 60.115057682500812 ], [ -1.288889126999943, 60.155829167504287 ], [ -1.269357876999945, 60.185451563506724 ], [ -1.312408006999933, 60.180650130506287 ], [ -1.267730272999923, 60.245184635511777 ], [ -1.32925370999993, 60.204250391508275 ], [ -1.357655402999909, 60.244330143511654 ], [ -1.411122199999903, 60.258856510512892 ], [ -1.349720831999946, 60.211086328508898 ], [ -1.356556769999939, 60.196763412507686 ], [ -1.398101365999938, 60.211086328508898 ], [ -1.404611782999951, 60.179510807506261 ], [ -1.418690558999918, 60.190619206507129 ], [ -1.455433722999933, 60.156195378504215 ], [ -1.527251756999938, 60.192938542507385 ], [ -1.46642005099994, 60.217230534509348 ], [ -1.50365149599992, 60.243353581511542 ], [ -1.52505449099994, 60.212347721508969 ], [ -1.548247850999929, 60.229722396510361 ], [ -1.62466386599993, 60.217230534509348 ], [ -1.669748501999953, 60.239569401511268 ], [ -1.690174933999907, 60.285142318515035 ], [ -1.638742641999945, 60.311468815517216 ], [ -1.548410610999945, 60.292954818515611 ], [ -1.55581620999993, 60.306626693516826 ], [ -1.520985480999908, 60.299790755516234 ], [ -1.528431769999941, 60.313462630517336 ], [ -1.481434699999908, 60.316473698517605 ], [ -1.466420050999942, 60.27871328151447 ], [ -1.422759568999937, 60.326117253518404 ], [ -1.374256964999915, 60.30841705751704 ], [ -1.364003058999915, 60.286200260515116 ], [ -1.336089647999922, 60.306626693516826 ], [ -1.364003058999912, 60.320949609518038 ], [ -1.34349524599992, 60.347601628520188 ], [ -1.260365363999934, 60.355047917520814 ], [ -1.337554490999939, 60.37445709652242 ], [ -1.34349524599992, 60.395982162524113 ], [ -1.373402472999936, 60.38108958352295 ], [ -1.395008917999915, 60.389960026523653 ], [ -1.384429490999928, 60.42332591252638 ], [ -1.439035610999947, 60.430812891526998 ], [ -1.445952928999929, 60.492254948532022 ], [ -1.480091925999942, 60.457464909529115 ], [ -1.499094204999947, 60.469061589530114 ], [ -1.480091925999941, 60.48541901053143 ], [ -1.609364386999911, 60.483343815531256 ], [ -1.586171027999909, 60.512111719533557 ], [ -1.555816209999927, 60.512111719533557 ], [ -1.526966925999946, 60.556830143537233 ], [ -1.455067511999911, 60.508856510533356 ], [ -1.384429490999939, 60.512111719533557 ], [ -1.480091925999942, 60.539374089535841 ], [ -1.411122199999908, 60.580389714539074 ], [ -1.418690558999912, 60.608303125541255 ], [ -1.366851365999935, 60.612250065541637 ], [ -1.315541144999937, 60.594061589540175 ], [ -1.30142167899992, 60.643052474544028 ], [ -1.292103644999935, 60.599595443540508 ], [ -1.336089647999922, 60.533189193535215 ], [ -1.315541144999937, 60.518947656534131 ], [ -1.336089647999922, 60.48541901053143 ], [ -1.295033331999946, 60.492254948532022 ], [ -1.370228644999941, 60.402167057524657 ], [ -1.32298743399991, 60.409654037525229 ], [ -1.296986456999948, 60.437974349527501 ], [ -1.233631964999911, 60.443793034528071 ], [ -1.295033331999952, 60.471136784530266 ], [ -1.271962042999914, 60.48427968853138 ], [ -1.260365363999934, 60.464911198529812 ], [ -1.217518683999909, 60.497992253532395 ], [ -1.151722785999941, 60.430812891526998 ], [ -1.18590247299994, 60.431586003527052 ], [ -1.220773891999951, 60.409125065525188 ], [ -1.16543535099993, 60.412054753525474 ], [ -1.144276495999919, 60.388576563523529 ] ] ], [ [ [ -0.993478969999951, 60.731146550551031 ], [ -0.993478969999953, 60.635646875543465 ], [ -1.062326626999949, 60.662909245545663 ], [ -1.013905402999909, 60.615139063541847 ], [ -1.069162563999949, 60.615139063541847 ], [ -1.011057094999947, 60.57770416753889 ], [ -1.041859503999938, 60.553045964536899 ], [ -1.023793097999941, 60.502997135532809 ], [ -1.097035285999934, 60.515529688533888 ], [ -1.097035285999931, 60.492254948532022 ], [ -1.130523240999932, 60.49603912853231 ], [ -1.167795376999942, 60.530462956535025 ], [ -1.180043097999934, 60.624660547542575 ], [ -1.17137610599991, 60.645982162544264 ], [ -1.13805091099993, 60.649237370544625 ], [ -1.130116339999907, 60.619330143542193 ], [ -1.103423631999926, 60.615139063541847 ], [ -1.120432094999944, 60.696926172548331 ], [ -1.092111782999952, 60.735337630551378 ], [ -1.069162563999954, 60.71816640655004 ], [ -1.057606574999905, 60.729722396550933 ], [ -0.993478969999951, 60.731146550551031 ] ] ], [ [ [ -0.821888800999945, 60.68500397154736 ], [ -0.966175910999936, 60.690171615547754 ], [ -0.926136847999937, 60.769598698554077 ], [ -0.938832160999925, 60.800116276556494 ], [ -0.870106574999906, 60.845200912559896 ], [ -0.85619055899991, 60.82396067755824 ], [ -0.888335740999935, 60.7897403005556 ], [ -0.861968553999928, 60.798244531556293 ], [ -0.822132941999935, 60.847886458560168 ], [ -0.771839972999934, 60.833400781559 ], [ -0.760731574999914, 60.813137109557474 ], [ -0.821400519999939, 60.758530990553147 ], [ -0.801665818999933, 60.74481842555209 ], [ -0.850005662999934, 60.71816640655004 ], [ -0.821888800999945, 60.68500397154736 ] ] ], [ [ [ -6.307443813999948, 49.927435610881275 ], [ -6.284169074999907, 49.92275624888012 ], [ -6.297271287999934, 49.909613344876718 ], [ -6.307443813999948, 49.927435610881275 ] ] ], [ [ [ -6.341786261999914, 49.963609113890541 ], [ -6.332508917999915, 49.94171783788493 ], [ -6.348947719999953, 49.964341535890796 ], [ -6.341786261999914, 49.963609113890541 ] ] ], [ [ [ -4.666981574999902, 51.187689517187806 ], [ -4.670480923999944, 51.16010162718154 ], [ -4.671213344999955, 51.1950544261895 ], [ -4.666981574999902, 51.187689517187806 ] ] ], [ [ [ -13.688588019999937, 57.596258854253904 ], [ -13.690419074999907, 57.597805078254012 ], [ -13.687652147999923, 57.597154037253986 ], [ -13.688588019999937, 57.596258854253904 ] ] ], [ [ [ -1.308257615999934, 60.094142969499075 ], [ -1.333566860999951, 60.043605859494761 ], [ -1.334624803999928, 60.076320703497558 ], [ -1.36790930899991, 60.044826563494858 ], [ -1.34569251199991, 60.108954167500315 ], [ -1.315825975999932, 60.11546458350081 ], [ -1.323353644999941, 60.088202214498608 ], [ -1.308257615999934, 60.094142969499075 ] ] ], [ [ [ -2.04889889199996, 60.147121484503515 ], [ -2.062977667999915, 60.117987370501062 ], [ -2.112294074999907, 60.138006901502756 ], [ -2.08788001199992, 60.155462956504209 ], [ -2.04889889199996, 60.147121484503515 ] ] ], [ [ [ -1.050526495999915, 60.169623112505384 ], [ -1.052723761999912, 60.148423568503588 ], [ -1.083892381999931, 60.105169987499949 ], [ -1.122222459999931, 60.123114323501582 ], [ -1.119252081999943, 60.15558502650422 ], [ -1.134917772999925, 60.178697005506137 ], [ -1.079457160999937, 60.188299870506988 ], [ -1.069935675999942, 60.164211328504997 ], [ -1.050526495999915, 60.169623112505384 ] ] ], [ [ [ -0.912668423999945, 60.386786198523389 ], [ -0.975982225999927, 60.340318099519578 ], [ -1.034087693999936, 60.340155339519583 ], [ -1.006418423999942, 60.368963932521972 ], [ -0.912668423999945, 60.386786198523389 ] ] ] ] } },
{ "type": "Feature", "properties": { "map_id": "EL" }, "geometry": { "type": "MultiPolygon", "coordinates": [ [ [ [ 20.965262492000086, 40.849394016563004 ], [ 21.329271281000075, 40.866292210570919 ], [ 21.404925577000114, 40.908615207590501 ], [ 21.509518677000127, 40.900502007586738 ], [ 21.581555623000011, 40.866292210570919 ], [ 21.685115194000044, 40.927993870599558 ], [ 21.76552372200009, 40.923911431597631 ], [ 21.894301391000081, 41.053825982657756 ], [ 21.909080851000105, 41.097492567677897 ], [ 22.0481938070001, 41.151856175702932 ], [ 22.103384237000082, 41.121522108688929 ], [ 22.205806926000033, 41.16141631470731 ], [ 22.302648560000133, 41.145499973700019 ], [ 22.308746379000095, 41.124984429690493 ], [ 22.451476684000077, 41.113667290685314 ], [ 22.590176229000065, 41.125139459690629 ], [ 22.644539835000042, 41.180226536715892 ], [ 22.704897908000131, 41.139660536697221 ], [ 22.75130334500005, 41.315205377777822 ], [ 22.780965616000085, 41.334894097786744 ], [ 23.157170043000129, 41.316342258778235 ], [ 23.199544719000123, 41.332982069785828 ], [ 23.224246053000059, 41.379025771806852 ], [ 23.287704712000071, 41.398197727815578 ], [ 23.326048625000105, 41.369310601802425 ], [ 23.414518677000046, 41.399903049816402 ], [ 23.612439412000132, 41.371015924803203 ], [ 23.67217736800006, 41.402951958817766 ], [ 23.754446248000107, 41.400678195816717 ], [ 23.777080526000045, 41.429048557829695 ], [ 23.894799438000039, 41.464343560845634 ], [ 23.949886515000113, 41.437575168833519 ], [ 24.000736125000113, 41.464136854845563 ], [ 24.034739217000066, 41.451321099839767 ], [ 24.047348267000071, 41.525735162873545 ], [ 24.116491333000081, 41.533383273876979 ], [ 24.170234823000065, 41.511575819867069 ], [ 24.196279744000066, 41.547025852883159 ], [ 24.250746704000044, 41.563458957890575 ], [ 24.296118612000068, 41.515244846868768 ], [ 24.43884891700014, 41.52769886687436 ], [ 24.510162395000119, 41.561650282889744 ], [ 24.580442342000133, 41.440520725834865 ], [ 24.69919478300011, 41.408946425820545 ], [ 24.77443566900012, 41.348071588792749 ], [ 24.794279419000127, 41.347399794792437 ], [ 24.80327111800008, 41.392668348813068 ], [ 24.886366822000078, 41.400626519816655 ], [ 25.101857544000101, 41.336651096787499 ], [ 25.239110148000091, 41.240894667743731 ], [ 25.505088745000076, 41.280582167761942 ], [ 25.551494182000084, 41.315670464778044 ], [ 25.679961792000089, 41.297170302769551 ], [ 25.811013224000074, 41.341043593789479 ], [ 25.882016642000082, 41.304043267772727 ], [ 25.959634643000062, 41.314998671777623 ], [ 26.120865112000079, 41.357786757797193 ], [ 26.175642130000135, 41.431890760830946 ], [ 26.14587650600005, 41.478037815851863 ], [ 26.158072144000066, 41.542323296880959 ], [ 26.13120039800009, 41.55265858388573 ], [ 26.115284057000054, 41.616634006914623 ], [ 26.055029337000093, 41.648750909929021 ], [ 26.06050704000009, 41.707300307955364 ], [ 26.226181681000099, 41.749674981974415 ], [ 26.273930705000058, 41.714896742958707 ], [ 26.359610230000044, 41.714896742958707 ], [ 26.476192260000126, 41.675726006941161 ], [ 26.363323737496433, 41.256553394303218 ], [ 26.320542846000134, 41.246217340746213 ], [ 26.335612777146448, 41.153210487340154 ], [ 26.271775165739125, 40.913257230460317 ], [ 26.239204142000109, 40.88567087157984 ], [ 26.226181681000099, 40.899313450586227 ], [ 26.212022338000054, 40.847430312562111 ], [ 26.08159102400009, 40.735550835509954 ], [ 26.04395592500008, 40.738470763511231 ], [ 26.005869988000086, 40.803941141541806 ], [ 26.053965691000084, 40.830959370554396 ], [ 25.998383009000065, 40.838771870558091 ], [ 25.998383009000051, 40.817043354547941 ], [ 25.918630405000041, 40.852972716564643 ], [ 25.537771030000044, 40.870428771572797 ], [ 25.299652540000064, 40.951849670610564 ], [ 25.266123894000089, 40.926906636598993 ], [ 25.180674675000098, 40.942694396606363 ], [ 25.134043816000077, 40.962876688615658 ], [ 25.169932488000082, 40.995794982630898 ], [ 25.13843834700009, 41.010077209637537 ], [ 25.039073113000082, 41.006048888635668 ], [ 24.98975670700008, 40.942124735606065 ], [ 24.89210045700008, 40.92064036059611 ], [ 24.802012566000087, 40.853460998564856 ], [ 24.708750847000086, 40.851752013564059 ], [ 24.662771030000048, 40.8797061155771 ], [ 24.628672722000083, 40.858587951567287 ], [ 24.566661004000082, 40.951727599610578 ], [ 24.505137566000087, 40.961615295615083 ], [ 24.391774936000044, 40.936468810603429 ], [ 24.312673373000049, 40.879706115577115 ], [ 24.331309441000091, 40.855047912565638 ], [ 24.305674675000088, 40.841742248559434 ], [ 24.340668165000071, 40.83128489155451 ], [ 24.110118035000081, 40.727850646506312 ], [ 23.986338738000089, 40.732163797508285 ], [ 23.842051629000082, 40.78335194853225 ], [ 23.71070397200009, 40.73761627151093 ], [ 23.700205925000098, 40.673651427480998 ], [ 23.755625847000086, 40.645656636467869 ], [ 23.79265384200005, 40.587958068440827 ], [ 23.914886915000061, 40.538885802417745 ], [ 23.823008660000081, 40.506984761402677 ], [ 23.868174675000084, 40.413519591358593 ], [ 23.963877800000088, 40.379461974342462 ], [ 24.002452019000085, 40.386379292345751 ], [ 23.991221550000095, 40.447699279374703 ], [ 24.011403842000039, 40.449164123375368 ], [ 24.08578535200007, 40.366034240336077 ], [ 24.179860873000052, 40.351507873329204 ], [ 24.203949415000064, 40.317368875313029 ], [ 24.233409050000095, 40.31688059431275 ], [ 24.393809441000091, 40.152492573234646 ], [ 24.299978061000047, 40.128078511222967 ], [ 24.168955925000091, 40.27529530829306 ], [ 24.019216342000039, 40.310492248309764 ], [ 23.936534050000095, 40.365179748335684 ], [ 23.730479363000082, 40.358954162332786 ], [ 23.693614129000075, 40.309230854309178 ], [ 23.716319207000083, 40.255316466283602 ], [ 23.778575066000087, 40.202704162258556 ], [ 23.991221550000088, 40.118719787218495 ], [ 23.986827019000092, 40.042181701181889 ], [ 24.011729363000075, 40.043646545182575 ], [ 24.01921634200005, 40.016302795169487 ], [ 23.969899936000047, 39.9680850211464 ], [ 23.991221550000088, 39.953599344139434 ], [ 23.919688347000086, 39.956366271140737 ], [ 23.84489993600004, 40.02411529517321 ], [ 23.826670769000085, 40.008856505165937 ], [ 23.793304884000051, 40.093817443206596 ], [ 23.675466342000043, 40.21792226126577 ], [ 23.438487175000095, 40.279201558294922 ], [ 23.365000847000086, 40.261704813286535 ], [ 23.340098504000078, 40.227972716270564 ], [ 23.363617384000054, 40.150458068233668 ], [ 23.400645379000071, 40.143988341230532 ], [ 23.498871290000064, 40.04230377118197 ], [ 23.670258009000062, 39.986070047154989 ], [ 23.697276238000079, 39.940497130133139 ], [ 23.747894727000077, 39.930487365128343 ], [ 23.703135613000086, 39.912665099119749 ], [ 23.470957879000085, 39.971625060148007 ], [ 23.36060631600008, 39.961086323143029 ], [ 23.381602410000085, 40.00267161016297 ], [ 23.305918816000084, 40.104478250211685 ], [ 23.324554884000058, 40.174953511245334 ], [ 23.299082879000082, 40.23541900527416 ], [ 23.029144727000066, 40.325751037316991 ], [ 22.963877800000091, 40.379461974342448 ], [ 22.888194207000076, 40.386297912345704 ], [ 22.889659050000088, 40.418361714360834 ], [ 22.821625196000067, 40.5021426384004 ], [ 22.941579623000045, 40.517157287407464 ], [ 22.983164910000088, 40.552679748424183 ], [ 22.910492384000058, 40.644598693467337 ], [ 22.854014519000081, 40.639471740464963 ], [ 22.85059655000008, 40.59341054244333 ], [ 22.758555535000074, 40.567775776431283 ], [ 22.736664259000065, 40.515326232406565 ], [ 22.673513217000046, 40.526841532412035 ], [ 22.650726759000062, 40.472805073386546 ], [ 22.579112175000084, 40.468207091384386 ], [ 22.661143425000091, 40.369045308337512 ], [ 22.552500847000086, 40.166571349241366 ], [ 22.571299675000084, 40.054266662187679 ], [ 22.707855665000064, 39.961371154143123 ], [ 22.730479363000086, 39.885402729106652 ], [ 22.850271030000048, 39.790513407060956 ], [ 22.939463738000086, 39.580633848959295 ], [ 23.097422722000086, 39.501776426920962 ], [ 23.271332227000066, 39.322943419833607 ], [ 23.343760613000075, 39.179632872763314 ], [ 23.209727410000085, 39.131821999739834 ], [ 23.230235222000079, 39.118150124733084 ], [ 23.203623894000089, 39.104559629726445 ], [ 23.05201256600008, 39.097723692723079 ], [ 23.081065300000088, 39.147202859747452 ], [ 23.114105665000057, 39.159125059753258 ], [ 23.10059655000008, 39.104559629726445 ], [ 23.217133009000069, 39.179632872763314 ], [ 23.134613477000066, 39.296942442820921 ], [ 23.020518425000091, 39.317531635830981 ], [ 22.998057488000082, 39.357123106850331 ], [ 22.935883009000069, 39.360581765852032 ], [ 22.942881707000083, 39.303168028823954 ], [ 22.842539910000081, 39.28847890081677 ], [ 22.826182488000093, 39.221258848783833 ], [ 22.854014519000081, 39.159125059753258 ], [ 22.876963738000082, 39.190375059768648 ], [ 22.901866082000076, 39.179632872763314 ], [ 22.920583530000044, 39.125148822736527 ], [ 22.961110873000052, 39.119045307733565 ], [ 22.998057488000086, 39.069769590709271 ], [ 22.963877800000091, 39.008978575679272 ], [ 23.073090040000064, 39.03628163569276 ], [ 22.984548373000042, 38.954331765652299 ], [ 22.898448113000086, 38.919623106635157 ], [ 22.846527540000064, 38.92641835363851 ], [ 22.792002800000091, 38.877997129614577 ], [ 22.68897545700008, 38.877997129614577 ], [ 22.621592644000085, 38.914496153632612 ], [ 22.52507571700005, 38.885443419618191 ], [ 22.525075717000046, 38.858140359604697 ], [ 22.572927280000041, 38.864325254607792 ], [ 22.553884311000047, 38.848089903599686 ], [ 22.600271030000044, 38.844468484597954 ], [ 22.593435092000046, 38.830226947590845 ], [ 22.702647332000076, 38.85065337960102 ], [ 22.778330925000091, 38.781724343566772 ], [ 22.829274936000047, 38.786078184568943 ], [ 22.867198113000086, 38.755072325553535 ], [ 22.914886915000068, 38.775580137563743 ], [ 23.042002800000088, 38.74673085354943 ], [ 23.104502800000091, 38.638413796495499 ], [ 23.182465040000071, 38.653753965503178 ], [ 23.186778191000084, 38.685980528519217 ], [ 23.305918816000091, 38.652655333502608 ], [ 23.33326256600008, 38.60423410947854 ], [ 23.293304884000065, 38.579087624465906 ], [ 23.285411004000078, 38.556463926454704 ], [ 23.307383660000081, 38.568548887460707 ], [ 23.381602410000077, 38.535345762444123 ], [ 23.334971550000091, 38.503607481428254 ], [ 23.567230665000061, 38.501125385426988 ], [ 23.601328972000086, 38.473944395413412 ], [ 23.573496941000087, 38.453436583403168 ], [ 23.672862175000091, 38.356431374354578 ], [ 23.95101972700007, 38.290920307321684 ], [ 24.069021030000048, 38.204738666278409 ], [ 24.080577019000085, 38.166001687258905 ], [ 24.059418165000061, 38.131293028241409 ], [ 24.037771030000037, 38.143744200247689 ], [ 23.989024285000081, 38.122626036237101 ], [ 24.032725457000083, 38.007757872179141 ], [ 24.011729363000082, 37.925238340137426 ], [ 24.04639733200008, 37.905991921127701 ], [ 24.011729363000082, 37.891750385120467 ], [ 24.066905144000085, 37.864406635106612 ], [ 24.053233269000085, 37.822821348085576 ], [ 24.087412957000076, 37.78522369206658 ], [ 24.059418165000068, 37.733465879040288 ], [ 24.07211347700007, 37.689520567017986 ], [ 24.032725457000083, 37.651516009998666 ], [ 23.949717644000089, 37.677435606011812 ], [ 23.943369988000089, 37.727240294037102 ], [ 23.922699415000057, 37.721177468034007 ], [ 23.865570509000054, 37.807684629077961 ], [ 23.812998894000085, 37.829657286089045 ], [ 23.778981967000043, 37.802313536075204 ], [ 23.69703209700009, 37.939520567144683 ], [ 23.628103061000054, 37.932684629141264 ], [ 23.64177493600004, 37.95254140015124 ], [ 23.560801629000078, 37.972805072161449 ], [ 23.597911004000082, 38.021144916185911 ], [ 23.574554884000069, 38.046779682198817 ], [ 23.449961785000081, 38.021429747186019 ], [ 23.395274285000077, 37.987941791169099 ], [ 23.429453972000093, 37.980454812165355 ], [ 23.408946160000077, 37.974310606162234 ], [ 23.226817254000075, 37.973618874161836 ], [ 23.094086134000062, 37.911037494130241 ], [ 23.015147332000083, 37.925238340137426 ], [ 22.995127800000095, 37.882147520115645 ], [ 23.012543165000071, 37.847560932098098 ], [ 23.114105665000061, 37.850775450099704 ], [ 23.182383660000085, 37.809149473078691 ], [ 23.182383660000085, 37.774400124061025 ], [ 23.120941602000077, 37.740912169044044 ], [ 23.175547722000086, 37.719794004033346 ], [ 23.168630405000037, 37.61416249397967 ], [ 23.336680535000085, 37.535467832939638 ], [ 23.35914147200009, 37.574286191959409 ], [ 23.312185092000043, 37.61737701198129 ], [ 23.398692254000078, 37.63788482499168 ], [ 23.374278191000091, 37.555894264950034 ], [ 23.422048373000052, 37.528021543935814 ], [ 23.395274285000074, 37.514960019929227 ], [ 23.479177280000037, 37.490668027916819 ], [ 23.525645379000078, 37.439195045890543 ], [ 23.262705925000095, 37.401027727871124 ], [ 23.229991082000087, 37.374945371857756 ], [ 23.278005405000041, 37.34983957684495 ], [ 23.186045769000081, 37.3406436138403 ], [ 23.203623894000078, 37.302679746820878 ], [ 23.168630405000044, 37.2995059188192 ], [ 23.141449415000075, 37.309515683824372 ], [ 23.161875847000083, 37.323146868831337 ], [ 23.073090040000061, 37.355210670847669 ], [ 23.072601759000062, 37.401109108871182 ], [ 23.09498131600008, 37.389553118865265 ], [ 23.114105665000061, 37.425604550883641 ], [ 23.141449415000071, 37.411932675876677 ], [ 23.132009311000051, 37.448635149895367 ], [ 23.045909050000098, 37.459702858901046 ], [ 23.045909050000098, 37.487005918914932 ], [ 23.004893425000091, 37.459702858901046 ], [ 22.980723504000075, 37.508775123926029 ], [ 22.921560092000043, 37.540350644942109 ], [ 22.854014519000081, 37.514960019929227 ], [ 22.778330925000091, 37.596869199970854 ], [ 22.726410352000066, 37.566351621955327 ], [ 22.757985873000049, 37.398260800869693 ], [ 22.819346550000084, 37.343695371841818 ], [ 22.906586134000065, 37.193915097765263 ], [ 22.903168165000064, 37.121283261728045 ], [ 22.95639082100006, 37.12396880872943 ], [ 22.98170006600008, 37.082709043708284 ], [ 23.011729363000089, 36.938910214634575 ], [ 23.09327233200008, 36.818264056572538 ], [ 23.080577019000085, 36.788763730557356 ], [ 23.114105665000061, 36.781317441553583 ], [ 23.088633660000081, 36.732896217528634 ], [ 23.052012566000084, 36.74713775353603 ], [ 23.030935092000046, 36.725571998524892 ], [ 23.032237175000088, 36.692572324507879 ], [ 23.059418165000068, 36.692572324507871 ], [ 23.035655144000089, 36.649074602485548 ], [ 23.080577019000085, 36.579291074449607 ], [ 23.155039910000077, 36.541083066429913 ], [ 23.134613477000066, 36.507554420412596 ], [ 23.203623894000089, 36.45612212838612 ], [ 23.196055535000074, 36.432521868373925 ], [ 23.094737175000088, 36.443182675379433 ], [ 23.051036004000075, 36.522446998420229 ], [ 22.97242272200009, 36.520209043419115 ], [ 22.929209832000083, 36.596340227458384 ], [ 22.874685092000046, 36.630519915475979 ], [ 22.884287957000083, 36.654242246488167 ], [ 22.83716881600008, 36.686509498504783 ], [ 22.814952019000089, 36.670558977496597 ], [ 22.786875847000086, 36.793443092559777 ], [ 22.685557488000079, 36.809474993568053 ], [ 22.577403191000087, 36.783026425554432 ], [ 22.579112175000084, 36.740383196532512 ], [ 22.52507571700005, 36.685126035504133 ], [ 22.55250084700009, 36.650946347486503 ], [ 22.51677493600004, 36.6661644464943 ], [ 22.526052280000034, 36.61237212846666 ], [ 22.504649285000081, 36.624253639472705 ], [ 22.484060092000043, 36.606634824463669 ], [ 22.511485222000083, 36.466620175391519 ], [ 22.490977410000081, 36.390936582352488 ], [ 22.469899936000036, 36.45233794938413 ], [ 22.381358269000089, 36.480454811398587 ], [ 22.354502800000084, 36.511908261414881 ], [ 22.38819420700009, 36.5560570244376 ], [ 22.387950066000091, 36.602525123461511 ], [ 22.367442254000075, 36.602525123461511 ], [ 22.387950066000091, 36.706203509514928 ], [ 22.358571811000051, 36.702093808512821 ], [ 22.221527540000064, 36.897528378613337 ], [ 22.17505944100008, 36.891180722610052 ], [ 22.137868686000044, 36.917141009623364 ], [ 22.153168165000068, 37.021185605676727 ], [ 22.048106316000087, 37.03514231168392 ], [ 21.94312584700009, 36.993312884662487 ], [ 21.921722852000073, 36.863226621595679 ], [ 21.928558790000068, 36.82225168657461 ], [ 21.970225457000069, 36.794989316560589 ], [ 21.882578972000083, 36.726548561525362 ], [ 21.822764519000089, 36.808579811567576 ], [ 21.764170769000085, 36.794989316560589 ], [ 21.707367384000062, 36.818019915572428 ], [ 21.688487175000091, 36.891180722610052 ], [ 21.709971550000088, 36.942694394636518 ], [ 21.667979363000072, 36.959418027645086 ], [ 21.681651238000089, 36.973089902652099 ], [ 21.66179446700005, 36.959418027645086 ], [ 21.56967207100006, 37.116196998725442 ], [ 21.574392123000049, 37.192368873764472 ], [ 21.695811394000085, 37.316351621827856 ], [ 21.67481530000008, 37.395982155868559 ], [ 21.54997806100004, 37.561468808952874 ], [ 21.40219160200008, 37.655422260000627 ], [ 21.343272332000087, 37.669338275007725 ], [ 21.31226647200009, 37.63788482499168 ], [ 21.284922722000083, 37.785101622066456 ], [ 21.122080925000088, 37.837388406093027 ], [ 21.106211785000085, 37.878078510113582 ], [ 21.133555535000088, 37.946356504148163 ], [ 21.164398634000062, 37.929632872139663 ], [ 21.207774285000085, 37.946030984147967 ], [ 21.325938347000083, 38.021429747186026 ], [ 21.318532748000049, 38.035101622192897 ], [ 21.284353061000044, 38.015285541182941 ], [ 21.367035352000077, 38.121079812236268 ], [ 21.374278191000084, 38.220648497286376 ], [ 21.408539259000069, 38.185939838268929 ], [ 21.400889519000089, 38.214789122283435 ], [ 21.523936394000085, 38.166001687258905 ], [ 21.622325066000084, 38.154771218253202 ], [ 21.701345248000049, 38.205267637278681 ], [ 21.764170769000085, 38.295803119324205 ], [ 21.84945722700007, 38.341294656347024 ], [ 22.020355665000071, 38.313218484332985 ], [ 22.048838738000089, 38.274807025313606 ], [ 22.113617384000058, 38.267808327310071 ], [ 22.218516472000093, 38.188177794270061 ], [ 22.33122806100004, 38.178900450265417 ], [ 22.680430535000081, 38.066595762208799 ], [ 22.867198113000086, 37.939520567144697 ], [ 22.946299675000084, 37.946234434148032 ], [ 22.975352410000081, 37.978989968164584 ], [ 22.854014519000081, 38.035101622192897 ], [ 22.875498894000092, 38.049302468200061 ], [ 22.942881707000083, 38.083482156217357 ], [ 23.068614129000078, 38.058905333204983 ], [ 23.172862175000088, 38.079494525215352 ], [ 23.216644727000073, 38.103338926227387 ], [ 23.17554772200009, 38.144964903248322 ], [ 23.223399285000081, 38.15924712925554 ], [ 23.12842858200008, 38.172267963262051 ], [ 23.148936394000089, 38.185939838268929 ], [ 23.122731967000046, 38.208075254280082 ], [ 23.066661004000078, 38.183172911267533 ], [ 23.032237175000091, 38.185939838268929 ], [ 23.05201256600008, 38.192775775272402 ], [ 23.02507571700005, 38.216620176284394 ], [ 22.951914910000085, 38.225287169288748 ], [ 22.922373894000085, 38.207017312279497 ], [ 22.969493035000081, 38.192775775272402 ], [ 22.908702019000092, 38.192775775272402 ], [ 22.895030144000078, 38.241156309296692 ], [ 22.805674675000088, 38.226955463289556 ], [ 22.764821811000047, 38.247992247300139 ], [ 22.798838738000089, 38.282131244317299 ], [ 22.696462436000047, 38.316880593334687 ], [ 22.646494988000086, 38.389960020371412 ], [ 22.626800977000077, 38.371527403362137 ], [ 22.64616946700005, 38.361802468357233 ], [ 22.612315300000091, 38.363836973358318 ], [ 22.587168816000091, 38.336737364344707 ], [ 22.600271030000041, 38.302639057327617 ], [ 22.562510613000086, 38.293524473323053 ], [ 22.46843509200005, 38.421128640386961 ], [ 22.401621941000087, 38.453436583403168 ], [ 22.38233483200008, 38.342678119347674 ], [ 22.224864129000082, 38.360052794356392 ], [ 22.189219597000083, 38.323065489337843 ], [ 22.13257897200009, 38.372748106362778 ], [ 21.957855665000064, 38.411688536382293 ], [ 21.879242384000065, 38.377997129365447 ], [ 21.831228061000047, 38.396673887374739 ], [ 21.762543165000064, 38.328355202340518 ], [ 21.716319207000083, 38.357855528355294 ], [ 21.599619988000089, 38.351019590351854 ], [ 21.517751498000052, 38.295803119324219 ], [ 21.428396030000034, 38.330511778341588 ], [ 21.489756707000083, 38.309474994331033 ], [ 21.48975670700008, 38.357855528355294 ], [ 21.422129754000075, 38.364081114358406 ], [ 21.416270379000078, 38.394110411373497 ], [ 21.377452019000089, 38.398871153375843 ], [ 21.360118035000085, 38.467718809410314 ], [ 21.322520379000078, 38.496283262424591 ], [ 21.353282097000093, 38.432928770392934 ], [ 21.336599155000037, 38.395697325374236 ], [ 21.239268425000084, 38.331122129341914 ], [ 21.189626498000052, 38.341376036347064 ], [ 21.199961785000081, 38.323065489337864 ], [ 21.155609571000067, 38.303900450328236 ], [ 21.140391472000083, 38.336737364344707 ], [ 21.085215691000087, 38.343573301348158 ], [ 21.140391472000083, 38.398871153375843 ], [ 21.086761915000057, 38.410467833381666 ], [ 21.085215691000077, 38.440375059396615 ], [ 21.106781446000078, 38.425441791389154 ], [ 21.119883660000074, 38.440375059396615 ], [ 21.106211785000088, 38.481390684417107 ], [ 21.078949415000064, 38.487534890420228 ], [ 21.095957879000078, 38.531927794442382 ], [ 21.030528191000084, 38.511419981432169 ], [ 21.024668816000084, 38.60846587948059 ], [ 20.98812910200007, 38.664007872508229 ], [ 20.914398634000054, 38.686224669519333 ], [ 20.859873894000081, 38.803534239577608 ], [ 20.811371290000064, 38.76251861455728 ], [ 20.773285352000073, 38.760931700556441 ], [ 20.729340040000061, 38.809759825580699 ], [ 20.74935957100007, 38.857245176604302 ], [ 20.805186394000085, 38.867743223609466 ], [ 20.756032748000052, 38.906887103628833 ], [ 20.769786004000075, 38.958970437654564 ], [ 20.817067905000037, 38.921372781636038 ], [ 20.859873894000081, 38.96051666165539 ], [ 20.866709832000083, 38.92641835363851 ], [ 20.903819207000087, 38.928045958639302 ], [ 20.920664910000074, 38.954331765652299 ], [ 21.027354363000086, 38.932603249641545 ], [ 21.025563998000052, 38.898016661624482 ], [ 21.085215691000091, 38.864325254607792 ], [ 21.102305535000081, 38.910834044630754 ], [ 21.17741946700005, 38.87604400461359 ], [ 21.140147332000087, 38.941310932645855 ], [ 21.15992272200009, 38.997748106673747 ], [ 21.085215691000094, 39.062933653705912 ], [ 21.078949415000068, 39.03628163569276 ], [ 21.037364129000082, 39.021958718685717 ], [ 21.058360222000083, 39.008978575679279 ], [ 20.953786655000048, 39.034165749691716 ], [ 20.948496941000087, 39.069769590709271 ], [ 20.90137780000008, 39.077215879712995 ], [ 20.866709832000076, 39.05304595870102 ], [ 20.886485222000083, 39.036444395692818 ], [ 20.844899936000044, 39.036932676693134 ], [ 20.857758009000062, 39.058905333703954 ], [ 20.82569420700009, 39.069769590709271 ], [ 20.822438998000056, 39.114488015731283 ], [ 20.77719160200007, 39.090887754719738 ], [ 20.784027540000075, 39.04926177869914 ], [ 20.743174675000088, 39.029486387689396 ], [ 20.83179772200009, 38.963690489656912 ], [ 20.766368035000074, 38.977606504663854 ], [ 20.735118035000085, 38.950099994650209 ], [ 20.686534050000091, 39.072455137710591 ], [ 20.478851759000065, 39.225165098785716 ], [ 20.482432488000082, 39.282660215813891 ], [ 20.324880405000041, 39.30377837982428 ], [ 20.269704623000049, 39.387355853865145 ], [ 20.23601321700005, 39.399359434870952 ], [ 20.215586785000085, 39.440334369890977 ], [ 20.267344597000093, 39.446926166894173 ], [ 20.215586785000085, 39.494940489917603 ], [ 20.263926629000078, 39.508612364924304 ], [ 20.133555535000085, 39.529730528934522 ], [ 20.181813998000052, 39.624457090980549 ], [ 19.999847852000077, 39.69350819801403 ], [ 20.199934530000125, 39.640062146988093 ], [ 20.296466105000064, 39.717370090025568 ], [ 20.280032999000063, 39.803979790067444 ], [ 20.371603637000074, 39.784291070057925 ], [ 20.388966919000062, 39.798140354064593 ], [ 20.392997680000054, 39.835450738082571 ], [ 20.317963501000087, 39.918391412122538 ], [ 20.297913045000143, 39.986914361155357 ], [ 20.376461222000071, 39.993735650158676 ], [ 20.432788533000085, 40.063808892192199 ], [ 20.577792602000066, 40.067271213193855 ], [ 20.647555786000048, 40.094039605206703 ], [ 20.699128866000137, 40.278369439294522 ], [ 20.770442342000131, 40.362550347334441 ], [ 20.770649048000084, 40.421978244362542 ], [ 20.839998820000112, 40.471639296386073 ], [ 20.936840454000052, 40.472517795386381 ], [ 21.01879927600001, 40.558972466427143 ], [ 21.03533573400011, 40.659379774474225 ], [ 20.943661743000082, 40.765264784523772 ], [ 20.965262492000086, 40.849394016563004 ] ] ], [ [ [ 23.276052280000037, 35.904689837101159 ], [ 23.276105019051908, 35.893908531414695 ], [ 23.271739129000078, 35.904242246100893 ], [ 23.276052280000037, 35.904689837101159 ] ] ], [ [ [ 23.011729363000086, 36.308294980309782 ], [ 23.103851759000062, 36.237209368273099 ], [ 23.058441602000073, 36.216457415262347 ], [ 23.05201256600008, 36.144842832225351 ], [ 22.990733269000089, 36.137030332221308 ], [ 22.908702019000089, 36.205959368256927 ], [ 22.899668816000087, 36.328192441320084 ], [ 22.932627800000088, 36.381252337347441 ], [ 22.95639082100006, 36.383449602348577 ], [ 23.011729363000086, 36.308294980309782 ] ] ], [ [ [ 24.868174675000084, 36.665228574493824 ], [ 24.963715040000068, 36.596340227458384 ], [ 24.840830925000095, 36.665228574493824 ], [ 24.868174675000084, 36.665228574493824 ] ] ], [ [ [ 25.185801629000085, 36.719142962521595 ], [ 25.129567905000044, 36.660345761491342 ], [ 25.067393425000088, 36.637884824479769 ], [ 25.104665561000036, 36.699367571511416 ], [ 25.185801629000085, 36.719142962521595 ] ] ], [ [ [ 21.759532097000086, 36.751898496538416 ], [ 21.781586134000069, 36.736395566530504 ], [ 21.777842644000085, 36.699367571511416 ], [ 21.750498894000089, 36.712388405518134 ], [ 21.759532097000086, 36.751898496538416 ] ] ], [ [ [ 24.474375847000083, 36.747137753536038 ], [ 24.546071811000047, 36.753973691539507 ], [ 24.537608269000085, 36.68138254550216 ], [ 24.326996290000064, 36.650946347486503 ], [ 24.354258660000077, 36.753973691539507 ], [ 24.40723717500008, 36.707261451515457 ], [ 24.460703972000097, 36.699367571511416 ], [ 24.408864780000037, 36.760809628543029 ], [ 24.474375847000083, 36.747137753536038 ] ] ], [ [ [ 24.656260613000079, 36.782904355554386 ], [ 24.644786004000078, 36.747259824536066 ], [ 24.608164910000077, 36.781317441553583 ], [ 24.621836785000081, 36.794989316560589 ], [ 24.656260613000079, 36.782904355554386 ] ] ], [ [ [ 25.261715702681592, 36.726253582327885 ], [ 25.262705925000084, 36.767645566546577 ], [ 25.272096787054558, 36.773449719104725 ], [ 25.261715702681592, 36.726253582327885 ] ] ], [ [ [ 21.695811394000074, 36.740383196532512 ], [ 21.709483269000085, 36.801743873564085 ], [ 21.729340040000068, 36.794989316560596 ], [ 21.695811394000074, 36.740383196532512 ] ] ], [ [ [ 24.608164910000077, 36.829087623578125 ], [ 24.572764519000071, 36.781927793553884 ], [ 24.532399936000047, 36.791896868559007 ], [ 24.534190300000077, 36.836127011581766 ], [ 24.608164910000077, 36.829087623578125 ] ] ], [ [ [ 25.066661004000082, 36.955145566642926 ], [ 25.025889519000078, 37.007879941669955 ], [ 25.087901238000082, 37.041978248687386 ], [ 25.059906446000063, 36.973089902652099 ], [ 25.081065300000091, 36.952622780641626 ], [ 25.066661004000082, 36.955145566642926 ] ] ], [ [ [ 24.71615644600007, 37.020086972676232 ], [ 24.765798373000042, 36.949204811639817 ], [ 24.710622592000053, 36.904201556616741 ], [ 24.642263217000043, 37.048814186690898 ], [ 24.71615644600007, 37.020086972676232 ] ] ], [ [ [ 25.268809441000077, 37.046128639689584 ], [ 25.188487175000088, 36.98529693365834 ], [ 25.103363477000073, 37.012884824672511 ], [ 25.15007571700005, 37.110541074722526 ], [ 25.238780144000081, 37.151841530743781 ], [ 25.22396894600006, 37.13434478573479 ], [ 25.259287957000083, 37.12396880872943 ], [ 25.266123894000089, 37.151841530743766 ], [ 25.293304884000065, 37.151841530743766 ], [ 25.268809441000077, 37.046128639689584 ] ] ], [ [ [ 24.436208530000041, 37.185370175760902 ], [ 24.520518425000084, 37.203924863770418 ], [ 24.532399936000047, 37.130113014732572 ], [ 24.518809441000084, 37.144435931739899 ], [ 24.498301629000078, 37.110296933722402 ], [ 24.459483269000081, 37.137193092736219 ], [ 24.422536655000041, 37.12396880872943 ], [ 24.436208530000041, 37.185370175760902 ] ] ], [ [ [ 23.134287957000073, 37.284572649811629 ], [ 23.162445509000062, 37.264349668801252 ], [ 23.15202884200005, 37.239976295788821 ], [ 23.094411655000041, 37.274725644806573 ], [ 23.134287957000073, 37.284572649811629 ] ] ], [ [ [ 23.58716881600008, 37.370917050855788 ], [ 23.505137566000084, 37.34983957684495 ], [ 23.496836785000085, 37.320013730829743 ], [ 23.374278191000084, 37.302679746820878 ], [ 23.463633660000081, 37.357326556848776 ], [ 23.58716881600008, 37.370917050855788 ] ] ], [ [ [ 24.374847852000077, 37.43846262389016 ], [ 24.443695509000069, 37.487005918914932 ], [ 24.430511915000064, 37.446030983894076 ], [ 24.482676629000075, 37.41242095787689 ], [ 24.443695509000058, 37.34983957684495 ], [ 24.367930535000081, 37.309515683824372 ], [ 24.40211022200009, 37.370917050855788 ], [ 24.374847852000077, 37.43846262389016 ] ] ], [ [ [ 25.42109098377852, 37.440433655679684 ], [ 25.306976759000062, 37.411932675876677 ], [ 25.312673373000059, 37.488226621915551 ], [ 25.347992384000047, 37.508124082925725 ], [ 25.377289259000051, 37.467433977904989 ], [ 25.395355665000068, 37.493963925918507 ], [ 25.43110297957783, 37.484568892883686 ], [ 25.42109098377852, 37.440433655679684 ] ] ], [ [ [ 24.948090040000068, 37.485581764914158 ], [ 24.964040561000036, 37.401760149871457 ], [ 24.881846550000088, 37.363511451851913 ], [ 24.888682488000093, 37.398260800869693 ], [ 24.861338738000093, 37.398260800869707 ], [ 24.89812259200005, 37.448675839895408 ], [ 24.895355665000061, 37.510443418926883 ], [ 24.948090040000068, 37.485581764914158 ] ] ], [ [ [ 23.481781446000081, 37.556463925950347 ], [ 23.525645379000078, 37.52179595793266 ], [ 23.436289910000085, 37.521795957932682 ], [ 23.475433790000057, 37.540838925942374 ], [ 23.481781446000081, 37.556463925950347 ] ] ], [ [ [ 25.215993686000047, 37.5329043559383 ], [ 24.997894727000073, 37.63788482499168 ], [ 24.984873894000085, 37.678859760012521 ], [ 25.245616082000083, 37.624212949984788 ], [ 25.259287957000083, 37.590033261967356 ], [ 25.215993686000047, 37.5329043559383 ] ] ], [ [ [ 24.402517123000045, 37.655747781000812 ], [ 24.312998894000081, 37.538234759941062 ], [ 24.275401238000086, 37.531683652937659 ], [ 24.278086785000081, 37.622870175984112 ], [ 24.320648634000065, 37.678859760012521 ], [ 24.374766472000083, 37.686265359016339 ], [ 24.402517123000045, 37.655747781000812 ] ] ], [ [ [ 23.563161655000041, 37.768255919057871 ], [ 23.525645379000082, 37.692450254019462 ], [ 23.457367384000069, 37.692450254019462 ], [ 23.468272332000083, 37.714504291030636 ], [ 23.42562910200007, 37.768215228057876 ], [ 23.563161655000041, 37.768255919057871 ] ] ], [ [ [ 20.850108269000089, 37.836411843092463 ], [ 20.986827019000089, 37.729885150038434 ], [ 20.996348504000082, 37.699286192022946 ], [ 20.89389082100007, 37.733465879040288 ], [ 20.843516472000079, 37.70156483802409 ], [ 20.846853061000047, 37.653306373999534 ], [ 20.815114780000048, 37.651516009998652 ], [ 20.619476759000058, 37.822821348085576 ], [ 20.619476759000069, 37.864406635106612 ], [ 20.685720248000052, 37.929592182139608 ], [ 20.708994988000082, 37.925238340137426 ], [ 20.741953972000079, 37.862290749105576 ], [ 20.850108269000089, 37.836411843092463 ] ] ], [ [ [ 24.994395379000082, 37.754095762050717 ], [ 24.957530144000089, 37.686265359016339 ], [ 24.89210045700008, 37.768215228057883 ], [ 24.799978061000047, 37.815985411082131 ], [ 24.775726759000062, 37.862250059105548 ], [ 24.738536004000071, 37.891750385120467 ], [ 24.71615644600007, 37.879095762114069 ], [ 24.683848504000078, 37.932684629141264 ], [ 24.693614129000078, 37.965765684157901 ], [ 24.77906334700009, 38.000230202175338 ], [ 24.848399285000081, 37.91486236413219 ], [ 24.953868035000077, 37.905991921127701 ], [ 24.943369988000089, 37.843329161095994 ], [ 24.984873894000074, 37.815985411082131 ], [ 24.957530144000089, 37.774400124061017 ], [ 24.994395379000082, 37.754095762050717 ] ] ], [ [ [ 23.40211022200009, 37.905991921127701 ], [ 23.49773196700005, 37.966864317158475 ], [ 23.422048373000052, 37.960028379155048 ], [ 23.457367384000058, 37.973618874161858 ], [ 23.42945397200009, 37.987941791169099 ], [ 23.518239780000041, 37.999090879174787 ], [ 23.54615319100008, 37.952541400151233 ], [ 23.573496941000087, 37.95254140015124 ], [ 23.51823978000003, 37.89858632212394 ], [ 23.467051629000075, 37.884222715116692 ], [ 23.40211022200009, 37.905991921127701 ] ] ], [ [ [ 20.718435092000046, 38.066310932208694 ], [ 20.61459394600007, 38.119818419235621 ], [ 20.564952019000092, 38.090318093220759 ], [ 20.509776238000086, 38.110785215231061 ], [ 20.468760613000086, 38.192775775272402 ], [ 20.509776238000082, 38.179673562265812 ], [ 20.445323113000079, 38.276190489314359 ], [ 20.42530358200008, 38.175279031263599 ], [ 20.380056186000054, 38.151800840251759 ], [ 20.345388217000043, 38.182114968266994 ], [ 20.399912957000083, 38.364081114358406 ], [ 20.479014519000089, 38.309474994331033 ], [ 20.529795769000081, 38.337469786345068 ], [ 20.530935092000046, 38.392035215372431 ], [ 20.551280144000085, 38.385158588368974 ], [ 20.537771030000041, 38.473944395413419 ], [ 20.571787957000076, 38.47394439541344 ], [ 20.625824415000068, 38.35175201235225 ], [ 20.599131707000083, 38.302639057327617 ], [ 20.63054446700005, 38.257961322305157 ], [ 20.681651238000075, 38.282131244317277 ], [ 20.805023634000062, 38.115790098233639 ], [ 20.79468834700009, 38.066107481208583 ], [ 20.718435092000046, 38.066310932208694 ] ] ], [ [ [ 20.702159050000091, 38.385158588368959 ], [ 20.75749759200005, 38.371527403362151 ], [ 20.737559441000091, 38.371527403362151 ], [ 20.763682488000079, 38.32306548933785 ], [ 20.719411655000041, 38.315619200334126 ], [ 20.687836134000072, 38.336737364344707 ], [ 20.61451256600008, 38.467108458410031 ], [ 20.654470248000052, 38.501857807427399 ], [ 20.661143425000088, 38.460882872406849 ], [ 20.708994988000082, 38.446600645399769 ], [ 20.674815300000091, 38.377671609365279 ], [ 20.71583092500008, 38.371527403362158 ], [ 20.702159050000091, 38.385158588368959 ] ] ], [ [ [ 20.94109134200005, 38.604234109478519 ], [ 20.90756269600007, 38.549017637450952 ], [ 20.89389082100006, 38.549017637450952 ], [ 20.932139519000081, 38.603013406477892 ], [ 20.94109134200005, 38.604234109478519 ] ] ], [ [ [ 25.526133660000081, 38.60423410947854 ], [ 25.622325066000087, 38.583807676468318 ], [ 25.60499108200008, 38.53534576244413 ], [ 25.560801629000071, 38.535345762444123 ], [ 25.526133660000081, 38.60423410947854 ] ] ], [ [ [ 20.602305535000085, 38.626776426489762 ], [ 20.544606967000046, 38.569525450461171 ], [ 20.602549675000091, 38.781724343566751 ], [ 20.686289910000081, 38.850083718600708 ], [ 20.729340040000064, 38.781724343566772 ], [ 20.696950717000053, 38.689846088521108 ], [ 20.722504102000062, 38.707261452529814 ], [ 20.715993686000036, 38.627020567489858 ], [ 20.695323113000075, 38.638413796495499 ], [ 20.702159050000095, 38.617905984485368 ], [ 20.648936394000089, 38.608587950480633 ], [ 20.64763431100004, 38.583807676468311 ], [ 20.602305535000085, 38.626776426489762 ] ] ], [ [ [ 24.678558790000061, 38.80678944757922 ], [ 24.657481316000084, 38.76923248156055 ], [ 24.600759311000044, 38.792669981572203 ], [ 24.566661004000068, 38.76251861455728 ], [ 24.532399936000047, 38.796087950573892 ], [ 24.573985222000093, 38.809759825580699 ], [ 24.556976759000058, 38.845689187598509 ], [ 24.505137566000073, 38.844468484597961 ], [ 24.477793816000073, 38.877997129614577 ], [ 24.436208530000041, 38.877997129614577 ], [ 24.471202019000099, 38.976874083663454 ], [ 24.560720248000042, 38.944159239647263 ], [ 24.578623894000092, 38.875555723613346 ], [ 24.678558790000061, 38.80678944757922 ] ] ], [ [ [ 24.58765709700009, 38.15924712925554 ], [ 24.594493035000081, 38.062404682206676 ], [ 24.552093946000067, 37.978176166164197 ], [ 24.476898634000062, 37.962469786156277 ], [ 24.429698113000086, 38.021185606185945 ], [ 24.371755405000034, 37.971909890160994 ], [ 24.286306186000047, 38.086249083218732 ], [ 24.203949415000064, 38.090318093220766 ], [ 24.185313347000086, 38.217962950285028 ], [ 24.126231316000087, 38.217474669284783 ], [ 24.153493686000047, 38.281317442316926 ], [ 24.109385613000086, 38.256293028304313 ], [ 24.121592644000092, 38.309474994331033 ], [ 24.025401238000072, 38.330511778341588 ], [ 24.066905144000081, 38.351019590351854 ], [ 24.04224694100008, 38.401516010377172 ], [ 23.649180535000088, 38.405666400379246 ], [ 23.614431186000047, 38.460882872406849 ], [ 23.594004754000075, 38.453436583403168 ], [ 23.635752800000088, 38.500921934426927 ], [ 23.614105665000061, 38.557928770455412 ], [ 23.505137566000077, 38.597398171475042 ], [ 23.445974155000037, 38.676743874514585 ], [ 23.202321811000047, 38.829901426590723 ], [ 23.069102410000085, 38.846584369598943 ], [ 22.969411655000041, 38.889105528620057 ], [ 22.981781446000067, 38.845038145598231 ], [ 22.833018425000088, 38.82273996858715 ], [ 22.837412957000073, 38.854478249602849 ], [ 23.035655144000081, 38.92641835363851 ], [ 23.127452019000081, 39.005804747677729 ], [ 23.309255405000048, 39.038234760693754 ], [ 23.425629102000073, 38.954331765652285 ], [ 23.480479363000089, 38.838080137594737 ], [ 23.594004754000075, 38.789252012570515 ], [ 23.594004754000075, 38.770209044561064 ], [ 23.722666863000082, 38.761948952556949 ], [ 23.75359134200005, 38.719183653535715 ], [ 23.857595248000045, 38.682521869517501 ], [ 24.073090040000064, 38.679388731515893 ], [ 24.155609571000074, 38.652655333502615 ], [ 24.126231316000087, 38.6351992784939 ], [ 24.126475457000083, 38.598578184475642 ], [ 24.231455925000091, 38.522365619437601 ], [ 24.188161655000044, 38.474107156413552 ], [ 24.203949415000071, 38.412502338382708 ], [ 24.185069207000087, 38.407619525380248 ], [ 24.252452019000089, 38.292385150322438 ], [ 24.252452019000089, 38.227972715290051 ], [ 24.344411655000034, 38.159247129255526 ], [ 24.477793816000087, 38.138739317245239 ], [ 24.58765709700009, 38.15924712925554 ] ] ], [ [ [ 23.46045983200008, 39.131821999739834 ], [ 23.395274285000088, 39.14614491674687 ], [ 23.398692254000089, 39.163641661755506 ], [ 23.458181186000051, 39.208319395777437 ], [ 23.50375410200008, 39.194281309770545 ], [ 23.505137566000084, 39.159125059753258 ], [ 23.489024285000077, 39.168768614758001 ], [ 23.46045983200008, 39.131821999739834 ] ] ], [ [ [ 23.65805097700007, 39.097723692723079 ], [ 23.587168816000084, 39.207586973777097 ], [ 23.792653842000053, 39.118150124733084 ], [ 23.716807488000075, 39.077215879713009 ], [ 23.65805097700007, 39.097723692723079 ] ] ], [ [ [ 20.125336134000054, 39.236029356791015 ], [ 20.190114780000037, 39.202622781774664 ], [ 20.201914910000085, 39.179632872763314 ], [ 20.158702019000089, 39.189154356768 ], [ 20.125336134000054, 39.236029356791015 ] ] ], [ [ [ 23.966970248000052, 39.25116607579843 ], [ 23.864512566000084, 39.143988340745793 ], [ 23.833506707000076, 39.146144916746877 ], [ 23.957041863000079, 39.289496153817225 ], [ 23.966970248000052, 39.25116607579843 ] ] ], [ [ [ 25.842051629000068, 39.228013406787149 ], [ 25.842579757204096, 39.228296968161317 ], [ 25.842455460330765, 39.227790023527014 ], [ 25.842051629000068, 39.228013406787149 ] ] ], [ [ [ 25.047373894000089, 39.545355528942146 ], [ 25.04037519600006, 39.520575254930108 ], [ 24.984873894000074, 39.466986387903987 ], [ 24.976573113000079, 39.537665098938398 ], [ 25.003184441000084, 39.563218484950873 ], [ 25.047373894000089, 39.545355528942146 ] ] ], [ [ [ 20.081879102000073, 39.447333067894427 ], [ 20.105723504000082, 39.364650775853988 ], [ 19.878916863000086, 39.453192442897247 ], [ 19.828868035000081, 39.572333067955256 ], [ 19.748545769000081, 39.620021869978402 ], [ 19.626475457000076, 39.748236388040468 ], [ 19.667491082000083, 39.793524474062387 ], [ 19.851817254000075, 39.824530334077338 ], [ 19.948008660000085, 39.790350646060837 ], [ 19.933767123000049, 39.74115631003707 ], [ 19.84156334700009, 39.70416900501921 ], [ 19.844981316000077, 39.65265533399424 ], [ 19.927500847000093, 39.625311583980988 ], [ 19.900157097000093, 39.604193419970692 ], [ 19.936534050000095, 39.472967833906885 ], [ 20.03272545700008, 39.439276426890459 ], [ 20.081879102000073, 39.447333067894427 ] ] ], [ [ [ 25.441172722000086, 40.026068420174163 ], [ 25.449880405000041, 39.988430073156131 ], [ 25.347992384000058, 39.906439513116737 ], [ 25.368500196000067, 39.898993224113177 ], [ 25.340342644000096, 39.874212951101228 ], [ 25.369883660000081, 39.817124735073804 ], [ 25.348968946000067, 39.787665099059566 ], [ 25.238780144000081, 39.858058979093492 ], [ 25.279795769000085, 39.889105529108406 ], [ 25.250661655000044, 39.918524474122584 ], [ 25.197113477000062, 39.892808328110185 ], [ 25.225108269000092, 39.885402729106659 ], [ 25.177256707000076, 39.845038146087205 ], [ 25.21452884200006, 39.803412170067091 ], [ 25.143239780000041, 39.817084045073727 ], [ 25.164886915000061, 39.859076232093933 ], [ 25.135752800000095, 39.837591857083602 ], [ 25.122080925000088, 39.858058979093506 ], [ 25.047048373000052, 39.837591857083602 ], [ 25.068207227000084, 39.920803120123651 ], [ 25.033376498000045, 39.995266011159359 ], [ 25.225108269000092, 40.008856505165937 ], [ 25.285166863000079, 39.953355203139282 ], [ 25.38209069100008, 40.02252838017251 ], [ 25.441172722000086, 40.026068420174163 ] ] ], [ [ [ 25.695323113000086, 40.432684630367639 ], [ 25.567149285000081, 40.399888407352158 ], [ 25.443532748000042, 40.481878966390845 ], [ 25.575856967000043, 40.514715880406328 ], [ 25.671885613000086, 40.487494201393481 ], [ 25.695323113000086, 40.432684630367639 ] ] ], [ [ [ 24.76547285200007, 40.734320373509334 ], [ 24.780121290000068, 40.61220937045217 ], [ 24.755707227000062, 40.619940490455839 ], [ 24.64226321700005, 40.570624084432659 ], [ 24.586761915000064, 40.622015685456766 ], [ 24.516774936000044, 40.639105529464771 ], [ 24.533376498000056, 40.718207091501824 ], [ 24.64226321700005, 40.803941141541813 ], [ 24.731700066000084, 40.783514709532319 ], [ 24.786387566000087, 40.735052795509674 ], [ 24.76547285200007, 40.734320373509334 ] ] ], [ [ [ 23.88428795700008, 36.843573300585611 ], [ 23.88428795700008, 36.832342832579812 ], [ 23.876719597000086, 36.843695371585646 ], [ 23.88428795700008, 36.843573300585611 ] ] ], [ [ [ 23.456065300000091, 36.927801816628893 ], [ 23.463877800000088, 36.903998105616594 ], [ 23.449717644000092, 36.92914458962953 ], [ 23.456065300000091, 36.927801816628893 ] ] ], [ [ [ 24.732920769000081, 37.632066139988737 ], [ 24.71810957100007, 37.59357330096919 ], [ 24.659678582000083, 37.606878964975991 ], [ 24.732920769000081, 37.632066139988737 ] ] ], [ [ [ 20.951670769000081, 38.649237364500927 ], [ 20.941661004000082, 38.627386778489992 ], [ 20.870616082000083, 38.582505593467644 ], [ 20.903819207000087, 38.642767637497705 ], [ 20.951670769000081, 38.649237364500927 ] ] ], [ [ [ 20.805023634000062, 38.665676166509058 ], [ 20.759613477000066, 38.627386778489992 ], [ 20.800059441000084, 38.595445046474097 ], [ 20.751719597000086, 38.626044004489401 ], [ 20.736989780000044, 38.65216705150241 ], [ 20.805023634000062, 38.665676166509058 ] ] ], [ [ [ 24.090586785000074, 39.349025775846371 ], [ 24.081879102000066, 39.304754942824758 ], [ 24.063161655000041, 39.297023822820975 ], [ 24.044932488000082, 39.341498106842693 ], [ 24.067149285000081, 39.363023171853193 ], [ 24.090586785000074, 39.349025775846371 ] ] ] ] } },
{ "type": "Feature", "properties": { "map_id": "HR" }, "geometry": { "type": "MultiPolygon", "coordinates": [ [ [ [ 16.344149210000065, 46.546979060873241 ], [ 16.577623332000119, 46.470652970847212 ], [ 16.59426314300012, 46.482977799851433 ], [ 16.659272095000087, 46.464193416844928 ], [ 16.755080200000123, 46.381872859816816 ], [ 16.769342895000108, 46.396109716821776 ], [ 16.837659139000067, 46.381872859816816 ], [ 16.889232218000075, 46.292162573785951 ], [ 17.052943156000055, 46.153463028737683 ], [ 17.116195109000049, 46.123128962727144 ], [ 17.208592570000057, 46.116566055724867 ], [ 17.275875285000041, 46.012024633688142 ], [ 17.316803019000044, 45.997658585683091 ], [ 17.290137980000104, 45.984636124678552 ], [ 17.327138306000048, 45.972027075673957 ], [ 17.337887003000077, 45.984636124678573 ], [ 17.345328410000082, 45.955697322668293 ], [ 17.389150024000113, 45.9630870526709 ], [ 17.406203247000029, 45.943656713664005 ], [ 17.511933228000057, 45.953940323667666 ], [ 17.591101521000066, 45.936215307661342 ], [ 17.64577518700014, 45.89182525164567 ], [ 17.656523885000066, 45.845419815629135 ], [ 17.809176066000134, 45.814413956618019 ], [ 17.858061971000012, 45.771729223602776 ], [ 17.889791300000123, 45.792141413610146 ], [ 18.080477335000037, 45.771729223602769 ], [ 18.211218709000054, 45.785371801607631 ], [ 18.317672160000072, 45.747286270594088 ], [ 18.367178182000149, 45.758189998597878 ], [ 18.404385213000069, 45.741808569592017 ], [ 18.481796509000073, 45.791417944609783 ], [ 18.530269002000065, 45.790849503609579 ], [ 18.573470499000113, 45.816687719618891 ], [ 18.655636027000124, 45.907586563651186 ], [ 18.775525350000091, 45.882833552642424 ], [ 18.804877563000073, 45.913632706653352 ], [ 18.901305786000073, 45.931202693659522 ], [ 18.872883748000039, 45.89523589664676 ], [ 18.906990194000116, 45.867950740637177 ], [ 18.85531376100008, 45.857357071633444 ], [ 18.844978475000062, 45.815705867618526 ], [ 18.968485148000124, 45.668738093565764 ], [ 18.912364542000088, 45.619232071547863 ], [ 18.903579549000089, 45.573085017531085 ], [ 18.941716757000048, 45.538926895518685 ], [ 19.018094523000112, 45.567400609529038 ], [ 19.106254517000053, 45.511641740508772 ], [ 19.077212362000068, 45.491642960501487 ], [ 19.009619588000103, 45.498670954504064 ], [ 18.997144016269537, 45.4555169367109 ], [ 19.03131865979103, 45.416201040223434 ], [ 18.975527407984821, 45.391129629812959 ], [ 18.977491387120342, 45.371208745649085 ], [ 19.082956346722327, 45.339224352861038 ], [ 19.1041470909989, 45.298725647093356 ], [ 19.158482332733676, 45.276171374799752 ], [ 19.378072550000102, 45.229591772405001 ], [ 19.407838175000105, 45.203133439395195 ], [ 19.39068160000005, 45.169337052382581 ], [ 19.286708618000084, 45.179517309386334 ], [ 19.225937133000087, 45.161947322379845 ], [ 19.121860799000096, 45.195795385392437 ], [ 19.137673787000093, 45.146030981373904 ], [ 19.044862915000067, 45.137245988370601 ], [ 19.082276652000129, 45.084949438351018 ], [ 19.087237589000104, 44.977100723310535 ], [ 19.131679321000053, 44.953174535301493 ], [ 19.066670369000079, 44.905683894283506 ], [ 19.018404582000095, 44.925682673290986 ], [ 18.991429484000065, 44.91493397528702 ], [ 19.015820760000075, 44.865634659268281 ], [ 18.8896269120001, 44.861190486266629 ], [ 18.783380167000132, 44.91374541828651 ], [ 18.791751749000099, 45.00154367631967 ], [ 18.738318319000086, 45.015909724325049 ], [ 18.684058065000038, 45.084794409351005 ], [ 18.648711385000119, 45.062676895342676 ], [ 18.616671997000136, 45.097661840355748 ], [ 18.54959598800011, 45.094767960354723 ], [ 18.541121053000094, 45.055287166339944 ], [ 18.51703983500008, 45.055855607340121 ], [ 18.412033325000031, 45.11244130036134 ], [ 18.237883748000119, 45.157451472378135 ], [ 18.153651164000028, 45.09755848835578 ], [ 18.003479451000111, 45.149338273375122 ], [ 17.911185343000056, 45.081073706349571 ], [ 17.83573775200006, 45.064433894343367 ], [ 17.684739217000129, 45.163962703380555 ], [ 17.629962199000147, 45.157348120378096 ], [ 17.572394653000089, 45.120399471364266 ], [ 17.481857544000086, 45.114405004362077 ], [ 17.496223592000099, 45.141690160372335 ], [ 17.447751099000129, 45.134300431369532 ], [ 17.443306925000112, 45.162050675379845 ], [ 17.382432088000083, 45.139623104371495 ], [ 17.268950643000068, 45.189542537390146 ], [ 17.245489543000069, 45.155384415377398 ], [ 17.18709517400011, 45.148563126374825 ], [ 17.055733683000117, 45.200446264394166 ], [ 17.036303344000153, 45.230470271405359 ], [ 17.008294718000109, 45.216155900399954 ], [ 17.008294718000116, 45.244164526410437 ], [ 16.998682902000013, 45.231400447405669 ], [ 16.961165812000019, 45.250934138412916 ], [ 16.94731652900014, 45.23568959140723 ], [ 16.924372193000117, 45.284523820425392 ], [ 16.811717570000017, 45.181222632387062 ], [ 16.528944133000092, 45.22225371940231 ], [ 16.481918579000109, 45.199516088393871 ], [ 16.43551314300009, 45.132853491369005 ], [ 16.389211060000044, 45.116833796362975 ], [ 16.340635213000034, 45.005936173321409 ], [ 16.316243937000074, 45.001233618319674 ], [ 16.212994426000133, 45.031464330330913 ], [ 16.121527140000094, 45.096163224355308 ], [ 16.067473592000116, 45.169595434382686 ], [ 16.024375447000086, 45.184323217388155 ], [ 16.020448039000112, 45.213933813399152 ], [ 15.878854614000149, 45.217241104400401 ], [ 15.792348267000136, 45.18980091939023 ], [ 15.763616170000146, 44.975550431309919 ], [ 15.730853312000134, 44.927232967291673 ], [ 15.773434692000112, 44.84501576326052 ], [ 15.716073852000097, 44.803209529244612 ], [ 15.728476196000084, 44.769103083231506 ], [ 15.805680786000062, 44.696652725203727 ], [ 15.888776489000065, 44.724247940214404 ], [ 15.968978312000052, 44.639240209181644 ], [ 16.028302856000071, 44.624719132176033 ], [ 16.044735962000118, 44.589372452162451 ], [ 16.006081990000041, 44.541003311143733 ], [ 16.116462850000111, 44.521469620136116 ], [ 16.159664347000039, 44.416101375095046 ], [ 16.138270305000056, 44.377602433080064 ], [ 16.20286584400008, 44.359774063073047 ], [ 16.187569620000119, 44.282414445042619 ], [ 16.215784953000117, 44.208155411013351 ], [ 16.326889282000085, 44.082374974963493 ], [ 16.414015747000057, 44.055813287952873 ], [ 16.43964725800004, 44.014007054936194 ], [ 16.50103885900009, 43.992716364927603 ], [ 16.678599081000048, 43.840684300866556 ], [ 16.712602173000086, 43.771515395838492 ], [ 17.030515585000071, 43.548479913747499 ], [ 17.14275679500005, 43.48933623772335 ], [ 17.270500936000076, 43.463213801712456 ], [ 17.289931275000043, 43.30343027264631 ], [ 17.442066691000093, 43.152431737583321 ], [ 17.628411905000114, 43.046572565538725 ], [ 17.662725057000038, 42.965698949504642 ], [ 17.63450972400009, 42.950402725498193 ], [ 17.515635613000093, 42.958889059501708 ], [ 17.470876498000056, 43.01341379852478 ], [ 17.501963738000089, 43.030991923532184 ], [ 17.433604363000079, 43.017401428526483 ], [ 17.460215691000087, 43.030991923532184 ], [ 17.432302280000037, 43.03620025653445 ], [ 17.426117384000062, 43.06517161154656 ], [ 17.404551629000075, 43.051499736540841 ], [ 17.316254102000073, 43.127264710572732 ], [ 17.113942905000041, 43.213202210608742 ], [ 16.880625847000093, 43.405951233688867 ], [ 16.625824415000061, 43.449042053706663 ], [ 16.52466881600008, 43.510809631732123 ], [ 16.391449415000068, 43.510809631732137 ], [ 16.473399285000081, 43.538153381743378 ], [ 16.45679772200009, 43.545884501746507 ], [ 16.117686394000085, 43.524481506737743 ], [ 16.172373894000089, 43.489691467723411 ], [ 16.113129102000073, 43.478908590719001 ], [ 15.959483269000085, 43.503973694729311 ], [ 15.987315300000088, 43.544907939746068 ], [ 15.925303582000081, 43.558579814751681 ], [ 15.944183790000066, 43.566717835755071 ], [ 15.917979363000091, 43.572902730757562 ], [ 15.918955925000093, 43.62872955378046 ], [ 15.966319207000087, 43.641180725785574 ], [ 15.90479576900009, 43.648016663788333 ], [ 15.952972852000066, 43.650864970789442 ], [ 15.932139519000087, 43.668443095796626 ], [ 15.95045006600008, 43.688544006804854 ], [ 15.931162957000085, 43.676499736799933 ], [ 15.792165561000044, 43.754461975831632 ], [ 15.70630944100008, 43.763413798835252 ], [ 15.617442254000071, 43.8255068978604 ], [ 15.663096550000091, 43.812974345855309 ], [ 15.678884311000051, 43.819281311857871 ], [ 15.455088738000082, 43.928045960901777 ], [ 15.144541863000086, 44.195461325008353 ], [ 15.152191602000071, 44.235296937024081 ], [ 15.11036217500008, 44.264349672035536 ], [ 15.140635613000079, 44.282456768042678 ], [ 15.176605665000066, 44.249945375029895 ], [ 15.207774285000085, 44.272772523038903 ], [ 15.198090040000066, 44.301662497050231 ], [ 15.295258009000058, 44.250677797030164 ], [ 15.281748894000089, 44.285386455043806 ], [ 15.302744988000086, 44.299139711049257 ], [ 15.261241082000085, 44.332586976062402 ], [ 15.424489780000044, 44.267971091036991 ], [ 15.528656446000069, 44.271795961038542 ], [ 15.449229363000082, 44.285386455043806 ], [ 15.307953321000069, 44.354396872070943 ], [ 15.080088738000086, 44.536078187141769 ], [ 15.007334832000078, 44.569728903154804 ], [ 14.883799675000088, 44.723618877214051 ], [ 14.883799675000093, 44.861476950266713 ], [ 14.921641472000099, 44.958807679303597 ], [ 14.852793816000091, 45.093654685354259 ], [ 14.657888217000041, 45.196600648392732 ], [ 14.576019727000073, 45.262274476417161 ], [ 14.570811394000092, 45.293646547428729 ], [ 14.534353061000051, 45.312689515435736 ], [ 14.555430535000085, 45.295884502429551 ], [ 14.533050977000073, 45.283880922425126 ], [ 14.402354363000081, 45.338609112445354 ], [ 14.311534050000089, 45.343980205447281 ], [ 14.232595248000056, 45.149359437375118 ], [ 14.20923912900008, 45.12636952836656 ], [ 14.179372592000041, 45.134507549369538 ], [ 14.193125847000092, 45.105617575358821 ], [ 14.143890821000074, 45.059393617341449 ], [ 14.166188998000049, 45.018947653326272 ], [ 14.151377800000096, 44.977484437310672 ], [ 14.06885826900009, 44.949530336300064 ], [ 14.08383222700007, 44.986395570314031 ], [ 14.040293816000089, 45.038967185333796 ], [ 14.044281446000062, 45.00141021831962 ], [ 14.075694207000078, 44.98371002331303 ], [ 14.03467858200008, 44.956366273302685 ], [ 14.020518425000093, 44.901109112281723 ], [ 13.972666863000091, 44.901109112281723 ], [ 13.993011915000071, 44.881293031274261 ], [ 13.972666863000082, 44.826646221253419 ], [ 14.000010613000082, 44.813055726248301 ], [ 13.924815300000095, 44.813055726248287 ], [ 13.890147332000078, 44.833482159256114 ], [ 13.917979363000088, 44.778265687234978 ], [ 13.903168165000062, 44.772406312232746 ], [ 13.89698326900009, 44.81305572624828 ], [ 13.787119988000086, 44.875067445271888 ], [ 13.819590691000082, 44.867661846269073 ], [ 13.842295769000087, 44.888128968276803 ], [ 13.794606967000048, 44.894964906279448 ], [ 13.808116082000085, 44.915432028287171 ], [ 13.774099155000048, 44.963812562305499 ], [ 13.623220248000045, 45.073065492346622 ], [ 13.636892123000052, 45.093573304354322 ], [ 13.612559441000084, 45.117865297363366 ], [ 13.726247592000055, 45.134507549369538 ], [ 13.595957879000082, 45.145412497373655 ], [ 13.575450066000085, 45.264878643418015 ], [ 13.602712436000042, 45.285345765425653 ], [ 13.575450066000085, 45.306463929433498 ], [ 13.609548373000052, 45.320135804438564 ], [ 13.541270379000078, 45.346136781448088 ], [ 13.507090691000085, 45.511908265508865 ], [ 13.624106924762252, 45.46274523192595 ], [ 13.759294068000141, 45.463169246491034 ], [ 13.889001912000081, 45.423636775476567 ], [ 13.982639608000053, 45.475313207495518 ], [ 13.971890910000127, 45.514225561509662 ], [ 14.0929171140001, 45.47391794349501 ], [ 14.218697551000071, 45.497172339503486 ], [ 14.372796671000058, 45.477845353496491 ], [ 14.468914835000076, 45.525594376513851 ], [ 14.498577108000122, 45.596184383539537 ], [ 14.580949341000093, 45.667807917565362 ], [ 14.60306685300012, 45.603574112542191 ], [ 14.669832804000071, 45.564558406528057 ], [ 14.668489217000085, 45.53396595851688 ], [ 14.781247192000109, 45.49334828350208 ], [ 14.797163533000052, 45.465184627491837 ], [ 14.881602823000096, 45.469783829493508 ], [ 14.922633911000043, 45.514949031510021 ], [ 15.056165812000136, 45.479912410497221 ], [ 15.139261515000099, 45.430044653478966 ], [ 15.325193318000114, 45.452833959487272 ], [ 15.36136682100004, 45.482031144497952 ], [ 15.296667928000062, 45.522958878512902 ], [ 15.268555948000113, 45.601662084541545 ], [ 15.373769165000107, 45.640212703555434 ], [ 15.330774373000054, 45.684551082571467 ], [ 15.283025350000056, 45.680106908569861 ], [ 15.255016723000072, 45.72346343558543 ], [ 15.429062947000148, 45.775294897603999 ], [ 15.451283813000089, 45.815137426618278 ], [ 15.626053508000066, 45.820201716620105 ], [ 15.676076294000058, 45.841699112627801 ], [ 15.659436483000031, 45.888828019644606 ], [ 15.697987101000113, 46.036209203696622 ], [ 15.589880005000051, 46.113517146723765 ], [ 15.639799438000098, 46.207671605756587 ], [ 15.749766886000083, 46.210772192757673 ], [ 15.818289835000083, 46.255523982773177 ], [ 16.019207804000072, 46.298828832788253 ], [ 16.059618774000057, 46.332315161799777 ], [ 16.057965128000127, 46.37753203981535 ], [ 16.106024211000083, 46.373733821814042 ], [ 16.143851359000053, 46.394714453821237 ], [ 16.191807088000065, 46.369780574812687 ], [ 16.275626262000063, 46.373165380813859 ], [ 16.234905233000095, 46.493338923854914 ], [ 16.344149210000065, 46.546979060873241 ] ] ], [ [ [ 18.442005656000077, 42.543011571323852 ], [ 18.437148071000056, 42.49340219630237 ], [ 18.496429884000058, 42.416327210268868 ], [ 18.238942905000048, 42.559068095330716 ], [ 18.217539910000092, 42.620103251357015 ], [ 18.076019727000066, 42.651312561370503 ], [ 18.043223504000078, 42.702053121392296 ], [ 18.028330925000091, 42.691310934387666 ], [ 17.901621941000087, 42.751898499413592 ], [ 17.892832879000071, 42.790838928430318 ], [ 17.806651238000082, 42.811916402439273 ], [ 17.780121290000071, 42.796942444432901 ], [ 17.720957879000078, 42.826239319445421 ], [ 17.761892123000056, 42.778713277425062 ], [ 17.748708530000044, 42.772040100422267 ], [ 17.728770379000082, 42.800767314434538 ], [ 17.440440300000084, 42.873358460465425 ], [ 17.417246941000091, 42.911200256481557 ], [ 17.213877800000084, 42.982611389511796 ], [ 17.046153191000084, 42.995062561517059 ], [ 17.001638217000053, 43.051499736540819 ], [ 17.073252800000091, 43.024155986529301 ], [ 17.240244988000089, 43.022772522528761 ], [ 17.39047285200007, 42.977728577509716 ], [ 17.460215691000087, 42.921779684486033 ], [ 17.558929884000069, 42.912827861482192 ], [ 17.741465691000084, 42.839260152450919 ], [ 17.707367384000058, 42.887030335471316 ], [ 17.653330925000088, 42.890936585472922 ], [ 17.665928996000101, 42.905160008478902 ], [ 17.701585734000105, 42.919500219485009 ], [ 17.811759887000047, 42.909862564480981 ], [ 17.858475382000016, 42.816974176441391 ], [ 18.224137817000063, 42.628070979360551 ], [ 18.338652791000104, 42.602516983349496 ], [ 18.442005656000077, 42.543011571323852 ] ] ], [ [ [ 16.921071811000047, 42.777167053424456 ], [ 16.936371290000064, 42.755519918415189 ], [ 16.905446811000044, 42.73175689740507 ], [ 16.834320509000062, 42.730943095404662 ], [ 16.802989129000078, 42.763495178418609 ], [ 16.828135613000086, 42.780951233426023 ], [ 16.921071811000047, 42.777167053424456 ] ] ], [ [ [ 17.486013217000046, 42.782171936426529 ], [ 17.748871290000068, 42.694566142389071 ], [ 17.373789910000085, 42.759995829417093 ], [ 17.323741082000083, 42.790838928430297 ], [ 17.392344597000093, 42.801703186434921 ], [ 17.371592644000089, 42.790838928430318 ], [ 17.486013217000046, 42.782171936426529 ] ] ], [ [ [ 17.148692254000085, 42.952582092499057 ], [ 17.193369988000086, 42.914292704482818 ], [ 17.01531009200005, 42.928615621488888 ], [ 16.851410352000066, 42.900702210477085 ], [ 16.655446811000044, 42.926255595487923 ], [ 16.638438347000093, 42.93475982749154 ], [ 16.70679772200009, 42.96954986650627 ], [ 16.631683790000068, 42.98261138951181 ], [ 16.720469597000093, 42.990057678514944 ], [ 16.82406660200007, 42.962103577503072 ], [ 17.032074415000071, 42.98261138951181 ], [ 17.148692254000085, 42.952582092499057 ] ] ], [ [ [ 16.245453321000067, 43.076361389551352 ], [ 16.21029707100007, 43.033270569533229 ], [ 16.063161655000052, 43.01740142852649 ], [ 16.087087436000047, 43.041408590536641 ], [ 16.048838738000086, 43.065171611546539 ], [ 16.092539910000085, 43.082749736554021 ], [ 16.245453321000067, 43.076361389551352 ] ] ], [ [ [ 16.670176629000078, 43.125474345571973 ], [ 16.371592644000092, 43.195502014601317 ], [ 16.496429884000072, 43.218085022610779 ], [ 16.583262566000084, 43.188666077598469 ], [ 16.520518425000095, 43.228989970615309 ], [ 16.562754754000082, 43.228989970615309 ], [ 16.65951582100007, 43.215969137609854 ], [ 16.727712436000047, 43.164618225588427 ], [ 16.864431186000051, 43.168849996590168 ], [ 17.193369988000086, 43.127264710572732 ], [ 16.670176629000078, 43.125474345571973 ] ] ], [ [ [ 16.421885613000086, 43.317572327652208 ], [ 16.40577233200009, 43.332709046658493 ], [ 16.426280144000092, 43.325181376655372 ], [ 16.453461134000065, 43.353176168667034 ], [ 16.426280144000092, 43.394110413683997 ], [ 16.447032097000083, 43.394842835684244 ], [ 16.687673373000052, 43.377020569676915 ], [ 16.80982506600008, 43.353176168667034 ], [ 16.892344597000086, 43.312201233649965 ], [ 16.846202019000096, 43.273382874633796 ], [ 16.628265821000067, 43.263739319629835 ], [ 16.421885613000086, 43.317572327652208 ] ] ], [ [ [ 16.375987175000084, 43.333441467658801 ], [ 16.207041863000082, 43.387274475681146 ], [ 16.200450066000087, 43.40704986668932 ], [ 16.298187696000063, 43.403631897687916 ], [ 16.391449415000068, 43.346380921664164 ], [ 16.375987175000084, 43.333441467658801 ] ] ], [ [ [ 15.740407748000052, 43.627508850779968 ], [ 15.672048373000042, 43.637437236783967 ], [ 15.603770379000078, 43.674709371799217 ], [ 15.650157097000095, 43.673041077798509 ], [ 15.740407748000052, 43.627508850779968 ] ] ], [ [ [ 15.22779381600008, 43.874457092880156 ], [ 15.342458530000043, 43.811835022854936 ], [ 15.395681186000045, 43.7724063118389 ], [ 15.308929884000063, 43.80560943685235 ], [ 15.22779381600008, 43.874457092880156 ] ] ], [ [ [ 15.358653191000089, 43.919378967898218 ], [ 15.261241082000073, 44.011053772935057 ], [ 15.384043816000082, 43.970160217918604 ], [ 15.446055535000083, 43.887518616885437 ], [ 15.358653191000089, 43.919378967898218 ] ] ], [ [ [ 15.25440514400009, 44.017889710937723 ], [ 15.121836785000076, 44.092230530967385 ], [ 15.062510613000091, 44.161932678995136 ], [ 15.225759311000049, 44.066229553957065 ], [ 15.25440514400009, 44.017889710937723 ] ] ], [ [ [ 14.822438998000052, 44.168687236997719 ], [ 14.869151238000086, 44.140529684986554 ], [ 14.835215691000091, 44.141669006987051 ], [ 14.81983483200009, 44.153021546991567 ], [ 14.822438998000052, 44.168687236997719 ] ] ], [ [ [ 15.216807488000084, 43.912787171895545 ], [ 15.195485873000051, 43.895209046888546 ], [ 15.133311394000096, 43.921210022898961 ], [ 15.194509311000045, 43.872626038879439 ], [ 15.121348504000087, 43.912583720895476 ], [ 15.003103061000051, 44.052313538951502 ], [ 14.849619988000082, 44.17560455400055 ], [ 14.954437696000067, 44.103216858971763 ], [ 15.00733483200009, 44.093003642967659 ], [ 15.041351759000062, 44.026434631941164 ], [ 15.216807488000084, 43.912787171895545 ] ] ], [ [ [ 14.918630405000046, 44.504543356129574 ], [ 14.733653191000085, 44.703192445206255 ], [ 14.845225457000083, 44.600531312166723 ], [ 14.883799675000088, 44.579657289158661 ], [ 14.880137566000082, 44.609198304170114 ], [ 14.90406334700009, 44.61001210617038 ], [ 15.041188998000051, 44.527492575138453 ], [ 15.075531446000062, 44.484076234121595 ], [ 14.911143425000084, 44.552313539148102 ], [ 15.048024936000052, 44.439439190104153 ], [ 15.096690300000088, 44.415187888094742 ], [ 15.041514519000085, 44.476629945118738 ], [ 15.241384311000052, 44.35106028406971 ], [ 15.235118035000079, 44.336249086063845 ], [ 15.165049675000091, 44.367377015076045 ], [ 15.220225457000087, 44.312730205054564 ], [ 15.130869988000081, 44.332586976062402 ], [ 15.172373894000092, 44.299139711049257 ], [ 15.12875410200008, 44.311997784054356 ], [ 15.089203321000062, 44.374212953078697 ], [ 15.117198113000082, 44.387193096083777 ], [ 15.049001498000056, 44.394680075086718 ], [ 15.020762566000094, 44.429999086100516 ], [ 14.897471550000086, 44.49091217212424 ], [ 14.918630405000046, 44.504543356129574 ] ] ], [ [ [ 14.410004102000071, 44.600978903166919 ], [ 14.534353061000047, 44.484076234121595 ], [ 14.511973504000087, 44.482245179120902 ], [ 14.438161655000048, 44.538641664142773 ], [ 14.466075066000089, 44.538641664142773 ], [ 14.437998894000087, 44.564642640152833 ], [ 14.363047722000088, 44.573431703156238 ], [ 14.382578972000088, 44.603257549167758 ], [ 14.335785352000077, 44.716782940211445 ], [ 14.397471550000084, 44.685614320199484 ], [ 14.410004102000071, 44.600978903166919 ] ] ], [ [ [ 14.740489129000084, 44.770493877231999 ], [ 14.754079623000049, 44.757757875227107 ], [ 14.699473504000075, 44.765204164230013 ], [ 14.65788821700005, 44.798773500242802 ], [ 14.705739780000044, 44.79254791424048 ], [ 14.699473504000089, 44.81305572624828 ], [ 14.72681725400008, 44.798773500242802 ], [ 14.685801629000084, 44.847154034261301 ], [ 14.753265821000067, 44.845851950260766 ], [ 14.740489129000078, 44.820502015251115 ], [ 14.822438998000045, 44.771429750232379 ], [ 14.849619988000082, 44.703192445206255 ], [ 14.740489129000084, 44.770493877231999 ] ] ], [ [ [ 14.451914910000079, 44.798773500242802 ], [ 14.534353061000051, 44.634263409179802 ], [ 14.513356967000046, 44.618841859173777 ], [ 14.472992384000063, 44.620266013174366 ], [ 14.427907748000047, 44.656561586188353 ], [ 14.397227410000085, 44.751613669224838 ], [ 14.368174675000089, 44.761053773228433 ], [ 14.361582879000082, 44.815985414249418 ], [ 14.294200066000087, 44.908636781284578 ], [ 14.301524285000086, 44.943426820297788 ], [ 14.387380405000041, 44.909002992284748 ], [ 14.39031009200005, 44.960394593304223 ], [ 14.411387566000085, 44.956366273302699 ], [ 14.27849368600004, 45.113348695361722 ], [ 14.331879102000077, 45.175848695385056 ], [ 14.364105665000068, 45.157619528378227 ], [ 14.387705925000093, 45.039048565333815 ], [ 14.473480665000068, 44.97142161230834 ], [ 14.451914910000079, 44.798773500242802 ] ] ], [ [ [ 14.706390821000063, 44.946722718298979 ], [ 14.628916863000077, 44.978176169310899 ], [ 14.62086022200009, 45.045599672336223 ], [ 14.616953972000083, 45.024644268328387 ], [ 14.510508660000079, 45.032171937331235 ], [ 14.42505944100008, 45.087347718351964 ], [ 14.476328972000092, 45.12836334336729 ], [ 14.530121290000061, 45.134833070369687 ], [ 14.548838738000082, 45.248724672412081 ], [ 14.595876498000049, 45.237534893407918 ], [ 14.623789910000092, 45.175482484384879 ], [ 14.59742272200009, 45.166449281381517 ], [ 14.665293816000093, 45.161810609379764 ], [ 14.665293816000085, 45.087347718351964 ], [ 14.740489129000084, 45.073065492346622 ], [ 14.740000847000085, 45.044338278335808 ], [ 14.814952019000085, 44.977484437310672 ], [ 14.760915561000038, 44.977484437310672 ], [ 14.756846550000091, 44.948716534299777 ], [ 14.706390821000063, 44.946722718298979 ] ] ], [ [ [ 16.264414910000088, 43.512884827732968 ], [ 16.375254754000078, 43.490179749723602 ], [ 16.211436394000089, 43.490057678723545 ], [ 16.264414910000088, 43.512884827732968 ] ] ], [ [ [ 14.773448113000084, 44.285142315043728 ], [ 14.789724155000041, 44.266913148036643 ], [ 14.748545769000089, 44.2616641250345 ], [ 14.739593946000076, 44.280178122041825 ], [ 14.773448113000084, 44.285142315043728 ] ] ], [ [ [ 14.613454623000049, 44.340806377065604 ], [ 14.657399936000042, 44.305243226051694 ], [ 14.595062696000074, 44.347113343068081 ], [ 14.613454623000049, 44.340806377065604 ] ] ], [ [ [ 14.80323326900009, 44.405503643090952 ], [ 14.801036004000087, 44.34308502306655 ], [ 14.75619550900006, 44.363999737074735 ], [ 14.763438347000088, 44.415350648094808 ], [ 14.80323326900009, 44.405503643090952 ] ] ], [ [ [ 14.232595248000056, 44.626044007176581 ], [ 14.280446811000049, 44.677557679196404 ], [ 14.264008009000062, 44.611558330170965 ], [ 14.232595248000056, 44.626044007176581 ] ] ] ] } },
{ "type": "Feature", "properties": { "map_id": "HU" }, "geometry": { "type": "Polygon", "coordinates": [ [ [ 22.877600546000046, 47.946738583324297 ], [ 22.819722941000123, 47.892323300307581 ], [ 22.763602335000087, 47.8747533133022 ], [ 22.751820109000075, 47.827676082287724 ], [ 22.637718547000073, 47.771555477270361 ], [ 22.562994426000074, 47.757215268265924 ], [ 22.454370565000147, 47.78739430427526 ], [ 22.423674764000101, 47.782562558273767 ], [ 22.39587284300006, 47.735692033259191 ], [ 22.273089640000109, 47.723754778255568 ], [ 22.207873982000081, 47.67373199123999 ], [ 22.162088663000137, 47.586243791212659 ], [ 22.007886189000146, 47.517410783190989 ], [ 22.001581665000032, 47.393826595151822 ], [ 21.862158651000072, 47.297424211120891 ], [ 21.819887329000053, 47.17272898008072 ], [ 21.763766724000018, 47.105213722058807 ], [ 21.63281864400005, 47.022686459031839 ], [ 21.671369262000017, 46.993360083022182 ], [ 21.648528279000114, 46.94297556200565 ], [ 21.58992720600008, 46.908869115994364 ], [ 21.58341597500003, 46.847942602974207 ], [ 21.50290409400014, 46.805309546959997 ], [ 21.470451294000036, 46.743013606939307 ], [ 21.501767212000033, 46.703506974925951 ], [ 21.436241495000054, 46.673741348915968 ], [ 21.396037231, 46.626354061900074 ], [ 21.300952596000084, 46.603926489892451 ], [ 21.245142049, 46.476879980849333 ], [ 21.28069543400008, 46.416392716828732 ], [ 21.195636027000152, 46.398099259822416 ], [ 21.144476359000066, 46.283739315783031 ], [ 21.099207804000056, 46.276349584780469 ], [ 21.051458781000093, 46.236093644766484 ], [ 20.81963830600008, 46.271698705778874 ], [ 20.73933313000008, 46.237488908766935 ], [ 20.744707479000049, 46.192272029751202 ], [ 20.710290975000078, 46.188086238749776 ], [ 20.663988892000102, 46.137753393732318 ], [ 20.600116821000142, 46.129640193729379 ], [ 20.468548625000089, 46.174133601744913 ], [ 20.444157349000086, 46.146900121735442 ], [ 20.283236938000048, 46.143799535734402 ], [ 20.242825969000076, 46.10809112172187 ], [ 20.188462361000092, 46.14038889173316 ], [ 20.098442017000139, 46.154961645738318 ], [ 20.034983357000094, 46.142972713734082 ], [ 19.929150024000137, 46.163539933741212 ], [ 19.790450480000054, 46.129071753729228 ], [ 19.669320923000047, 46.173100072744603 ], [ 19.549948364000095, 46.164160050741501 ], [ 19.487523234000069, 46.134239396731054 ], [ 19.499305461000056, 46.10860788572213 ], [ 19.453726847000066, 46.077550350711199 ], [ 19.378899373000131, 46.033677059695734 ], [ 19.306965779000077, 46.026649064693352 ], [ 19.263454223000078, 45.981432185677306 ], [ 19.1480090740001, 45.984067683678305 ], [ 19.088477824000027, 46.018845922690637 ], [ 19.049720500000088, 45.993111059681453 ], [ 19.048583618000091, 45.96344878767097 ], [ 18.981817668000133, 45.950788061666564 ], [ 18.981817668000133, 45.921849259656284 ], [ 18.886526327000073, 45.930427547659342 ], [ 18.804877563000073, 45.913632706653352 ], [ 18.775525350000091, 45.882833552642424 ], [ 18.655636027000124, 45.907586563651186 ], [ 18.573470499000113, 45.816687719618891 ], [ 18.530269002000065, 45.790849503609579 ], [ 18.481796509000073, 45.791417944609783 ], [ 18.404385213000069, 45.741808569592017 ], [ 18.367178182000149, 45.758189998597878 ], [ 18.317672160000072, 45.747286270594088 ], [ 18.211218709000054, 45.785371801607631 ], [ 18.080477335000037, 45.771729223602769 ], [ 17.889791300000123, 45.792141413610146 ], [ 17.858061971000012, 45.771729223602776 ], [ 17.809176066000134, 45.814413956618019 ], [ 17.656523885000066, 45.845419815629135 ], [ 17.64577518700014, 45.89182525164567 ], [ 17.591101521000066, 45.936215307661342 ], [ 17.345328410000082, 45.955697322668293 ], [ 17.337887003000077, 45.984636124678573 ], [ 17.327138306000048, 45.972027075673957 ], [ 17.290137980000104, 45.984636124678552 ], [ 17.316803019000044, 45.997658585683091 ], [ 17.275875285000041, 46.012024633688142 ], [ 17.208592570000057, 46.116566055724867 ], [ 17.101208943000074, 46.128193253728902 ], [ 16.974808390000135, 46.210565486757702 ], [ 16.837659139000067, 46.381872859816816 ], [ 16.769342895000108, 46.396109716821776 ], [ 16.755080200000123, 46.381872859816816 ], [ 16.659272095000087, 46.464193416844928 ], [ 16.59426314300012, 46.482977799851433 ], [ 16.577623332000119, 46.470652970847212 ], [ 16.515301554000079, 46.501710505857808 ], [ 16.500832153000143, 46.544808650872383 ], [ 16.368437133000075, 46.642993871905624 ], [ 16.410501749000098, 46.668367000914188 ], [ 16.314176879000033, 46.743323665939371 ], [ 16.298157186000083, 46.775802303950179 ], [ 16.32533898900007, 46.839441829971378 ], [ 16.272008911000093, 46.863962296979466 ], [ 16.094035278000124, 46.862773738979108 ], [ 16.223949829000105, 46.941063534004968 ], [ 16.274902791000073, 47.004315487025842 ], [ 16.486362752000105, 46.998553565023961 ], [ 16.424661092000061, 47.024081722032314 ], [ 16.49318404100006, 47.049144792040522 ], [ 16.454323364000114, 47.081700945051061 ], [ 16.509513793000107, 47.13753733006935 ], [ 16.433652792000082, 47.145753882072007 ], [ 16.441817667000127, 47.177121476082114 ], [ 16.412775512000103, 47.187172542085435 ], [ 16.421353800000055, 47.243138119103492 ], [ 16.473236938000035, 47.276805315114402 ], [ 16.424351034000065, 47.345199073136264 ], [ 16.433962850000082, 47.396849667152736 ], [ 16.456597128000027, 47.411835832157557 ], [ 16.481918579000112, 47.392302141151312 ], [ 16.640875284000089, 47.452918596170548 ], [ 16.636844523000086, 47.493200374183303 ], [ 16.689141072, 47.53802968019744 ], [ 16.630229940000103, 47.622003882223929 ], [ 16.407814575000092, 47.661329647236194 ], [ 16.439130493000082, 47.690475155245259 ], [ 16.512924438000145, 47.706003923250016 ], [ 16.531114542000072, 47.742978411261568 ], [ 16.567804810000045, 47.754192196265002 ], [ 16.689864543000109, 47.729568376257347 ], [ 16.730378866000109, 47.685901791243829 ], [ 16.797454874000042, 47.675463152240532 ], [ 16.850164836000147, 47.712928565252184 ], [ 16.864737589000121, 47.686728613244078 ], [ 16.902668091000113, 47.682026058242556 ], [ 17.075370728000049, 47.708484392250867 ], [ 17.050566040000117, 47.730989478257811 ], [ 17.055630330000099, 47.812354021282999 ], [ 17.004057251000091, 47.863281144298661 ], [ 17.067619262000047, 47.881626278304317 ], [ 17.085602661000049, 47.970148007331382 ], [ 17.184821411000083, 48.020274146346537 ], [ 17.337887003000077, 47.998725073340047 ], [ 17.572601359000139, 47.829536434288329 ], [ 17.604227335000129, 47.834238989289773 ], [ 17.676677693000045, 47.789177141275808 ], [ 17.825712524000036, 47.750006405263754 ], [ 18.235920044000093, 47.753882137264881 ], [ 18.552593221000024, 47.792846168276945 ], [ 18.692843058000047, 47.777963355272398 ], [ 18.81645308500012, 47.832559505289296 ], [ 18.748756958000115, 47.87072255130095 ], [ 18.743175903000093, 47.971052344331618 ], [ 18.8384672440001, 48.040014543352576 ], [ 18.996493774000047, 48.066214494360572 ], [ 19.222526489000035, 48.060581763358826 ], [ 19.293219849000049, 48.087763567366949 ], [ 19.428198690000048, 48.085851539366381 ], [ 19.481735473000068, 48.111328019374092 ], [ 19.513981567000137, 48.203958025401832 ], [ 19.623225545000111, 48.227005713408779 ], [ 19.686994263000141, 48.196904191399831 ], [ 19.756550740000137, 48.200314836400779 ], [ 19.776084432000065, 48.149516903385603 ], [ 19.821663045000037, 48.157914323388198 ], [ 19.928633260000108, 48.130086564379731 ], [ 20.105263305000108, 48.202795305401608 ], [ 20.134512167000128, 48.246668596414693 ], [ 20.229080037000127, 48.270904843421782 ], [ 20.272384888000076, 48.252456356416424 ], [ 20.324268026000098, 48.279948219424533 ], [ 20.42059289500008, 48.429241431468604 ], [ 20.481674439000077, 48.478747453483152 ], [ 20.481674439000063, 48.526083065496913 ], [ 20.800311320000041, 48.569232886509425 ], [ 21.10933638500012, 48.489108578486153 ], [ 21.219923950000059, 48.518719173494759 ], [ 21.261781861000113, 48.503190406490177 ], [ 21.321829874000052, 48.547580461503195 ], [ 21.424562622000057, 48.561274716507157 ], [ 21.499390096000088, 48.535074765499566 ], [ 21.521817667000072, 48.500089820489364 ], [ 21.591684204000067, 48.493010149487318 ], [ 21.677570434000113, 48.37234567945189 ], [ 21.759012492000124, 48.333769222440552 ], [ 21.929338012000098, 48.372914120451988 ], [ 22.077856079000071, 48.375808000452999 ], [ 22.201982869000084, 48.418156836465357 ], [ 22.271849406000072, 48.403454891461024 ], [ 22.256759888000062, 48.357281999447423 ], [ 22.291279744000061, 48.357566220447545 ], [ 22.308126261000041, 48.293694149428582 ], [ 22.363626749000101, 48.238710425412279 ], [ 22.48144901500012, 48.242586158413367 ], [ 22.605472453000122, 48.097039486369837 ], [ 22.745722290000121, 48.116288957375652 ], [ 22.830988403000106, 48.072441504362402 ], [ 22.861580851000102, 48.028387346349035 ], [ 22.832435343000093, 47.978933000334067 ], [ 22.877600546000046, 47.946738583324297 ] ] ] } },
{ "type": "Feature", "properties": { "map_id": "IE" }, "geometry": { "type": "MultiPolygon", "coordinates": [ [ [ [ -7.159494594999956, 55.150783593933127 ], [ -7.291152302999905, 55.046615293917377 ], [ -7.355024372999927, 55.040930885916474 ], [ -7.405253865999896, 55.003568824910744 ], [ -7.455069945999918, 54.863008929889077 ], [ -7.543384968999926, 54.793090716878169 ], [ -7.543074910999847, 54.741672666870116 ], [ -7.649683390999908, 54.744876605870644 ], [ -7.770502888999939, 54.706015928864545 ], [ -7.845898803999907, 54.731027320868478 ], [ -7.929666300999884, 54.696714170863004 ], [ -7.846415567999964, 54.631446835852614 ], [ -7.814996296999935, 54.63945668385395 ], [ -7.753553019999945, 54.614496966850012 ], [ -7.710558227999846, 54.62426381285151 ], [ -7.707871052999906, 54.604161680848307 ], [ -7.887136596999928, 54.532124733836667 ], [ -8.002194172999875, 54.54344187283845 ], [ -8.072448282999881, 54.487062884829399 ], [ -8.173837442999909, 54.461741432825363 ], [ -8.056480265999934, 54.365881651809566 ], [ -8.002194172999875, 54.357923480808296 ], [ -7.950801961999931, 54.300872699798923 ], [ -7.880263631999863, 54.287023414796558 ], [ -7.856440796999893, 54.211420794783997 ], [ -7.704770466999888, 54.20036203878216 ], [ -7.60901403799993, 54.139900612772003 ], [ -7.502302204999863, 54.125121152769438 ], [ -7.414658976999952, 54.14568837377297 ], [ -7.394660197999908, 54.121917214768999 ], [ -7.326964069999912, 54.113597307767485 ], [ -7.325982218999849, 54.154576719774454 ], [ -7.295544799999988, 54.165118711776302 ], [ -7.280041870999868, 54.126154680769652 ], [ -7.249087686999867, 54.197416481781616 ], [ -7.15333125799995, 54.224236550786166 ], [ -7.145889851999927, 54.252090146790771 ], [ -7.209038452999885, 54.293431293797617 ], [ -7.192450316999977, 54.334720761804547 ], [ -7.127027953999905, 54.349758603806976 ], [ -7.078503783999899, 54.39471710081439 ], [ -7.017835652999846, 54.413165585817396 ], [ -6.879704548999904, 54.341593727805588 ], [ -6.856656860999939, 54.292811175797581 ], [ -6.882185017999879, 54.277256569795021 ], [ -6.837743285999891, 54.260513405792118 ], [ -6.787823852999849, 54.20299753678259 ], [ -6.744777384999841, 54.1841873147795 ], [ -6.694651244999929, 54.197984922781693 ], [ -6.640339314999957, 54.168012591776744 ], [ -6.672533732999902, 54.0684321067599 ], [ -6.630624144999925, 54.041818743755357 ], [ -6.47854040599989, 54.067708636759754 ], [ -6.377512980999936, 54.063264463758941 ], [ -6.35482702599989, 54.110651751767016 ], [ -6.284650430999933, 54.105225725766132 ], [ -6.107289191999939, 54.013617252750528 ], [ -6.160755988999936, 53.974432681743899 ], [ -6.359852667999915, 54.016017968750958 ], [ -6.378285285999937, 53.934881900737075 ], [ -6.35081946499991, 53.881415103727861 ], [ -6.24323482999994, 53.865139062724992 ], [ -6.229888475999931, 53.656561588688334 ], [ -6.07730058499993, 53.554632877670088 ], [ -6.133371548999949, 53.461086327653234 ], [ -6.158355272999922, 53.472845767655386 ], [ -6.194813605999915, 53.461086327653234 ], [ -6.130604620999915, 53.442613020649844 ], [ -6.126535610999944, 53.398993228641977 ], [ -6.050852016999944, 53.385402733639431 ], [ -6.062001105999911, 53.367377017636095 ], [ -6.132313605999903, 53.391587629640561 ], [ -6.218169725999923, 53.347154036632418 ], [ -6.155181443999927, 53.299383853623617 ], [ -6.096994594999949, 53.285549218621078 ], [ -6.104888475999933, 53.229437564610649 ], [ -6.030384894999941, 53.111029361588471 ], [ -6.051625128999943, 53.009263411569172 ], [ -5.993519660999931, 52.957424218559318 ], [ -6.130116339999918, 52.815985416532065 ], [ -6.147857225999923, 52.746161197518447 ], [ -6.215321417999914, 52.665961002502655 ], [ -6.209095831999937, 52.545843814478793 ], [ -6.356190558999916, 52.409002994451278 ], [ -6.366118943999933, 52.344427799438115 ], [ -6.468861456999945, 52.360012108441296 ], [ -6.462961391999943, 52.377997134444968 ], [ -6.496490037999931, 52.36432525944219 ], [ -6.409169074999903, 52.289252017426811 ], [ -6.372954881999931, 52.322699283433664 ], [ -6.389759894999939, 52.295599674428146 ], [ -6.318348761999915, 52.240790103416927 ], [ -6.347035285999928, 52.197251692407889 ], [ -6.377064581999945, 52.17820872340387 ], [ -6.399484829999945, 52.185492252405453 ], [ -6.382313605999901, 52.211981509410968 ], [ -6.425607876999943, 52.193793033407147 ], [ -6.469105597999937, 52.193589582407064 ], [ -6.448638475999922, 52.199774478408443 ], [ -6.472564256999923, 52.206976627409887 ], [ -6.57974199099993, 52.17820872340387 ], [ -6.715565558999916, 52.216620181411919 ], [ -6.805572068999928, 52.212836002411116 ], [ -6.764027472999938, 52.261297916421171 ], [ -6.832264777999906, 52.240790103416948 ], [ -6.818592902999907, 52.18618398340562 ], [ -6.932118292999914, 52.124660546392775 ], [ -6.94896399599992, 52.130926822394088 ], [ -6.903716600999928, 52.172186588402731 ], [ -6.997385219999958, 52.289211327426813 ], [ -6.979969855999903, 52.185939843405521 ], [ -6.955148891999959, 52.179348046404144 ], [ -7.017201300999933, 52.13837311139563 ], [ -7.106027798999946, 52.130926822394088 ], [ -7.071848110999947, 52.165716861401322 ], [ -7.106353318999928, 52.173000390402855 ], [ -7.10602779899994, 52.152044986398472 ], [ -7.149647589999912, 52.156317447399424 ], [ -7.187367316999943, 52.13275787739444 ], [ -7.435454881999926, 52.12567779939296 ], [ -7.565297003999941, 52.083726301384203 ], [ -7.599964972999934, 52.101019595387889 ], [ -7.627349412999935, 52.062689517379823 ], [ -7.602162238999933, 52.071682030381695 ], [ -7.54515540299991, 52.054999088378224 ], [ -7.589914516999959, 51.991156314364758 ], [ -7.709299282999952, 51.973863020361101 ], [ -7.723296678999926, 51.944566145354891 ], [ -7.829335089999916, 51.953436588356752 ], [ -7.849842902999907, 51.980129296362399 ], [ -7.869862433999911, 51.929510806351665 ], [ -7.922230597999939, 51.911810611347903 ], [ -7.891468878999946, 51.88190338434157 ], [ -8.008168097999938, 51.855780338335975 ], [ -8.020578579999947, 51.823919986329066 ], [ -8.246205206999941, 51.802720442324443 ], [ -8.230091925999931, 51.836737369331864 ], [ -8.175404425999941, 51.857163801336178 ], [ -8.202788865999937, 51.863999739337665 ], [ -8.187082485999952, 51.893133853343976 ], [ -8.29320227799991, 51.903306379346063 ], [ -8.429351365999931, 51.884507551342082 ], [ -8.329253709999932, 51.861314192337097 ], [ -8.347401495999915, 51.829901431330377 ], [ -8.298329230999911, 51.829901431330384 ], [ -8.292103644999944, 51.810003970326079 ], [ -8.31948808499993, 51.802557681324544 ], [ -8.284657355999919, 51.802557681324544 ], [ -8.297352667999906, 51.766017968316582 ], [ -8.345692511999912, 51.724676822307643 ], [ -8.435536261999909, 51.692694400300667 ], [ -8.483957485999948, 51.713812564305243 ], [ -8.464182094999959, 51.695013736301163 ], [ -8.483957485999948, 51.67841217429752 ], [ -8.491118943999933, 51.69867584530197 ], [ -8.512440558999904, 51.706040754303579 ], [ -8.558420376999937, 51.706366275303701 ], [ -8.497547980999911, 51.692694400300667 ], [ -8.539173956999937, 51.648382877290999 ], [ -8.531727667999908, 51.610785220282729 ], [ -8.572661912999932, 51.644964908290284 ], [ -8.757639126999955, 51.644964908290284 ], [ -8.690012173999943, 51.63129303328725 ], [ -8.696156378999943, 51.576646223275262 ], [ -8.853871222999931, 51.595933332279436 ], [ -8.933176235999944, 51.535345767266087 ], [ -8.991118943999934, 51.562974348272192 ], [ -9.072865363999929, 51.549383853269212 ], [ -9.120757615999937, 51.562974348272192 ], [ -9.115712042999917, 51.537909244266679 ], [ -9.192534959999932, 51.524603580263701 ], [ -9.223784959999927, 51.487290754255419 ], [ -9.264759894999944, 51.487290754255397 ], [ -9.27212480399993, 51.508368228260153 ], [ -9.349232550999936, 51.474025780252461 ], [ -9.381418423999945, 51.473618879252371 ], [ -9.346669074999907, 51.500921939258511 ], [ -9.376861131999924, 51.494614973257107 ], [ -9.327463344999957, 51.542547916267701 ], [ -9.401844855999904, 51.500921939258511 ], [ -9.401844855999911, 51.54596588426849 ], [ -9.443267381999926, 51.559515689271429 ], [ -9.447987433999909, 51.543646549267919 ], [ -9.611317511999912, 51.493841861256946 ], [ -9.655913865999931, 51.520168358262744 ], [ -9.703521287999932, 51.473618879252371 ], [ -9.82022050699992, 51.445705468246153 ], [ -9.833892381999931, 51.487290754255397 ], [ -9.545887824999905, 51.610785220282729 ], [ -9.592030402999912, 51.613714908283377 ], [ -9.78502356699993, 51.552476301269884 ], [ -9.847523566999932, 51.549383853269212 ], [ -9.594553188999953, 51.655503645292541 ], [ -9.45860755099995, 51.683986718298797 ], [ -9.442941860999943, 51.720038150306593 ], [ -9.525461391999945, 51.726874088308101 ], [ -9.560210740999937, 51.761623437315585 ], [ -9.545887824999893, 51.720038150306593 ], [ -9.626820441999934, 51.685044661299024 ], [ -9.874134894999935, 51.656195377292718 ], [ -10.028797980999908, 51.596502994279653 ], [ -10.162831183999916, 51.590277408278261 ], [ -10.143299933999906, 51.613592838283388 ], [ -10.059803839999912, 51.63129303328725 ], [ -10.070668097999947, 51.657049869292933 ], [ -10.100819464999923, 51.659247134293373 ], [ -10.088124152999901, 51.671616926296053 ], [ -10.003773566999936, 51.678045963297507 ], [ -9.956857876999944, 51.706366275303672 ], [ -9.997792120999911, 51.713812564305243 ], [ -9.98070227799991, 51.731878970309168 ], [ -9.888539191999936, 51.761623437315585 ], [ -9.902251756999927, 51.741156314311212 ], [ -9.867909308999906, 51.748602603312825 ], [ -9.854400193999927, 51.775295312318583 ], [ -9.785511847999942, 51.768500064317131 ], [ -9.813384568999933, 51.788275455321411 ], [ -9.737660285999928, 51.836737369331864 ], [ -9.58071855399993, 51.877671614340578 ], [ -9.758046027999908, 51.846991275334041 ], [ -9.863840298999943, 51.804266666324871 ], [ -9.882191535999935, 51.823675845329021 ], [ -10.135609503999943, 51.741156314311212 ], [ -10.129750128999939, 51.754339908314094 ], [ -10.224354620999915, 51.782131249320081 ], [ -10.186146613999925, 51.789618228321721 ], [ -10.177072719999957, 51.813666080326847 ], [ -10.234608527999912, 51.851019595334861 ], [ -10.341053839999921, 51.788275455321411 ], [ -10.341053839999915, 51.843573306333305 ], [ -10.388905402999912, 51.846177473333832 ], [ -10.39561926999993, 51.884507551342097 ], [ -10.254139777999901, 51.908677473347169 ], [ -10.306874152999903, 51.953436588356752 ], [ -10.258452928999928, 51.973863020361101 ], [ -10.266224738999934, 51.988470767364184 ], [ -10.033273891999954, 52.041083072375308 ], [ -9.97105872299994, 52.08991119738554 ], [ -9.954335089999917, 52.064154361380112 ], [ -9.926380988999931, 52.062689517379823 ], [ -9.908436652999914, 52.130926822394088 ], [ -9.771839972999937, 52.124701236392788 ], [ -9.792958136999912, 52.13837311139563 ], [ -9.758168097999945, 52.152044986398472 ], [ -9.956857876999948, 52.145209049397032 ], [ -9.954660610999946, 52.108791405389489 ], [ -9.997792120999915, 52.13837311139563 ], [ -10.186268683999915, 52.109442447389668 ], [ -10.217518683999913, 52.130926822394088 ], [ -10.242054816999934, 52.119777733391778 ], [ -10.278920050999936, 52.136379296395233 ], [ -10.306874152999908, 52.124701236392774 ], [ -10.27208411399994, 52.111721093390102 ], [ -10.368316209999932, 52.124701236392774 ], [ -10.354074673999943, 52.111721093390102 ], [ -10.436594204999954, 52.09739817638706 ], [ -10.467518683999913, 52.115139062390767 ], [ -10.461293097999937, 52.179999088404301 ], [ -10.409291144999942, 52.199774478408443 ], [ -10.416656053999922, 52.186183983405634 ], [ -10.3720596999999, 52.175604556403442 ], [ -10.366566535999931, 52.22821686141431 ], [ -10.320546027999907, 52.234564517415606 ], [ -10.275786912999937, 52.268133853422498 ], [ -10.171864386999923, 52.286810611426354 ], [ -10.166249152999915, 52.234564517415592 ], [ -10.100819464999915, 52.240790103416927 ], [ -10.044911261999909, 52.269273176422779 ], [ -10.059803839999912, 52.30963775943102 ], [ -10.013539191999937, 52.306341861430347 ], [ -10.008778449999902, 52.25336334541943 ], [ -9.947499152999907, 52.237616275416222 ], [ -9.872222459999932, 52.232652082415214 ], [ -9.825591600999926, 52.258246158420462 ], [ -9.810047980999915, 52.24213287741717 ], [ -9.737660285999935, 52.248236392418391 ], [ -9.869374152999903, 52.273138736423576 ], [ -9.88109290299991, 52.296047265428264 ], [ -9.849232550999945, 52.284735416425946 ], [ -9.861887173999937, 52.303452864429708 ], [ -9.826486782999945, 52.30963775943102 ], [ -9.834462042999906, 52.37523020744441 ], [ -9.949940558999907, 52.412095442451857 ], [ -9.748931443999929, 52.456732486460858 ], [ -9.703521287999928, 52.483547265466306 ], [ -9.634632941999948, 52.47357818946432 ], [ -9.683094855999913, 52.494614973468558 ], [ -9.648304816999941, 52.570379947483751 ], [ -9.470326300999941, 52.561835025482047 ], [ -9.438384568999929, 52.577134504485038 ], [ -9.272124803999924, 52.577215884485064 ], [ -9.052398240999937, 52.631822004495923 ], [ -9.005604620999916, 52.620835676493726 ], [ -8.959950324999911, 52.652289127499962 ], [ -8.751169399999924, 52.672959700504016 ], [ -8.960845506999936, 52.693670963508133 ], [ -8.969878709999932, 52.748480533518894 ], [ -8.942616339999908, 52.775213931524149 ], [ -9.023589647999922, 52.747137759518608 ], [ -9.146799282999943, 52.623765364494275 ], [ -9.254790818999938, 52.611395572491894 ], [ -9.285796678999917, 52.590806379487745 ], [ -9.333078579999938, 52.59772369748913 ], [ -9.278960740999933, 52.639308983497379 ], [ -9.434478318999934, 52.612005924491967 ], [ -9.524891730999908, 52.63703033849692 ], [ -9.544178839999915, 52.666652733502815 ], [ -9.580718553999924, 52.665961002502669 ], [ -9.552805141999942, 52.639308983497386 ], [ -9.694406704999944, 52.60561757749069 ], [ -9.706857876999941, 52.580226952485688 ], [ -9.936350063999946, 52.55670807248103 ], [ -9.824086066999934, 52.595160220488694 ], [ -9.621652798999945, 52.713771874512091 ], [ -9.628407355999901, 52.727443749514727 ], [ -9.498646613999934, 52.752508853519657 ], [ -9.491281704999938, 52.803168033529559 ], [ -9.354074673999943, 52.933498437554775 ], [ -9.477650519999935, 52.940334374556109 ], [ -9.387603318999934, 53.008612369569121 ], [ -9.272206183999915, 53.146673892595174 ], [ -9.158599412999934, 53.111029361588457 ], [ -9.072865363999934, 53.118475650589879 ], [ -9.070057745999915, 53.134466861592912 ], [ -9.128163214999912, 53.159409895597548 ], [ -9.069569464999919, 53.166205142598834 ], [ -9.004058397999927, 53.145738020595012 ], [ -9.045643683999913, 53.17373281260025 ], [ -8.986683722999929, 53.176988020600888 ], [ -8.936390753999941, 53.145738020595012 ], [ -8.956857876999941, 53.179877017601399 ], [ -8.894846157999947, 53.220892642609051 ], [ -9.045643683999904, 53.220892642609051 ], [ -8.963124152999908, 53.235174869611789 ], [ -8.991118943999934, 53.248195702614126 ], [ -8.942616339999905, 53.261786197616708 ], [ -9.022084113999936, 53.275458072619237 ], [ -9.511708136999907, 53.228338931610487 ], [ -9.566395636999907, 53.261786197616708 ], [ -9.554554816999937, 53.290716861622002 ], [ -9.612294074999911, 53.236151431611908 ], [ -9.617298956999949, 53.321478580627641 ], [ -9.560780402999908, 53.341213280631344 ], [ -9.601144985999944, 53.364894921635674 ], [ -9.552805141999954, 53.385402733639431 ], [ -9.621652798999939, 53.378485416638185 ], [ -9.606597459999934, 53.349351301632822 ], [ -9.634632941999937, 53.330064192629273 ], [ -9.652658657999943, 53.392808332640762 ], [ -9.743072068999936, 53.314398502626418 ], [ -9.806711391999949, 53.301581119624032 ], [ -9.842925584999929, 53.323309634628053 ], [ -9.902251756999927, 53.323919986628134 ], [ -9.887196417999911, 53.359198306634632 ], [ -9.785511847999942, 53.392767642640749 ], [ -9.820220506999927, 53.398993228641977 ], [ -9.799183722999937, 53.419501041645688 ], [ -9.860178188999955, 53.394232486641016 ], [ -9.881092902999903, 53.4064395176432 ], [ -9.847523566999932, 53.433742577648246 ], [ -9.911447719999956, 53.42597076764681 ], [ -9.922352667999911, 53.389227603640173 ], [ -9.961415167999915, 53.379584049638375 ], [ -10.014149542999906, 53.381252343638664 ], [ -10.063221808999906, 53.412665103644407 ], [ -10.176503058999904, 53.412665103644407 ], [ -10.142241990999928, 53.445705468650424 ], [ -10.052967902999915, 53.453599348651842 ], [ -10.087147589999921, 53.481512759656944 ], [ -10.020578579999954, 53.47044505165492 ], [ -10.012074347999933, 53.481512759656944 ], [ -10.107289191999948, 53.494452213659294 ], [ -10.152658657999957, 53.543605858668172 ], [ -10.203236456999937, 53.543605858668172 ], [ -10.180287238999938, 53.55548736967031 ], [ -10.107655402999903, 53.549790754669239 ], [ -10.115101691999943, 53.5702985676729 ], [ -10.070668097999947, 53.570013736672841 ], [ -10.005238410999933, 53.543605858668172 ], [ -9.97105872299994, 53.562892968671576 ], [ -10.046783006999938, 53.599269921678101 ], [ -9.930734829999952, 53.599798892678187 ], [ -9.867909308999916, 53.617377017681363 ], [ -9.822865363999929, 53.606431379679414 ], [ -9.696766730999906, 53.598211978677966 ], [ -9.783762173999945, 53.606268619679412 ], [ -9.908436652999905, 53.646063541686424 ], [ -9.908436652999914, 53.762111718706969 ], [ -9.789214647999929, 53.786607161711245 ], [ -9.752023891999956, 53.776353254709477 ], [ -9.566395636999916, 53.796291405712964 ], [ -9.62165279899995, 53.817328189716662 ], [ -9.560210740999931, 53.865139062725007 ], [ -9.586903449999902, 53.87197499972617 ], [ -9.566395636999907, 53.899318749730902 ], [ -9.758168097999938, 53.899318749730902 ], [ -9.910755988999929, 53.858710025723838 ], [ -9.943755662999923, 53.87938059872743 ], [ -9.9084366529999, 53.920355533734494 ], [ -9.915882941999946, 53.953843489740308 ], [ -9.868031378999945, 53.961371158741585 ], [ -9.787505662999932, 53.916083072733848 ], [ -9.785511847999937, 53.947088931739145 ], [ -9.812652147999927, 53.966294661742467 ], [ -9.831695115999931, 53.956284895740723 ], [ -9.849598761999914, 53.997503970747808 ], [ -9.898915167999913, 54.02533600275251 ], [ -9.897694464999905, 54.055121158757615 ], [ -9.833892381999926, 54.112127994767299 ], [ -9.881092902999914, 54.112127994767299 ], [ -9.917388475999925, 54.069728905760094 ], [ -9.970692511999914, 54.078558658761622 ], [ -9.990956183999913, 54.104681705766033 ], [ -9.908436652999907, 54.118353580768364 ], [ -9.977284308999899, 54.180487369778845 ], [ -9.936350063999955, 54.187323306780009 ], [ -10.010894334999927, 54.218329166785182 ], [ -10.016997850999926, 54.188666080780216 ], [ -10.052967902999914, 54.187323306780016 ], [ -10.039377407999945, 54.166815494776522 ], [ -10.087147589999914, 54.159328515775286 ], [ -10.066639777999901, 54.125189517769485 ], [ -10.094593878999943, 54.118353580768364 ], [ -10.066883917999919, 54.094916080764406 ], [ -10.117421027999915, 54.095892642764554 ], [ -10.128163214999915, 54.125189517769485 ], [ -10.059803839999912, 54.222072655785766 ], [ -10.11510169199993, 54.235052799787951 ], [ -9.997792120999911, 54.303941145799385 ], [ -9.971791144999949, 54.277248437794945 ], [ -9.881092902999901, 54.263006900792597 ], [ -9.927154100999923, 54.226752017786509 ], [ -9.977284308999906, 54.242499088789209 ], [ -9.983631964999914, 54.222967838785969 ], [ -9.909901495999922, 54.204413150782869 ], [ -9.843861456999939, 54.276597395794887 ], [ -9.765004035999926, 54.255560611791388 ], [ -9.799183722999937, 54.283514713796023 ], [ -9.758168097999938, 54.283514713796023 ], [ -9.829213019999933, 54.296861067798233 ], [ -9.846018032999947, 54.321437890802294 ], [ -9.785511847999937, 54.338080142805062 ], [ -9.706939256999929, 54.31761302080163 ], [ -9.494374152999908, 54.31761302080163 ], [ -9.384510870999915, 54.297186588798247 ], [ -9.334217902999907, 54.318304752801801 ], [ -9.268422003999941, 54.303941145799385 ], [ -9.247670050999938, 54.276597395794887 ], [ -9.211008266999942, 54.275620832794743 ], [ -9.21035722599993, 54.217840884785069 ], [ -9.149322068999934, 54.180609439778785 ], [ -9.141224738999933, 54.145697330772933 ], [ -9.134999152999914, 54.207749739783402 ], [ -9.090199347999937, 54.226629947786563 ], [ -9.051258917999911, 54.289496158796986 ], [ -8.939035610999941, 54.289984439797067 ], [ -8.856597459999934, 54.263006900792597 ], [ -8.676421678999921, 54.271307681794021 ], [ -8.572661912999928, 54.200344140782164 ], [ -8.511219855999913, 54.207749739783409 ], [ -8.621001756999924, 54.25556061179136 ], [ -8.593739386999919, 54.283514713796023 ], [ -8.470285610999946, 54.276597395794887 ], [ -8.569813605999904, 54.305731509799656 ], [ -8.567209438999955, 54.324164127802725 ], [ -8.531727667999917, 54.310207421800442 ], [ -8.519154425999938, 54.326727603803171 ], [ -8.661366339999905, 54.338039452804978 ], [ -8.663889126999939, 54.359279687808503 ], [ -8.47411048099991, 54.429999088820097 ], [ -8.466704881999929, 54.475002343827427 ], [ -8.443023240999933, 54.447333072822936 ], [ -8.210194464999926, 54.501939192831813 ], [ -8.270985480999899, 54.523667707835251 ], [ -8.216379360999952, 54.550360416839702 ], [ -8.175404425999947, 54.619289452850751 ], [ -8.137562628999937, 54.605617577848498 ], [ -8.120838995999911, 54.646551822855024 ], [ -8.292103644999937, 54.605617577848498 ], [ -8.280344204999938, 54.629624739852353 ], [ -8.3017471999999, 54.639797265853915 ], [ -8.456613735999952, 54.564642642841932 ], [ -8.384755011999918, 54.605658267848476 ], [ -8.40005449099993, 54.628566796852162 ], [ -8.421864386999907, 54.619289452850751 ], [ -8.418690558999913, 54.641302799854209 ], [ -8.461537238999938, 54.602850650848062 ], [ -8.494130011999921, 54.632961327852897 ], [ -8.564035610999948, 54.60883209584901 ], [ -8.672596808999904, 54.619452213850721 ], [ -8.691395636999918, 54.641302799854209 ], [ -8.791818813999948, 54.659613345857103 ], [ -8.797759568999927, 54.691961978862246 ], [ -8.636586066999941, 54.768459374874297 ], [ -8.456613735999955, 54.756415103872456 ], [ -8.526600714999907, 54.77277252587502 ], [ -8.529896613999938, 54.788072004877378 ], [ -8.408192511999912, 54.762640689873436 ], [ -8.558420376999944, 54.81785716188206 ], [ -8.490712042999904, 54.851996158887445 ], [ -8.325672980999917, 54.831529036884206 ], [ -8.381337042999917, 54.85594309888797 ], [ -8.366688605999908, 54.881089582891896 ], [ -8.31265214799992, 54.879339908891595 ], [ -8.337025519999941, 54.903631900895419 ], [ -8.374012824999907, 54.907294009895956 ], [ -8.380848761999905, 54.886175845892708 ], [ -8.409291144999935, 54.887030338892828 ], [ -8.45079505099995, 54.922064517898278 ], [ -8.450428839999919, 54.946275129901977 ], [ -8.41844641799992, 54.934556379900194 ], [ -8.366566535999929, 54.948187564902305 ], [ -8.456613735999944, 55.002875064910633 ], [ -8.415028449999904, 55.002875064910633 ], [ -8.347401495999907, 55.064276431920113 ], [ -8.319976365999935, 55.034328515915483 ], [ -8.320423956999942, 55.104925845926203 ], [ -8.278472459999932, 55.160549218934641 ], [ -8.206532355999913, 55.14687734393253 ], [ -8.141265428999926, 55.160549218934626 ], [ -8.156483527999907, 55.124497786929204 ], [ -7.976796027999908, 55.221909895943774 ], [ -7.950184699999906, 55.210272525942081 ], [ -8.004139777999907, 55.174139713936682 ], [ -7.908558722999931, 55.188421939938834 ], [ -7.898793097999929, 55.156398827933984 ], [ -7.860096808999913, 55.167914127935667 ], [ -7.894886847999936, 55.14008209593154 ], [ -7.856434699999911, 55.138983463931403 ], [ -7.834706183999907, 55.164984439935246 ], [ -7.866118943999932, 55.214911197942754 ], [ -7.798695441999937, 55.256089582948889 ], [ -7.815744594999946, 55.194647525939743 ], [ -7.717600063999961, 55.166571353935538 ], [ -7.702504035999939, 55.099066470925322 ], [ -7.668202277999904, 55.147202864932552 ], [ -7.695057745999915, 55.207464908941638 ], [ -7.716053839999919, 55.221909895943753 ], [ -7.723133917999921, 55.175726627936896 ], [ -7.78815670499995, 55.218573306943355 ], [ -7.760853644999945, 55.256089582948903 ], [ -7.643950975999918, 55.272772525951382 ], [ -7.611398891999958, 55.241400455946717 ], [ -7.614491339999917, 55.195990299939908 ], [ -7.572743292999916, 55.18097565093769 ], [ -7.525786912999936, 55.116156314927949 ], [ -7.541411912999935, 55.092230533924301 ], [ -7.641021287999927, 55.050685937918033 ], [ -7.561838344999959, 55.044501041917073 ], [ -7.681385870999919, 54.954413150903278 ], [ -7.661488410999935, 54.957953189903769 ], [ -7.456166144999946, 55.056138411918774 ], [ -7.477528449999914, 55.096380924924922 ], [ -7.462880011999915, 55.143459374932021 ], [ -7.54954993399991, 55.215399478942899 ], [ -7.516224738999934, 55.254136457948604 ], [ -7.524322068999934, 55.290269270953949 ], [ -7.47858639199996, 55.283921614953037 ], [ -7.469105597999936, 55.303900455956018 ], [ -7.405913865999933, 55.286932681953523 ], [ -7.347523566999946, 55.314276431957524 ], [ -7.320871548999946, 55.282171939952754 ], [ -7.256743943999934, 55.284002994953077 ], [ -7.350697394999934, 55.335191145960579 ], [ -7.353016730999907, 55.358547265964042 ], [ -7.400217251999949, 55.380275780967231 ], [ -7.384429490999939, 55.386379296968187 ], [ -7.208851691999941, 55.34511953096203 ], [ -7.12905839799993, 55.285834049953316 ], [ -6.953521287999931, 55.254339908948687 ], [ -6.939564581999945, 55.239081119946334 ], [ -6.942779100999921, 55.218573306943341 ], [ -7.159494594999956, 55.150783593933127 ] ] ], [ [ [ -9.638335740999946, 53.251044009614731 ], [ -9.692372199999905, 53.226385806610168 ], [ -9.720082160999933, 53.266058658617482 ], [ -9.671457485999952, 53.280747786620132 ], [ -9.638335740999946, 53.251044009614731 ] ] ], [ [ [ -9.951812303999937, 53.957831119741051 ], [ -9.922678188999958, 53.947088931739145 ], [ -9.957997199999905, 53.880601301727609 ], [ -10.055531378999939, 53.913723046733381 ], [ -10.0666397779999, 53.967596744742707 ], [ -10.162831183999913, 53.961371158741571 ], [ -10.265939907999954, 53.981838280745123 ], [ -10.218495245999922, 53.986029361745842 ], [ -10.189564581999946, 54.016017968750958 ], [ -10.134429490999938, 54.000311588748296 ], [ -10.063221808999913, 54.022772525752103 ], [ -9.975900844999945, 54.021144921751834 ], [ -9.936350063999953, 53.989243879746375 ], [ -9.956857876999939, 53.989243879746375 ], [ -9.951812303999937, 53.957831119741051 ] ] ], [ [ [ -8.543527798999937, 55.015326236912586 ], [ -8.48395748599995, 54.975531314906469 ], [ -8.565825975999928, 54.975531314906469 ], [ -8.543527798999937, 55.015326236912586 ] ] ], [ [ [ -9.807199673999943, 51.640285546289221 ], [ -9.892160610999953, 51.61127350228287 ], [ -9.917876756999929, 51.619370832284652 ], [ -9.881662563999949, 51.641058658289367 ], [ -9.807199673999943, 51.640285546289221 ] ] ], [ [ [ -10.301625128999937, 51.924790754350639 ], [ -10.322661912999925, 51.903265689346092 ], [ -10.426014777999907, 51.882269595341633 ], [ -10.351673956999946, 51.931138411352073 ], [ -10.301625128999937, 51.924790754350639 ] ] ], [ [ [ -9.645090298999946, 53.102606509586948 ], [ -9.660511847999942, 53.090643619584625 ], [ -9.81143144399994, 53.137599999593526 ], [ -9.696685350999925, 53.136542056593306 ], [ -9.645090298999946, 53.102606509586948 ] ] ] ] } },
{ "type": "Feature", "properties": { "map_id": "IT" }, "geometry": { "type": "MultiPolygon", "coordinates": [ [ [ [ 7.007716512000114, 45.920505672655835 ], [ 7.153547404000022, 45.876529028640149 ], [ 7.286665893000104, 45.913426000653288 ], [ 7.361803426000106, 45.907844946651316 ], [ 7.541120646000139, 45.984119360678292 ], [ 7.643026571000117, 45.966342667671967 ], [ 7.706278523000011, 45.925724992657663 ], [ 7.843737833000149, 45.919213761655335 ], [ 7.883781986184767, 45.973868670296653 ], [ 7.985848022000084, 45.999312231683625 ], [ 8.025328817000087, 46.091141251715968 ], [ 8.110594930000074, 46.126953018728507 ], [ 8.129508504000118, 46.196044408752577 ], [ 8.073077840000082, 46.253611954772595 ], [ 8.087340535000038, 46.271802058778832 ], [ 8.192553752000038, 46.309164119791816 ], [ 8.281540568000111, 46.370116470812796 ], [ 8.31626713000014, 46.433652644834503 ], [ 8.399156128000072, 46.452178645840931 ], [ 8.427888224000068, 46.448690486839666 ], [ 8.445768270000112, 46.412361954827261 ], [ 8.438120158000062, 46.235370173766249 ], [ 8.510260457000076, 46.207878312756719 ], [ 8.601831095000138, 46.12281890472704 ], [ 8.677485392000074, 46.095792130717534 ], [ 8.723890828000096, 46.109538061722411 ], [ 8.808950236000095, 46.089745988715464 ], [ 8.834375041000017, 46.066388240707219 ], [ 8.767919149000075, 45.983085831677869 ], [ 8.87096195400005, 45.94706735866523 ], [ 8.912096394000029, 45.883401993642686 ], [ 8.900004109000067, 45.826402888622368 ], [ 9.002426798000068, 45.82071848162024 ], [ 9.063094930000153, 45.898956599648102 ], [ 8.980515991000113, 45.964378963671294 ], [ 9.015552612000137, 45.993111059681461 ], [ 9.002116740000108, 46.039309790697779 ], [ 9.059167521000097, 46.061789038705612 ], [ 9.090586792000126, 46.138166804732393 ], [ 9.224842163000119, 46.231184382764766 ], [ 9.275175008000078, 46.331384985799481 ], [ 9.237967977000064, 46.436546525835503 ], [ 9.28230635500012, 46.497369686856274 ], [ 9.350829305000053, 46.497860611856517 ], [ 9.384625691000029, 46.466415503845717 ], [ 9.43464847800001, 46.498325699856643 ], [ 9.444363648000152, 46.375284114814562 ], [ 9.536451050000071, 46.298622127788086 ], [ 9.674323771000051, 46.291800837785786 ], [ 9.720109090000074, 46.350892838806168 ], [ 9.7680648190001, 46.33861968580198 ], [ 9.918443237000071, 46.371149999813113 ], [ 9.964021851000066, 46.356086320807954 ], [ 9.977561076000114, 46.298105362787993 ], [ 10.031717977000143, 46.260071508774836 ], [ 10.042673380000116, 46.220487361761009 ], [ 10.075746297000109, 46.22002227376089 ], [ 10.158945353000117, 46.262448624775644 ], [ 10.091765991000077, 46.328956193798582 ], [ 10.14075524900008, 46.402905167824066 ], [ 10.02634362700007, 46.446261694838853 ], [ 10.032751506000125, 46.532974747868458 ], [ 10.087838582000101, 46.604391577892642 ], [ 10.192121623000048, 46.626819149900257 ], [ 10.233772827000056, 46.617982479897172 ], [ 10.234703003000099, 46.575297745882843 ], [ 10.295371135000094, 46.55108733687463 ], [ 10.44399255400014, 46.537728979870039 ], [ 10.459082072000056, 46.623563533899059 ], [ 10.395623413000123, 46.638808080904269 ], [ 10.369165080000123, 46.672397761915562 ], [ 10.42869633, 46.755648494943493 ], [ 10.417224162000084, 46.798849992957884 ], [ 10.453811076000139, 46.86442738497967 ], [ 10.527708374000095, 46.843214208972704 ], [ 10.647080932000048, 46.863755591979356 ], [ 10.738961629000096, 46.829545792968077 ], [ 10.722941935000046, 46.786447647953722 ], [ 10.870426473000114, 46.764071752946329 ], [ 10.996930379000109, 46.769110205947925 ], [ 11.052844279000082, 46.81492136296329 ], [ 11.091911662000117, 46.91243479099564 ], [ 11.174490601000057, 46.963852841012546 ], [ 11.313810262000095, 46.987262264020167 ], [ 11.411168661000152, 46.970493262014742 ], [ 11.47183679200012, 47.007080177026694 ], [ 11.524443400000019, 46.988347469020603 ], [ 11.683813517000116, 46.991913143021698 ], [ 11.734869832000104, 46.970622453014748 ], [ 11.899510946000138, 47.027724911033459 ], [ 12.18063073700012, 47.085214941052328 ], [ 12.203575073000142, 47.053330584041909 ], [ 12.111177612000057, 46.992998348022155 ], [ 12.141666708000034, 46.927989396000683 ], [ 12.126887247000122, 46.908869115994364 ], [ 12.266620320000067, 46.868148087980934 ], [ 12.269100789000055, 46.788566382954464 ], [ 12.342688029000039, 46.765131119946702 ], [ 12.405009806000086, 46.690122778921477 ], [ 12.547326701000138, 46.652192276908764 ], [ 12.739873088000079, 46.642993871905624 ], [ 12.830410197000081, 46.609636735894334 ], [ 13.146463257000045, 46.584961238885995 ], [ 13.231109253000051, 46.552172542874885 ], [ 13.478019246000116, 46.563567195878875 ], [ 13.700951375000102, 46.519745581863901 ], [ 13.677490275000107, 46.452075292840945 ], [ 13.600182332000117, 46.442644344837646 ], [ 13.53000573700006, 46.388332413819079 ], [ 13.434094279000105, 46.353864233807187 ], [ 13.365261271000099, 46.290302221785282 ], [ 13.410116415000084, 46.207981665756705 ], [ 13.437401570000107, 46.210927221757807 ], [ 13.422828816000051, 46.228600561763947 ], [ 13.468304077000077, 46.223432918762128 ], [ 13.559047892000134, 46.184107153748471 ], [ 13.637389363000127, 46.180386450747186 ], [ 13.616408732000133, 46.125040990727818 ], [ 13.505097697000076, 46.066026505707192 ], [ 13.461792846000034, 46.006391902686197 ], [ 13.509438517000152, 45.96742787267241 ], [ 13.605866740000067, 45.985411271678736 ], [ 13.622816610000086, 45.966394344672018 ], [ 13.565972534000112, 45.830330298623643 ], [ 13.581268758000077, 45.80924631361615 ], [ 13.778724406000038, 45.743410538592606 ], [ 13.894686320000035, 45.63184112055243 ], [ 13.847764119000086, 45.584660538535303 ], [ 13.711761915000066, 45.593207093538396 ], [ 13.730153842000046, 45.613104554545629 ], [ 13.80811608200009, 45.614325257546064 ], [ 13.739268425000093, 45.649115297558623 ], [ 13.753672722000086, 45.672308656567054 ], [ 13.72624759200005, 45.703762106578331 ], [ 13.574229363000084, 45.789618226609171 ], [ 13.524180535000081, 45.760077211598571 ], [ 13.554942254000084, 45.737209372590414 ], [ 13.401703321000063, 45.675441794568172 ], [ 13.376719597000088, 45.683172914570932 ], [ 13.431407097000088, 45.706854554579458 ], [ 13.36939537900008, 45.744614971593009 ], [ 13.254893425000095, 45.756048890597128 ], [ 13.215505405000041, 45.778794659605317 ], [ 13.149668816000084, 45.751532289595531 ], [ 13.119313998000049, 45.771958721602822 ], [ 13.122894727000071, 45.737209372590414 ], [ 13.080577019000092, 45.727606507586898 ], [ 13.07504316500007, 45.696844789575877 ], [ 13.149668816000087, 45.703762106578331 ], [ 13.084971550000095, 45.641913148556107 ], [ 12.943858269000083, 45.628566794551247 ], [ 12.780772332000087, 45.553534242524044 ], [ 12.410329623000056, 45.436224672481202 ], [ 12.451426629000075, 45.498236390503905 ], [ 12.515147332000078, 45.492743226501879 ], [ 12.581716342000044, 45.552883200523794 ], [ 12.537282748000049, 45.535834047517554 ], [ 12.50660241000009, 45.573309632531206 ], [ 12.441905144000094, 45.530340882515581 ], [ 12.451426629000078, 45.511908265508886 ], [ 12.40357506600008, 45.518133851511173 ], [ 12.39673912900008, 45.539252015518834 ], [ 12.384125196000069, 45.523016664512944 ], [ 12.424001498000047, 45.498236390503884 ], [ 12.309580925000095, 45.488918356500477 ], [ 12.252696160000083, 45.436224672481202 ], [ 12.258962436000044, 45.395209047466174 ], [ 12.216319207000076, 45.316229554437136 ], [ 12.154470248000052, 45.313462627436031 ], [ 12.180674675000088, 45.258042705415527 ], [ 12.197438998000056, 45.299627992430977 ], [ 12.21729576900009, 45.293849997428822 ], [ 12.230479363000088, 45.2042503883956 ], [ 12.266368035000088, 45.196600648392732 ], [ 12.307302280000037, 45.230698955405387 ], [ 12.32846113400007, 45.101019593357087 ], [ 12.307302280000048, 45.128363343367269 ], [ 12.296722852000073, 45.088568422352374 ], [ 12.340830925000095, 45.081447653349777 ], [ 12.368825717000048, 45.01097239332325 ], [ 12.368825717000046, 45.065619203343786 ], [ 12.486175977000071, 44.976507875310219 ], [ 12.502614780000048, 44.991441143315882 ], [ 12.533864780000037, 44.970038148307871 ], [ 12.444590691000085, 44.820502015251108 ], [ 12.438324415000071, 44.901109112281731 ], [ 12.40691165500005, 44.891302797278023 ], [ 12.391612175000084, 44.858832093265718 ], [ 12.416514519000094, 44.851141664262784 ], [ 12.396739129000077, 44.833482159256114 ], [ 12.416188998000054, 44.803290101244549 ], [ 12.375661655000041, 44.792222393240294 ], [ 12.302989129000077, 44.842922263259624 ], [ 12.26636803500009, 44.826646221253419 ], [ 12.246592644000085, 44.711615297209448 ], [ 12.285817905000043, 44.60268788816758 ], [ 12.283702019000089, 44.487616273122974 ], [ 12.36882571700005, 44.250677797030171 ], [ 12.478770379000077, 44.139349671986103 ], [ 12.691579623000054, 43.990627340926835 ], [ 12.928884311000044, 43.915838928896846 ], [ 13.253265821000074, 43.703192444810767 ], [ 13.473399285000086, 43.612005921773566 ], [ 13.51612389400009, 43.631740621781638 ], [ 13.61557050900006, 43.560492249752492 ], [ 13.834808790000066, 43.127264710572732 ], [ 13.944672071000072, 42.798285217433467 ], [ 14.075368686000044, 42.598822327347889 ], [ 14.560231967000052, 42.225653381185623 ], [ 14.709239129000084, 42.175482483163556 ], [ 14.740733269000085, 42.084621480123459 ], [ 14.871104363000082, 42.031805725100142 ], [ 14.99366295700008, 42.010646871090742 ], [ 15.04517662900008, 41.968980204072267 ], [ 15.165375196000072, 41.927801819053975 ], [ 15.446055535000083, 41.906927796044663 ], [ 16.02711022200009, 41.944077861061203 ], [ 16.140472852000073, 41.919907939050432 ], [ 16.179209832000087, 41.893296611038558 ], [ 16.184336785000088, 41.779608459987784 ], [ 15.900075717000044, 41.614650776913678 ], [ 15.896332227000071, 41.536444396878359 ], [ 15.961110873000047, 41.459458719843447 ], [ 16.593923373000052, 41.20697662372816 ], [ 17.057139519000092, 41.081854552670706 ], [ 17.276377800000088, 40.980210672623713 ], [ 17.47608483200009, 40.830145568554066 ], [ 17.955821160000088, 40.670477599479483 ], [ 17.954925977000077, 40.646918029468445 ], [ 18.007009311000047, 40.650702209470211 ], [ 18.043223504000078, 40.601996154447356 ], [ 18.037445509000065, 40.556952209426193 ], [ 18.238291863000079, 40.457668354379415 ], [ 18.437266472000086, 40.267889709289555 ], [ 18.516123894000089, 40.139227599228299 ], [ 18.516123894000092, 40.104478250211677 ], [ 18.41138756600008, 39.978827209151511 ], [ 18.373708530000041, 39.799790750065341 ], [ 18.211273634000062, 39.839341532084482 ], [ 18.071543816000084, 39.911525776119177 ], [ 17.995371941000087, 39.995266011159359 ], [ 18.015798373000052, 40.036200255179025 ], [ 17.967458530000044, 40.057318420189098 ], [ 18.01099694100008, 40.096014709207665 ], [ 17.926036004000082, 40.176255594245916 ], [ 17.912771030000037, 40.255316466283588 ], [ 17.86312910200007, 40.285630594297935 ], [ 17.512054884000069, 40.303697000306542 ], [ 17.212901238000089, 40.406195373355075 ], [ 17.200205925000091, 40.420396219361805 ], [ 17.247894727000073, 40.457342834379297 ], [ 17.227549675000091, 40.474432677387348 ], [ 17.295746290000064, 40.473211974386764 ], [ 17.323252800000088, 40.498480529398662 ], [ 17.189952019000089, 40.481878966390845 ], [ 17.156016472000093, 40.512396545405217 ], [ 17.049571160000077, 40.519110412408367 ], [ 16.976084832000076, 40.492621154395906 ], [ 16.604746941000087, 40.084458719202104 ], [ 16.631602410000081, 39.966213276145439 ], [ 16.542246941000087, 39.885402729106659 ], [ 16.489756707000076, 39.775213927053535 ], [ 16.545909050000091, 39.660874734998274 ], [ 16.624847852000073, 39.625311583980988 ], [ 16.782481316000077, 39.611639708974359 ], [ 16.846202019000092, 39.552679747945682 ], [ 17.01148522200009, 39.486151426913317 ], [ 17.088552280000041, 39.422593484882327 ], [ 17.158702019000089, 39.406195372874329 ], [ 17.11451256600008, 39.26935455180741 ], [ 17.145681186000044, 39.210679421778593 ], [ 17.124522332000083, 39.090887754719745 ], [ 17.158457879000075, 39.040472715694797 ], [ 17.206390821000074, 39.029486387689396 ], [ 17.172373894000096, 39.005194395677478 ], [ 17.172373894000081, 38.96051666165539 ], [ 17.104014519000092, 38.89907460362501 ], [ 17.094981316000087, 38.919134825634863 ], [ 17.021983269000092, 38.905951231628386 ], [ 16.957286004000082, 38.940090228645261 ], [ 16.838552280000044, 38.918198952634391 ], [ 16.585622592000043, 38.797837624574775 ], [ 16.534841342000046, 38.699896544526098 ], [ 16.576996290000068, 38.528550515440692 ], [ 16.569590691000084, 38.429510801391238 ], [ 16.508148634000062, 38.371527403362137 ], [ 16.306325717000046, 38.277085671314772 ], [ 16.169444207000087, 38.143215228247421 ], [ 16.077159050000084, 37.939886778144825 ], [ 16.000987175000084, 37.9190127541343 ], [ 15.761485222000079, 37.925238340137426 ], [ 15.684418165000064, 37.953517963151732 ], [ 15.635101759000069, 38.009100645179821 ], [ 15.658457879000087, 38.042547911196699 ], [ 15.624034050000093, 38.092108458221695 ], [ 15.647797071000063, 38.143133848247416 ], [ 15.632823113000079, 38.220282286286213 ], [ 15.812836134000058, 38.300604551326579 ], [ 15.917816602000068, 38.516791075434824 ], [ 15.900075717000052, 38.578273822465526 ], [ 15.836599155000046, 38.648993223500831 ], [ 16.002614780000041, 38.725409239538791 ], [ 16.152598504000082, 38.730902403541542 ], [ 16.20093834700009, 38.776434629564207 ], [ 16.221690300000084, 38.856594135603935 ], [ 16.214691602000077, 38.919012754634878 ], [ 16.154307488000079, 38.95502349765264 ], [ 16.083018425000088, 39.075262754712 ], [ 15.995396030000043, 39.43876822889019 ], [ 15.876231316000085, 39.551459044945112 ], [ 15.80640709700009, 39.695502013014988 ], [ 15.774424675000091, 39.891099344109335 ], [ 15.624278191000091, 40.077785542198903 ], [ 15.534922722000092, 40.077785542198903 ], [ 15.410099591000057, 39.993969853158816 ], [ 15.343159872000054, 40.004148645163717 ], [ 15.314300977000068, 40.033758849177858 ], [ 15.261241082000073, 40.029364318175787 ], [ 15.263438347000088, 40.073716532196983 ], [ 15.127207879000085, 40.169623107242749 ], [ 15.047211134000072, 40.168931375242465 ], [ 15.003122129000076, 40.21025856326213 ], [ 14.911143425000091, 40.24164459127708 ], [ 14.932383660000077, 40.33372629732078 ], [ 14.994489870000043, 40.358433806332442 ], [ 14.998266587000046, 40.397558654351052 ], [ 14.888845248000045, 40.573065490433784 ], [ 14.781993035000079, 40.669867248479143 ], [ 14.625743035000085, 40.649074604469455 ], [ 14.544200066000078, 40.613592834452817 ], [ 14.486582879000077, 40.632635802461749 ], [ 14.342621290000066, 40.570624084432659 ], [ 14.337738477000068, 40.624416401457886 ], [ 14.476369627000055, 40.695102120491008 ], [ 14.474131707000089, 40.729681701507182 ], [ 14.29420006600008, 40.838771870558091 ], [ 14.223643425000086, 40.831366271554664 ], [ 14.20346113400006, 40.801214904540586 ], [ 14.082530144000087, 40.83128489155451 ], [ 14.082530144000087, 40.783514709532319 ], [ 14.04769740100005, 40.789589266535117 ], [ 14.021343774000055, 40.921828929596607 ], [ 13.917979363000082, 41.023667703643802 ], [ 13.851725251000063, 41.147315687700775 ], [ 13.721853061000042, 41.25238677974901 ], [ 13.594411655000048, 41.253119201749335 ], [ 13.563649936000047, 41.237982482742396 ], [ 13.575450066000082, 41.208075255728744 ], [ 13.543955925000086, 41.206610412728047 ], [ 13.285817905000044, 41.29572174076889 ], [ 13.044606967000052, 41.227525125737621 ], [ 12.979502800000084, 41.331000060784973 ], [ 12.893565300000088, 41.399318745816082 ], [ 12.748545769000083, 41.423732808827189 ], [ 12.653981967000052, 41.46564361584624 ], [ 12.635264519000081, 41.447495828838001 ], [ 12.448008660000077, 41.630764058920938 ], [ 12.327159050000095, 41.711371154957192 ], [ 12.239024285000081, 41.736273498968359 ], [ 12.170176629000078, 41.879584046032463 ], [ 12.020355665000071, 41.993068746082926 ], [ 11.916840040000062, 42.037909241102831 ], [ 11.827484571000076, 42.034165751101114 ], [ 11.658213738000081, 42.279364319209087 ], [ 11.37663821700005, 42.406887105264801 ], [ 11.211273634000063, 42.418890686269989 ], [ 11.18384850400008, 42.366278381247085 ], [ 11.106618686000044, 42.391262105257958 ], [ 11.099131707000083, 42.442857158280447 ], [ 11.164190816000088, 42.439828075279159 ], [ 11.188447528000037, 42.48026744929664 ], [ 11.158457879000084, 42.564032288332903 ], [ 11.12867272200009, 42.558050842330303 ], [ 11.077810092000043, 42.632228902362264 ], [ 11.005707227000077, 42.667914124377624 ], [ 10.94361412900008, 42.742987366409814 ], [ 10.731293165000071, 42.804429423436055 ], [ 10.764903191000084, 42.835272522449266 ], [ 10.763519727000071, 42.91828033548456 ], [ 10.632497592000052, 42.95848215850161 ], [ 10.539073113000089, 42.949123434497551 ], [ 10.518565300000096, 42.925279033487556 ], [ 10.499522332000087, 42.940497131493991 ], [ 10.477549675000093, 42.990057678514965 ], [ 10.517100457000081, 43.023911845529234 ], [ 10.546560092000044, 43.147121480581049 ], [ 10.528168165000064, 43.246771546622718 ], [ 10.437022332000081, 43.38857655968166 ], [ 10.317230665000066, 43.492621155724642 ], [ 10.251638217000053, 43.846625061868906 ], [ 10.180674675000096, 43.955267639912677 ], [ 10.090586785000088, 44.025376689940742 ], [ 9.988536004000078, 44.059759827954444 ], [ 9.962738477000073, 44.04466379894842 ], [ 9.844737175000095, 44.108628642973898 ], [ 9.819590691000089, 44.093003642967659 ], [ 9.847504102000068, 44.0724958299595 ], [ 9.832286004000077, 44.042303772947498 ], [ 9.484385613000091, 44.243841859027476 ], [ 9.436778191000084, 44.239488018025732 ], [ 9.367686394000087, 44.294419659047428 ], [ 9.230642123000051, 44.353705140070687 ], [ 9.210703972000088, 44.305324606051677 ], [ 9.146657748000051, 44.328558656060821 ], [ 9.10206139400009, 44.373968812078623 ], [ 8.762380405000039, 44.432114971101349 ], [ 8.466075066000093, 44.304266664051255 ], [ 8.408213738000088, 44.193508200007578 ], [ 8.256521030000043, 44.12836334298175 ], [ 8.152679884000069, 43.983221741923892 ], [ 8.167979363000086, 43.956488342913154 ], [ 8.067718946000072, 43.896673889889094 ], [ 7.736582879000078, 43.798244527849398 ], [ 7.502289259000064, 43.792222392846909 ], [ 7.47786869300006, 43.865514826876655 ], [ 7.689948771000078, 44.067337132957519 ], [ 7.641889689, 44.143559870987808 ], [ 7.655635620000055, 44.176064347000676 ], [ 7.340616089000152, 44.123664443979941 ], [ 7.144969116000085, 44.207225235013013 ], [ 6.973403361000097, 44.249444880029692 ], [ 6.869843791000048, 44.362926326074223 ], [ 6.877181844000037, 44.414396052094482 ], [ 6.917799519000083, 44.436306859102956 ], [ 6.861265503000112, 44.474909155117999 ], [ 6.835737345000068, 44.534026993141012 ], [ 6.94560144100012, 44.625442602176378 ], [ 6.959864135000091, 44.683165177198475 ], [ 7.055155476000097, 44.684870499199221 ], [ 6.998414754000066, 44.793752742240919 ], [ 7.004925985000057, 44.827962540253971 ], [ 6.932682332000127, 44.861655574266798 ], [ 6.847106161000055, 44.859071753265866 ], [ 6.745406941000028, 44.907802628284259 ], [ 6.723496134000073, 45.013377579324164 ], [ 6.651665894000074, 45.035650121332552 ], [ 6.602728312000068, 45.103449601358022 ], [ 6.736415242000076, 45.157348120378096 ], [ 6.844108927000152, 45.130114640367943 ], [ 6.95872725400008, 45.209799698397724 ], [ 7.029730672000086, 45.228196508404473 ], [ 7.055465536000074, 45.213675431399054 ], [ 7.108382202000143, 45.25920236841597 ], [ 7.092569213000075, 45.323952937439969 ], [ 7.160678752000083, 45.410924373471893 ], [ 6.982808471000056, 45.511124975508558 ], [ 6.963378133000049, 45.640729467555644 ], [ 6.816100301000033, 45.696850072575955 ], [ 6.781993856000071, 45.777465307604757 ], [ 6.800804077000097, 45.826454565622342 ], [ 6.94901208500005, 45.857822159633535 ], [ 7.007716512000114, 45.920505672655835 ] ], [ [ 12.460456219000035, 43.895259448888552 ], [ 12.490325196000127, 43.93915857790622 ], [ 12.482160321000032, 43.982566780923648 ], [ 12.421388836000114, 43.96721887991751 ], [ 12.385628745000107, 43.92453414790041 ], [ 12.399581381000074, 43.903217619891791 ], [ 12.460456219000035, 43.895259448888552 ] ], [ [ 12.452714082000082, 41.903016207042867 ], [ 12.453982588000144, 41.903861878043209 ], [ 12.453031208000134, 41.903914732043397 ], [ 12.452714082000082, 41.903016207042867 ] ] ], [ [ [ 12.023395985513854, 36.817563931596546 ], [ 11.923679041000447, 36.819656626218524 ], [ 11.922211134000063, 36.828355201577743 ], [ 11.951345248000054, 36.84275949858516 ], [ 12.023395985513854, 36.817563931596546 ] ] ], [ [ [ 12.28695722700007, 37.938544004144156 ], [ 12.314219597000088, 37.946356504148163 ], [ 12.368825717000053, 37.925238340137426 ], [ 12.299652540000068, 37.91925689513441 ], [ 12.28695722700007, 37.938544004144156 ] ] ], [ [ [ 15.559255405000048, 38.300116270326349 ], [ 15.648285352000071, 38.266750385309564 ], [ 15.569672071000072, 38.226955463289556 ], [ 15.575938347000088, 38.200181374276113 ], [ 15.500336134000065, 38.084946999218069 ], [ 15.213063998000047, 37.761460671054451 ], [ 15.22022545700008, 37.706732481026705 ], [ 15.163828972000088, 37.567694394956071 ], [ 15.091563347000085, 37.477484433910043 ], [ 15.103526238000084, 37.329779355834731 ], [ 15.251963738000082, 37.257717181797922 ], [ 15.261241082000085, 37.233832089785643 ], [ 15.244883660000077, 37.246161191792034 ], [ 15.220225457000087, 37.220160214778716 ], [ 15.205414259000062, 37.244696347791276 ], [ 15.18344160200007, 37.207464902772152 ], [ 15.216481967000055, 37.155218808745424 ], [ 15.247569207000087, 37.158677467747211 ], [ 15.229177280000043, 37.149644264742555 ], [ 15.246592644000089, 37.118231503726534 ], [ 15.30323326900009, 37.101223040717791 ], [ 15.283702019000085, 37.048407285690729 ], [ 15.321055535000085, 37.040228574686502 ], [ 15.332367384000062, 37.011623431671872 ], [ 15.268077019000085, 37.000433652666111 ], [ 15.268077019000092, 36.973089902652092 ], [ 15.158376498000049, 36.924221087627018 ], [ 15.09400475400008, 36.799546608562999 ], [ 15.131510979474719, 36.699184032809363 ], [ 14.88217207100007, 36.730658261527523 ], [ 14.68458092500008, 36.726019589525144 ], [ 14.582204623000052, 36.781317441553583 ], [ 14.487315300000088, 36.793361712559758 ], [ 14.369883660000081, 36.973089902652092 ], [ 14.20850670700008, 37.081122128707541 ], [ 14.088633660000077, 37.11774322272629 ], [ 13.894379102000073, 37.10081613971753 ], [ 13.715830925000086, 37.171372780753764 ], [ 13.569183790000062, 37.273504941805975 ], [ 13.421560092000053, 37.314398496826854 ], [ 13.278005405000041, 37.393703509867379 ], [ 13.17408287900008, 37.487005918914932 ], [ 13.016856316000084, 37.497544655920336 ], [ 12.942637566000082, 37.568508196956408 ], [ 12.659353061000042, 37.565130918954715 ], [ 12.577810092000046, 37.652004290998896 ], [ 12.506195509000063, 37.665513406005822 ], [ 12.427012566000085, 37.797023822072497 ], [ 12.465017123000051, 37.82282134808559 ], [ 12.492930535000088, 38.021429747186026 ], [ 12.576345248000056, 38.071722715211408 ], [ 12.608409050000093, 38.062404682206676 ], [ 12.662445509000065, 38.116278379233904 ], [ 12.70460045700008, 38.11082590623117 ], [ 12.731781446000069, 38.192775775272402 ], [ 12.818369988000086, 38.077948301214576 ], [ 12.901133660000081, 38.028062234189427 ], [ 13.06137129000007, 38.083482156217343 ], [ 13.054698113000086, 38.141831765246728 ], [ 13.100922071000067, 38.190090228271025 ], [ 13.207204623000051, 38.176092833263979 ], [ 13.239024285000081, 38.207017312279497 ], [ 13.31812584700009, 38.220648497286376 ], [ 13.371918165000064, 38.172796934262323 ], [ 13.391368035000077, 38.103176166227293 ], [ 13.513519727000066, 38.110541075230948 ], [ 13.547373894000087, 38.056219786203584 ], [ 13.651133660000083, 38.000962624175664 ], [ 13.790782097000092, 37.973618874161836 ], [ 14.020518425000089, 38.049383848200172 ], [ 14.083262566000085, 38.023830463187274 ], [ 14.27320397200009, 38.015122781182903 ], [ 14.431895379000078, 38.049383848200165 ], [ 14.511729363000082, 38.044378965197616 ], [ 14.634613477000071, 38.081488340216339 ], [ 14.733734571000074, 38.157619525254709 ], [ 14.907074415000062, 38.187689512269792 ], [ 15.087901238000084, 38.12824127023994 ], [ 15.17741946700005, 38.1563174422541 ], [ 15.237152540000068, 38.26479726030859 ], [ 15.245371941000085, 38.217230528284666 ], [ 15.29184004000007, 38.207017312279497 ], [ 15.559255405000048, 38.300116270326349 ] ] ], [ [ [ 14.95883222700007, 38.432928770392941 ], [ 15.007334832000085, 38.377671609365279 ], [ 14.986827019000085, 38.364081114358406 ], [ 14.948252800000096, 38.396429747374654 ], [ 14.95883222700007, 38.432928770392941 ] ] ], [ [ [ 14.899424675000095, 38.481675515417272 ], [ 14.924815300000096, 38.522365619437601 ], [ 14.957855665000062, 38.522040098437493 ], [ 14.97934004000007, 38.487534890420228 ], [ 14.952647332000087, 38.481390684417114 ], [ 14.948741082000085, 38.450913796401871 ], [ 14.899424675000095, 38.481675515417272 ] ] ], [ [ [ 14.861664259000067, 38.539292702446069 ], [ 14.82398522200009, 38.551825254452389 ], [ 14.793793165000071, 38.571600645462212 ], [ 14.866953972000085, 38.581122129466998 ], [ 14.861664259000067, 38.539292702446069 ] ] ], [ [ [ 8.458018425000093, 39.068060606708436 ], [ 8.483897332000081, 39.069769590709285 ], [ 8.437022332000083, 38.967189838658655 ], [ 8.409841342000052, 38.961818744656014 ], [ 8.346039259000067, 39.097723692723079 ], [ 8.360362175000089, 39.118150124733091 ], [ 8.444590691000084, 39.102728575725529 ], [ 8.458018425000093, 39.068060606708436 ] ] ], [ [ [ 8.305837436000045, 39.19330474777005 ], [ 8.305837436000047, 39.104559629726445 ], [ 8.269379102000073, 39.100165098724275 ], [ 8.229991082000083, 39.172796934760022 ], [ 8.305837436000045, 39.19330474777005 ] ] ], [ [ [ 13.965830925000089, 40.735052795509674 ], [ 13.890147332000087, 40.694159240490599 ], [ 13.849131707000081, 40.715277404500426 ], [ 13.862803582000085, 40.762396545522463 ], [ 13.965830925000089, 40.735052795509674 ] ] ], [ [ [ 8.251149936000049, 41.043768615653107 ], [ 8.246429884000067, 40.993638407629945 ], [ 8.209646030000043, 40.995794982630883 ], [ 8.228851759000069, 41.041734110652129 ], [ 8.275645379000084, 41.069769591665064 ], [ 8.27784264400009, 41.105658263681626 ], [ 8.326182488000086, 41.126125386691058 ], [ 8.341319207000085, 41.074123433667104 ], [ 8.251149936000049, 41.043768615653107 ] ] ], [ [ [ 9.82056725400008, 40.536363016416487 ], [ 9.761729363000084, 40.390692443347753 ], [ 9.712412957000081, 40.36640045133624 ], [ 9.626149936000045, 40.263088276287242 ], [ 9.654633009000069, 40.144598693230861 ], [ 9.732269727000078, 40.083929748201847 ], [ 9.687266472000086, 39.961167703143033 ], [ 9.717784050000093, 39.933783263129882 ], [ 9.684336785000088, 39.894232482110858 ], [ 9.69662519600007, 39.851874084090525 ], [ 9.628428582000076, 39.501776426920962 ], [ 9.644867384000058, 39.483954161912258 ], [ 9.602061394000087, 39.355658262849637 ], [ 9.634613477000073, 39.296942442820921 ], [ 9.567556186000049, 39.23810455179207 ], [ 9.566416863000089, 39.149237364748409 ], [ 9.518565300000095, 39.104559629726431 ], [ 9.496348504000085, 39.133612364740735 ], [ 9.442881707000083, 39.124416400736187 ], [ 9.292165561000049, 39.221258848783833 ], [ 9.216319207000081, 39.228013406787134 ], [ 9.166026238000079, 39.187079161767009 ], [ 9.013926629000084, 39.263902077804694 ], [ 9.037852410000083, 39.227118223786668 ], [ 9.07984459700009, 39.224595437785375 ], [ 9.018321160000085, 39.14614491674687 ], [ 9.044932488000086, 39.051255593700134 ], [ 9.025726759000069, 38.995306700672522 ], [ 8.853282097000092, 38.877997129614577 ], [ 8.716563347000095, 38.932603249641545 ], [ 8.640961134000062, 38.864325254607792 ], [ 8.642832879000084, 38.889960020620485 ], [ 8.59986412900008, 38.89907460362501 ], [ 8.61548912900008, 38.94757720864898 ], [ 8.580088738000082, 38.96051666165539 ], [ 8.559580925000093, 39.056708067702864 ], [ 8.504405144000085, 39.062933653705898 ], [ 8.504405144000089, 39.090887754719745 ], [ 8.482758009000065, 39.08038970871452 ], [ 8.372813347000088, 39.222072650784163 ], [ 8.432139519000089, 39.301825254823314 ], [ 8.374034050000091, 39.37885162286095 ], [ 8.405039910000086, 39.427191465884569 ], [ 8.386892123000052, 39.469794004905339 ], [ 8.463389519000087, 39.576849669957411 ], [ 8.444021030000044, 39.75702545104474 ], [ 8.516937696000074, 39.702134500018197 ], [ 8.565765821000076, 39.701076558017689 ], [ 8.504405144000089, 39.721502990027567 ], [ 8.55518639400009, 39.852687886090891 ], [ 8.523448113000082, 39.898871154113095 ], [ 8.463063998000051, 39.914129943120486 ], [ 8.435394727000075, 39.898993224113191 ], [ 8.463389519000087, 39.898993224113191 ], [ 8.435394727000071, 39.858058979093492 ], [ 8.394541863000081, 39.912665099119749 ], [ 8.407074415000068, 40.022202860172307 ], [ 8.377207879000082, 40.033758849177858 ], [ 8.468597852000075, 40.062160542191457 ], [ 8.490000847000088, 40.104478250211685 ], [ 8.463389519000087, 40.163153380239727 ], [ 8.476084832000087, 40.292141011301062 ], [ 8.385996941000087, 40.351792703329338 ], [ 8.379893425000091, 40.468695373384612 ], [ 8.291514519000085, 40.595363667444261 ], [ 8.216319207000085, 40.570624084432659 ], [ 8.195974155000046, 40.578070373436077 ], [ 8.216319207000081, 40.61220937045217 ], [ 8.193369988000084, 40.617499084454671 ], [ 8.161794467000048, 40.563788146429403 ], [ 8.147308790000066, 40.59320709144324 ], [ 8.140635613000086, 40.625189513458231 ], [ 8.197438998000051, 40.691229552489233 ], [ 8.133799675000093, 40.728908589506801 ], [ 8.215342644000089, 40.881415099577893 ], [ 8.178884311000044, 40.928168029599597 ], [ 8.19304446700005, 40.963771870616078 ], [ 8.229014519000089, 40.962551167615516 ], [ 8.233164910000085, 40.910101623591189 ], [ 8.310231967000053, 40.850653380563585 ], [ 8.520518425000093, 40.826971740552608 ], [ 8.598399285000083, 40.852972716564643 ], [ 8.640961134000062, 40.896470438584899 ], [ 8.709157748000056, 40.920640360596096 ], [ 8.764414910000085, 40.913804422592946 ], [ 8.822520379000082, 40.947333068608515 ], [ 9.005544467000053, 41.12189361568911 ], [ 9.141856316000087, 41.152777404703286 ], [ 9.171071811000052, 41.242905985744621 ], [ 9.230642123000058, 41.262640685753659 ], [ 9.268077019000085, 41.236639709741794 ], [ 9.26742597700007, 41.201971740725924 ], [ 9.278330925000096, 41.1950137327227 ], [ 9.285329623000047, 41.221747130735032 ], [ 9.285329623000047, 41.1950137327227 ], [ 9.333018425000095, 41.187567443719296 ], [ 9.335215691000091, 41.211655985730353 ], [ 9.422373894000085, 41.180731505716196 ], [ 9.40870201900009, 41.160305073706795 ], [ 9.442881707000087, 41.132961323694168 ], [ 9.442881707000085, 41.091986388675338 ], [ 9.469086134000067, 41.146185607700289 ], [ 9.523936394000087, 41.149725646701924 ], [ 9.559580925000093, 41.126125386691037 ], [ 9.511892123000047, 41.016262104640376 ], [ 9.543142123000054, 41.036932677649929 ], [ 9.552744988000089, 41.009466857637243 ], [ 9.615733269000085, 41.019598693641967 ], [ 9.662608269000087, 41.002630920634097 ], [ 9.58757571700005, 40.995794982630898 ], [ 9.571136915000073, 40.934881896602747 ], [ 9.504242384000069, 40.926906636598993 ], [ 9.573252800000095, 40.906398823589498 ], [ 9.642100457000081, 40.920640360596096 ], [ 9.61410566500007, 40.893377990583446 ], [ 9.723968946000072, 40.844916076560871 ], [ 9.657888217000053, 40.799872130539995 ], [ 9.744476759000067, 40.680487365484204 ], [ 9.756521030000048, 40.595160216444135 ], [ 9.82056725400008, 40.536363016416487 ] ] ], [ [ [ 10.882985873000056, 42.392157288258396 ], [ 10.939764452000079, 42.330659704231593 ], [ 10.923330955000038, 42.31872802622636 ], [ 10.861827019000089, 42.366278381247085 ], [ 10.882985873000056, 42.392157288258396 ] ] ], [ [ [ 10.41236412900008, 42.87335846046544 ], [ 10.43002363400006, 42.78758372042887 ], [ 10.388845248000052, 42.763495178418609 ], [ 10.425140821000067, 42.740790100408923 ], [ 10.415537957000087, 42.70888905939519 ], [ 10.337901238000089, 42.764837952419143 ], [ 10.313731316000091, 42.742987366409835 ], [ 10.304535352000068, 42.759751689416973 ], [ 10.26539147200009, 42.744574280410504 ], [ 10.245371941000084, 42.757269592415916 ], [ 10.229665561000044, 42.735419006406588 ], [ 10.106781446000065, 42.757391663416008 ], [ 10.132985873000047, 42.811916402439266 ], [ 10.26587975400008, 42.804429423436055 ], [ 10.272146030000048, 42.827337952445852 ], [ 10.326833530000036, 42.826239319445421 ], [ 10.347341342000053, 42.805853577436686 ], [ 10.41236412900008, 42.87335846046544 ] ] ], [ [ [ 9.841807488000082, 43.063421936545893 ], [ 9.84212729200004, 43.024955912529641 ], [ 9.801498481000072, 43.00780521252247 ], [ 9.784594848000035, 43.028441828531086 ], [ 9.806944043000048, 43.066407712547189 ], [ 9.841807488000082, 43.063421936545893 ] ] ], [ [ [ 12.371836785000086, 45.424872132477084 ], [ 12.389170769000089, 45.433539125480181 ], [ 12.430918816000085, 45.415676169473706 ], [ 12.376231316000089, 45.422552797476158 ], [ 12.321462436000042, 45.34800852644883 ], [ 12.371836785000086, 45.424872132477084 ] ] ], [ [ [ 14.346446160000086, 38.535142312443988 ], [ 14.357188347000092, 38.551214903452042 ], [ 14.36085045700008, 38.53904856244592 ], [ 14.346446160000086, 38.535142312443988 ] ] ], [ [ [ 14.579600457000074, 38.566148171459453 ], [ 14.551605665000066, 38.561590879457228 ], [ 14.542491082000076, 38.586859434469815 ], [ 14.563975457000085, 38.584540098468672 ], [ 14.579600457000074, 38.566148171459453 ] ] ], [ [ [ 13.185720248000054, 38.717515359534936 ], [ 13.176768425000089, 38.693019916522694 ], [ 13.153493686000049, 38.694769590523563 ], [ 13.157888217000043, 38.709865619531072 ], [ 13.185720248000054, 38.717515359534936 ] ] ], [ [ [ 15.234629754000082, 38.807806700579718 ], [ 15.217458530000037, 38.773016661562487 ], [ 15.187022332000085, 38.789007872570409 ], [ 15.212087436000051, 38.810451557581018 ], [ 15.234629754000082, 38.807806700579718 ] ] ], [ [ [ 13.418955925000089, 40.795599670537946 ], [ 13.426931186000049, 40.790838927535731 ], [ 13.414724155000043, 40.78587473553344 ], [ 13.418955925000089, 40.795599670537946 ] ] ], [ [ [ 12.077891472000093, 37.960109760155049 ], [ 12.047618035000085, 37.960760801155381 ], [ 12.035980665000066, 37.991034239170716 ], [ 12.064463738000084, 37.98623280716825 ], [ 12.077891472000093, 37.960109760155049 ] ] ], [ [ [ 9.459971550000089, 41.242377013744409 ], [ 9.474864129000084, 41.179266662715548 ], [ 9.46436608200008, 41.172674865712452 ], [ 9.437022332000076, 41.185939839718536 ], [ 9.459971550000089, 41.242377013744409 ] ] ], [ [ [ 9.434255405000046, 41.220607808734442 ], [ 9.376963738000082, 41.213324279731118 ], [ 9.373057488000088, 41.229885151738735 ], [ 9.414235873000054, 41.262437235753595 ], [ 9.434255405000046, 41.220607808734442 ] ] ], [ [ [ 10.294444207000078, 42.328029684230366 ], [ 10.315928582000078, 42.340765686235919 ], [ 10.313243035000081, 42.323919983228571 ], [ 10.294444207000078, 42.328029684230366 ] ] ], [ [ [ 10.079437696000072, 42.613918355354421 ], [ 10.085785352000073, 42.572455139336498 ], [ 10.050303582000089, 42.581935934340613 ], [ 10.079437696000072, 42.613918355354421 ] ] ], [ [ [ 12.32984459700009, 45.458807679489475 ], [ 12.362071160000081, 45.438137106481904 ], [ 12.320648634000063, 45.429836325478881 ], [ 12.32984459700009, 45.458807679489475 ] ] ] ] } },
{ "type": "Feature", "properties": { "map_id": "LI" }, "geometry": { "type": "Polygon", "coordinates": [ [ [ 9.530249878000095, 47.253654273106839 ], [ 9.562909383000067, 47.197740373088784 ], [ 9.552057332000114, 47.166889543078824 ], [ 9.615722697000114, 47.106764014059301 ], [ 9.560635620000134, 47.052400408041542 ], [ 9.477023153000122, 47.06389841304533 ], [ 9.512369832000049, 47.108030087059738 ], [ 9.487358439000053, 47.210013525092776 ], [ 9.530249878000095, 47.253654273106839 ] ] ] } },
{ "type": "Feature", "properties": { "map_id": "LT" }, "geometry": { "type": "MultiPolygon", "coordinates": [ [ [ [ 26.594531291000074, 55.666990864008618 ], [ 26.59556481900006, 55.568030495994449 ], [ 26.532106161000115, 55.51625070998702 ], [ 26.54326827000007, 55.45961333997883 ], [ 26.499239950000099, 55.42809071697426 ], [ 26.450043986000111, 55.327063291959497 ], [ 26.525388224000089, 55.308098041956633 ], [ 26.602696167000087, 55.316883034957847 ], [ 26.768629191000095, 55.300243222955473 ], [ 26.800720256000091, 55.273319801951409 ], [ 26.656956421000118, 55.215338844942892 ], [ 26.600939168000099, 55.12082264992867 ], [ 26.473401733000056, 55.145679013932444 ], [ 26.428753296000142, 55.128212379929813 ], [ 26.264422241000087, 55.140097959931552 ], [ 26.224631388000056, 55.054883522918601 ], [ 26.138641805000088, 54.96894561590554 ], [ 25.870234416000073, 54.938818255900912 ], [ 25.782694539000083, 54.869675189890131 ], [ 25.778457072000037, 54.80528635488011 ], [ 25.721199585000068, 54.766735736874097 ], [ 25.708383830000081, 54.663021136857701 ], [ 25.740423217000103, 54.568504941842505 ], [ 25.63086918100004, 54.508353574832853 ], [ 25.612575724000056, 54.421795550818779 ], [ 25.528653198000054, 54.320974831802268 ], [ 25.563999878000054, 54.303146462799184 ], [ 25.695981486000044, 54.320974831802268 ], [ 25.789205770000045, 54.236225482788107 ], [ 25.763057495000048, 54.156437070774743 ], [ 25.653503458000092, 54.12873850277002 ], [ 25.516044149000038, 54.144758197772859 ], [ 25.485761759000091, 54.175402321777987 ], [ 25.52896325700004, 54.195659482781373 ], [ 25.501678100000046, 54.221756081785657 ], [ 25.55397465000005, 54.231264545787361 ], [ 25.459355103000028, 54.29890899479858 ], [ 25.369748169000093, 54.247904355790133 ], [ 25.206243937000053, 54.256792702791543 ], [ 25.156531210000036, 54.175712379777984 ], [ 25.071988566000098, 54.13220082477072 ], [ 24.902283163000074, 54.149770810773667 ], [ 24.821564575000139, 54.134526263771072 ], [ 24.782497192000047, 54.092875059764097 ], [ 24.821357870000092, 54.019907936751665 ], [ 24.788698365000098, 53.969678444742989 ], [ 24.705602661000061, 53.964200742742115 ], [ 24.666845336000108, 53.993863014747205 ], [ 24.528662557000075, 53.958361305741064 ], [ 24.377870728000083, 53.886841123728701 ], [ 24.257051229000069, 53.894024147729958 ], [ 24.229145955000103, 53.932368060736586 ], [ 24.169614705000097, 53.958929746741255 ], [ 24.045384562000059, 53.930869443736363 ], [ 23.919810832000042, 53.947767636739243 ], [ 23.828343546000067, 53.920069068734477 ], [ 23.787209106000091, 53.927923887735808 ], [ 23.62711551900011, 53.898209938730773 ], [ 23.485625448000061, 53.939292701737763 ], [ 23.458650350000138, 53.981615700745081 ], [ 23.4964774980001, 54.021974993751968 ], [ 23.473946574000085, 54.112563779767328 ], [ 23.449038534000131, 54.154938454774509 ], [ 23.354470662000036, 54.217053525784856 ], [ 23.117069132000037, 54.303456520799365 ], [ 23.050096476000128, 54.294826556797879 ], [ 23.041621542000122, 54.340973610805527 ], [ 22.989738404000047, 54.353375953807557 ], [ 22.962659953000063, 54.381694639812238 ], [ 22.837602986000096, 54.400918272815353 ], [ 22.767219686000058, 54.356269834808032 ], [ 22.70696496600009, 54.418746640818327 ], [ 22.674615519000103, 54.492282203830307 ], [ 22.700867147000046, 54.679557594860341 ], [ 22.72484501100007, 54.723379209867254 ], [ 22.832848755000086, 54.778672991875943 ], [ 22.848351684000097, 54.813812965881418 ], [ 22.821273234000049, 54.885488177892576 ], [ 22.749236287000087, 54.909879453896387 ], [ 22.752130168000061, 54.931118466899648 ], [ 22.715543253000135, 54.951375628902795 ], [ 22.633481079000106, 54.957938535903793 ], [ 22.565474894000136, 55.067802630920632 ], [ 22.43628381400007, 55.057777402919008 ], [ 22.251282186000086, 55.070851539921058 ], [ 22.076822551000074, 55.028580218914698 ], [ 22.027729940000143, 55.04439320691715 ], [ 22.003442017000051, 55.093485817924496 ], [ 21.942773885000076, 55.078292945922136 ], [ 21.750640910000062, 55.127953997929666 ], [ 21.605120076000105, 55.192497861939451 ], [ 21.503937622000105, 55.194409889939706 ], [ 21.374849894000132, 55.28995961295395 ], [ 21.267588738000075, 55.248683983947821 ], [ 21.26441491000007, 55.284002994953077 ], [ 21.291188998000045, 55.297064517954958 ], [ 21.257090691000087, 55.369370832965615 ], [ 21.183360222000093, 55.346177473962207 ], [ 21.248301629000078, 55.41787343797273 ], [ 21.222911004000071, 55.520209049987621 ], [ 21.147227410000085, 55.67816803401017 ], [ 21.074392123000052, 55.744940495019669 ], [ 21.060557488000079, 55.789252018025842 ], [ 21.053396030000044, 56.072617904064877 ], [ 21.190365031000109, 56.08445892206641 ], [ 21.229639119000083, 56.163187966077011 ], [ 21.327617635000102, 56.224372862085197 ], [ 21.419291626000128, 56.237395323086993 ], [ 21.596025025000127, 56.307881977096294 ], [ 21.684495076000065, 56.310104064096571 ], [ 22.094082479000061, 56.417410175110632 ], [ 22.214901977000093, 56.390383401107059 ], [ 22.511731404000045, 56.395964456107798 ], [ 22.666347290000139, 56.34909393210166 ], [ 22.924522746000012, 56.412113341109922 ], [ 23.062292114000059, 56.304161274095854 ], [ 23.112728312000044, 56.310879210096665 ], [ 23.172569620000104, 56.357956439102807 ], [ 23.288428182000082, 56.373045958104882 ], [ 23.481594686000083, 56.330102843099205 ], [ 23.706697225000116, 56.354442442102432 ], [ 23.724990682000108, 56.328810932099003 ], [ 23.85810917200007, 56.334391987099735 ], [ 23.981305786000032, 56.312403664096848 ], [ 24.138918905000082, 56.25744577808964 ], [ 24.31854618400007, 56.298580219095065 ], [ 24.414354289000102, 56.265507302090647 ], [ 24.481326945000092, 56.268840433091171 ], [ 24.678627563000109, 56.377283425105418 ], [ 24.845852498000053, 56.404930317108978 ], [ 24.870967245000056, 56.442602435113898 ], [ 24.910137980000119, 56.421957701111204 ], [ 24.973183228000032, 56.300750629095333 ], [ 25.073125447000109, 56.197811176081657 ], [ 25.109195597000117, 56.183083393079613 ], [ 25.661875041000052, 56.140812071074045 ], [ 25.696601603000087, 56.087895404066948 ], [ 26.17863936400008, 55.849589537034326 ], [ 26.279718466000137, 55.743239439019426 ], [ 26.481049846000126, 55.678308003010208 ], [ 26.594531291000074, 55.666990864008618 ] ] ], [ [ [ 20.924568700364986, 55.282657776782727 ], [ 20.999522332000083, 55.357001041963848 ], [ 21.082367384000058, 55.497626041984347 ], [ 21.085215691000077, 55.722845768016526 ], [ 21.131521030000044, 55.65558502600701 ], [ 21.119883660000077, 55.489447330983111 ], [ 21.087168816000084, 55.441066796976138 ], [ 21.106211785000077, 55.421210025973274 ], [ 20.989430696469412, 55.273116310611528 ], [ 20.924568700364986, 55.282657776782727 ] ] ] ] } },
{ "type": "Feature", "properties": { "map_id": "LU" }, "geometry": { "type": "Polygon", "coordinates": [ [ [ 6.110561971000037, 50.105986630926928 ], [ 6.096402629000094, 50.048625790912432 ], [ 6.161928345000092, 49.942482398885225 ], [ 6.172677043000107, 49.956228329888624 ], [ 6.222699829000105, 49.887136939870906 ], [ 6.302591594000118, 49.83494374385738 ], [ 6.4972050370001, 49.799442034848099 ], [ 6.499685506000075, 49.712212215825254 ], [ 6.402740519000137, 49.655781551810399 ], [ 6.417933390000146, 49.639141741806036 ], [ 6.3507540280001, 49.566588030786768 ], [ 6.345307071000094, 49.455348648757003 ], [ 6.193554321000076, 49.499408668768879 ], [ 6.136090129000083, 49.495274552767746 ], [ 6.078005819000086, 49.452021379756076 ], [ 5.960700317000119, 49.441324358753214 ], [ 5.928144165000077, 49.482303768764268 ], [ 5.839570760000101, 49.499873756768956 ], [ 5.790684855000023, 49.537752581779174 ], [ 5.837400350000105, 49.561110328785347 ], [ 5.829958944000113, 49.582762752791062 ], [ 5.885459432000093, 49.643534237807174 ], [ 5.845771932000107, 49.66658192681323 ], [ 5.850216105000102, 49.714020890825743 ], [ 5.805360961000102, 49.721875709827778 ], [ 5.778489217000098, 49.773035376841214 ], [ 5.727742960000118, 49.8002171808483 ], [ 5.731877075000057, 49.859955135863849 ], [ 5.758128702000078, 49.858198137863383 ], [ 5.714927205000036, 49.881865942869545 ], [ 5.812595662000089, 49.977570696894169 ], [ 5.802673787000089, 50.002478736900585 ], [ 5.836366821000128, 50.018550106904669 ], [ 5.872436971000126, 50.09689157792463 ], [ 5.941063273000082, 50.128310848932593 ], [ 5.961630493000088, 50.16562123294203 ], [ 5.99832076000004, 50.174974667944376 ], [ 6.038628377000095, 50.148412981937661 ], [ 6.084206991000089, 50.159316708940452 ], [ 6.110561971000037, 50.105986630926928 ] ] ] } },
{ "type": "Feature", "properties": { "map_id": "LV" }, "geometry": { "type": "Polygon", "coordinates": [ [ [ 27.528169393000049, 57.528479307246123 ], [ 27.511322876000065, 57.43039743923493 ], [ 27.82773767100014, 57.304952900220343 ], [ 27.846134481000032, 57.267306619215802 ], [ 27.824327027000034, 57.159070331203083 ], [ 27.682216838000102, 57.103699034196374 ], [ 27.745468791000093, 57.067990619192102 ], [ 27.750739786000111, 57.042359109189078 ], [ 27.628369995000067, 56.844154153164752 ], [ 27.661184530000096, 56.83927073016411 ], [ 27.786396525000093, 56.871258441168116 ], [ 27.913520548000065, 56.820150450161847 ], [ 27.865461467000099, 56.742687478152085 ], [ 27.981009969000095, 56.687006122145185 ], [ 28.010982299000112, 56.58755482813249 ], [ 28.126117391000037, 56.547763975127481 ], [ 28.093251180000095, 56.501591084121486 ], [ 28.164254598000078, 56.437951557113273 ], [ 28.167148478000065, 56.369867857104424 ], [ 28.217274617000058, 56.270726622091452 ], [ 28.148906697000108, 56.142414041074275 ], [ 28.110976196000099, 56.156805927076242 ], [ 27.927059774000039, 56.109366962069871 ], [ 27.880654337000109, 56.063865864063771 ], [ 27.781228882000093, 56.016375222057214 ], [ 27.74443526200011, 55.959737852049557 ], [ 27.64500980600009, 55.922840879044394 ], [ 27.592713256000081, 55.79424407802648 ], [ 27.438820842000059, 55.798739927027228 ], [ 27.349627319000035, 55.831218565031733 ], [ 27.263017619000092, 55.787216083025569 ], [ 27.151448201000079, 55.83245880003183 ], [ 26.981071004000086, 55.826877745031155 ], [ 26.822837769000099, 55.706109923014196 ], [ 26.743049357000114, 55.682855528010812 ], [ 26.64010990400006, 55.695567931012668 ], [ 26.594531291000074, 55.666990864008618 ], [ 26.481049846000126, 55.678308003010208 ], [ 26.279718466000137, 55.743239439019426 ], [ 26.17863936400008, 55.849589537034326 ], [ 25.696601603000087, 56.087895404066948 ], [ 25.661875041000052, 56.140812071074045 ], [ 25.109195597000117, 56.183083393079613 ], [ 25.073125447000109, 56.197811176081657 ], [ 24.973183228000032, 56.300750629095333 ], [ 24.910137980000119, 56.421957701111204 ], [ 24.870967245000056, 56.442602435113898 ], [ 24.845852498000053, 56.404930317108978 ], [ 24.678627563000109, 56.377283425105418 ], [ 24.481326945000092, 56.268840433091171 ], [ 24.414354289000102, 56.265507302090647 ], [ 24.31854618400007, 56.298580219095065 ], [ 24.138918905000082, 56.25744577808964 ], [ 23.981305786000032, 56.312403664096848 ], [ 23.85810917200007, 56.334391987099735 ], [ 23.724990682000108, 56.328810932099003 ], [ 23.706697225000116, 56.354442442102432 ], [ 23.481594686000083, 56.330102843099205 ], [ 23.288428182000082, 56.373045958104882 ], [ 23.172569620000104, 56.357956439102807 ], [ 23.112728312000044, 56.310879210096665 ], [ 23.062292114000059, 56.304161274095854 ], [ 22.924522746000012, 56.412113341109922 ], [ 22.666347290000139, 56.34909393210166 ], [ 22.511731404000045, 56.395964456107798 ], [ 22.214901977000093, 56.390383401107059 ], [ 22.094082479000061, 56.417410175110632 ], [ 21.684495076000065, 56.310104064096571 ], [ 21.596025025000127, 56.307881977096294 ], [ 21.419291626000128, 56.237395323086993 ], [ 21.327617635000102, 56.224372862085197 ], [ 21.229639119000083, 56.163187966077011 ], [ 21.190365031000109, 56.08445892206641 ], [ 21.053396030000044, 56.072617904064877 ], [ 20.973399285000092, 56.232001042086239 ], [ 20.968597852000073, 56.36981842510437 ], [ 21.003184441000073, 56.434800521112891 ], [ 21.006358269000078, 56.519964909123829 ], [ 21.044688347000086, 56.462103581116395 ], [ 21.030528191000094, 56.408107813109396 ], [ 21.061778191000098, 56.387030339106694 ], [ 21.07976321700005, 56.403062240108753 ], [ 21.058360222000093, 56.503648177121747 ], [ 20.992198113000082, 56.548895573127652 ], [ 21.058360222000083, 56.688666081145364 ], [ 21.052744988000086, 56.828924870162929 ], [ 21.222911004000082, 56.907700912172601 ], [ 21.382497592000046, 57.008937891184985 ], [ 21.41358483200008, 57.073187565192725 ], [ 21.421397332000083, 57.288723047218426 ], [ 21.699229363000072, 57.555324609249283 ], [ 21.771657748000056, 57.586127018252753 ], [ 21.999278191000087, 57.6003278652543 ], [ 22.48373457100007, 57.742499089270311 ], [ 22.600271030000037, 57.758042708272008 ], [ 22.59099368600004, 57.644761458259339 ], [ 22.656097852000066, 57.585760807252676 ], [ 23.031423373000052, 57.394476628230699 ], [ 23.130218946000067, 57.370794987228017 ], [ 23.26091556100004, 57.098944401195837 ], [ 23.340098504000068, 57.058579818190942 ], [ 23.50855553500007, 57.031236068187695 ], [ 23.585134311000054, 56.979071354181372 ], [ 23.69516035200007, 56.967271224179882 ], [ 23.952891472000079, 57.01325104218548 ], [ 24.035655144000092, 57.068996484192212 ], [ 24.210785352000062, 57.123724675198794 ], [ 24.400645379000082, 57.258124089214803 ], [ 24.358571811000036, 57.550360417248683 ], [ 24.374766472000083, 57.613470768255794 ], [ 24.357676629000071, 57.685492253263888 ], [ 24.299571160000081, 57.743841862270429 ], [ 24.285980665000057, 57.832586979280293 ], [ 24.306158734238295, 57.868186254127075 ], [ 24.378180786000087, 57.859441018283221 ], [ 24.533830200000054, 57.945068866292537 ], [ 24.684828735000082, 57.947575173292812 ], [ 24.733507935000123, 57.992197772297637 ], [ 24.81681034400015, 57.976669005295996 ], [ 24.872517537000071, 58.000440163298549 ], [ 24.949308716000047, 58.006434629299179 ], [ 25.094209432000138, 58.067309467305805 ], [ 25.166969848000093, 58.058731179304836 ], [ 25.216785930000128, 57.985376484296971 ], [ 25.284378703000101, 58.008139952299395 ], [ 25.249548788000123, 58.051186420304106 ], [ 25.250685669000035, 58.068498025305857 ], [ 25.281691528000071, 58.073407286306342 ], [ 25.324582967000101, 58.034753315302346 ], [ 25.396619914000091, 58.023177794301084 ], [ 25.457184692000038, 57.984058734296752 ], [ 25.541675659000095, 57.962819721294544 ], [ 25.601516968000045, 57.912202656289104 ], [ 25.730294637000078, 57.923132221290125 ], [ 25.792616415000076, 57.855978697282815 ], [ 26.014515015000082, 57.842827045281361 ], [ 26.024746948000143, 57.774355772273843 ], [ 26.168510783, 57.704049986266028 ], [ 26.297185099000068, 57.599146828254234 ], [ 26.430923706000026, 57.561707253250027 ], [ 26.499550008000046, 57.51581858124473 ], [ 26.542234741000069, 57.528169249246197 ], [ 26.590087118000074, 57.520366107245209 ], [ 26.666981649000064, 57.564859516250245 ], [ 26.79575931800013, 57.571319069251111 ], [ 26.872653849000123, 57.627181293257394 ], [ 26.981071004000086, 57.608991189255356 ], [ 27.085354045000102, 57.549434101248565 ], [ 27.319965047000061, 57.516128640244759 ], [ 27.528169393000049, 57.528479307246123 ] ] ] } },
{ "type": "Feature", "properties": { "map_id": "ME" }, "geometry": { "type": "Polygon", "coordinates": [ [ [ 18.529795769000092, 42.400376689261947 ], [ 18.444279419000082, 42.477925104295565 ], [ 18.437354777000095, 42.559212132330835 ], [ 18.492131795000088, 42.564767349333287 ], [ 18.486654093000105, 42.589830418344015 ], [ 18.538433878000088, 42.618304133356311 ], [ 18.550009400000107, 42.668068537377742 ], [ 18.453891235000093, 42.793151341431312 ], [ 18.443659302000125, 42.83446664944897 ], [ 18.473321574000096, 42.86255278946085 ], [ 18.433530721000061, 42.954200943499728 ], [ 18.483036743000127, 43.014636530525308 ], [ 18.638996215000105, 43.020243423527695 ], [ 18.62059940600011, 43.122562759570769 ], [ 18.688398885000115, 43.224468684613406 ], [ 18.664317667000095, 43.23317616261707 ], [ 18.833506307000054, 43.324152521654902 ], [ 18.821207316000113, 43.341386611662081 ], [ 18.923423299000088, 43.346838475664377 ], [ 18.992463013000133, 43.267101740631205 ], [ 19.069667603000109, 43.308830459648597 ], [ 19.009929647000085, 43.410994766690912 ], [ 18.905646607000048, 43.4906281487238 ], [ 18.977476847000073, 43.54623198974668 ], [ 19.054991495000134, 43.506699518730379 ], [ 19.12279097500004, 43.535948379742408 ], [ 19.195344686000055, 43.532796116741139 ], [ 19.17519087700008, 43.509619237731705 ], [ 19.192244100000039, 43.454532159708911 ], [ 19.372284790000027, 43.384226373679859 ], [ 19.598110799000096, 43.17620289659321 ], [ 19.713555949000057, 43.165609227588824 ], [ 19.805126587000135, 43.089954930557106 ], [ 19.929150024000133, 43.113906957567124 ], [ 20.116942179000063, 42.976654352509243 ], [ 20.223188924000056, 42.957663263501225 ], [ 20.353620239000065, 42.890974828472949 ], [ 20.345352010000028, 42.82743865444597 ], [ 20.217607870000105, 42.802737319435415 ], [ 20.183398071000106, 42.742508437409647 ], [ 20.076324503000137, 42.773436783422895 ], [ 20.026508423000106, 42.743206069409858 ], [ 20.103919718000043, 42.653108210371364 ], [ 20.077047973000049, 42.559909764331024 ], [ 20.039220825000147, 42.557765193330226 ], [ 19.981756632000039, 42.510765477309832 ], [ 19.801405884000125, 42.468132420291354 ], [ 19.734329875000093, 42.524382217315747 ], [ 19.746008749000087, 42.598899633347948 ], [ 19.722134237000088, 42.646080215368215 ], [ 19.676038859000069, 42.646674494368519 ], [ 19.621778605000113, 42.604997451350556 ], [ 19.588085572000065, 42.53285715231943 ], [ 19.417243286000136, 42.374107152250517 ], [ 19.274926392000076, 42.191275935170445 ], [ 19.372491496000098, 42.10425282213221 ], [ 19.35058068900014, 42.027823379098351 ], [ 19.371044556000097, 41.986559748080012 ], [ 19.346446574000105, 41.961548355068928 ], [ 19.365082227000077, 41.852362366020365 ], [ 19.310231967000043, 41.894517314039085 ], [ 19.170258009000062, 41.937974345058457 ], [ 19.139170769000089, 42.042425842104855 ], [ 19.082530144000085, 42.081203512121981 ], [ 19.083832227000066, 42.110093486134708 ], [ 19.048675977000073, 42.140204163148042 ], [ 19.010590040000057, 42.139553121147742 ], [ 18.913340691000087, 42.222235413184094 ], [ 18.885996941000091, 42.284369202211316 ], [ 18.817637566000094, 42.291164449214271 ], [ 18.778575066000087, 42.271470439205622 ], [ 18.678477410000077, 42.385972392255646 ], [ 18.616709832000083, 42.368068746247879 ], [ 18.570648634000062, 42.392971090258698 ], [ 18.545176629000075, 42.423570048271991 ], [ 18.562836134000058, 42.438544006278569 ], [ 18.70045006600008, 42.392971090258698 ], [ 18.68734785200007, 42.482896220297746 ], [ 18.654144727000073, 42.451808980284312 ], [ 18.502452019000081, 42.45563385028597 ], [ 18.529795769000092, 42.400376689261947 ] ] ] } },
{ "type": "Feature", "properties": { "map_id": "NL" }, "geometry": { "type": "MultiPolygon", "coordinates": [ [ [ [ 7.194590691000085, 53.245021874613549 ], [ 7.17194421400012, 53.137713722593574 ], [ 7.192821493000111, 52.998006487567103 ], [ 7.061976766000043, 52.824011939533719 ], [ 7.036655314000063, 52.647381894498949 ], [ 7.018465210000043, 52.625987851494827 ], [ 6.865399617000039, 52.641955869497885 ], [ 6.737035360000049, 52.634695330496548 ], [ 6.70179203200007, 52.619114886493414 ], [ 6.703962443000081, 52.583070574486221 ], [ 6.74375329600008, 52.559712827481604 ], [ 6.67171634900012, 52.541677752478044 ], [ 6.714814494000111, 52.461553444461899 ], [ 6.900229533000105, 52.431917010455841 ], [ 6.973300008000139, 52.451373187459843 ], [ 7.04823083500011, 52.365073544442339 ], [ 7.012470744000099, 52.284949236425952 ], [ 7.026320027000053, 52.230637306414849 ], [ 6.830673055000087, 52.112892555390282 ], [ 6.749851115000126, 52.102867327388253 ], [ 6.672956583000142, 52.050054013377135 ], [ 6.675023641000113, 52.034809466373943 ], [ 6.778169800000033, 52.001271462366923 ], [ 6.810725952000069, 51.960576271358207 ], [ 6.716674846000049, 51.899262184345218 ], [ 6.628153117000067, 51.89750518634488 ], [ 6.462891887000067, 51.848360898334313 ], [ 6.378452596000043, 51.860117286336774 ], [ 6.382483358000119, 51.827586972329854 ], [ 6.344966268000122, 51.821101580328538 ], [ 6.26466109200001, 51.866189268338125 ], [ 6.225180298000084, 51.862546079337385 ], [ 6.126995076000098, 51.8967300383447 ], [ 6.092991984000153, 51.885309547342217 ], [ 6.156140584000126, 51.842056373333044 ], [ 6.084000284000123, 51.853657732335463 ], [ 5.93145145700007, 51.815649717327283 ], [ 5.964110962000065, 51.776556496318833 ], [ 5.939306274000104, 51.731882220309188 ], [ 6.012066691000086, 51.715862525305667 ], [ 6.008552694000112, 51.681187640298099 ], [ 6.09919315600007, 51.644471535290101 ], [ 6.086480754000089, 51.595533953279372 ], [ 6.193347615000049, 51.509337664260428 ], [ 6.205336548000108, 51.458436379249044 ], [ 6.193554321000078, 51.344515683223463 ], [ 6.0566117760001, 51.211707252193349 ], [ 6.060849243000122, 51.170908709184012 ], [ 6.0843103440001, 51.162692156182111 ], [ 6.134126424000041, 51.184215391187017 ], [ 6.157070760000065, 51.179254453185976 ], [ 6.126271607000118, 51.164578346182545 ], [ 6.147252238000108, 51.152253517179695 ], [ 5.982921183000147, 51.074687192161861 ], [ 5.937962687000036, 51.030943092151652 ], [ 5.880498495000043, 51.052052915156594 ], [ 5.852489868000103, 51.042751157154385 ], [ 5.874607381000121, 50.96536570013631 ], [ 6.00369510900009, 50.973737281138305 ], [ 5.999871053000081, 50.929398903127918 ], [ 6.063743124000045, 50.907539772122746 ], [ 6.056715129000111, 50.852659401109889 ], [ 6.009276164000116, 50.840463762106964 ], [ 5.998320760000039, 50.800724586097552 ], [ 5.968761841000117, 50.794626767096076 ], [ 5.994910116000116, 50.749926653085495 ], [ 5.793165324000115, 50.752148740086035 ], [ 5.752444296000134, 50.773439430091081 ], [ 5.706555623000073, 50.754215797086459 ], [ 5.700457804000109, 50.795556943096337 ], [ 5.624493448000067, 50.830283506104621 ], [ 5.622323039000097, 50.852659401109904 ], [ 5.764019816000086, 50.959422910135025 ], [ 5.722368612000084, 50.959422910135025 ], [ 5.777559041000075, 51.023553363149937 ], [ 5.771461222000115, 51.058124896157956 ], [ 5.798849731000134, 51.061483863158706 ], [ 5.804947550000094, 51.096623837166888 ], [ 5.845978638000045, 51.103393451168493 ], [ 5.82913212100007, 51.156465146180658 ], [ 5.781383098000106, 51.152408546179828 ], [ 5.730843547000062, 51.183750303186926 ], [ 5.659013306000052, 51.17907358518584 ], [ 5.568372843000136, 51.207650652192378 ], [ 5.493235311000117, 51.286534726210405 ], [ 5.389055623000103, 51.258706968204038 ], [ 5.215422811000028, 51.258732805204012 ], [ 5.19733605900012, 51.308342180215284 ], [ 5.122921997000103, 51.313380633216475 ], [ 5.068144979000094, 51.374539691230254 ], [ 5.079927205000105, 51.438540952244594 ], [ 5.027527303000086, 51.476807350253175 ], [ 4.910325154000135, 51.391902972234064 ], [ 4.762117146000153, 51.413374529238979 ], [ 4.779067016000055, 51.426422829241922 ], [ 4.822681925, 51.413684588239022 ], [ 4.823922159000065, 51.47564463025283 ], [ 4.778653605000044, 51.495359189257286 ], [ 4.731214641000062, 51.485618182255052 ], [ 4.630135539000096, 51.418206276240028 ], [ 4.540631958000093, 51.420066627240473 ], [ 4.525232381000107, 51.475928851252931 ], [ 4.483064412000147, 51.474326881252473 ], [ 4.377127726000142, 51.442881772245535 ], [ 4.416195109000088, 51.373971250230099 ], [ 4.392217244000049, 51.350406796224767 ], [ 4.261067579000096, 51.369379272229089 ], [ 4.234711134000068, 51.419012759240239 ], [ 4.111094597000093, 51.406968489237464 ], [ 3.998789910000085, 51.453111067247796 ], [ 3.957041863000089, 51.455796614248413 ], [ 3.902110222000086, 51.404933983237072 ], [ 3.827159050000092, 51.391058658233895 ], [ 3.689707879000082, 51.454291080248076 ], [ 3.610036655000044, 51.445054426245989 ], [ 3.535411004000082, 51.459214582249224 ], [ 3.461924675000093, 51.51898834526245 ], [ 3.45753014400009, 51.555080468270454 ], [ 3.560394727000074, 51.594631249279217 ], [ 3.828868035000085, 51.612738345283169 ], [ 3.896494988000089, 51.583807681276816 ], [ 3.905772332000084, 51.569240624273604 ], [ 3.871592644000094, 51.549383853269205 ], [ 4.015879754000078, 51.530829166265129 ], [ 4.104828321000069, 51.445705468246153 ], [ 4.283213738000084, 51.447699283246614 ], [ 4.296722852000074, 51.470526431251734 ], [ 4.267751498000055, 51.508286848260092 ], [ 4.091319207000081, 51.535060937266017 ], [ 3.988129102000077, 51.590277408278254 ], [ 4.067718946000074, 51.610663150282733 ], [ 4.207286004000084, 51.590277408278254 ], [ 4.189952019000091, 51.616685286284024 ], [ 4.112966342000046, 51.639390364288978 ], [ 4.112640821000066, 51.670803124295851 ], [ 4.176931186000044, 51.685858463299184 ], [ 4.071543816000087, 51.717189843305974 ], [ 4.033946160000084, 51.784247134320552 ], [ 3.981455925000091, 51.810003970326079 ], [ 3.871592644000087, 51.788275455321411 ], [ 3.862315300000091, 51.816066796327384 ], [ 3.962657097000091, 51.847357486334111 ], [ 4.077647332000087, 51.843573306333283 ], [ 4.03207441500007, 51.882025455341562 ], [ 4.015635613000085, 51.987697655364052 ], [ 4.141856316000085, 52.005601301367818 ], [ 4.284678582000083, 52.112941796390309 ], [ 4.508148634000063, 52.336371158436485 ], [ 4.596934441000085, 52.506577864470948 ], [ 4.669444207000084, 52.796576236528288 ], [ 4.74545332100007, 52.967596744561313 ], [ 4.816905144000089, 52.967596744561313 ], [ 4.809418165000069, 52.929592187553979 ], [ 4.873789910000082, 52.903957421549059 ], [ 5.078135613000088, 52.954006249558688 ], [ 5.312754754000085, 53.082831119583226 ], [ 5.379242384000067, 53.097357486585871 ], [ 5.447438998000052, 53.220892642609051 ], [ 5.591563347000091, 53.302801822624311 ], [ 5.980804884000064, 53.40607330664325 ], [ 6.273936394000089, 53.412665103644407 ], [ 6.31153405000009, 53.398993228641999 ], [ 6.494395379000085, 53.438706770649176 ], [ 6.730235222000086, 53.460638736653131 ], [ 6.829112175000094, 53.450588280651324 ], [ 6.866872592000053, 53.434271549648358 ], [ 6.900563998000054, 53.351792707633223 ], [ 7.020030144000088, 53.306138411624836 ], [ 7.085459832000081, 53.309637759625581 ], [ 7.080739780000041, 53.266791080617558 ], [ 7.194590691000085, 53.245021874613549 ] ] ], [ [ [ 3.349414674000118, 51.375223115230355 ], [ 3.541351759000067, 51.416734114239695 ], [ 3.755544467000051, 51.350083723224706 ], [ 3.833994988000086, 51.343247786223259 ], [ 3.955821160000085, 51.371771549229578 ], [ 3.984141472000088, 51.41046783823834 ], [ 4.121918165000068, 51.359361067226814 ], [ 4.156504754000082, 51.357570702226454 ], [ 4.18002363400007, 51.377427473230881 ], [ 4.220961547000117, 51.36381683122783 ], [ 4.207939087000089, 51.330588885220266 ], [ 4.118952271000097, 51.272401222207137 ], [ 3.949453572000069, 51.21077707719315 ], [ 3.808686971000101, 51.205325213191813 ], [ 3.776234172000102, 51.254521177203102 ], [ 3.609526001000096, 51.290436297211258 ], [ 3.514338012000029, 51.281031186209091 ], [ 3.501212199000066, 51.240284320199905 ], [ 3.391658163000104, 51.246769712201306 ], [ 3.353210897000057, 51.288601784210826 ], [ 3.349414674000118, 51.375223115230355 ] ] ], [ [ [ 4.078379754000082, 51.678615624297613 ], [ 4.089040561000048, 51.644029036290064 ], [ 3.960297071000074, 51.623846744285601 ], [ 3.809255405000047, 51.699530338302154 ], [ 3.765391472000088, 51.67841217429752 ], [ 3.70004316500007, 51.680609439298024 ], [ 3.689463738000084, 51.725043033307706 ], [ 3.814219597000088, 51.748236392312755 ], [ 3.939626498000055, 51.741156314311212 ], [ 4.078379754000082, 51.678615624297613 ] ] ], [ [ [ 4.892588738000086, 53.104803775587357 ], [ 4.913096550000089, 53.104803775587357 ], [ 4.893077019000089, 53.076117252581874 ], [ 4.795664910000082, 53.000311588567556 ], [ 4.726817254000083, 53.003078515568063 ], [ 4.70769290500004, 53.028469140572867 ], [ 4.733653191000087, 53.084214582583442 ], [ 4.854340040000067, 53.187730207602883 ], [ 4.889821811000048, 53.180853580601593 ], [ 4.910166863000082, 53.134588931592951 ], [ 4.892588738000086, 53.104803775587357 ] ] ], [ [ [ 4.878916863000084, 53.220892642609051 ], [ 5.054453972000087, 53.313788150626337 ], [ 5.104828321000067, 53.309637759625566 ], [ 5.036468946000071, 53.291815494622242 ], [ 4.910166863000082, 53.212469791607532 ], [ 4.878916863000084, 53.220892642609051 ] ] ], [ [ [ 5.178884311000044, 53.385443424639405 ], [ 5.58529707100007, 53.453599348651842 ], [ 5.562022332000084, 53.434312239648335 ], [ 5.475433790000066, 53.426947330647018 ], [ 5.468597852000072, 53.408514713643662 ], [ 5.179860873000051, 53.353094791633538 ], [ 5.178884311000044, 53.385443424639405 ] ] ], [ [ [ 5.913828972000093, 53.473863020655529 ], [ 5.954600457000087, 53.461086327653234 ], [ 5.678965691000087, 53.430121158647594 ], [ 5.63607832100007, 53.448675845650961 ], [ 5.658864780000046, 53.471869205655182 ], [ 5.913828972000093, 53.473863020655529 ] ] ], [ [ [ 6.310801629000084, 53.514146223662813 ], [ 6.33871504000007, 53.502020572660633 ], [ 6.127452019000089, 53.459906314653018 ], [ 6.147959832000081, 53.494859114659299 ], [ 6.310801629000084, 53.514146223662813 ] ] ], [ [ [ 6.45508873800009, 53.558091536670709 ], [ 6.510101759000065, 53.543605858668172 ], [ 6.460703972000092, 53.543361718668116 ], [ 6.45508873800009, 53.558091536670709 ] ] ] ] } },
{ "type": "Feature", "properties": { "map_id": "NO" }, "geometry": { "type": "MultiPolygon", "coordinates": [ [ [ [ 14.172602172000063, 64.99153798282336 ], [ 13.642763713000074, 64.584017637801722 ], [ 13.940058228000073, 64.491310118796534 ], [ 14.060877726000095, 64.476634011795724 ], [ 14.115551391000048, 64.441235655793733 ], [ 14.160509887000082, 64.187245990779729 ], [ 13.98232954900007, 64.019504291770303 ], [ 13.939438110000111, 64.009530740769677 ], [ 13.234106486000144, 64.090869444774384 ], [ 12.982442261000068, 64.058830056772493 ], [ 12.755272665000058, 63.99139231276871 ], [ 12.681892131, 63.956355691766689 ], [ 12.293182006000116, 63.656994119749442 ], [ 12.170295450000108, 63.598134663745839 ], [ 12.219801472000061, 63.474266254738481 ], [ 11.992425171000102, 63.288902891727425 ], [ 12.22269535300007, 63.001478575709712 ], [ 12.093297567000093, 62.90742746970389 ], [ 12.156239461000107, 62.733691303692837 ], [ 12.091230509000118, 62.586310118683443 ], [ 12.314265991000122, 62.286121723663655 ], [ 12.161717163000082, 61.72483815362515 ], [ 12.416481975000089, 61.582288715614979 ], [ 12.613782592000121, 61.547045388612446 ], [ 12.888184448000063, 61.349615579598108 ], [ 12.839815308000105, 61.226987404588947 ], [ 12.739149617000063, 61.142444761582681 ], [ 12.703802938000081, 61.04619740757537 ], [ 12.511773316000102, 61.049117125575592 ], [ 12.253287801000054, 61.001703998572026 ], [ 12.377001180000059, 60.754096373552855 ], [ 12.594352254000022, 60.51493784453389 ], [ 12.605307658000092, 60.419155577526084 ], [ 12.491722860000033, 60.312288715517276 ], [ 12.52469242300009, 60.161703591504718 ], [ 12.483247925000065, 60.081243386497931 ], [ 12.290598185000116, 59.958718565487537 ], [ 12.143733764000107, 59.898412168482373 ], [ 11.942195678000129, 59.902029519482639 ], [ 11.849591512000075, 59.872418923480041 ], [ 11.842976929000091, 59.8384158314771 ], [ 11.902094767000046, 59.785137429472464 ], [ 11.897237183000131, 59.713978982466195 ], [ 11.828404175000117, 59.65971872846135 ], [ 11.674925171, 59.607112120456641 ], [ 11.811661011000069, 59.249666238424105 ], [ 11.664383179000144, 58.920073953392695 ], [ 11.611569865000083, 58.893150531390027 ], [ 11.547077678000077, 58.884727273389352 ], [ 11.451993042000138, 58.896044412390332 ], [ 11.453233276000084, 58.960484923396628 ], [ 11.389333530000048, 59.080755925408134 ], [ 11.344574415000073, 59.111395573411116 ], [ 11.182383660000092, 59.116034245411527 ], [ 11.174652540000068, 59.140936589413904 ], [ 11.206716342000053, 59.145697331414262 ], [ 11.176442905000046, 59.1968447924191 ], [ 11.13550866000009, 59.183172917417814 ], [ 11.135508660000083, 59.142238672413974 ], [ 11.087738477000066, 59.175767318417044 ], [ 11.099131707000087, 59.134182031413204 ], [ 11.03248131600008, 59.127997135412656 ], [ 11.039805535000085, 59.143744206414077 ], [ 10.998301629000082, 59.172308659416792 ], [ 10.948496941000078, 59.183335677417809 ], [ 10.944021030000039, 59.149318750414636 ], [ 10.916351759000058, 59.142238672413974 ], [ 10.90211022200009, 59.1968447924191 ], [ 10.82292728000005, 59.163967188415981 ], [ 10.779144727000073, 59.189398503418452 ], [ 10.772959832000083, 59.25210195342423 ], [ 10.738129102000075, 59.216701563420941 ], [ 10.779144727000066, 59.312933659429895 ], [ 10.734711134000063, 59.334051823431857 ], [ 10.700694207000092, 59.306708073429398 ], [ 10.674082879000077, 59.315741276430181 ], [ 10.642751498000049, 59.374945378435662 ], [ 10.659678582000081, 59.400213932437943 ], [ 10.591644727000073, 59.430650130440711 ], [ 10.644541863000082, 59.493150130446409 ], [ 10.66244550900007, 59.437892969441364 ], [ 10.690277540000071, 59.480658268445289 ], [ 10.651133660000079, 59.526434635449441 ], [ 10.656423373000054, 59.594671940455584 ], [ 10.614593946000078, 59.697170313464689 ], [ 10.59750410200007, 59.684556380463576 ], [ 10.560231967000043, 59.726223047467208 ], [ 10.614593946000072, 59.833685612476678 ], [ 10.655528191000091, 59.856675521478678 ], [ 10.717784050000082, 59.738104557468347 ], [ 10.752614780000048, 59.888902083481497 ], [ 10.688731316000077, 59.911769922483408 ], [ 10.666270379000085, 59.888902083481497 ], [ 10.621429884000058, 59.896307682482181 ], [ 10.594248894000092, 59.882066146480909 ], [ 10.529470248000049, 59.882310287480884 ], [ 10.475433790000066, 59.850043034478112 ], [ 10.498708530000041, 59.833685612476678 ], [ 10.502207879000084, 59.708726302465664 ], [ 10.582692905000041, 59.66205475346154 ], [ 10.614593946000067, 59.607733464456807 ], [ 10.542735222000081, 59.535549219450267 ], [ 10.483734571000065, 59.514471745448411 ], [ 10.436696811000047, 59.518377995448766 ], [ 10.397634311000045, 59.688055729463954 ], [ 10.266856316000082, 59.739732162468428 ], [ 10.224375847000085, 59.723822331467041 ], [ 10.37924238400006, 59.658351953461235 ], [ 10.381032748000047, 59.535345768450227 ], [ 10.364268425000089, 59.525824284449357 ], [ 10.237315300000091, 59.55996328145244 ], [ 10.369395379000073, 59.455267643442959 ], [ 10.477549675000091, 59.429632878440614 ], [ 10.444509311000042, 59.348944401433243 ], [ 10.514170769000083, 59.302923893428989 ], [ 10.469574415000061, 59.247788802423884 ], [ 10.360850457000089, 59.271307682426048 ], [ 10.364756707000092, 59.225978906421858 ], [ 10.330251498000054, 59.20966217542027 ], [ 10.313731316000089, 59.127997135412656 ], [ 10.289805535000083, 59.134588932413251 ], [ 10.306895379000091, 59.059719141406163 ], [ 10.272146030000037, 59.114325260411391 ], [ 10.262461785000086, 59.038560287404081 ], [ 10.22437584700009, 59.114325260411391 ], [ 10.211273634000065, 59.066555078406815 ], [ 10.232188347000088, 59.040350651404331 ], [ 10.207041863000088, 59.016424870402048 ], [ 10.114512566000089, 59.005072331400868 ], [ 10.161875847000088, 59.027533268403097 ], [ 10.163422071000065, 59.052313542405486 ], [ 10.059418165000064, 59.018133854402137 ], [ 10.016774936000044, 59.033677474403561 ], [ 10.014821811000042, 58.973130599397827 ], [ 9.957367384000063, 58.956691797396218 ], [ 9.846202019000094, 58.955633854396254 ], [ 9.812185092000048, 58.96344635439695 ], [ 9.845225457000089, 58.989325260399347 ], [ 9.78174889400009, 59.051174219405297 ], [ 9.758148634000072, 59.032375391403484 ], [ 9.688487175000091, 59.090765690409071 ], [ 9.668630405000052, 59.051459050405313 ], [ 9.63062584700009, 59.131415104412966 ], [ 9.600922071000078, 59.115668034411435 ], [ 9.539073113000086, 59.120550846411909 ], [ 9.654144727000071, 59.037298893403964 ], [ 9.726817254000077, 59.015204167401869 ], [ 9.723968946000074, 58.983954167398885 ], [ 9.703461134000067, 58.998236393400227 ], [ 9.655772332000081, 58.983954167398885 ], [ 9.68978925900007, 58.956691797396218 ], [ 9.594248894000081, 58.943019922394917 ], [ 9.607920769000083, 58.928697005393545 ], [ 9.575938347000088, 58.921454167392859 ], [ 9.470062696000072, 58.928697005393545 ], [ 9.523936394000092, 58.900051172390754 ], [ 9.45590254000007, 58.897691146390542 ], [ 9.450368686000054, 58.881537175388914 ], [ 9.373789910000077, 58.895412500390272 ], [ 9.360199415000059, 58.881537175388914 ], [ 9.402028842000043, 58.888373112389601 ], [ 9.384532097000095, 58.867254948387597 ], [ 9.318532748000051, 58.866034245387496 ], [ 9.298838738000089, 58.8815371753889 ], [ 9.270843946000076, 58.833156641384271 ], [ 9.312510613000082, 58.826320703383566 ], [ 9.379649285000081, 58.844183659385273 ], [ 9.450368686000051, 58.833156641384271 ], [ 9.367035352000068, 58.792181706380234 ], [ 9.408702019000094, 58.792181706380234 ], [ 9.306488477000068, 58.738714909374949 ], [ 9.07097415500005, 58.741197005375227 ], [ 9.062998894000083, 58.723822331373427 ], [ 9.143565300000091, 58.709784245372092 ], [ 9.169118686000042, 58.71645742237272 ], [ 9.10084069100008, 58.73753489637479 ], [ 9.214691602000077, 58.721625065373246 ], [ 9.186696811000042, 58.691595768370213 ], [ 9.059336785000088, 58.682928776369465 ], [ 9.182871941000082, 58.686346745369825 ], [ 9.190196160000081, 58.664862370367594 ], [ 9.033836547000078, 58.594754030360548 ], [ 8.990977410000079, 58.600327865361109 ], [ 8.971202019000092, 58.586737370359835 ], [ 8.913340691000093, 58.606878971361773 ], [ 8.948903842000044, 58.579657292359052 ], [ 8.928075741000036, 58.513486330352372 ], [ 8.75410447800005, 58.427586577343547 ], [ 8.707295191000064, 58.378910741338565 ], [ 8.641612175000089, 58.363918359337028 ], [ 8.60726972700008, 58.3328311203338 ], [ 8.579356316000089, 58.347479557335383 ], [ 8.501231316000084, 58.257228906325842 ], [ 8.435394727000071, 58.257757878325975 ], [ 8.409353061000052, 58.272040104327473 ], [ 8.406260613000089, 58.244208073324522 ], [ 8.353526238000081, 58.244696354324638 ], [ 8.243662957000076, 58.20311106832019 ], [ 8.271739129000084, 58.196275130319506 ], [ 8.201914910000079, 58.122992253311686 ], [ 8.172699415000061, 58.146144922314157 ], [ 8.12289472700007, 58.102036849309457 ], [ 8.052500847000088, 58.113185938310664 ], [ 8.024587436000045, 58.141058659313678 ], [ 8.079844597000086, 58.162095443315835 ], [ 8.02955162900008, 58.224839583322471 ], [ 8.004079623000054, 58.223049219322313 ], [ 8.022308790000062, 58.163763737316046 ], [ 7.93409264400008, 58.109442448310332 ], [ 7.95630944100009, 58.093247787308542 ], [ 7.915782097000083, 58.081854557307338 ], [ 7.69597415500004, 58.058539128304851 ], [ 7.663910352000078, 58.067287500305738 ], [ 7.660899285000082, 58.045477604303464 ], [ 7.626719597000088, 58.052313542304169 ], [ 7.614756707000086, 58.022121484300918 ], [ 7.57886803500009, 58.045477604303464 ], [ 7.578868035000086, 58.017523503300445 ], [ 7.390635613000081, 58.017523503300445 ], [ 7.267588738000088, 58.035956120302501 ], [ 7.249847852000075, 58.058539128304851 ], [ 7.17497806100005, 58.031195378301938 ], [ 7.155528191000085, 58.050279037303895 ], [ 7.082774285000084, 58.036851302302495 ], [ 7.076019727000069, 58.006537175299272 ], [ 7.00660241000008, 57.993150130297742 ], [ 6.99935957100007, 58.030707096301803 ], [ 7.087738477000075, 58.070624089306172 ], [ 7.116221550000088, 58.058539128304851 ], [ 7.14747155000009, 58.100083724309307 ], [ 6.93531334700009, 58.045477604303464 ], [ 6.996104363000088, 58.100083724309307 ], [ 6.980316602000075, 58.105373438309833 ], [ 6.900563998000056, 58.052313542304169 ], [ 6.907969597000093, 58.100083724309307 ], [ 6.866384311000051, 58.079575912307071 ], [ 6.804209832000086, 58.100083724309307 ], [ 6.949961785000086, 58.120917057311495 ], [ 6.989268425000095, 58.141058659313678 ], [ 6.873789910000088, 58.134833073313054 ], [ 6.777598504000085, 58.182033594317957 ], [ 6.807953321000073, 58.120550846311488 ], [ 6.731455925000096, 58.119859115311364 ], [ 6.722422722000093, 58.189439193318783 ], [ 6.688243035000088, 58.120550846311488 ], [ 6.782562696000074, 58.065334375305618 ], [ 6.618500196000073, 58.068304753305853 ], [ 6.530528191000088, 58.120550846311502 ], [ 6.568125847000093, 58.131781315312651 ], [ 6.597015821000071, 58.176499740317389 ], [ 6.674571160000088, 58.182033594317957 ], [ 6.654063347000092, 58.189439193318783 ], [ 6.675140821000069, 58.206976628320632 ], [ 6.845957879000077, 58.271389063327383 ], [ 6.802989129000084, 58.270453190327288 ], [ 6.681407097000087, 58.223049219322313 ], [ 6.633636915000067, 58.274847721327674 ], [ 6.656260613000085, 58.302801823330668 ], [ 6.695078972000092, 58.291896875329513 ], [ 6.70875084700009, 58.312974349331711 ], [ 6.687266472000094, 58.327337956333217 ], [ 6.61996504000007, 58.319159245332386 ], [ 6.626231316000091, 58.244696354324638 ], [ 6.56234785200007, 58.243109440324432 ], [ 6.347515413000052, 58.285851237328885 ], [ 6.010101759000063, 58.384914453339164 ], [ 5.954600457000081, 58.477484440348704 ], [ 5.796652672000053, 58.489245955349816 ], [ 5.778390944000085, 58.52089927035307 ], [ 5.704170682000044, 58.520767406353116 ], [ 5.64625084700009, 58.548651432355946 ], [ 5.47795116000009, 58.754747225376526 ], [ 5.526723268000072, 58.784113902379374 ], [ 5.530528191000093, 58.868719792387743 ], [ 5.57252037900008, 58.894029037390183 ], [ 5.537119988000085, 58.956122135396193 ], [ 5.617360873000051, 58.907294010391468 ], [ 5.626231316000086, 58.925604557393299 ], [ 5.550547722000092, 58.97089264339764 ], [ 5.591563347000087, 58.977118229398293 ], [ 5.578868035000086, 58.989081120399334 ], [ 5.52320397200009, 58.991400456399532 ], [ 5.550547722000095, 59.038560287404081 ], [ 5.715586785000086, 58.977118229398293 ], [ 5.715586785000086, 58.867254948387597 ], [ 5.735524936000043, 58.928697005393545 ], [ 5.818125847000086, 58.93618398439434 ], [ 5.821787957000081, 58.96344635439695 ], [ 5.853526238000089, 58.965033268397036 ], [ 6.092539910000085, 58.847235417385605 ], [ 6.228851759000064, 58.839992578384908 ], [ 6.118988477000074, 58.853583073386233 ], [ 6.064789259000065, 58.885402734389388 ], [ 6.063731316000088, 58.913641667392092 ], [ 6.126475457000081, 58.962103581396789 ], [ 6.626231316000086, 59.052801823405517 ], [ 6.352061394000086, 59.033026432403659 ], [ 6.16041100400008, 58.998236393400227 ], [ 6.033864780000047, 58.905178125391274 ], [ 5.975108269000089, 58.96344635439695 ], [ 5.984060092000053, 58.984076237398874 ], [ 6.050791863000085, 58.998236393400227 ], [ 6.009125196000075, 59.025580143402877 ], [ 5.93409264400009, 59.018133854402137 ], [ 5.875498894000092, 59.066229557406778 ], [ 5.890635613000085, 59.103908594410271 ], [ 6.126475457000087, 59.148423568414543 ], [ 6.008799675000093, 59.149359440414621 ], [ 6.06430097700007, 59.207220768420093 ], [ 6.171397332000087, 59.261419987425121 ], [ 6.252126498000056, 59.277248438426646 ], [ 6.323903842000045, 59.315008854430118 ], [ 6.461680535000083, 59.31976959643054 ], [ 6.313812696000067, 59.32294342543085 ], [ 6.154144727000072, 59.267767643425707 ], [ 6.112315300000095, 59.274562891426328 ], [ 6.084971550000088, 59.306708073429377 ], [ 6.236338738000087, 59.312933659429895 ], [ 6.226573113000088, 59.330145573431501 ], [ 6.199229363000087, 59.351548568433529 ], [ 6.172129754000082, 59.321234440430715 ], [ 6.146983269000093, 59.340236719432475 ], [ 6.122813347000092, 59.31976959643054 ], [ 6.092458530000042, 59.31976959643054 ], [ 6.057627800000091, 59.35390859443369 ], [ 6.037445509000064, 59.327460026431254 ], [ 5.995453321000072, 59.334051823431857 ], [ 6.041514519000091, 59.383693750436478 ], [ 6.174327019000092, 59.443833724441923 ], [ 6.188649936000052, 59.429632878440614 ], [ 6.242686394000089, 59.510565495448091 ], [ 6.427500847000088, 59.550970768451606 ], [ 6.544200066000088, 59.55996328145244 ], [ 6.50521894600007, 59.571275130453465 ], [ 6.33611087300005, 59.553615625451862 ], [ 6.236338738000084, 59.525824284449357 ], [ 6.311534050000091, 59.655503646461028 ], [ 6.28646894600007, 59.649237370460469 ], [ 6.23731530000009, 59.549790755451497 ], [ 6.153005405000044, 59.459418034443338 ], [ 6.027028842000047, 59.402289128438163 ], [ 5.982595248000052, 59.429632878440614 ], [ 5.96892337300005, 59.402289128438163 ], [ 5.99545332100007, 59.381170964436201 ], [ 5.924164259000066, 59.355780339433885 ], [ 5.886241082000082, 59.402289128438163 ], [ 5.886241082000085, 59.446966862442238 ], [ 6.153168165000066, 59.477443750445026 ], [ 6.104340040000071, 59.49290599044641 ], [ 6.024668816000091, 59.474310612444746 ], [ 5.901866082000081, 59.479071354445139 ], [ 5.807383660000083, 59.539374089450611 ], [ 5.77711022200009, 59.525824284449357 ], [ 5.797536655000045, 59.463120833443654 ], [ 5.748383009000068, 59.445786849442072 ], [ 5.708262566000089, 59.470607813444417 ], [ 5.713715040000066, 59.446682031442201 ], [ 5.646169467000055, 59.408514714438759 ], [ 5.784190300000089, 59.429266667440665 ], [ 5.852549675000092, 59.38499583343652 ], [ 5.85962975400008, 59.350775456433396 ], [ 5.704844597000092, 59.340236719432475 ], [ 5.677744988000089, 59.309800521429587 ], [ 5.611989780000043, 59.293036198428062 ], [ 5.64616946700005, 59.334051823431857 ], [ 5.586599155000042, 59.416489974439365 ], [ 5.560720248000051, 59.409328516438833 ], [ 5.585297071000068, 59.39545319043755 ], [ 5.567881707000085, 59.316351628430198 ], [ 5.505381707000086, 59.277736719426613 ], [ 5.435801629000085, 59.307684635429496 ], [ 5.433116082000086, 59.405096745438428 ], [ 5.404307488000081, 59.37897369843602 ], [ 5.399424675000094, 59.296698307428485 ], [ 5.372731967000049, 59.307196354429394 ], [ 5.348399285000087, 59.415961003439349 ], [ 5.331390821000069, 59.35390859443369 ], [ 5.297211134000062, 59.344671940432853 ], [ 5.231211785000086, 59.424261784440148 ], [ 5.20167076900009, 59.429632878440614 ], [ 5.18230228000005, 59.511216537448028 ], [ 5.242686394000087, 59.525824284449357 ], [ 5.201670769000092, 59.546291406451225 ], [ 5.344248894000089, 59.647650456460255 ], [ 5.385996941000092, 59.649359440460451 ], [ 5.413340691000087, 59.594671940455584 ], [ 5.427012566000083, 59.635687565459236 ], [ 5.399668816000088, 59.669826563462273 ], [ 5.489105665000072, 59.738104557468347 ], [ 5.487803582000083, 59.575018620453811 ], [ 5.416758660000084, 59.542914128450882 ], [ 5.416758660000084, 59.504706120447551 ], [ 5.516368035000085, 59.539496159450636 ], [ 5.540049675000095, 59.598293359455887 ], [ 5.523610873000053, 59.617905990457622 ], [ 5.564138217000047, 59.676662500462925 ], [ 5.721934441000091, 59.663478906461762 ], [ 5.715586785000085, 59.607733464456807 ], [ 5.75440514400009, 59.60984934945693 ], [ 5.789073113000088, 59.656439518461042 ], [ 5.87940514400009, 59.655503646461028 ], [ 5.879405144000093, 59.676662500462911 ], [ 5.788584832000081, 59.660142318461453 ], [ 5.746104363000089, 59.675523177462772 ], [ 5.814219597000094, 59.729071354467571 ], [ 5.88624108200008, 59.738104557468347 ], [ 5.903086785000085, 59.764797266470687 ], [ 5.985850457000083, 59.735744531468157 ], [ 6.03809655000009, 59.745184635468959 ], [ 6.215179884000061, 59.827460026476182 ], [ 6.311534050000095, 59.854193425478456 ], [ 6.244313998000055, 59.843573307477577 ], [ 6.002289259000064, 59.758612370470189 ], [ 5.934092644000088, 59.779038802471845 ], [ 5.96892337300005, 59.86102936247908 ], [ 5.934255405000046, 59.841498112477325 ], [ 5.914398634000065, 59.791449284472982 ], [ 5.831716342000051, 59.772202865471286 ], [ 5.715098504000079, 59.831732487476536 ], [ 5.721853061000051, 59.861029362479066 ], [ 5.681407097000096, 59.841498112477325 ], [ 5.646169467000055, 59.854193425478478 ], [ 5.742930535000085, 59.882066146480909 ], [ 5.740244988000089, 59.909898177483313 ], [ 5.772227410000088, 59.93073151048511 ], [ 5.971527540000071, 59.959540104487658 ], [ 5.982595248000056, 59.981105859489475 ], [ 5.947764519000083, 59.997503971490865 ], [ 6.01002037900008, 60.057440495495975 ], [ 6.097992384000066, 60.091864323498918 ], [ 6.291026238000083, 60.121649479501421 ], [ 6.266449415000073, 60.12763092550184 ], [ 6.256846550000088, 60.162665104504889 ], [ 6.200531446000072, 60.125433659501709 ], [ 6.105316602000078, 60.107367253500151 ], [ 6.074961785000081, 60.198391016507813 ], [ 6.142344597000089, 60.215480859509263 ], [ 6.209157748000049, 60.27680084651432 ], [ 6.201670769000091, 60.299790755516234 ], [ 6.277354363000083, 60.313462630517336 ], [ 6.351817254000078, 60.368109440521899 ], [ 6.441661004000077, 60.388861393523563 ], [ 6.50269616000008, 60.430812891526998 ], [ 6.64039147200009, 60.416489974525803 ], [ 6.530528191000085, 60.26227447951316 ], [ 6.510101759000069, 60.135321354502537 ], [ 6.523773634000064, 60.080755925497911 ], [ 6.529144727000073, 60.163885807504961 ], [ 6.581797722000091, 60.238226628511107 ], [ 6.571543816000093, 60.272528385513937 ], [ 6.654063347000088, 60.382391667523038 ], [ 6.80258222700007, 60.472805078530378 ], [ 6.942149285000081, 60.492254948532022 ], [ 7.07878665500005, 60.479396875530924 ], [ 7.105967644000092, 60.505845443533069 ], [ 6.900563998000057, 60.50584544353309 ], [ 7.017263217000046, 60.587836003539593 ], [ 6.988047722000087, 60.58954498753976 ], [ 6.855967644000085, 60.50324127653289 ], [ 6.772308790000068, 60.48533763053134 ], [ 6.656097852000077, 60.433010156527132 ], [ 6.592051629000086, 60.443793034528071 ], [ 6.695078972000092, 60.518947656534131 ], [ 6.647715691000084, 60.513006901533622 ], [ 6.56185957100007, 60.462958073529585 ], [ 6.370860222000092, 60.4246279955265 ], [ 6.297211134000069, 60.388576563523529 ], [ 6.225271030000044, 60.412298893525453 ], [ 6.177500847000084, 60.471014714530305 ], [ 6.239431186000047, 60.378973698522806 ], [ 6.118988477000077, 60.368109440521899 ], [ 6.188649936000046, 60.355047917520785 ], [ 6.140310092000054, 60.306626693516826 ], [ 6.16065514400009, 60.286200260515137 ], [ 6.139903191000083, 60.254339909512488 ], [ 6.10531660200007, 60.245184635511777 ], [ 6.037119988000088, 60.26959869851374 ], [ 5.996429884000068, 60.264960026513357 ], [ 5.914724155000046, 60.168850000505358 ], [ 5.860524936000046, 60.163072005504887 ], [ 5.851573113000091, 60.149603581503719 ], [ 5.872731967000045, 60.087551172498451 ], [ 5.855967644000087, 60.023749089493094 ], [ 5.783864780000048, 60.004950260491512 ], [ 5.771657748000056, 60.023504948493056 ], [ 5.756032748000048, 59.99066803449027 ], [ 5.739268425000092, 59.994452214490579 ], [ 5.68140709700009, 60.039740300494373 ], [ 5.688649936000047, 60.060858464496235 ], [ 5.775726759000069, 60.065497135496649 ], [ 5.797536655000045, 60.094387109499067 ], [ 5.721202019000088, 60.083889063498184 ], [ 5.700205925000094, 60.103908594499956 ], [ 5.72917728000004, 60.132391667502311 ], [ 5.708262566000089, 60.176336979505997 ], [ 5.79070071700005, 60.211086328508898 ], [ 5.68116295700008, 60.190619206507129 ], [ 5.646169467000049, 60.149603581503719 ], [ 5.593028191000091, 60.13857656350276 ], [ 5.543711785000085, 60.162665104504889 ], [ 5.574066602000075, 60.176743880506052 ], [ 5.564138217000052, 60.204250391508275 ], [ 5.708262566000086, 60.232163802510584 ], [ 5.598399285000088, 60.232163802510556 ], [ 5.633067254000085, 60.272528385513937 ], [ 5.571543816000087, 60.238348698511153 ], [ 5.66724694100009, 60.355047917520814 ], [ 5.736582879000077, 60.392035221523791 ], [ 5.639903191000089, 60.347601628520188 ], [ 5.633067254000085, 60.368109440521899 ], [ 5.526621941000088, 60.217230534509348 ], [ 5.438487175000095, 60.172105208505549 ], [ 5.409841342000052, 60.131333724502156 ], [ 5.351817254000085, 60.155829167504287 ], [ 5.372406446000072, 60.170111393505429 ], [ 5.304047071000069, 60.190619206507158 ], [ 5.351817254000085, 60.217230534509348 ], [ 5.222829623000048, 60.211086328508898 ], [ 5.310313347000091, 60.265692448513491 ], [ 5.170664910000088, 60.278713281514484 ], [ 5.170664910000087, 60.317206120517689 ], [ 5.228282097000092, 60.320949609518038 ], [ 5.140961134000068, 60.351385807520487 ], [ 5.177744988000083, 60.388576563523529 ], [ 5.297862175000092, 60.395982162524113 ], [ 5.250173373000051, 60.430812891526998 ], [ 5.263194207000089, 60.450628971528587 ], [ 5.237071160000083, 60.473781641530522 ], [ 5.305837436000045, 60.528265690534916 ], [ 5.476247592000047, 60.435044662527325 ], [ 5.573252800000092, 60.414943750525701 ], [ 5.653575066000085, 60.430812891526998 ], [ 5.649668816000087, 60.447821354528429 ], [ 5.714040561000049, 60.48427968853138 ], [ 5.710622592000048, 60.603094792540922 ], [ 5.749766472000085, 60.71816640655004 ], [ 5.663828972000089, 60.70392487054891 ], [ 5.695160352000077, 60.752346094552692 ], [ 5.675629102000075, 60.757757878553093 ], [ 5.59156334700009, 60.697699284548328 ], [ 5.533457879000082, 60.697699284548328 ], [ 5.526621941000091, 60.628729557542961 ], [ 5.443125847000092, 60.614691471541754 ], [ 5.300059441000084, 60.560777083537488 ], [ 5.222829623000057, 60.574164128538506 ], [ 5.084971550000092, 60.662909245545663 ], [ 5.156911655000042, 60.648993229544509 ], [ 5.222829623000051, 60.615139063541847 ], [ 5.084971550000093, 60.711371159549486 ], [ 5.146494988000082, 60.703924870548917 ], [ 5.125824415000071, 60.724432682550557 ], [ 5.032969597000094, 60.741685287551874 ], [ 4.926768425000093, 60.800116276556494 ], [ 4.981455925000096, 60.808783268557114 ], [ 5.17676842500009, 60.74164459655178 ], [ 5.280121290000066, 60.721828516550325 ], [ 5.347992384000066, 60.640448307543835 ], [ 5.372406446000074, 60.635646875543465 ], [ 5.351817254000088, 60.662909245545663 ], [ 5.433848504000082, 60.628729557542961 ], [ 5.37086022200009, 60.674383854546619 ], [ 5.379242384000064, 60.684027409547291 ], [ 5.433848504000085, 60.662909245545663 ], [ 5.413340691000084, 60.703924870548917 ], [ 5.354991082000082, 60.74481842555209 ], [ 5.284190300000096, 60.747748112552323 ], [ 5.235850457000086, 60.776190495554573 ], [ 5.351817254000082, 60.813137109557474 ], [ 5.356455925000093, 60.852850651560601 ], [ 5.53687584700009, 60.875799870562354 ], [ 5.479665561000045, 60.884588932563013 ], [ 5.495860222000095, 60.909979557564924 ], [ 5.471690300000095, 60.907456771564746 ], [ 5.326670769000087, 60.868150130561787 ], [ 5.293223504000086, 60.82273997455821 ], [ 5.187836134000069, 60.827704167558593 ], [ 5.167653842000054, 60.854681706560648 ], [ 5.131032748000056, 60.812079167557435 ], [ 5.132823113000085, 60.834865625559139 ], [ 5.047129754000078, 60.844427800559878 ], [ 4.981944207000085, 60.950873112568104 ], [ 5.011973504000078, 60.965033268569172 ], [ 5.077403191000091, 60.949652409568017 ], [ 5.100759311000052, 60.877752995562439 ], [ 5.098643425000095, 60.950873112568104 ], [ 5.142832879000082, 60.972154037569695 ], [ 5.140310092000052, 60.991888737571259 ], [ 5.077891472000091, 60.97138092556974 ], [ 5.02361087300005, 60.978216862570171 ], [ 5.00806725400008, 61.033636784574455 ], [ 5.068614129000082, 61.073553776577455 ], [ 5.135101759000062, 61.076727604577727 ], [ 5.312266472000092, 61.032171940574337 ], [ 5.433848504000084, 61.026597396573848 ], [ 5.44841556100005, 60.995428776571572 ], [ 5.460215691000092, 61.049994206575711 ], [ 5.527110222000092, 61.075425521577607 ], [ 5.639903191000083, 61.060126042576492 ], [ 5.602061394000088, 61.088080143578516 ], [ 5.674001498000058, 61.088080143578516 ], [ 5.773936394000087, 61.114447331580564 ], [ 5.780935092000051, 61.064357813576834 ], [ 5.863617384000063, 61.117865300580782 ], [ 6.098480665000071, 61.122219141581155 ], [ 6.258067254000079, 61.093817448579067 ], [ 6.266286655000039, 61.058742578576322 ], [ 6.242523634000067, 61.046535547575431 ], [ 6.312022332000083, 61.068508203577061 ], [ 6.359222852000075, 61.067572331576969 ], [ 6.338715040000064, 61.012355859572835 ], [ 6.372894727000077, 61.012355859572864 ], [ 6.413259311000042, 61.068182682577117 ], [ 6.566416863000086, 61.118882552580914 ], [ 6.600596550000092, 61.175238346585083 ], [ 6.648448113000087, 61.157456771583789 ], [ 6.836680535000089, 61.139349675582416 ], [ 6.868174675000091, 61.090277409578697 ], [ 6.955821160000078, 61.088080143578516 ], [ 7.009776238000082, 61.008937891572572 ], [ 6.873789910000086, 60.937241927567079 ], [ 6.965017123000056, 60.965521550569257 ], [ 7.051442905000047, 60.964544987569141 ], [ 7.130137566000086, 60.926703190566222 ], [ 7.105967644000092, 60.861558333561213 ], [ 7.157481316000087, 60.897447005563947 ], [ 7.161306186000045, 60.950873112568118 ], [ 7.093516472000093, 60.963812565569079 ], [ 7.000336134000063, 61.092922266578945 ], [ 7.166270379000085, 61.110052800580185 ], [ 7.222666863000084, 61.140366927582498 ], [ 7.435557488000082, 61.101141667579547 ], [ 7.346202019000092, 61.142726953582709 ], [ 7.359711134000063, 61.152167057583469 ], [ 7.454356316000089, 61.192775781586455 ], [ 7.606211785000087, 61.198309635586874 ], [ 7.694997592000055, 61.232082422589379 ], [ 7.600352410000088, 61.212347721587939 ], [ 7.388438347000087, 61.198187565586835 ], [ 7.358897332000081, 61.205633854587504 ], [ 7.312022332000083, 61.287298893593487 ], [ 7.380707227000078, 61.378322656600176 ], [ 7.572032097000092, 61.485337630607901 ], [ 7.346202019000089, 61.389105534600986 ], [ 7.263682488000081, 61.395941471601468 ], [ 7.305186394000091, 61.348130599597951 ], [ 7.239756707000081, 61.297267969594216 ], [ 7.298187696000074, 61.260565495591564 ], [ 7.322520379000087, 61.205389714587369 ], [ 7.359711134000063, 61.191107487586372 ], [ 7.305186394000089, 61.163234766584225 ], [ 7.213715040000066, 61.183661198585803 ], [ 7.137217644000088, 61.145697331582873 ], [ 6.95313561300009, 61.111639714580342 ], [ 6.917246941000088, 61.136297917582226 ], [ 7.003591342000051, 61.183661198585803 ], [ 6.89429772200009, 61.163234766584225 ], [ 6.664724155000042, 61.195135807586674 ], [ 6.55787194100009, 61.22459544358879 ], [ 6.695078972000093, 61.344712630597627 ], [ 6.701914910000081, 61.402777409602024 ], [ 6.603363477000076, 61.278753971592849 ], [ 6.564707879000085, 61.265611068591831 ], [ 6.527110222000092, 61.287298893593487 ], [ 6.501149936000049, 61.268133854592044 ], [ 6.537364129000085, 61.204169010587371 ], [ 6.465098504000085, 61.207586979587617 ], [ 6.498301629000078, 61.192328190586409 ], [ 6.506195509000064, 61.146958724582973 ], [ 6.434336785000081, 61.114732162580616 ], [ 6.282725457000081, 61.12543365958139 ], [ 6.203949415000065, 61.148667708583119 ], [ 6.17432701900009, 61.183661198585803 ], [ 6.07349694100009, 61.148016667583114 ], [ 5.961436394000085, 61.163234766584225 ], [ 6.037119988000081, 61.204169010587371 ], [ 5.940928582000085, 61.169989323584794 ], [ 5.804453972000092, 61.15574778758365 ], [ 5.782969597000092, 61.196600651586778 ], [ 5.749766472000092, 61.15574778758365 ], [ 5.557302280000047, 61.136460677582171 ], [ 5.42367597700007, 61.079657292577963 ], [ 5.334483269000091, 61.096869206579214 ], [ 5.297862175000092, 61.129095768581649 ], [ 5.259938998000056, 61.109849349580173 ], [ 5.193858269000089, 61.105292057579938 ], [ 5.169932488000087, 61.13996002658255 ], [ 5.228282097000092, 61.142726953582688 ], [ 5.059255405000044, 61.157904362583814 ], [ 5.059336785000081, 61.187974349586078 ], [ 5.222829623000053, 61.163234766584225 ], [ 5.214691602000077, 61.183661198585831 ], [ 5.250173373000052, 61.183661198585803 ], [ 5.167816602000077, 61.220770573588531 ], [ 4.988780144000087, 61.22459544358879 ], [ 5.064463738000084, 61.245754297590366 ], [ 5.01295006600009, 61.236639714589735 ], [ 4.982758009000061, 61.256984766591195 ], [ 4.954600457000084, 61.25259023459089 ], [ 4.979991082000083, 61.275336003592571 ], [ 5.159353061000045, 61.311102604595249 ], [ 5.201508009000065, 61.342718815597586 ], [ 5.279307488000089, 61.321356510596019 ], [ 5.320648634000068, 61.25226471459095 ], [ 5.320811394000089, 61.317450260595713 ], [ 5.256358269000084, 61.348130599597965 ], [ 5.440603061000044, 61.36741770859939 ], [ 5.633067254000082, 61.361802474598989 ], [ 5.55453535200007, 61.378322656600176 ], [ 5.16431725400008, 61.356105859598586 ], [ 5.058441602000072, 61.323472396596152 ], [ 5.006358269000087, 61.347479557597957 ], [ 4.998789910000078, 61.376898503600032 ], [ 5.044118686000048, 61.402777409602024 ], [ 5.062673373000054, 61.374579167599954 ], [ 5.11166425900007, 61.430731510604062 ], [ 5.071462436000049, 61.41705963560306 ], [ 4.947927280000048, 61.416408594602956 ], [ 5.057139519000084, 61.444322005604953 ], [ 5.163422071000067, 61.450832422605494 ], [ 5.180511915000068, 61.47231679760705 ], [ 5.310801629000082, 61.449408268605382 ], [ 5.337575717000049, 61.464829818606525 ], [ 5.518890821000073, 61.430121159604013 ], [ 5.667246941000091, 61.485337630607901 ], [ 5.73601321700005, 61.484605208607931 ], [ 5.770355665000068, 61.455145573605819 ], [ 5.804453972000088, 61.457993880605962 ], [ 5.722422722000085, 61.498968815608997 ], [ 5.637868686000044, 61.494370833608642 ], [ 5.574717644000088, 61.464829818606539 ], [ 5.460948113000089, 61.452826237605628 ], [ 5.441254102000078, 61.479152734607574 ], [ 5.290293816000091, 61.479641016607623 ], [ 5.17823326900009, 61.509751693609779 ], [ 5.138926629000082, 61.524115300610802 ], [ 5.140310092000052, 61.554185287612903 ], [ 5.201670769000087, 61.546820378612423 ], [ 5.358164910000083, 61.56102122461342 ], [ 5.14649498800009, 61.595200912615894 ], [ 5.337575717000049, 61.595200912615894 ], [ 5.310313347000093, 61.582180078614947 ], [ 5.42701256600009, 61.588934635615473 ], [ 5.270030144000087, 61.615668034617343 ], [ 5.340668165000064, 61.643133854619371 ], [ 5.22925866000008, 61.628729557618342 ], [ 4.968272332000088, 61.636135156618899 ], [ 4.939626498000048, 61.678371484621834 ], [ 4.988129102000074, 61.746893620626714 ], [ 5.053965691000087, 61.750392969626979 ], [ 5.125987175000091, 61.718085026624692 ], [ 5.167653842000047, 61.725531315625226 ], [ 5.12598717500009, 61.752183333627073 ], [ 5.190196160000085, 61.768947656628235 ], [ 5.064463738000085, 61.759711003627565 ], [ 5.078949415000072, 61.773749089628609 ], [ 5.244476759000069, 61.817287500631643 ], [ 5.256358269000087, 61.835394596632902 ], [ 5.337575717000045, 61.841620182633378 ], [ 5.290375196000067, 61.862127995634786 ], [ 5.394786004000086, 61.911078190638214 ], [ 5.675791863000082, 61.886948958636495 ], [ 5.742930535000081, 61.848456120633855 ], [ 5.640798373000054, 61.835109766632904 ], [ 5.619395379000082, 61.814927474631418 ], [ 5.735524936000046, 61.835394596632902 ], [ 5.940928582000085, 61.845038151633609 ], [ 5.899261915000063, 61.738592839626115 ], [ 5.992035352000072, 61.835394596632902 ], [ 6.098643425000088, 61.778876042628994 ], [ 6.181162957000083, 61.766546940628103 ], [ 6.05762780000009, 61.835394596632923 ], [ 6.290700717000051, 61.835394596632902 ], [ 6.383799675000088, 61.807440495630978 ], [ 6.47380618600005, 61.804632878630755 ], [ 6.52133222700007, 61.814195052631419 ], [ 6.589610222000089, 61.870835677635327 ], [ 6.667328321000065, 61.87319570363556 ], [ 6.777679884000062, 61.841253971633272 ], [ 6.818614129000078, 61.876410221635794 ], [ 6.771006707000084, 61.870306706635333 ], [ 6.677989129000082, 61.896877344637169 ], [ 6.55551191500007, 61.878322656635945 ], [ 6.476247592000047, 61.825344141632222 ], [ 6.258555535000087, 61.856268620634388 ], [ 6.095469597000092, 61.84845612063387 ], [ 6.037119988000091, 61.869574284635256 ], [ 5.886241082000088, 61.883205469636231 ], [ 5.804453972000089, 61.855861719634426 ], [ 5.729258660000083, 61.889390365636615 ], [ 5.933278842000052, 61.903021550637575 ], [ 5.961436394000087, 61.916693425638599 ], [ 5.516612175000093, 61.938137109640095 ], [ 5.450205925000088, 61.925197656639121 ], [ 5.427012566000089, 61.937811589640013 ], [ 5.276866082000081, 61.909857487638114 ], [ 5.193695509000067, 61.912339583638236 ], [ 5.155772332000082, 61.89606354263713 ], [ 5.098643425000095, 61.916693425638599 ], [ 5.12598717500009, 61.94403717564051 ], [ 5.140310092000054, 61.971340234642376 ], [ 5.173838738000091, 61.958319401641447 ], [ 5.201670769000084, 61.971340234642376 ], [ 5.228282097000089, 61.958319401641461 ], [ 5.310313347000085, 62.02655670664609 ], [ 5.400157097000088, 62.020005599645629 ], [ 5.208506707000085, 62.102280990651288 ], [ 5.109141472000087, 62.109116927651804 ], [ 5.091807488000084, 62.12274811265268 ], [ 5.125987175000089, 62.129584050653122 ], [ 5.070648634000065, 62.163763737655444 ], [ 5.084971550000096, 62.191066797657264 ], [ 5.146494988000087, 62.191066797657264 ], [ 5.169688347000091, 62.214504297658863 ], [ 5.274587436000046, 62.169419662655798 ], [ 5.270030144000088, 62.135809635653565 ], [ 5.317881707000082, 62.106512760651626 ], [ 5.451426629000084, 62.061712956648527 ], [ 5.461680535000088, 62.006740625644746 ], [ 5.536387566000083, 62.079046940649683 ], [ 5.591563347000097, 62.068182682648981 ], [ 5.564707879000083, 62.089667057650388 ], [ 5.390961134000064, 62.123236393652746 ], [ 5.454274936000044, 62.191066797657264 ], [ 5.622080925000094, 62.16486237065557 ], [ 5.661468946000074, 62.121405339652668 ], [ 5.749766472000095, 62.088609115650335 ], [ 5.668304884000068, 62.143500065654081 ], [ 5.667246941000091, 62.170599675655936 ], [ 5.78614342500009, 62.180487370656557 ], [ 5.857432488000084, 62.204250391658192 ], [ 5.905528191000092, 62.190904037657255 ], [ 5.920583530000044, 62.119696354652518 ], [ 5.845388217000053, 62.019720768645641 ], [ 5.936696811000047, 62.087347721650275 ], [ 5.954600457000082, 62.139960026653881 ], [ 6.044281446000072, 62.099269922651068 ], [ 6.050791863000083, 62.068182682648981 ], [ 6.20834394600007, 62.081244206649899 ], [ 6.366709832000081, 62.061346745648578 ], [ 6.088633660000083, 62.109116927651804 ], [ 5.982595248000049, 62.184230859656864 ], [ 5.928721550000096, 62.198919987657824 ], [ 5.926036004000083, 62.225490625659631 ], [ 6.064463738000086, 62.204738672658237 ], [ 5.992035352000077, 62.218410547659118 ], [ 5.947764519000087, 62.245672917660983 ], [ 5.978363477000074, 62.279730534663294 ], [ 6.083343946000067, 62.322414453666163 ], [ 6.310801629000084, 62.372056380669356 ], [ 6.39340254000007, 62.280462956663335 ], [ 6.550466342000051, 62.170599675655936 ], [ 6.530528191000083, 62.109116927651804 ], [ 6.59205162900008, 62.135809635653565 ], [ 6.580902540000066, 62.160345768655226 ], [ 6.417653842000046, 62.311183984665313 ], [ 6.400238477000075, 62.38719309967032 ], [ 6.50025475400008, 62.399318750671121 ], [ 6.564707879000085, 62.355536198668361 ], [ 6.544200066000085, 62.410793359671963 ], [ 6.708750847000086, 62.451727604674616 ], [ 6.748301629000083, 62.434149479673465 ], [ 6.879161004000077, 62.417914128672372 ], [ 6.873789910000085, 62.355536198668361 ], [ 6.989268425000094, 62.273016667662837 ], [ 7.00521894600007, 62.194281315657577 ], [ 6.942718946000071, 62.137355859653631 ], [ 6.955821160000085, 62.102280990651288 ], [ 7.021250847000087, 62.090765690650557 ], [ 7.139984571000076, 62.116603906652294 ], [ 7.187836134000064, 62.102280990651288 ], [ 7.149668816000091, 62.130804753653194 ], [ 7.029958530000044, 62.100409245651178 ], [ 6.979340040000072, 62.112860417652037 ], [ 6.973399285000084, 62.129380599653146 ], [ 7.037119988000082, 62.183823958656816 ], [ 7.028086785000081, 62.266017969662364 ], [ 7.112803582000084, 62.280462956663335 ], [ 7.20923912900008, 62.250881250661351 ], [ 7.310720248000052, 62.281561589663347 ], [ 7.415049675000096, 62.232001042660116 ], [ 7.373545769000094, 62.273016667662837 ], [ 7.293467644000088, 62.297919010664472 ], [ 7.161306186000048, 62.286607162663678 ], [ 7.021332227000072, 62.303778385664899 ], [ 6.957041863000082, 62.325344141666307 ], [ 6.914073113000083, 62.369818425669251 ], [ 6.975596550000088, 62.376654362669697 ], [ 6.851573113000088, 62.454494531674847 ], [ 6.756521030000043, 62.464789128675562 ], [ 6.790700717000053, 62.478420313676423 ], [ 6.690196160000083, 62.477525130676334 ], [ 6.483653191000089, 62.430731510673297 ], [ 6.39771569100009, 62.425034896672869 ], [ 6.30469811300009, 62.45917389367515 ], [ 6.242930535000085, 62.451117253674603 ], [ 6.22266686300009, 62.45917389367515 ], [ 6.249685092000051, 62.467962956675699 ], [ 6.338715040000071, 62.472235417675954 ], [ 6.453623894000089, 62.502386784677967 ], [ 6.674571160000082, 62.492743229677316 ], [ 6.613780144000085, 62.520168359679154 ], [ 6.476084832000085, 62.513169662678607 ], [ 6.564707879000084, 62.527492578679542 ], [ 6.532969597000086, 62.536851302680176 ], [ 6.263031446000067, 62.527492578679542 ], [ 6.266123894000094, 62.592962956683856 ], [ 6.319590691000089, 62.608547266684816 ], [ 6.537364129000085, 62.615627344685308 ], [ 6.583262566000089, 62.599310612684235 ], [ 6.612559441000086, 62.560980534681747 ], [ 6.621592644000092, 62.619574284685527 ], [ 6.646657748000053, 62.609442448684952 ], [ 6.756114129000084, 62.654608464687819 ], [ 6.917816602000077, 62.574652409682614 ], [ 6.928477410000085, 62.623032943685764 ], [ 6.887461785000084, 62.643540755687098 ], [ 6.931651238000086, 62.655462956687884 ], [ 7.09229576900009, 62.650946354687605 ], [ 7.037771030000042, 62.623032943685764 ], [ 7.05201256600009, 62.609605208684883 ], [ 7.096527540000062, 62.61220937568504 ], [ 7.127126498000053, 62.533677474679912 ], [ 7.157481316000089, 62.629217839686163 ], [ 7.365000847000093, 62.592840885683877 ], [ 7.430430535000086, 62.548041081680921 ], [ 7.51742597700007, 62.541083073680461 ], [ 7.542491082000082, 62.503607487678046 ], [ 7.572927280000044, 62.54999420668107 ], [ 7.778168165000064, 62.574652409682614 ], [ 7.745371941000081, 62.58600494868341 ], [ 7.505218946000064, 62.566351628682114 ], [ 7.462738477000075, 62.574652409682614 ], [ 7.422699415000069, 62.597967839684131 ], [ 7.418223504000078, 62.63300201868644 ], [ 7.444509311000047, 62.644720768687151 ], [ 7.477305535000083, 62.639593815686837 ], [ 7.497080925000092, 62.588324284683488 ], [ 7.520192905000042, 62.584662175683256 ], [ 7.523203972000091, 62.674383854689161 ], [ 7.835948113000089, 62.73212311269279 ], [ 8.018809441000078, 62.733587956692851 ], [ 8.147471550000095, 62.691961979690255 ], [ 8.129405144000092, 62.71841054769191 ], [ 8.045095248000059, 62.759588932694506 ], [ 8.073008660000092, 62.780096745695879 ], [ 7.646006707000089, 62.728664453692581 ], [ 7.489268425000095, 62.686835026689913 ], [ 7.38502037900008, 62.687567448689897 ], [ 7.359711134000063, 62.698187565690581 ], [ 7.40357506600009, 62.711900130691411 ], [ 7.366547071000075, 62.732896224692759 ], [ 7.471527540000068, 62.767238672695008 ], [ 7.681325717000052, 62.79437897169673 ], [ 7.60954837300006, 62.796087956696866 ], [ 7.312510613000082, 62.744045313693483 ], [ 6.970388217000047, 62.725572005692314 ], [ 6.948985222000092, 62.732896224692759 ], [ 6.983083530000039, 62.753363346694158 ], [ 6.955821160000085, 62.770453190695228 ], [ 7.009776238000089, 62.814846094698026 ], [ 7.059580925000091, 62.826320703698805 ], [ 7.215830925000092, 62.814846094698026 ], [ 7.133148634000064, 62.848944401700159 ], [ 7.016612175000086, 62.841538802699723 ], [ 6.948008660000083, 62.905462956703772 ], [ 6.880056186000049, 62.911078190704117 ], [ 6.910166863000082, 62.929388737705231 ], [ 7.076019727000075, 62.982855534708584 ], [ 7.237640821000074, 63.014715885710615 ], [ 7.271169467000049, 63.014105534710509 ], [ 7.421234571000068, 62.95140208370659 ], [ 7.441742384000062, 62.917873438704511 ], [ 7.501149936000041, 62.910834050704068 ], [ 7.668304884000063, 62.979315495708441 ], [ 7.78044681100004, 62.972601628707935 ], [ 7.748301629000082, 62.942084050706079 ], [ 7.668304884000063, 62.917873438704511 ], [ 7.694346550000088, 62.912095443704118 ], [ 7.973887566000093, 62.976955469708152 ], [ 8.086680535000081, 62.945217188706252 ], [ 8.154307488000088, 62.814846094698026 ], [ 8.319102410000081, 62.777004297695619 ], [ 8.415212436000049, 62.725775456692389 ], [ 8.51319420700008, 62.707424219691227 ], [ 8.545258009000067, 62.657171940687931 ], [ 8.567230665000075, 62.682277734689585 ], [ 8.543955925000082, 62.720648503692075 ], [ 8.18409264400008, 62.847723698700065 ], [ 8.17115319100008, 62.891791081702877 ], [ 8.209646030000048, 62.911078190704096 ], [ 8.147471550000098, 62.95140208370659 ], [ 8.000743035000081, 63.006659245710146 ], [ 7.98308353000005, 63.027085677711334 ], [ 7.942637566000085, 63.020249740710874 ], [ 7.969981316000079, 63.006659245710146 ], [ 7.877207879000079, 63.010402734710283 ], [ 7.997325066000082, 63.09227122471534 ], [ 8.086680535000077, 63.109686589716489 ], [ 8.133962436000042, 63.08026764371467 ], [ 8.128428582000092, 63.050238346712732 ], [ 8.160411004000085, 63.026434635711375 ], [ 8.330088738000093, 62.973374740707975 ], [ 8.339854363000084, 62.958807682707111 ], [ 8.30933678500009, 62.94456614670618 ], [ 8.329274936000042, 62.880682682702229 ], [ 8.389414910000079, 62.889878646702748 ], [ 8.522959832000092, 62.844305729699947 ], [ 8.524180535000081, 62.871283268701625 ], [ 8.428721550000084, 62.896795964703259 ], [ 8.450694207000076, 62.895656641703091 ], [ 8.573985222000081, 62.875433659701827 ], [ 8.702972852000073, 62.822251693698561 ], [ 8.61988366000009, 62.877915755701949 ], [ 8.479746941000091, 62.907171940703904 ], [ 8.415700717000046, 62.958807682707125 ], [ 8.644216342000052, 62.967352604707678 ], [ 8.668793165000071, 62.97931549570842 ], [ 8.639984571000065, 62.988755599708952 ], [ 8.545258009000058, 62.97931549570842 ], [ 8.521739129000085, 62.989203190708963 ], [ 8.586273634000072, 63.020249740710874 ], [ 8.553721550000088, 63.022650456711006 ], [ 8.488047722000092, 62.994045313709265 ], [ 8.374034050000086, 62.97308990970798 ], [ 8.31950931100004, 62.999823307709697 ], [ 8.470225457000074, 63.020249740710874 ], [ 8.435313347000097, 63.031439518711679 ], [ 8.238536004000075, 63.025458073711306 ], [ 8.228851759000074, 63.063055729713554 ], [ 8.165537957000074, 63.115301823716806 ], [ 8.219737175000089, 63.134466862717993 ], [ 8.29151451900008, 63.096014714715615 ], [ 8.284678582000078, 63.075506901714348 ], [ 8.326182488000081, 63.088568425715103 ], [ 8.319509311000044, 63.109686589716489 ], [ 8.23617597700008, 63.150702214718962 ], [ 8.543630405000039, 63.132391667717897 ], [ 8.640961134000067, 63.109686589716489 ], [ 8.575938347000092, 63.144232487718575 ], [ 8.578786655000055, 63.174546615720466 ], [ 8.943125847000097, 63.212062891722702 ], [ 8.623708530000036, 63.201483464722038 ], [ 8.573252800000091, 63.253078516725168 ], [ 8.47641035200007, 63.294012760727782 ], [ 8.701996290000066, 63.323960677729524 ], [ 8.764414910000095, 63.349269922731047 ], [ 8.711110873000056, 63.351223047731125 ], [ 8.63892662900008, 63.392075912733652 ], [ 8.672373894000087, 63.421210026735309 ], [ 8.718272332000089, 63.408148503734537 ], [ 8.823415561000047, 63.429388737735863 ], [ 8.88111412900008, 63.397650456733984 ], [ 8.891368035000085, 63.421332096735362 ], [ 8.997243686000038, 63.418158268735233 ], [ 8.967458530000048, 63.433417057736072 ], [ 9.018321160000088, 63.466538802738093 ], [ 9.114512566000089, 63.418158268735233 ], [ 9.148610873000058, 63.375921940732674 ], [ 9.102875196000065, 63.343207096730715 ], [ 9.093435092000041, 63.294012760727782 ], [ 9.143077019000085, 63.330877995729992 ], [ 9.264659050000088, 63.362941797731892 ], [ 9.434580925000091, 63.380438542732968 ], [ 9.476898634000072, 63.403876042734346 ], [ 9.218028191000089, 63.372015690732411 ], [ 9.167735222000095, 63.402004297734202 ], [ 9.18295332100007, 63.434515690736127 ], [ 9.481944207000087, 63.473211979738466 ], [ 9.484385613000091, 63.482652083739005 ], [ 9.333018425000084, 63.466538802738093 ], [ 9.257823113000086, 63.500067448740161 ], [ 9.292165561000052, 63.45913320373765 ], [ 9.210215691000094, 63.459418034737674 ], [ 9.167328321000069, 63.466864323738143 ], [ 9.16195722700008, 63.507147526740525 ], [ 9.244313998000043, 63.513739323740893 ], [ 9.237152540000071, 63.534491276742088 ], [ 9.302256707000078, 63.530829167741935 ], [ 9.368011915000068, 63.563299870743819 ], [ 9.388194207000081, 63.562201237743778 ], [ 9.378265821000072, 63.53046295674185 ], [ 9.403330925000089, 63.518459375741131 ], [ 9.495371941000089, 63.576890365744561 ], [ 9.573252800000082, 63.541001693742452 ], [ 9.545909050000089, 63.580552474744842 ], [ 9.490570509000074, 63.589422917745381 ], [ 9.69906660200008, 63.644476628748585 ], [ 9.799978061000047, 63.563137109743792 ], [ 9.805918816000082, 63.513739323740893 ], [ 9.898692254000078, 63.477362370738732 ], [ 9.960622592000052, 63.427720443735687 ], [ 9.928477410000086, 63.377183333732724 ], [ 9.833262566000082, 63.328802800729832 ], [ 9.894216342000053, 63.331203516729992 ], [ 9.979177280000052, 63.363470768731908 ], [ 10.013438347000092, 63.36188385473185 ], [ 10.099294467000052, 63.324896550729505 ], [ 10.242198113000081, 63.326320703729664 ], [ 10.259043816000087, 63.267279362726079 ], [ 10.279551629000075, 63.318264063729195 ], [ 10.244883660000079, 63.344061589730757 ], [ 10.056407097000081, 63.372870182732512 ], [ 10.040863477000073, 63.406398828734417 ], [ 10.094004754000084, 63.438666081736429 ], [ 10.300466342000057, 63.466538802738093 ], [ 10.373057488000089, 63.441717839736654 ], [ 10.447276238000084, 63.456773177737411 ], [ 10.576914910000092, 63.430731510735939 ], [ 10.690440300000091, 63.452337956737225 ], [ 10.797862175000098, 63.417385156735129 ], [ 10.829763217000048, 63.440578516736544 ], [ 10.893077019000089, 63.449530339737116 ], [ 10.916351759000056, 63.466538802738093 ], [ 10.777679884000065, 63.487494206739306 ], [ 10.758799675000091, 63.517482813741111 ], [ 10.780772332000078, 63.539007878742318 ], [ 10.922618035000077, 63.554754948743351 ], [ 10.85694420700009, 63.569322005744148 ], [ 10.92261803500009, 63.602484440746089 ], [ 10.851328972000086, 63.598089909745873 ], [ 10.656423373000054, 63.548529362742926 ], [ 10.73471113400006, 63.61334869874679 ], [ 10.864268425000098, 63.651516016748964 ], [ 10.905446811000042, 63.684475000750844 ], [ 11.033457879000075, 63.719183659752986 ], [ 11.119639519000078, 63.704494531752104 ], [ 11.183848504000075, 63.719794010753027 ], [ 11.265798373000043, 63.774400130756213 ], [ 11.45769290500005, 63.78998444075701 ], [ 11.415212436000047, 63.850083724760523 ], [ 11.354746941000082, 63.84813059976041 ], [ 11.277110222000085, 63.867377018761566 ], [ 11.111582879000078, 63.849554753760486 ], [ 11.096527540000075, 63.858099675761018 ], [ 11.101898634000056, 63.893500065763021 ], [ 11.176605665000064, 63.909247135763941 ], [ 11.223317905000043, 63.945461328766029 ], [ 11.436859571000063, 63.983140365768143 ], [ 11.486827019000085, 64.006659245769569 ], [ 11.497894727000073, 64.020819401770311 ], [ 11.254242384000056, 64.037909245771274 ], [ 11.240489129000075, 64.061021224772617 ], [ 11.362071160000092, 64.117092188775757 ], [ 11.299978061000047, 64.107163802775247 ], [ 11.225352410000081, 64.07196686277328 ], [ 11.175140821000062, 64.007025456769526 ], [ 10.962738477000066, 63.947943425766162 ], [ 10.871348504000082, 63.897202865763255 ], [ 10.688649936000038, 63.860296940761089 ], [ 10.573741082000078, 63.809149479758155 ], [ 10.93490644600007, 63.898138737763318 ], [ 11.056000196000067, 63.861273503761204 ], [ 11.073985222000086, 63.835882878759769 ], [ 11.007497592000037, 63.813137109758472 ], [ 10.97787519600006, 63.767564193755703 ], [ 10.910004102000066, 63.731024479753657 ], [ 10.811045769000094, 63.720160221752984 ], [ 10.740733269000081, 63.690375065751276 ], [ 10.671722852000071, 63.686835026751112 ], [ 10.602305535000076, 63.635931706748082 ], [ 10.401621941000084, 63.576361393744605 ], [ 10.241384311000052, 63.562201237743778 ], [ 10.080332879000091, 63.507513737740545 ], [ 9.980153842000057, 63.493353581739633 ], [ 9.918223504000084, 63.514715885740991 ], [ 9.902110222000095, 63.589422917745367 ], [ 9.833262566000082, 63.602484440746117 ], [ 9.810801629000085, 63.627142643747582 ], [ 9.833262566000089, 63.644110417748607 ], [ 9.792246941000091, 63.66453684974978 ], [ 9.799082879000085, 63.691839909751273 ], [ 9.999847852000073, 63.723863021753189 ], [ 10.10141035200008, 63.767564193755732 ], [ 10.005218946000067, 63.746527409754535 ], [ 10.029551629000087, 63.78351471475672 ], [ 9.906586134000058, 63.757269596755165 ], [ 9.857595248000042, 63.731634831753738 ], [ 9.779551629000084, 63.723211979753238 ], [ 9.728851759000065, 63.702093815752001 ], [ 9.648936394000087, 63.699286198751878 ], [ 9.642100457000076, 63.685044662750961 ], [ 9.544118686000051, 63.665594792749836 ], [ 9.552744988000089, 63.726019596753403 ], [ 9.77808678500009, 63.767564193755703 ], [ 9.581309441000093, 63.759100651755276 ], [ 9.545909050000086, 63.774400130756213 ], [ 9.662771030000044, 63.818793034758691 ], [ 9.874278191000087, 63.863185938761319 ], [ 9.792246941000085, 63.883693750762468 ], [ 9.89210045700008, 63.90253326876357 ], [ 9.925791863000082, 63.883693750762454 ], [ 10.115977410000086, 63.941107487765713 ], [ 10.197032097000081, 63.938299870765668 ], [ 10.14177493600004, 63.965562240767149 ], [ 9.943125847000085, 63.918402409764461 ], [ 9.972666863000084, 63.941839909765825 ], [ 10.087250196000069, 63.966498112767212 ], [ 10.128103061000056, 63.986721094768392 ], [ 10.080332879000084, 63.97304921976761 ], [ 10.058604363000082, 63.986802474768382 ], [ 9.936289910000088, 63.959418034766749 ], [ 9.984141472000088, 63.993475651768847 ], [ 9.998057488000079, 64.036281641771211 ], [ 10.018239780000044, 64.035101628771159 ], [ 9.997813347000097, 64.109564518775343 ], [ 10.035817905000046, 64.11546458377569 ], [ 10.107920769000089, 64.089748438774265 ], [ 10.192067905000039, 64.101467188774862 ], [ 10.217539910000081, 64.123928125776146 ], [ 10.107676629000078, 64.117092188775757 ], [ 10.1337996750001, 64.138495182777078 ], [ 10.169688347000088, 64.13690826877685 ], [ 10.156016472000088, 64.158026432778072 ], [ 10.197032097000088, 64.158026432778072 ], [ 10.169688347000095, 64.198960677780306 ], [ 10.222178582000081, 64.192613021780076 ], [ 10.23113040500005, 64.205796615780741 ], [ 10.297129754000082, 64.20994700578099 ], [ 10.374522332000083, 64.185370182779693 ], [ 10.365407748000051, 64.207180078780851 ], [ 10.245371941000084, 64.233791406782288 ], [ 10.258799675000098, 64.245591537782957 ], [ 10.333506707000085, 64.260443425783848 ], [ 10.326833530000053, 64.274115300784572 ], [ 10.397308790000064, 64.264390365784038 ], [ 10.391368035000079, 64.28778717578534 ], [ 10.491221550000084, 64.295233464785738 ], [ 10.44955488400006, 64.312811589786719 ], [ 10.470713738000073, 64.356634831789137 ], [ 10.559418165000071, 64.329331771787565 ], [ 10.504730665000068, 64.370306706789975 ], [ 10.567393425000088, 64.363918359789565 ], [ 10.598317905000041, 64.345770573788613 ], [ 10.648936394000085, 64.356634831789137 ], [ 10.607106967000044, 64.365545964789689 ], [ 10.552989129000084, 64.405096745791809 ], [ 10.463877800000088, 64.405096745791809 ], [ 10.483083530000039, 64.423732813792824 ], [ 10.544118686000051, 64.426174219792998 ], [ 10.628265821000079, 64.397650456791496 ], [ 10.585459832000073, 64.434312240793432 ], [ 10.604746941000089, 64.452215885794459 ], [ 10.666270379000078, 64.418117578792561 ], [ 10.731944207000087, 64.415757552792414 ], [ 10.753754102000064, 64.393052474791133 ], [ 10.834971550000089, 64.369126693789795 ], [ 10.854991082000085, 64.377752995790374 ], [ 10.786631707000083, 64.411281641792186 ], [ 10.796641472000088, 64.432318425793326 ], [ 10.752614780000048, 64.445990300794065 ], [ 10.679942254000085, 64.439032292793769 ], [ 10.656423373000061, 64.452215885794473 ], [ 10.704112175000093, 64.472723698795534 ], [ 10.752614780000043, 64.465887760795155 ], [ 10.762217644000094, 64.480169987795918 ], [ 10.841156446000069, 64.465887760795155 ], [ 10.80030358200008, 64.507473047797447 ], [ 10.824717644000089, 64.511379297797703 ], [ 10.892263217000048, 64.474676823795704 ], [ 10.91635175900007, 64.49315013079665 ], [ 10.956716342000046, 64.487005925796282 ], [ 10.922618035000081, 64.507473047797419 ], [ 10.964121941000084, 64.507473047797447 ], [ 10.956716342000052, 64.552191471799816 ], [ 10.916351759000058, 64.582586979801576 ], [ 10.97120201900009, 64.60260651080263 ], [ 11.060313347000086, 64.575751042801187 ], [ 11.076182488000093, 64.523627018798351 ], [ 11.167246941000094, 64.489162500796397 ], [ 11.162771030000046, 64.445990300794065 ], [ 11.269786004000089, 64.45258209679443 ], [ 11.341563347000092, 64.431708073793274 ], [ 11.224864129000075, 64.322455143787266 ], [ 11.24740644600007, 64.325588281787461 ], [ 11.299978061000042, 64.370306706789975 ], [ 11.389333530000041, 64.405096745791809 ], [ 11.362071160000093, 64.411281641792229 ], [ 11.409841342000052, 64.452215885794473 ], [ 11.443369988000075, 64.438544010793763 ], [ 11.520274285000074, 64.462469792795034 ], [ 11.656260613000086, 64.480169987795932 ], [ 11.43775475400008, 64.465887760795155 ], [ 11.460703972000088, 64.511175846797599 ], [ 11.539561394000094, 64.5211449227982 ], [ 11.506032748000049, 64.548407292799681 ], [ 11.573741082000074, 64.555853581800051 ], [ 11.547048373000058, 64.541571354799302 ], [ 11.570078972000086, 64.537258203799112 ], [ 11.779795769000094, 64.596869206802339 ], [ 11.659515821000076, 64.594305729802215 ], [ 11.635752800000098, 64.582586979801576 ], [ 11.611175977000075, 64.628607487804032 ], [ 11.55323326900009, 64.603013412802625 ], [ 11.594737175000086, 64.596869206802339 ], [ 11.577159050000088, 64.575018620801131 ], [ 11.516774936000052, 64.572943425801 ], [ 11.420664910000092, 64.636379297804453 ], [ 11.39616946700005, 64.685614323807144 ], [ 11.424082879000085, 64.695868229807658 ], [ 11.396169467000046, 64.706732487808267 ], [ 11.479828321000062, 64.719549870809018 ], [ 11.531748894000097, 64.744574284810298 ], [ 11.615896030000044, 64.740220443809989 ], [ 11.553233269000092, 64.767523503811503 ], [ 11.841807488000084, 64.794867253813052 ], [ 11.643239780000036, 64.822739974814425 ], [ 11.787282748000047, 64.835842188815136 ], [ 11.787282748000045, 64.857570703816322 ], [ 11.683604363000097, 64.837062891815194 ], [ 11.649424675000084, 64.843207096815519 ], [ 11.745453321000078, 64.88418203181773 ], [ 11.916840040000075, 64.925197656819961 ], [ 11.991953972000092, 64.930243229820192 ], [ 12.063731316000078, 64.959947005821789 ], [ 12.224864129000087, 64.939439193820633 ], [ 12.143890821000062, 64.969427800822217 ], [ 12.053477410000083, 64.972967839822473 ], [ 11.91163170700008, 64.949408268821173 ], [ 11.738780144000085, 64.891058659818114 ], [ 11.617035352000078, 64.869614974816898 ], [ 11.622080925000096, 64.843207096815519 ], [ 11.478282097000095, 64.810614323813851 ], [ 11.403330925000091, 64.759711003811063 ], [ 11.260996941000093, 64.734361068809733 ], [ 11.238536004000071, 64.740220443809989 ], [ 11.351410352000077, 64.767523503811503 ], [ 11.429698113000081, 64.815904037814093 ], [ 11.346364780000046, 64.804999089813492 ], [ 11.302419467000055, 64.821966862814392 ], [ 11.231700066000089, 64.822739974814425 ], [ 11.252696160000079, 64.837836003815198 ], [ 11.523773634000069, 64.862534896816555 ], [ 11.664886915000077, 64.893255925818195 ], [ 11.697113477000071, 64.912176823819323 ], [ 11.601573113000077, 64.891058659818114 ], [ 11.245371941000089, 64.857570703816322 ], [ 11.401377800000088, 64.922267969819771 ], [ 11.554209832000074, 64.899074609818555 ], [ 11.59473717500008, 64.925197656819961 ], [ 11.533946160000079, 64.904730534818881 ], [ 11.477386915000062, 64.932603255820297 ], [ 11.495371941000089, 64.94086334682072 ], [ 11.56006920700008, 64.953111068821329 ], [ 11.635752800000084, 64.945624089821095 ], [ 11.629079623000061, 64.965887760822085 ], [ 11.663096550000095, 64.953111068821329 ], [ 11.820160352000082, 64.981187240822834 ], [ 11.801524285000085, 65.007635807824286 ], [ 11.860919161387242, 65.037132967279447 ], [ 12.160122273510895, 65.033438677945512 ], [ 12.184336785000077, 64.994086003823526 ], [ 12.211192254000085, 65.014593815824639 ], [ 12.187903787441726, 65.033067721194143 ], [ 14.172602172000063, 64.99153798282336 ] ] ], [ [ [ 5.278981967000051, 59.292547917428095 ], [ 5.31792926600008, 59.256539761424698 ], [ 5.297090544000067, 59.168884396416473 ], [ 5.208550995000051, 59.142885596414068 ], [ 5.166168649000046, 59.195682412419011 ], [ 5.165278478000057, 59.273427628426248 ], [ 5.178721550000096, 59.292222396427981 ], [ 5.22828209700009, 59.285589909427387 ], [ 5.173838738000089, 59.334051823431857 ], [ 5.208506707000082, 59.374945378435648 ], [ 5.185883009000065, 59.414740300439249 ], [ 5.208506707000084, 59.415961003439349 ], [ 5.280284050000093, 59.330267643431505 ], [ 5.278981967000051, 59.292547917428095 ] ] ], [ [ [ 5.31763756600009, 59.752264714469568 ], [ 5.344981316000088, 59.710150456465811 ], [ 5.290782097000088, 59.683539128463444 ], [ 5.270030144000084, 59.682847396463352 ], [ 5.310313347000088, 59.703314518465284 ], [ 5.289317254000086, 59.749823307469349 ], [ 5.26059004000007, 59.733872787467952 ], [ 5.225596550000088, 59.755194401469865 ], [ 5.194183790000071, 59.74494049546891 ], [ 5.153981967000054, 59.669826563462259 ], [ 5.160166863000084, 59.655218815460991 ], [ 5.208506707000082, 59.682847396463352 ], [ 5.201670769000088, 59.614569401457331 ], [ 5.152842644000092, 59.591620182455294 ], [ 5.115407748000053, 59.636053776459271 ], [ 5.116709832000081, 59.685695703463665 ], [ 5.187998894000084, 59.758612370470189 ], [ 5.124847852000075, 59.761867578470422 ], [ 5.118418816000093, 59.779038802471845 ], [ 5.076182488000084, 59.76630280047079 ], [ 5.098643425000087, 59.827460026476182 ], [ 5.146494988000083, 59.827460026476182 ], [ 5.104828321000071, 59.868475651479748 ], [ 5.15398196700005, 59.874660547480197 ], [ 5.31763756600009, 59.752264714469568 ] ] ], [ [ [ 5.490896030000044, 59.851955469478334 ], [ 5.481700066000087, 59.78790924547274 ], [ 5.421885613000089, 59.758978581470231 ], [ 5.363291863000085, 59.764064844470624 ], [ 5.399587436000051, 59.77122630247122 ], [ 5.401866082000085, 59.787298893472617 ], [ 5.324554884000064, 59.782782292472312 ], [ 5.256358269000089, 59.874660547480197 ], [ 5.250173373000056, 59.909409896483275 ], [ 5.304047071000074, 59.977687891489147 ], [ 5.420664910000085, 59.938381250485776 ], [ 5.490896030000044, 59.851955469478334 ] ] ], [ [ [ 5.646983269000086, 60.080145573497852 ], [ 5.660411004000083, 60.016913151492545 ], [ 5.605235222000089, 59.962225651487813 ], [ 5.639903191000089, 59.91559479248383 ], [ 5.57154381600009, 59.923041081484463 ], [ 5.508067254000082, 59.899115300482343 ], [ 5.476817254000086, 59.962958073487876 ], [ 5.454274936000044, 59.950995182486842 ], [ 5.410166863000087, 59.957668359487435 ], [ 5.361827019000089, 59.995347396490622 ], [ 5.449392123000057, 60.005031641491485 ], [ 5.461680535000082, 60.052801823495564 ], [ 5.594574415000065, 60.059963281496124 ], [ 5.646983269000086, 60.080145573497852 ] ] ], [ [ [ 5.103200717000052, 60.190741276507197 ], [ 5.057139519000094, 60.193670964507398 ], [ 5.022959832000085, 60.245184635511755 ], [ 5.017425977000074, 60.220770573509718 ], [ 4.99301191500007, 60.225287175510118 ], [ 4.938487175000088, 60.275051172514189 ], [ 4.941416863000088, 60.291245833515525 ], [ 5.022959832000083, 60.286200260515116 ], [ 5.036631707000089, 60.313462630517336 ], [ 5.020192905000043, 60.307684635516949 ], [ 4.970957879000083, 60.332831120518989 ], [ 4.944590691000088, 60.430243229526901 ], [ 4.968272332000084, 60.443793034528071 ], [ 5.093760613000087, 60.320217188517908 ], [ 5.082855665000071, 60.285549219515076 ], [ 5.050303582000083, 60.286200260515116 ], [ 5.104258660000085, 60.241685287511444 ], [ 5.103200717000052, 60.190741276507197 ] ] ], [ [ [ 4.960785352000074, 60.559881901537473 ], [ 5.026377800000094, 60.522894596534435 ], [ 5.150157097000088, 60.501369531532717 ], [ 5.194183790000064, 60.471136784530238 ], [ 5.192393425000088, 60.418768620526038 ], [ 5.125010613000087, 60.402411198524703 ], [ 5.132823113000089, 60.443793034528071 ], [ 5.064463738000084, 60.464911198529812 ], [ 5.053721550000094, 60.502142643532821 ], [ 4.99057050900007, 60.506170964533112 ], [ 4.960785352000074, 60.559881901537473 ] ] ], [ [ [ 5.687673373000051, 60.676581120546743 ], [ 5.675954623000057, 60.472886458530382 ], [ 5.624522332000082, 60.46686432352994 ], [ 5.608897332000087, 60.443793034528071 ], [ 5.502126498000053, 60.436957096527479 ], [ 5.323985222000093, 60.546820378536367 ], [ 5.409027540000071, 60.558010156537279 ], [ 5.569672071000066, 60.625067448542637 ], [ 5.608409050000096, 60.688421940547634 ], [ 5.687673373000051, 60.676581120546743 ] ] ], [ [ [ 4.987315300000094, 61.119696354580952 ], [ 4.893809441000084, 61.056097721576158 ], [ 4.858409050000092, 61.101141667579547 ], [ 4.803233269000089, 61.046535547575431 ], [ 4.794606967000053, 61.153753971583569 ], [ 4.830577019000088, 61.163234766584225 ], [ 4.863291863000084, 61.121730859581092 ], [ 4.872080925000087, 61.136460677582171 ], [ 4.844737175000088, 61.197333073586854 ], [ 4.872813347000092, 61.194647526586643 ], [ 4.895274285000083, 61.137355859582271 ], [ 4.900075717000048, 61.169989323584794 ], [ 4.93425540500005, 61.177435612585313 ], [ 4.919932488000081, 61.191107487586372 ], [ 4.952891472000092, 61.185126042585907 ], [ 4.987315300000094, 61.119696354580952 ] ] ], [ [ [ 4.865244988000088, 61.889390365636615 ], [ 4.952972852000076, 61.896958724637237 ], [ 5.222829623000051, 61.848456120633855 ], [ 5.176605665000073, 61.825669662632201 ], [ 5.118418816000085, 61.821112370631937 ], [ 5.125987175000093, 61.855861719634426 ], [ 5.012950066000086, 61.795803125630158 ], [ 4.889659050000088, 61.785101628629398 ], [ 4.870778842000049, 61.81338125063138 ], [ 4.900075717000047, 61.807440495630964 ], [ 4.926768425000089, 61.827948307632447 ], [ 4.803233269000093, 61.841620182633378 ], [ 4.865244988000088, 61.889390365636615 ] ] ], [ [ [ 5.781260613000087, 62.281195378663341 ], [ 5.804453972000093, 62.266791081662397 ], [ 5.778330925000095, 62.207424219658485 ], [ 5.701426629000083, 62.191066797657264 ], [ 5.530039910000085, 62.197821354657819 ], [ 5.502126498000049, 62.225816146659646 ], [ 5.605723504000083, 62.225816146659632 ], [ 5.518077019000084, 62.24315013066078 ], [ 5.557302280000047, 62.259955143661983 ], [ 5.563243035000085, 62.29140859466397 ], [ 5.696462436000049, 62.301662500664776 ], [ 5.726573113000084, 62.281805729663397 ], [ 5.781260613000087, 62.281195378663341 ] ] ], [ [ [ 5.943858269000089, 62.428045964673117 ], [ 5.999522332000086, 62.366115625668968 ], [ 6.078786655000046, 62.341864323667423 ], [ 5.874034050000089, 62.255438542661615 ], [ 5.811289910000081, 62.245672917660968 ], [ 5.851573113000088, 62.280462956663357 ], [ 5.804453972000085, 62.362372135668764 ], [ 5.836599155000048, 62.403225000671497 ], [ 5.943858269000089, 62.428045964673117 ] ] ], [ [ [ 6.263031446000066, 62.423814193672754 ], [ 6.332530144000085, 62.410793359671963 ], [ 6.318369988000088, 62.403957422671454 ], [ 6.165049675000088, 62.396551823671004 ], [ 6.090668165000071, 62.402411198671366 ], [ 6.023448113000084, 62.437445378673665 ], [ 6.20167076900009, 62.444891667674263 ], [ 6.263031446000066, 62.423814193672754 ] ] ], [ [ [ 6.878916863000088, 62.742743229693495 ], [ 6.919444207000078, 62.717189844691809 ], [ 6.914073113000083, 62.698187565690581 ], [ 6.672373894000089, 62.655991927687928 ], [ 6.646657748000059, 62.6845156906897 ], [ 6.681407097000087, 62.698187565690581 ], [ 6.684743686000047, 62.730169987692641 ], [ 6.743988477000073, 62.722886458692145 ], [ 6.878916863000088, 62.742743229693495 ] ] ], [ [ [ 6.859873894000083, 62.845038151699946 ], [ 6.924327019000089, 62.856594141700711 ], [ 6.942149285000088, 62.841538802699723 ], [ 6.94214928500008, 62.8259138026987 ], [ 6.880056186000049, 62.808010156697627 ], [ 6.903819207000088, 62.790350651696528 ], [ 6.886729363000085, 62.775091862695461 ], [ 6.770355665000068, 62.81696197969822 ], [ 6.804209832000085, 62.822251693698547 ], [ 6.777517123000051, 62.839829818699641 ], [ 6.790049675000087, 62.857652083700764 ], [ 6.859873894000083, 62.845038151699946 ] ] ], [ [ [ 7.778168165000068, 63.081732487714774 ], [ 7.88672936300009, 63.099758203715801 ], [ 7.914724155000044, 63.081732487714774 ], [ 7.843028191000082, 63.032171940711635 ], [ 7.778168165000074, 63.020249740710874 ], [ 7.681325717000054, 63.05508046971314 ], [ 7.726410352000071, 63.093817448715505 ], [ 7.778168165000068, 63.081732487714774 ] ] ], [ [ [ 7.652028842000052, 63.05198802171293 ], [ 7.70630944100008, 63.006659245710146 ], [ 7.624034050000091, 62.98965078170901 ], [ 7.526540561000045, 62.946030990706262 ], [ 7.490244988000081, 62.945217188706252 ], [ 7.465342644000093, 62.965480859707512 ], [ 7.374522332000081, 62.98704661570882 ], [ 7.375743035000089, 63.006048893710037 ], [ 7.435557488000082, 63.020249740710874 ], [ 7.417328321000068, 63.036037500711899 ], [ 7.43555748800008, 63.047552800712602 ], [ 7.401377800000089, 63.061265365713417 ], [ 7.490244988000089, 63.068060612713879 ], [ 7.476410352000072, 63.055080469713111 ], [ 7.527028842000045, 63.04661692771257 ], [ 7.565196160000089, 63.020249740710874 ], [ 7.56316165500005, 63.050604557712759 ], [ 7.606130405000048, 63.078436589714578 ], [ 7.58513431100004, 63.116522526716842 ], [ 7.647797071000071, 63.109686589716489 ], [ 7.652028842000052, 63.05198802171293 ] ] ], [ [ [ 8.132823113000086, 63.229193425723771 ], [ 8.188487175000084, 63.15745677171931 ], [ 8.020192905000044, 63.137925521718174 ], [ 7.976817254000087, 63.143215234718554 ], [ 7.93775475400009, 63.18610260472115 ], [ 8.077810092000052, 63.241156315724531 ], [ 8.132823113000086, 63.229193425723771 ] ] ], [ [ [ 8.428721550000089, 63.287787175727345 ], [ 8.574717644000083, 63.199611719721986 ], [ 8.565765821000062, 63.177923893720603 ], [ 8.374034050000095, 63.164943750719878 ], [ 8.264170769000092, 63.23261139372395 ], [ 8.27784264400008, 63.274807031726525 ], [ 8.325938347000086, 63.259588932725585 ], [ 8.353526238000093, 63.267279362726079 ], [ 8.396006707000085, 63.226874089723594 ], [ 8.401377800000098, 63.272040104726436 ], [ 8.428721550000089, 63.287787175727345 ] ] ], [ [ [ 7.914724155000039, 63.342474675730649 ], [ 7.997325066000091, 63.342474675730649 ], [ 7.806325717000048, 63.371283268732341 ], [ 7.778168165000064, 63.411322331734716 ], [ 7.923838738000088, 63.437323307736349 ], [ 8.004079623000058, 63.472805078738439 ], [ 8.070567254000078, 63.47329335973847 ], [ 8.172048373000056, 63.406073307734459 ], [ 8.150889519000083, 63.359808659731648 ], [ 8.086680535000077, 63.328802800729832 ], [ 7.993988477000082, 63.315619206729018 ], [ 7.914724155000039, 63.342474675730649 ] ] ], [ [ [ 9.176036004000089, 63.567775781744054 ], [ 9.106781446000072, 63.533270573742023 ], [ 8.858571811000054, 63.487005925739304 ], [ 8.718028191000087, 63.484035547739118 ], [ 8.503591342000048, 63.43423085973609 ], [ 8.408457879000087, 63.431219792735988 ], [ 8.339610222000092, 63.458156641737574 ], [ 8.312673373000045, 63.444891667736783 ], [ 8.282399936000051, 63.455064193737336 ], [ 8.300954623000061, 63.501410221740102 ], [ 8.413340691000093, 63.557806706743463 ], [ 8.618011915000071, 63.570746159744189 ], [ 8.709483269000081, 63.563625391743884 ], [ 8.545258009000058, 63.602484440746117 ], [ 8.788259311000047, 63.64004140674831 ], [ 8.82764733200008, 63.639593815748285 ], [ 8.846446160000083, 63.615912175746899 ], [ 8.868174675000096, 63.646185612748695 ], [ 8.965179884000065, 63.656236068749251 ], [ 8.988291863000095, 63.592759505745569 ], [ 9.080088738000086, 63.606187240746323 ], [ 9.126719597000088, 63.569077865744084 ], [ 9.176036004000089, 63.567775781744054 ] ] ], [ [ [ 8.335215691000087, 63.668158268749977 ], [ 8.271739129000082, 63.685044662750961 ], [ 8.518077019000081, 63.719794010753027 ], [ 8.74341881600008, 63.774400130756213 ], [ 8.708506707000083, 63.779242253756415 ], [ 8.67505944100008, 63.767564193755703 ], [ 8.737152540000066, 63.809149479758155 ], [ 8.752452019000092, 63.801947331757795 ], [ 8.805430535000079, 63.815375065758509 ], [ 8.791758660000079, 63.794907943757352 ], [ 8.825856967000052, 63.719794010753056 ], [ 8.792002800000082, 63.698065495751749 ], [ 8.47584069100008, 63.664292708749699 ], [ 8.455902540000064, 63.671372787750116 ], [ 8.525563998000051, 63.691839909751273 ], [ 8.335215691000087, 63.668158268749977 ] ] ], [ [ [ 11.312185092000039, 64.540106510799191 ], [ 11.425629102000066, 64.539740300799238 ], [ 11.451426629000073, 64.514960026797866 ], [ 11.41675866000009, 64.472723698795534 ], [ 11.315765821000072, 64.487982487796401 ], [ 11.283864780000036, 64.513251042797734 ], [ 11.180186394000092, 64.507473047797447 ], [ 11.128672722000097, 64.555853581800051 ], [ 11.141612175000089, 64.571275130800871 ], [ 11.224864129000082, 64.569525456800847 ], [ 11.191742384000062, 64.595607813802232 ], [ 11.083994988000082, 64.588283594801808 ], [ 11.042979363000088, 64.59992096480245 ], [ 11.066579623000052, 64.651434635805302 ], [ 11.22925866000009, 64.611273503803076 ], [ 11.312185092000039, 64.540106510799191 ] ] ], [ [ [ 11.081309441000098, 64.898342188818518 ], [ 11.005707227000068, 64.898504948818555 ], [ 10.906911655000055, 64.857407943816355 ], [ 10.826914910000079, 64.850083724815931 ], [ 11.101328972000093, 64.953111068821329 ], [ 11.266368035000086, 64.893703516818277 ], [ 11.176280144000081, 64.848618880815863 ], [ 11.080902540000066, 64.835842188815136 ], [ 11.087738477000084, 64.850083724815931 ], [ 11.046071811000042, 64.857570703816322 ], [ 11.081309441000098, 64.898342188818518 ] ] ], [ [ [ 10.816905144000092, 64.868557031816891 ], [ 10.738129102000073, 64.850083724815931 ], [ 10.745127800000091, 64.863714909816622 ], [ 10.710948113000077, 64.86371490981665 ], [ 10.765635613000081, 64.9183617198196 ], [ 10.87175540500005, 64.927679753820044 ], [ 11.032481316000087, 64.972967839822473 ], [ 11.033457879000071, 64.988226628823256 ], [ 11.092458530000046, 64.983872787822989 ], [ 11.10865319100008, 64.96820709682224 ], [ 10.898936394000092, 64.908270573818953 ], [ 10.816905144000092, 64.868557031816891 ] ] ], [ [ [ 11.075694207000083, 59.080471094408068 ], [ 11.046397332000087, 59.026800846402963 ], [ 11.018239780000043, 59.019354557402266 ], [ 10.991465691000087, 59.033596094403663 ], [ 10.993174675000089, 59.076646224407746 ], [ 11.020762566000089, 59.091253971409124 ], [ 11.039805535000088, 59.07440826840751 ], [ 11.075694207000083, 59.080471094408068 ] ] ], [ [ [ 10.913828972000092, 59.111558333411047 ], [ 10.883799675000082, 59.072170313407348 ], [ 10.845713738000091, 59.075751042407624 ], [ 10.842621290000075, 59.11001210941096 ], [ 10.865244988000088, 59.116603906411534 ], [ 10.857269727000066, 59.099066471409841 ], [ 10.913828972000092, 59.111558333411047 ] ] ], [ [ [ 5.298350457000079, 60.059719141496188 ], [ 5.297048373000058, 60.027533268493343 ], [ 5.253672722000089, 59.993109440490485 ], [ 5.171722852000077, 60.049465234495273 ], [ 5.203623894000092, 60.088283594498549 ], [ 5.223887566000088, 60.04230377649467 ], [ 5.246592644000092, 60.051459050495403 ], [ 5.205332879000078, 60.117377018501053 ], [ 5.298350457000079, 60.059719141496188 ] ] ], [ [ [ 4.882823113000084, 60.929999089566515 ], [ 4.91822350400009, 60.855373438560697 ], [ 4.878754102000071, 60.865139063561443 ], [ 4.825205925000091, 60.920477604565853 ], [ 4.781586134000063, 60.917629297565561 ], [ 4.78158613400007, 60.935288802566902 ], [ 4.836761915000068, 60.943182682567503 ], [ 4.826345248000051, 60.929022526566428 ], [ 4.882823113000084, 60.929999089566515 ] ] ], [ [ [ 4.732676629000082, 61.035060938574588 ], [ 4.706879102000075, 60.988511458570962 ], [ 4.708669467000051, 61.019720768573364 ], [ 4.680349155000043, 60.99713776057164 ], [ 4.646006707000081, 61.036281641574632 ], [ 4.644704623000053, 61.060248112576424 ], [ 4.688975457000089, 61.082342839578125 ], [ 4.732676629000082, 61.035060938574588 ] ] ], [ [ [ 5.133555535000081, 62.019842839645698 ], [ 5.152110222000095, 61.9979515636442 ], [ 5.112559441000091, 61.936916406639952 ], [ 5.095225457000081, 61.927435612639322 ], [ 5.033864780000045, 61.935044662639825 ], [ 5.016123894000086, 61.952460026641006 ], [ 5.036631707000086, 61.961493229641661 ], [ 5.04835045700008, 61.952826237641048 ], [ 5.054372592000052, 61.972357487642434 ], [ 4.986175977000072, 62.005275781644663 ], [ 4.98511803500008, 62.033880925646606 ], [ 5.079763217000051, 62.006415104644738 ], [ 5.133555535000081, 62.019842839645698 ] ] ], [ [ [ 5.613942905000045, 62.324693099666256 ], [ 5.630137566000088, 62.341782943667383 ], [ 5.679860873000052, 62.346502995667684 ], [ 5.685313347000094, 62.362046615668724 ], [ 5.741465691000085, 62.36066315166866 ], [ 5.728526238000085, 62.326646224666312 ], [ 5.613942905000045, 62.324693099666256 ] ] ], [ [ [ 5.576914910000091, 62.335272526666976 ], [ 5.521332227000071, 62.334865625666978 ], [ 5.523610873000052, 62.36969635466923 ], [ 5.59636478000004, 62.354478255668262 ], [ 5.576914910000091, 62.335272526666976 ] ] ], [ [ [ 8.318125847000095, 63.177801823720642 ], [ 8.306813998000054, 63.167181706720001 ], [ 8.209808790000071, 63.161363021719609 ], [ 8.170664910000077, 63.220160221723233 ], [ 8.235118035000088, 63.222235417723333 ], [ 8.318125847000095, 63.177801823720642 ] ] ], [ [ [ 9.167002800000089, 63.647202865748682 ], [ 9.162119988000079, 63.633856510747989 ], [ 9.076345248000047, 63.612982487746734 ], [ 9.014008009000054, 63.62669505274755 ], [ 9.057871941000082, 63.66107819074962 ], [ 9.167002800000089, 63.647202865748682 ] ] ], [ [ [ 9.939952019000085, 64.022121484770395 ], [ 9.928477410000092, 64.003159896769318 ], [ 9.892263217000044, 63.997015690768926 ], [ 9.853851759000062, 64.008937891769648 ], [ 9.881114129000087, 64.019964909770266 ], [ 9.843760613000081, 64.033189193771051 ], [ 9.888519727000075, 64.049058333771924 ], [ 9.939952019000085, 64.022121484770395 ] ] ], [ [ [ 11.465505405000044, 64.587836003801883 ], [ 11.480235222000083, 64.556057031800151 ], [ 11.432871941000091, 64.542425846799347 ], [ 11.351328972000085, 64.564398503800533 ], [ 11.366465691000084, 64.634426172804339 ], [ 11.391449415000059, 64.611029362803023 ], [ 11.393077019000083, 64.62592194080392 ], [ 11.465505405000044, 64.587836003801883 ] ] ], [ [ [ 11.355723504000078, 64.667303776806165 ], [ 11.312266472000088, 64.599676823802511 ], [ 11.24545332100006, 64.639390365804573 ], [ 11.173106316000087, 64.637355859804543 ], [ 11.174001498000061, 64.668850000806202 ], [ 11.303965691000085, 64.692084050807424 ], [ 11.355723504000078, 64.667303776806165 ] ] ], [ [ [ 5.775889519000091, 59.112738346411142 ], [ 5.774750196000072, 59.080552474408059 ], [ 5.75074303500009, 59.072333073407371 ], [ 5.575205925000095, 59.124009505412246 ], [ 5.60792076900009, 59.134426172413193 ], [ 5.775889519000091, 59.112738346411142 ] ] ], [ [ [ 5.466319207000086, 59.20453522141986 ], [ 5.443207227000073, 59.158921615415494 ], [ 5.376800977000072, 59.207220768420093 ], [ 5.393890821000073, 59.240423893423177 ], [ 5.466319207000086, 59.20453522141986 ] ] ], [ [ [ 5.952484571000072, 59.283921615427239 ], [ 6.099864129000081, 59.276556706426561 ], [ 6.056325717000052, 59.240708724423165 ], [ 5.958181186000045, 59.227850651422052 ], [ 5.929860873000053, 59.243475651423481 ], [ 5.952484571000072, 59.283921615427239 ] ] ], [ [ [ 4.851573113000086, 60.62107981854227 ], [ 4.83676191500007, 60.586737370539588 ], [ 4.782888217000045, 60.592759505540037 ], [ 4.791270379000077, 60.666083073545977 ], [ 4.851573113000086, 60.62107981854227 ] ] ], [ [ [ 4.831879102000076, 61.68146393262203 ], [ 4.879893425000091, 61.711981510624213 ], [ 4.903493686000051, 61.676174219621736 ], [ 4.902842644000091, 61.652492578620048 ], [ 4.831879102000076, 61.68146393262203 ] ] ] ] } },
{ "type": "Feature", "properties": { "map_id": "PL" }, "geometry": { "type": "Polygon", "coordinates": [ [ [ 18.833196249000089, 49.510260718771711 ], [ 18.7884444580001, 49.66859730781384 ], [ 18.727672974000086, 49.668907365813858 ], [ 18.617705526000119, 49.713865862825756 ], [ 18.566752564000073, 49.804764706849546 ], [ 18.593831014000049, 49.852203671861851 ], [ 18.567269328000123, 49.861453752864207 ], [ 18.559207804000039, 49.907187394876139 ], [ 18.481796509000073, 49.896645403873336 ], [ 18.368831827000086, 49.93204375988249 ], [ 18.292454061000054, 49.907807512876225 ], [ 18.255867147000089, 49.9460480728861 ], [ 18.098150675000053, 49.989042863897126 ], [ 18.09163944500008, 50.017206519904384 ], [ 18.002445923000039, 50.046765438911869 ], [ 18.032418253000081, 50.00284047190074 ], [ 17.839355102000127, 49.973643287893182 ], [ 17.763287394000056, 50.025216366906413 ], [ 17.719465780000068, 50.080871884920626 ], [ 17.731971476000062, 50.094876197924059 ], [ 17.632752726000088, 50.106348365927012 ], [ 17.589447876000122, 50.163244116941435 ], [ 17.675334106000058, 50.174716285944321 ], [ 17.747577759000105, 50.217504370955055 ], [ 17.707993611000038, 50.311038713978512 ], [ 17.629548787000111, 50.262101132966244 ], [ 17.469351847000098, 50.265563452967086 ], [ 17.424186645000123, 50.240552059960891 ], [ 17.388013143000105, 50.272643124968909 ], [ 17.341711060000101, 50.259724016965684 ], [ 17.319076782000071, 50.30824818697775 ], [ 17.337473592000059, 50.313002418978932 ], [ 17.210866333000066, 50.336411841984734 ], [ 17.187611939000139, 50.378476457995184 ], [ 17.131698038000046, 50.376822811994799 ], [ 16.892952921000102, 50.432943418008605 ], [ 16.865874471000044, 50.408448789002605 ], [ 16.926542602000016, 50.319255266980498 ], [ 16.987830851000069, 50.284942115971916 ], [ 17.014805949000099, 50.218486223955324 ], [ 16.960338989000089, 50.2319737719587 ], [ 16.95527469900011, 50.213473609954129 ], [ 16.817712036000039, 50.186756893947326 ], [ 16.701233357000092, 50.0949278739241 ], [ 16.660615682000074, 50.09301584692367 ], [ 16.566667928000125, 50.142211808936132 ], [ 16.535041952000142, 50.207737525952652 ], [ 16.43778690600001, 50.297964576975254 ], [ 16.371020956000077, 50.318376766980258 ], [ 16.343735799000054, 50.369949846993073 ], [ 16.262500448000075, 50.364420468991717 ], [ 16.232011352000114, 50.402609352001079 ], [ 16.199558553000085, 50.406278378001971 ], [ 16.211237427000079, 50.451288551013164 ], [ 16.287718547000051, 50.492784726023253 ], [ 16.352624145000075, 50.492784726023253 ], [ 16.391174764000141, 50.521826881030471 ], [ 16.394482056000037, 50.559343971039624 ], [ 16.425901326000087, 50.567560524041468 ], [ 16.331643514000096, 50.644041644060025 ], [ 16.232011352000107, 50.660888161064072 ], [ 16.175477335000036, 50.624094541055207 ], [ 16.086490519000073, 50.646780495060682 ], [ 15.982000773000056, 50.603630674050272 ], [ 15.998640584000096, 50.635566709058082 ], [ 15.971458781000104, 50.678613177068364 ], [ 15.84815881300011, 50.675150856067489 ], [ 15.792244914000031, 50.742691953083728 ], [ 15.684344523000107, 50.731426491080988 ], [ 15.441775350000093, 50.800207822097441 ], [ 15.35609582500012, 50.775454811091507 ], [ 15.341006306000114, 50.83173044610492 ], [ 15.28777958100005, 50.854881487110433 ], [ 15.256050252000131, 50.899891660121 ], [ 15.269796183000061, 50.952653297133374 ], [ 15.227111450000079, 50.97740630813913 ], [ 15.170164022000108, 50.977974749139335 ], [ 15.14442915800009, 51.011564430147139 ], [ 15.10794559700008, 50.981023659140014 ], [ 15.003972616000048, 51.020685320149319 ], [ 14.960977824000045, 50.992650856142745 ], [ 14.996634562000047, 50.959216204134925 ], [ 14.982061808000081, 50.859067279111372 ], [ 14.810392700000143, 50.858447161111236 ], [ 14.955293417000119, 51.064041847159444 ], [ 15.019475545000144, 51.271677752206976 ], [ 14.963768352000013, 51.328392636219839 ], [ 14.945061483000133, 51.449186297246968 ], [ 14.710037068000076, 51.530240781265 ], [ 14.743936808000079, 51.606644387281776 ], [ 14.732464640000067, 51.65834665629319 ], [ 14.648438761000135, 51.717206113306034 ], [ 14.634176066000061, 51.769011736317253 ], [ 14.585806925000039, 51.803893329324751 ], [ 14.595935507000066, 51.842418109333082 ], [ 14.687092733000041, 51.911897071347902 ], [ 14.699081665000106, 51.992512306365114 ], [ 14.761403443000122, 52.07666737638273 ], [ 14.686369263000138, 52.121031593392068 ], [ 14.712414184000117, 52.235908302415829 ], [ 14.58415328000007, 52.291227923427243 ], [ 14.545395956000053, 52.38215260544581 ], [ 14.539814901000117, 52.421865944453906 ], [ 14.632315715000063, 52.496745095469009 ], [ 14.609061320000139, 52.517803240473171 ], [ 14.644821411000065, 52.576921079485075 ], [ 14.4319145100001, 52.68608754350663 ], [ 14.382201782000095, 52.73815154851679 ], [ 14.123922973000028, 52.850651141538741 ], [ 14.164954061000083, 52.895661314547489 ], [ 14.144490193000106, 52.959920957559788 ], [ 14.343341105000034, 53.048623552576714 ], [ 14.389539835000113, 53.131667580592378 ], [ 14.380651489000082, 53.189855242603265 ], [ 14.441629680000068, 53.251841123614817 ], [ 14.403285767000021, 53.278790382619754 ], [ 14.359877564000049, 53.444077451650173 ], [ 14.304170370000096, 53.508517962661834 ], [ 14.263900720257402, 53.699976157376717 ], [ 14.304860873000056, 53.712551171698223 ], [ 14.29420006600008, 53.749090884704671 ], [ 14.414561394000092, 53.682359114692858 ], [ 14.531016472000086, 53.65778229168852 ], [ 14.590586785000077, 53.598374739677979 ], [ 14.623789910000088, 53.652818098687675 ], [ 14.575938347000081, 53.659654036688863 ], [ 14.544932488000093, 53.704046939696724 ], [ 14.575938347000081, 53.769517317708257 ], [ 14.623789910000085, 53.769517317708242 ], [ 14.630625847000085, 53.851507877722561 ], [ 14.587087436000042, 53.812648827715847 ], [ 14.575856967000052, 53.854803775723212 ], [ 14.441172722000097, 53.869614973725724 ], [ 14.431895379000078, 53.906154687732077 ], [ 14.363047722000086, 53.87938059872743 ], [ 14.417653842000044, 53.865139062724992 ], [ 14.405284050000086, 53.844183658721306 ], [ 14.318858269000083, 53.818182681716799 ], [ 14.175289348000096, 53.906478167732104 ], [ 14.210052931000057, 53.938462629737636 ], [ 14.26807701900009, 53.921820377734782 ], [ 14.406748894000092, 53.921820377734782 ], [ 14.781911655000043, 54.03461334575411 ], [ 15.665782097000083, 54.198431705781843 ], [ 15.859711134000062, 54.249986067790445 ], [ 16.131521030000048, 54.283514713796023 ], [ 16.069346550000084, 54.263006900792597 ], [ 16.17920983200008, 54.263006900792597 ], [ 16.172373894000089, 54.276597395794887 ], [ 16.220062696000067, 54.276597395794902 ], [ 16.215179884000069, 54.299627994798684 ], [ 16.137705925000088, 54.290269270797126 ], [ 16.275401238000082, 54.35858795580836 ], [ 16.23178144600007, 54.322577213802525 ], [ 16.323903842000053, 54.349920963806973 ], [ 16.324880405000041, 54.373114322810778 ], [ 16.281586134000058, 54.358587955808375 ], [ 16.323985222000083, 54.401312564815406 ], [ 16.439789259000069, 54.488267317829525 ], [ 16.444509311000044, 54.46987539082663 ], [ 16.473399285000081, 54.482123111828585 ], [ 16.47388756600008, 54.499660546831464 ], [ 16.446055535000088, 54.488267317829525 ], [ 16.466563347000093, 54.512152408833437 ], [ 16.569590691000087, 54.557196353840716 ], [ 16.939952019000085, 54.606024478848568 ], [ 17.035817905000048, 54.667059634858326 ], [ 17.337412957000069, 54.749009504871296 ], [ 17.885427280000037, 54.824123437883038 ], [ 18.152354363000082, 54.838324283885292 ], [ 18.339528842000043, 54.833482161884469 ], [ 18.751719597000093, 54.690090233861973 ], [ 18.82406660200007, 54.632228905852756 ], [ 18.81763756600008, 54.598130598847362 ], [ 18.70777428500007, 54.701239322863721 ], [ 18.456309441000084, 54.787665103877394 ], [ 18.429209832000083, 54.78168365887641 ], [ 18.413096550000091, 54.731919661868552 ], [ 18.474457227000073, 54.687567447861582 ], [ 18.475922071000078, 54.64008209585397 ], [ 18.522959832000083, 54.646551822855024 ], [ 18.588063998000059, 54.433661197820726 ], [ 18.694346550000077, 54.404527082815932 ], [ 18.717295769000092, 54.382025455812276 ], [ 18.885915561000054, 54.350165103807015 ], [ 18.954356316000084, 54.35858795580836 ], [ 19.002126498000049, 54.344916080806136 ], [ 19.377207879000082, 54.377630924811534 ], [ 19.531016472000093, 54.414943749817631 ], [ 19.609548373000049, 54.456732486824478 ], [ 19.680276326000129, 54.436678362821162 ], [ 22.698386678000073, 54.342937315805841 ], [ 22.767219686000058, 54.356269834808032 ], [ 22.837602986000096, 54.400918272815353 ], [ 22.962659953000063, 54.381694639812238 ], [ 22.989738404000047, 54.353375953807557 ], [ 23.041621542000122, 54.340973610805527 ], [ 23.050096476000128, 54.294826556797879 ], [ 23.117069132000037, 54.303456520799365 ], [ 23.31602339700008, 54.236277158788141 ], [ 23.449038534000131, 54.154938454774509 ], [ 23.496167440000129, 54.044557594755844 ], [ 23.458650350000138, 53.981615700745081 ], [ 23.490379679000057, 53.95060984073973 ], [ 23.590942016000078, 53.61125070968032 ], [ 23.800644979000136, 53.242461851613051 ], [ 23.893662557000106, 53.151950579596161 ], [ 23.859349406, 53.067976377580443 ], [ 23.911335897000129, 53.005060321568436 ], [ 23.90875207500002, 52.699859312509361 ], [ 23.736152792000038, 52.614903256492596 ], [ 23.569031209000112, 52.585886940486766 ], [ 23.392297810000109, 52.509638364471527 ], [ 23.165644979000032, 52.289393410426932 ], [ 23.194480428000038, 52.27146168742329 ], [ 23.189726196000059, 52.240533343416828 ], [ 23.395811808000065, 52.199579770408299 ], [ 23.391367635000059, 52.182500709404799 ], [ 23.487692505000037, 52.181622210404626 ], [ 23.512497192000076, 52.12444223839271 ], [ 23.579366496000112, 52.121548358392133 ], [ 23.637450806000107, 52.084470518384414 ], [ 23.676414835000077, 51.994088437365335 ], [ 23.628665812000111, 51.946339414355229 ], [ 23.594559367000066, 51.843296608333226 ], [ 23.628665812000129, 51.809758603326053 ], [ 23.6175037030001, 51.786504209320988 ], [ 23.552288045000054, 51.736636452310265 ], [ 23.54339969900008, 51.592743426278801 ], [ 23.614816528000066, 51.497219541257728 ], [ 23.662772258000096, 51.480192156253921 ], [ 23.648716268000065, 51.453966367247993 ], [ 23.697602173000067, 51.404434506236917 ], [ 23.634040161000076, 51.339296364222314 ], [ 23.635177043000088, 51.304698993214529 ], [ 23.687266886000142, 51.292400002211714 ], [ 23.742664022000088, 51.216254778194326 ], [ 23.863586873000145, 51.148274431178841 ], [ 23.911749308000132, 51.006810198146084 ], [ 23.979342081000112, 50.937512103129855 ], [ 24.14315637200011, 50.856431780110739 ], [ 24.130857381000087, 50.839068499106617 ], [ 23.992881307000079, 50.836226295105973 ], [ 23.95763798000009, 50.808010964099296 ], [ 23.974277791000134, 50.776178281091752 ], [ 24.025850871000042, 50.76703155208952 ], [ 24.026884400000114, 50.728015846080304 ], [ 24.081041301000138, 50.712978004076575 ], [ 24.106466105000067, 50.538621722034492 ], [ 24.010657999000014, 50.492784726023253 ], [ 23.981305786000025, 50.404779762001716 ], [ 23.747521606000102, 50.389380184997968 ], [ 23.682202596000085, 50.368244524992669 ], [ 23.644168741000037, 50.312692359978861 ], [ 23.43642948400009, 50.19347483094905 ], [ 23.101462850000072, 49.957106828888953 ], [ 22.665830526000029, 49.567363176787026 ], [ 22.640922485000139, 49.528760881776677 ], [ 22.679576456000056, 49.418948463747206 ], [ 22.719780721000081, 49.3829816667375 ], [ 22.737764120000069, 49.275391334708246 ], [ 22.681746867000122, 49.161238094676875 ], [ 22.705724731000146, 49.168834530679078 ], [ 22.853415975000072, 49.084756975655758 ], [ 22.855276326000073, 48.994013160630544 ], [ 22.755334106000142, 49.044707739644593 ], [ 22.642886190000098, 49.043157447644198 ], [ 22.560720663000076, 49.085532121655973 ], [ 22.539636678000139, 49.072199602652375 ], [ 22.390085083000091, 49.093025204658069 ], [ 22.339442179000031, 49.126459856667374 ], [ 22.215935506000072, 49.139999081671071 ], [ 22.197952108000095, 49.17198679267986 ], [ 22.040752401000077, 49.197463274686889 ], [ 21.928407836000055, 49.330788468723419 ], [ 21.819577270000071, 49.377245582736023 ], [ 21.757565552000131, 49.348926897728319 ], [ 21.691729777000141, 49.402153622742674 ], [ 21.601192668000067, 49.426493222749301 ], [ 21.427869913000041, 49.409801734744754 ], [ 21.260541626000094, 49.449437557755495 ], [ 21.194085734000055, 49.400603329742303 ], [ 21.124942667000148, 49.423651018748451 ], [ 21.068822062000095, 49.419206844747244 ], [ 21.033268677000137, 49.399673153741979 ], [ 21.072542766000101, 49.357195126730502 ], [ 21.017248983000076, 49.352440894729256 ], [ 20.918960408000085, 49.29032582271239 ], [ 20.778297160000076, 49.331201880723405 ], [ 20.689517049000138, 49.400499976742161 ], [ 20.605284464000047, 49.400034888742127 ], [ 20.543996215000107, 49.370837704734235 ], [ 20.437542765000074, 49.402515357742779 ], [ 20.422143188000081, 49.3829816667375 ], [ 20.31765344300009, 49.391611629739877 ], [ 20.284373820000074, 49.338643287725461 ], [ 20.135855754000119, 49.308877661717361 ], [ 20.050486287000101, 49.173227027680269 ], [ 19.937935018000136, 49.225110164694534 ], [ 19.83199833200003, 49.185887752683691 ], [ 19.760684855000079, 49.19420765968605 ], [ 19.751796508000066, 49.21906402269277 ], [ 19.808640585000088, 49.270895484706962 ], [ 19.779701783000039, 49.293374731713158 ], [ 19.769263143000092, 49.393110246740193 ], [ 19.627043767000117, 49.401867584742597 ], [ 19.634801066000076, 49.441324358753214 ], [ 19.556769654000075, 49.453881731756631 ], [ 19.505196574000138, 49.563384091785949 ], [ 19.457344197000044, 49.598058977795219 ], [ 19.339521931000036, 49.528760881776677 ], [ 19.248674764000064, 49.51625518577336 ], [ 19.172503703000078, 49.402256974742741 ], [ 19.116589803000064, 49.390939836739612 ], [ 19.067600545000069, 49.406132707743787 ], [ 18.962283977000141, 49.389182837739135 ], [ 18.961147095000026, 49.492794084767048 ], [ 18.833196249000089, 49.510260718771711 ] ] ] } },
{ "type": "Feature", "properties": { "map_id": "PT" }, "geometry": { "type": "MultiPolygon", "coordinates": [ [ [ [ -8.739591023999939, 41.97511341807504 ], [ -8.670809691999859, 41.999814752086017 ], [ -8.626884724999906, 42.051026097108711 ], [ -8.346746785999894, 42.101694839131049 ], [ -8.222361612999915, 42.153629654153875 ], [ -8.204016479999915, 42.06955209811683 ], [ -8.137612263999893, 42.07291106611833 ], [ -8.09508255999992, 42.040923355104205 ], [ -8.230216430999853, 41.904678441043686 ], [ -8.220397908999878, 41.868194880027353 ], [ -8.177041381999878, 41.849849746019224 ], [ -8.179573526999885, 41.810704848001699 ], [ -8.048573770999882, 41.816389256004285 ], [ -7.993641723999867, 41.863673192025331 ], [ -7.944755818999872, 41.866954646026784 ], [ -7.906101846999884, 41.913851008047722 ], [ -7.89659338399987, 41.857937107022842 ], [ -7.722030395999864, 41.899252415041268 ], [ -7.607360391999912, 41.873181656029587 ], [ -7.606068480999852, 41.825535985008372 ], [ -7.546692260999919, 41.832047215011215 ], [ -7.515841430999921, 41.864990941026008 ], [ -7.469384318999911, 41.852536920020476 ], [ -7.442719278999956, 41.80595061699961 ], [ -7.391921345999974, 41.842046605015724 ], [ -7.218650268999906, 41.879046931032306 ], [ -7.199943399999908, 41.963718765069949 ], [ -7.145373087999896, 41.98748992308051 ], [ -7.051270303999921, 41.942014663060263 ], [ -6.992359170999912, 41.966380101071096 ], [ -6.945126911999896, 41.943358251060907 ], [ -6.85495153799988, 41.942944839060694 ], [ -6.824927530999928, 41.983769220078806 ], [ -6.727982543999873, 41.93085255305536 ], [ -6.622821003999916, 41.940955296059869 ], [ -6.609488484999871, 41.962323501069243 ], [ -6.571661335999896, 41.942608942060581 ], [ -6.575795450999922, 41.882896825033939 ], [ -6.52422237199991, 41.867419734027024 ], [ -6.577397419999961, 41.739727268969901 ], [ -6.541533976999919, 41.658905328933614 ], [ -6.503035033999968, 41.653091730931074 ], [ -6.46081538999988, 41.676552829941606 ], [ -6.365937459999912, 41.663607883935711 ], [ -6.272248087999849, 41.628235365919807 ], [ -6.205947224999926, 41.570280246893709 ], [ -6.279534463999937, 41.497003065860412 ], [ -6.32113399199994, 41.411013482821481 ], [ -6.379166625999911, 41.397319227815252 ], [ -6.495852010999896, 41.294948215768542 ], [ -6.646643839999882, 41.267611383755998 ], [ -6.755216023999877, 41.158832493706178 ], [ -6.804360310999919, 41.064419651662618 ], [ -6.906834675999955, 41.05609974565877 ], [ -6.942491414999959, 41.015998833640317 ], [ -6.816194213999947, 40.856835422566476 ], [ -6.839138549999886, 40.757513319520193 ], [ -6.814282185999927, 40.647184136468596 ], [ -6.850455688999945, 40.582226861438052 ], [ -6.812525186999951, 40.514634088406339 ], [ -6.857121948999851, 40.442132053372127 ], [ -6.794438435999914, 40.356400852331554 ], [ -6.878050903999852, 40.265243625288335 ], [ -7.015768594999885, 40.225504449269344 ], [ -7.043105428999893, 40.181372776248438 ], [ -7.015768594999882, 40.119050998218675 ], [ -6.955720581999855, 40.102927952210905 ], [ -6.879704548999912, 40.009186903166054 ], [ -6.927660278999916, 39.861909071095347 ], [ -7.000265664999859, 39.802532851066744 ], [ -7.021142944999919, 39.694012343014244 ], [ -7.182890177999895, 39.675098768005121 ], [ -7.557285929999886, 39.679801324007407 ], [ -7.515841430999927, 39.593760063965689 ], [ -7.399414428999905, 39.493662813916984 ], [ -7.31352819799988, 39.457437635899332 ], [ -7.326654011999948, 39.34132069184264 ], [ -7.250844685999937, 39.270627332808047 ], [ -7.265779174999894, 39.231353244788757 ], [ -7.244126749999908, 39.195644829771247 ], [ -7.168059040999936, 39.170633435758852 ], [ -7.157206990999895, 39.105443616726866 ], [ -7.038816283999913, 39.109138481728735 ], [ -6.985692911999902, 39.066763807707822 ], [ -6.973290567999919, 39.013950493681705 ], [ -7.066049764999914, 38.90460316262778 ], [ -7.056076212999915, 38.855148816603275 ], [ -7.15100581899992, 38.819285372585426 ], [ -7.280713663999954, 38.720428358536417 ], [ -7.29249588999994, 38.646117648499391 ], [ -7.270430053999861, 38.6176956104852 ], [ -7.359210163999874, 38.446362399399561 ], [ -7.167180541999899, 38.272083631312249 ], [ -7.103515176999905, 38.173588351262758 ], [ -7.026413939999965, 38.199633273275872 ], [ -6.947504027999916, 38.196636039274367 ], [ -7.023985148999919, 38.022563977186621 ], [ -7.123255573999861, 38.040004773195413 ], [ -7.159739135999905, 37.996803276173615 ], [ -7.272703816999891, 37.977011202163645 ], [ -7.306861937999962, 37.850765678099762 ], [ -7.444011189999909, 37.730152885038613 ], [ -7.471606404999932, 37.636902762991241 ], [ -7.529690714999894, 37.567165417955806 ], [ -7.468867553999868, 37.475568941909096 ], [ -7.400217251999942, 37.17234934275421 ], [ -7.511789516999954, 37.171779681753918 ], [ -7.819569464999918, 36.998724668665254 ], [ -7.991200324999904, 37.014105527673109 ], [ -7.976796027999911, 36.986761777659076 ], [ -8.106556769999942, 37.069281308701434 ], [ -8.274605687387261, 37.079842314773671 ], [ -8.64176369521063, 38.409800612604414 ], [ -8.606800910999935, 38.418687234385835 ], [ -8.645102379873785, 38.421542461597639 ], [ -8.826214988973389, 39.049446426458353 ], [ -8.765126105999904, 39.097723692723079 ], [ -8.829504278421364, 39.060688420244695 ], [ -9.035831655571538, 39.754710118680798 ], [ -8.868153449999904, 40.124823302221401 ], [ -8.853260870999922, 40.139227599228299 ], [ -8.784982876999939, 40.118719787218495 ], [ -8.896473761999909, 40.164740295240414 ], [ -8.908436652999915, 40.200669657257585 ], [ -8.753000454999944, 40.640814513465578 ], [ -8.744618292999915, 40.619045308455391 ], [ -8.710275844999959, 40.653469136471529 ], [ -8.690012173999939, 40.646918029468445 ], [ -8.696156378999943, 40.673651427481005 ], [ -8.662098761999916, 40.669867248479143 ], [ -8.641590949999904, 40.694159240490599 ], [ -8.663644985999948, 40.724066466504517 ], [ -8.572661912999935, 40.755560607519236 ], [ -8.668446417999919, 40.747463276515482 ], [ -8.683705206999942, 40.783107808532137 ], [ -8.645578579999937, 40.823675841551029 ], [ -8.655262824999904, 40.844916076560878 ], [ -8.750803188999946, 40.653143615471386 ], [ -8.655100063999955, 40.993801167629961 ], [ -8.648345506999926, 41.152777404703301 ], [ -8.685780402999908, 41.159491271706408 ], [ -8.73717200399995, 41.249660542747769 ], [ -8.830511327999943, 41.671585557939302 ], [ -8.696156378999943, 41.721991271961976 ], [ -8.842884894999939, 41.695786844950149 ], [ -8.880317002999959, 41.765532685981533 ], [ -8.874745245999918, 41.849554749019113 ], [ -8.762766079999952, 41.931952210055833 ], [ -8.739591023999939, 41.97511341807504 ] ] ], [ [ [ -7.955718553999929, 36.980536191655951 ], [ -7.884022589999911, 36.980861712656051 ], [ -7.860096808999913, 37.000433652666104 ], [ -7.878488735999954, 36.97085194665096 ], [ -7.955718553999929, 36.980536191655951 ] ] ] ] } },
{ "type": "Feature", "properties": { "map_id": "RO" }, "geometry": { "type": "Polygon", "coordinates": [ [ [ 22.897857706000053, 47.950976051325554 ], [ 22.9241093340001, 48.004822892341885 ], [ 23.004414510000117, 47.983067115335231 ], [ 23.06311893700007, 48.007458391342688 ], [ 23.139083292000088, 48.09812469137011 ], [ 23.231377401000081, 48.079727882364573 ], [ 23.360051717000143, 47.993144019338374 ], [ 23.460820760000018, 47.971336565331796 ], [ 23.563243449000147, 48.005753068342216 ], [ 23.780077759000083, 47.987511287336631 ], [ 23.855215291000086, 47.934232886320373 ], [ 24.008797648, 47.961207984328652 ], [ 24.23100630700009, 47.897025855309018 ], [ 24.409186646000101, 47.952061255325859 ], [ 24.542098429000099, 47.94381886432334 ], [ 24.633669067000085, 47.908291317312425 ], [ 24.67914432800006, 47.840130103291557 ], [ 24.808232056000122, 47.795740048277821 ], [ 24.89659875500011, 47.7100605232513 ], [ 25.079946737000061, 47.742926734261523 ], [ 25.261744426000053, 47.898576148309502 ], [ 25.75251550300009, 47.934594622320496 ], [ 26.173058309000055, 47.993144019338374 ], [ 26.270726766000088, 48.093603003368777 ], [ 26.30348962400009, 48.212045386404355 ], [ 26.688530721000106, 48.274832252423003 ], [ 26.821907593000049, 48.252533871416368 ], [ 26.908000529000056, 48.184527686396066 ], [ 26.938127889000036, 48.204810685402165 ], [ 26.997607463000087, 48.16657012539072 ], [ 26.966601603000075, 48.143367408383703 ], [ 27.042772664000076, 48.127296037378919 ], [ 27.041739136000071, 48.077273250363831 ], [ 27.109331910000062, 48.033503313350565 ], [ 27.095792684000067, 48.005598039342225 ], [ 27.121475871000147, 48.013194474344473 ], [ 27.168759806000072, 47.983067115335231 ], [ 27.160698283000084, 47.921727189316577 ], [ 27.253405802000078, 47.828089494287859 ], [ 27.2191960040001, 47.813775122283438 ], [ 27.287512247000052, 47.75233184526445 ], [ 27.295057007000107, 47.718173723253834 ], [ 27.272009318000045, 47.714969784252851 ], [ 27.304048706000049, 47.666548967237752 ], [ 27.42838220200014, 47.581024471210974 ], [ 27.473133992000104, 47.491779273182821 ], [ 27.575866739000102, 47.460411678173003 ], [ 27.572352743000064, 47.375197241145884 ], [ 27.636948283000088, 47.306674292123901 ], [ 27.733273153000088, 47.275616757113859 ], [ 27.806550334000097, 47.144617001071573 ], [ 27.93873864700009, 47.046638485039715 ], [ 28.028035522000067, 47.032970069035208 ], [ 28.1054468180001, 46.917679948997275 ], [ 27.190428871419385, 44.131441791518931 ], [ 27.027476441000118, 44.177046199001119 ], [ 26.884126017000149, 44.156530654992871 ], [ 26.753694702000097, 44.108109837973721 ], [ 26.310517619000112, 44.052609349951631 ], [ 26.150734091000089, 44.012405084935544 ], [ 25.934003133000086, 43.870320734878483 ], [ 25.781144246000085, 43.732008763822556 ], [ 25.403131144000056, 43.650049942789167 ], [ 25.211308227000128, 43.711880793814366 ], [ 24.963674764000075, 43.74960458882969 ], [ 24.70560266100005, 43.743765152827301 ], [ 24.46634077900011, 43.802417902851111 ], [ 24.358233684000133, 43.760017389833884 ], [ 24.159382772000129, 43.752937718831035 ], [ 23.742870727000039, 43.842699681867316 ], [ 23.592699016000061, 43.837428685865277 ], [ 23.484695272000099, 43.880604344882613 ], [ 23.325150732000054, 43.886592275885079 ], [ 23.13184859200004, 43.847944839869513 ], [ 22.919561808000054, 43.834224746863867 ], [ 22.851038859000141, 43.874351496880131 ], [ 22.874706665000076, 43.972045791919435 ], [ 22.905815877000119, 44.003981826932197 ], [ 23.023018025000088, 44.031628717943235 ], [ 23.030976196000037, 44.093071996967701 ], [ 22.906435995000102, 44.122889297979576 ], [ 22.690738566000082, 44.22887766002156 ], [ 22.681540161000093, 44.305307104051629 ], [ 22.549351847000075, 44.348973689068849 ], [ 22.477004842, 44.463953751113749 ], [ 22.484136189000136, 44.499765519127664 ], [ 22.548421672000103, 44.511702774132388 ], [ 22.580461059000122, 44.565497941153161 ], [ 22.700143676000039, 44.54183013514406 ], [ 22.741691528000036, 44.551855362147919 ], [ 22.765152628000095, 44.582809545159797 ], [ 22.714716431000102, 44.623065486175406 ], [ 22.587489054000034, 44.649368790185548 ], [ 22.483722778000129, 44.723989558214235 ], [ 22.426051880000074, 44.733653051217885 ], [ 22.304922323000135, 44.677377417196283 ], [ 22.185136352000111, 44.515113419133648 ], [ 22.126638631000105, 44.502659398128834 ], [ 22.045196574000094, 44.56921864415461 ], [ 21.994346964000073, 44.65856719518905 ], [ 21.855440715000043, 44.698461400204444 ], [ 21.756842081000052, 44.677274064196332 ], [ 21.65627974500012, 44.687661027200249 ], [ 21.578041626000061, 44.777681372234774 ], [ 21.412160278000101, 44.784812719237472 ], [ 21.342810506000156, 44.831941626255436 ], [ 21.368545369000028, 44.864859512267962 ], [ 21.536287068000039, 44.889302465277297 ], [ 21.516339966000089, 44.933899227294141 ], [ 21.408439575000067, 44.958342178303404 ], [ 21.351388794000073, 44.99823638431841 ], [ 21.421875447000041, 45.0314126543309 ], [ 21.493292277000133, 45.145100805373602 ], [ 21.405545695000082, 45.199671117393834 ], [ 21.239250936000104, 45.229385066404951 ], [ 21.139412069000077, 45.303695776432399 ], [ 21.091559692000086, 45.288089493426639 ], [ 20.981488891000083, 45.332789607443154 ], [ 20.767135050000039, 45.479343969496973 ], [ 20.800207967000116, 45.530503637515586 ], [ 20.754422648000091, 45.605589494542897 ], [ 20.78573856600006, 45.752557267595925 ], [ 20.765171346000098, 45.766768286600957 ], [ 20.726827433000064, 45.736175837590018 ], [ 20.68807010900013, 45.743100479592535 ], [ 20.572108195000055, 45.887691137644154 ], [ 20.353930298000044, 45.976677954675651 ], [ 20.242825969000076, 46.10809112172187 ], [ 20.283236938000048, 46.143799535734402 ], [ 20.444157349000086, 46.146900121735442 ], [ 20.468548625000089, 46.174133601744913 ], [ 20.600116821000142, 46.129640193729379 ], [ 20.663988892000102, 46.137753393732318 ], [ 20.710290975000078, 46.188086238749776 ], [ 20.744707479000049, 46.192272029751202 ], [ 20.73933313000008, 46.237488908766935 ], [ 20.798657675000097, 46.267616267777342 ], [ 20.999162232000085, 46.251596573771849 ], [ 21.033475382000091, 46.231339412764818 ], [ 21.144476359000066, 46.283739315783031 ], [ 21.178789510000076, 46.384456681817682 ], [ 21.28069543400008, 46.416392716828732 ], [ 21.245142049, 46.476879980849333 ], [ 21.300952596000084, 46.603926489892451 ], [ 21.396037231, 46.626354061900074 ], [ 21.436241495000054, 46.673741348915968 ], [ 21.501767212000033, 46.703506974925951 ], [ 21.470451294000036, 46.743013606939307 ], [ 21.50290409400014, 46.805309546959997 ], [ 21.58341597500003, 46.847942602974207 ], [ 21.58992720600008, 46.908869115994364 ], [ 21.648528279000114, 46.94297556200565 ], [ 21.671369262000017, 46.993360083022182 ], [ 21.63281864400005, 47.022686459031839 ], [ 21.763766724000018, 47.105213722058807 ], [ 21.819887329000053, 47.17272898008072 ], [ 21.862158651000072, 47.297424211120891 ], [ 22.001581665000032, 47.393826595151822 ], [ 22.007886189000146, 47.517410783190989 ], [ 22.162088663000137, 47.586243791212659 ], [ 22.207873982000081, 47.67373199123999 ], [ 22.273089640000109, 47.723754778255568 ], [ 22.39587284300006, 47.735692033259191 ], [ 22.423674764000101, 47.782562558273767 ], [ 22.454370565000147, 47.78739430427526 ], [ 22.562994426000074, 47.757215268265924 ], [ 22.637718547000073, 47.771555477270361 ], [ 22.751820109000075, 47.827676082287724 ], [ 22.763602335000087, 47.8747533133022 ], [ 22.897857706000053, 47.950976051325554 ] ] ] } },
{ "type": "Feature", "properties": { "map_id": "RS" }, "geometry": { "type": "Polygon", "coordinates": [ [ [ 20.305664510000042, 46.053572485702723 ], [ 20.353930298000044, 45.976677954675651 ], [ 20.572108195000055, 45.887691137644154 ], [ 20.700059041000117, 45.73540069158976 ], [ 20.765171346000098, 45.766768286600957 ], [ 20.78573856600006, 45.752557267595925 ], [ 20.754422648000091, 45.605589494542897 ], [ 20.800207967000116, 45.530503637515586 ], [ 20.767135050000039, 45.479343969496973 ], [ 20.981488891000083, 45.332789607443154 ], [ 21.091559692000086, 45.288089493426639 ], [ 21.139412069000077, 45.303695776432399 ], [ 21.239250936000104, 45.229385066404951 ], [ 21.405545695000082, 45.199671117393834 ], [ 21.493292277000133, 45.145100805373602 ], [ 21.421875447000041, 45.0314126543309 ], [ 21.351388794000073, 44.99823638431841 ], [ 21.408439575000067, 44.958342178303404 ], [ 21.516339966000089, 44.933899227294141 ], [ 21.536287068000039, 44.889302465277297 ], [ 21.355522908000093, 44.856591283264855 ], [ 21.342810506000156, 44.831941626255436 ], [ 21.395933879000069, 44.790238744239595 ], [ 21.578041626000061, 44.777681372234774 ], [ 21.65627974500012, 44.687661027200249 ], [ 21.756842081000052, 44.677274064196332 ], [ 21.855440715000043, 44.698461400204444 ], [ 21.994346964000073, 44.65856719518905 ], [ 22.045196574000094, 44.56921864415461 ], [ 22.126638631000105, 44.502659398128834 ], [ 22.185136352000111, 44.515113419133648 ], [ 22.304922323000135, 44.677377417196283 ], [ 22.426051880000074, 44.733653051217885 ], [ 22.483722778000129, 44.723989558214235 ], [ 22.587489054000034, 44.649368790185548 ], [ 22.700143676000032, 44.630610246178279 ], [ 22.765152628000095, 44.582809545159797 ], [ 22.700143676000039, 44.54183013514406 ], [ 22.580461059000122, 44.565497941153161 ], [ 22.548421672000103, 44.511702774132388 ], [ 22.484136189000136, 44.499765519127664 ], [ 22.52268680800012, 44.375070287079062 ], [ 22.58283817500006, 44.328406469060774 ], [ 22.681540161000093, 44.305307104051629 ], [ 22.691640373000091, 44.228434534021318 ], [ 22.606195923000108, 44.174565730000019 ], [ 22.592966757000106, 44.063926488956135 ], [ 22.534158976000125, 44.057156875953453 ], [ 22.503669882000054, 44.019898167938521 ], [ 22.399593546000084, 43.993336481927926 ], [ 22.349467407000073, 43.807921442853342 ], [ 22.404864543000109, 43.687179458804309 ], [ 22.466256144000077, 43.649119766788722 ], [ 22.518862752000068, 43.474246719717037 ], [ 22.733009888000076, 43.381513361678799 ], [ 22.883801717000036, 43.230592341616074 ], [ 22.981366822000069, 43.198992202602739 ], [ 22.984570760000111, 43.174626765592684 ], [ 22.884215128000044, 43.0366506905346 ], [ 22.776418091000071, 42.979729100510575 ], [ 22.727015422000129, 42.886892389471207 ], [ 22.666243937000036, 42.871932062464843 ], [ 22.563614542000032, 42.884282729470129 ], [ 22.42739546700005, 42.813615208439991 ], [ 22.482895955000117, 42.733775120405845 ], [ 22.44207157300011, 42.681685276383561 ], [ 22.425328410000073, 42.572854710336678 ], [ 22.536536092000087, 42.478390192295848 ], [ 22.508837525000075, 42.404932144263832 ], [ 22.469770141000126, 42.391702977258213 ], [ 22.423984822000111, 42.325893041229484 ], [ 22.307609497000101, 42.319330134226561 ], [ 22.268852173000141, 42.370334773248914 ], [ 22.095529419000055, 42.305816746220728 ], [ 22.027626587, 42.303956395219885 ], [ 21.929027954000013, 42.335117283233437 ], [ 21.676886452000076, 42.234944814189689 ], [ 21.575044392000045, 42.242022191192724 ], [ 21.516029907000096, 42.341938573236469 ], [ 21.61741906800005, 42.386638686256049 ], [ 21.618969360000076, 42.449244685283169 ], [ 21.717671346000088, 42.551150609327323 ], [ 21.764386840000096, 42.669618830378276 ], [ 21.708886352000011, 42.687188817385966 ], [ 21.629407999000101, 42.67220265137955 ], [ 21.565225870000091, 42.720184219400046 ], [ 21.378673951000078, 42.74413624541031 ], [ 21.40843957500007, 42.846998184454243 ], [ 21.260541626000094, 42.886556493471033 ], [ 21.209795369000094, 42.995877985517403 ], [ 21.147887003000065, 42.992622370515996 ], [ 21.092593221000069, 43.090678400557309 ], [ 21.005156698000089, 43.099127496560847 ], [ 20.838551880000121, 43.170466811590799 ], [ 20.839998820000115, 43.21209217860833 ], [ 20.864700154000044, 43.217337336610427 ], [ 20.81943160000014, 43.257412409627108 ], [ 20.769512166000077, 43.260848892628623 ], [ 20.604044230000117, 43.197958673602351 ], [ 20.626058390000111, 43.123725479571299 ], [ 20.669156535000091, 43.109798680565355 ], [ 20.643835083000024, 43.052256973541176 ], [ 20.596396118000143, 43.007091771522191 ], [ 20.562393026000105, 43.009494725523155 ], [ 20.459453572000118, 42.950015152497919 ], [ 20.450978637000048, 42.922032363486188 ], [ 20.498831014000132, 42.877874852467308 ], [ 20.476300089000119, 42.855524795457804 ], [ 20.345352010000028, 42.82743865444597 ], [ 20.337083781000075, 42.906968683479768 ], [ 20.194560181000075, 42.966835830505119 ], [ 20.116942179000063, 42.976654352509243 ], [ 19.929150024000133, 43.113906957567124 ], [ 19.805126587000135, 43.089954930557106 ], [ 19.713555949000057, 43.165609227588824 ], [ 19.598110799000096, 43.17620289659321 ], [ 19.372284790000027, 43.384226373679859 ], [ 19.218392375000118, 43.438202407702157 ], [ 19.175914347000091, 43.48088714071973 ], [ 19.17519087700008, 43.509619237731705 ], [ 19.25270552500006, 43.588632501763982 ], [ 19.346549926000133, 43.608837986772329 ], [ 19.410732056000079, 43.540754287744427 ], [ 19.431816040000104, 43.571140029756862 ], [ 19.489590291000095, 43.56444793175411 ], [ 19.477498006000129, 43.616977024775601 ], [ 19.507366984000036, 43.647181899788038 ], [ 19.461685018000139, 43.762136123834736 ], [ 19.229347778000083, 43.957679742913612 ], [ 19.24350712100005, 44.002018122931489 ], [ 19.287328735000067, 44.013025202935758 ], [ 19.364636678000068, 43.97328602591984 ], [ 19.52855432100009, 43.977213435921456 ], [ 19.61888472500004, 44.035711155944874 ], [ 19.598937622000022, 44.06258290095564 ], [ 19.580230753000141, 44.051524144951223 ], [ 19.522043091000025, 44.085010472964534 ], [ 19.465715779000018, 44.152809951991422 ], [ 19.442564738000044, 44.1431981349876 ], [ 19.362362915000062, 44.191205542006671 ], [ 19.324329061000093, 44.26396595803535 ], [ 19.157000773000039, 44.293576554047043 ], [ 19.116693156000082, 44.343702693066803 ], [ 19.1071846930001, 44.382718399082073 ], [ 19.141394490000099, 44.430829158100821 ], [ 19.129922323000102, 44.518317358134809 ], [ 19.179635051000112, 44.538264460142614 ], [ 19.188316691000072, 44.576039932157315 ], [ 19.318024536000113, 44.71546294721098 ], [ 19.376625610000108, 44.86299916126729 ], [ 19.353164510000056, 44.899017634280945 ], [ 19.201855916000031, 44.908371068284552 ], [ 19.186869751000067, 44.927543025291691 ], [ 19.015820760000075, 44.865634659268281 ], [ 18.991429484000065, 44.91493397528702 ], [ 19.018404582000095, 44.925682673290986 ], [ 19.066670369000079, 44.905683894283506 ], [ 19.131679321000053, 44.953174535301493 ], [ 19.087237589000104, 44.977100723310535 ], [ 19.082276652000129, 45.084949438351018 ], [ 19.044862915000067, 45.137245988370601 ], [ 19.137673787000093, 45.146030981373904 ], [ 19.121860799000096, 45.195795385392437 ], [ 19.225937133000087, 45.161947322379845 ], [ 19.286708618000084, 45.179517309386334 ], [ 19.39068160000005, 45.169337052382581 ], [ 19.407838175000105, 45.203133439395195 ], [ 19.378072550000102, 45.229591772405001 ], [ 19.158482332733676, 45.276171374799752 ], [ 19.1041470909989, 45.298725647093356 ], [ 19.082956346722327, 45.339224352861038 ], [ 18.977491387120342, 45.371208745649085 ], [ 18.975527407984821, 45.391129629812959 ], [ 19.03131865979103, 45.416201040223434 ], [ 18.997144016269537, 45.4555169367109 ], [ 19.009619588000103, 45.498670954504064 ], [ 19.077212362000068, 45.491642960501487 ], [ 19.106254517000053, 45.511641740508772 ], [ 19.018094523000112, 45.567400609529038 ], [ 18.941716757000048, 45.538926895518685 ], [ 18.903579549000089, 45.573085017531085 ], [ 18.912364542000088, 45.619232071547863 ], [ 18.968485148000124, 45.668738093565764 ], [ 18.844978475000062, 45.815705867618526 ], [ 18.85531376100008, 45.857357071633444 ], [ 18.906990194000116, 45.867950740637177 ], [ 18.872883748000039, 45.89523589664676 ], [ 18.901305786000073, 45.931202693659522 ], [ 18.98750207600008, 45.923812964656911 ], [ 18.981817668000133, 45.950788061666564 ], [ 19.048583618000091, 45.96344878767097 ], [ 19.065430135000074, 46.012024633688142 ], [ 19.111008748000042, 46.012954809688544 ], [ 19.1480090740001, 45.984067683678305 ], [ 19.263454223000078, 45.981432185677306 ], [ 19.306965779000077, 46.026649064693352 ], [ 19.378899373000131, 46.033677059695734 ], [ 19.453726847000066, 46.077550350711199 ], [ 19.499305461000056, 46.10860788572213 ], [ 19.487523234000069, 46.134239396731054 ], [ 19.549948364000095, 46.164160050741501 ], [ 19.669320923000047, 46.173100072744603 ], [ 19.790450480000054, 46.129071753729228 ], [ 19.929150024000137, 46.163539933741212 ], [ 20.034983357000094, 46.142972713734082 ], [ 20.170478964, 46.145504857734942 ], [ 20.305664510000042, 46.053572485702723 ] ] ] } },
{ "type": "Feature", "properties": { "map_id": "SE" }, "geometry": { "type": "MultiPolygon", "coordinates": [ [ [ [ 21.237301352106645, 64.656080419528806 ], [ 21.231700066000077, 64.642645573804785 ], [ 21.245127800000084, 64.622015690803693 ], [ 21.304942254000082, 64.610500391803086 ], [ 21.353282097000104, 64.569525456800847 ], [ 21.374034050000091, 64.607977604802869 ], [ 21.455577019000092, 64.562486068800396 ], [ 21.467295769000089, 64.587347721801748 ], [ 21.485606316000087, 64.583441471801592 ], [ 21.501231316000084, 64.544175521799403 ], [ 21.551931186000044, 64.534735417798913 ], [ 21.525563998000056, 64.522894596798281 ], [ 21.463145379000085, 64.548407292799681 ], [ 21.386566602000062, 64.521714583798229 ], [ 21.364593946000056, 64.541693425799266 ], [ 21.347341342000046, 64.531968490798718 ], [ 21.399180535000077, 64.505194401797354 ], [ 21.476084832000083, 64.514960026797851 ], [ 21.491953972000083, 64.454331771794486 ], [ 21.537608269000085, 64.472723698795534 ], [ 21.578623894000085, 64.465887760795155 ], [ 21.585948113000082, 64.480169987795918 ], [ 21.600108269000092, 64.442450260793962 ], [ 21.525726759000062, 64.421779688792725 ], [ 21.373220248000059, 64.330389714787742 ], [ 21.318532748000049, 64.364081120789606 ], [ 21.332774285000081, 64.315008854786925 ], [ 21.287771030000037, 64.302313542786194 ], [ 21.243907097000079, 64.307074284786495 ], [ 21.117035352000073, 64.221136784781621 ], [ 21.078949415000057, 64.226874089781944 ], [ 20.966563347000076, 64.149400130777607 ], [ 20.896983269000081, 63.9837100267682 ], [ 20.824961785000088, 63.944728906766024 ], [ 20.777191602000066, 63.869370833761643 ], [ 20.674815300000102, 63.842718815760122 ], [ 20.677907748000049, 63.822577214758986 ], [ 20.708994988000082, 63.822211003758994 ], [ 20.674652540000054, 63.789252018757047 ], [ 20.61264082100007, 63.822211003758994 ], [ 20.542653842000053, 63.775336003756195 ], [ 20.503428582000069, 63.822007552758976 ], [ 20.455821160000095, 63.77220286575605 ], [ 20.436859571000063, 63.761175846755378 ], [ 20.41358483200008, 63.767564193755703 ], [ 20.421071811000051, 63.7123477217526 ], [ 20.394297722000079, 63.681097721750753 ], [ 20.35474694100008, 63.689154362751189 ], [ 20.361664259000065, 63.725490625753302 ], [ 20.325450066000091, 63.753973698755004 ], [ 20.30795332100006, 63.654364323749185 ], [ 20.267588738000075, 63.670599675750097 ], [ 20.284434441000084, 63.732855534753718 ], [ 20.246104363000086, 63.698228255751744 ], [ 20.242849155000044, 63.650864974748934 ], [ 20.119883660000063, 63.64248281374843 ], [ 20.092051629000075, 63.664536849749751 ], [ 20.03451582100007, 63.656805729749337 ], [ 20.011078321000078, 63.634100651747971 ], [ 20.03052819100008, 63.602484440746117 ], [ 19.937754754000089, 63.61985911574709 ], [ 19.886973504000082, 63.603094792746205 ], [ 19.864431186000047, 63.573187565744377 ], [ 19.753184441000094, 63.524318750741557 ], [ 19.768890821000067, 63.460760807737763 ], [ 19.68734785200007, 63.431341862735984 ], [ 19.639496290000057, 63.444891667736819 ], [ 19.619151238000079, 63.500067448740161 ], [ 19.446299675000095, 63.560858464743667 ], [ 19.420420769000085, 63.548529362742926 ], [ 19.468760613000075, 63.534247135742163 ], [ 19.454600457000076, 63.508937891740551 ], [ 19.523448113000082, 63.485825912739195 ], [ 19.461436394000089, 63.468939518738267 ], [ 19.516612175000088, 63.414740300734984 ], [ 19.346202019000085, 63.485907292739199 ], [ 19.372569207000083, 63.444891667736783 ], [ 19.351410352000062, 63.440008854736504 ], [ 19.293223504000089, 63.466538802738093 ], [ 19.25928795700008, 63.329046940729754 ], [ 19.23365319100008, 63.325669662729602 ], [ 19.22925866000007, 63.342474675730649 ], [ 19.133067254000089, 63.308294987728615 ], [ 19.15349368600004, 63.294012760727782 ], [ 19.116709832000069, 63.236639714724276 ], [ 19.057383660000074, 63.260484115725632 ], [ 19.056407097000093, 63.226507878723623 ], [ 19.111989780000037, 63.219549870723178 ], [ 19.052744988000093, 63.178859766720649 ], [ 18.885996941000087, 63.272528385726403 ], [ 18.866058790000071, 63.249904688725032 ], [ 18.769053582000073, 63.262152409725779 ], [ 18.735199415000068, 63.253078516725168 ], [ 18.913340691000098, 63.212062891722702 ], [ 18.89437910200007, 63.197821354721881 ], [ 18.796641472000079, 63.191595768721463 ], [ 18.80347741000007, 63.177923893720603 ], [ 18.773122592000036, 63.168768620720058 ], [ 18.752940300000095, 63.207668359722469 ], [ 18.823903842000046, 63.219549870723178 ], [ 18.729014519000081, 63.232001042723958 ], [ 18.70045006600008, 63.225775456723511 ], [ 18.755625847000097, 63.15745677171931 ], [ 18.564463738000089, 63.177923893720617 ], [ 18.643077019000092, 63.146918034718787 ], [ 18.654633009000065, 63.11371490971662 ], [ 18.578623894000081, 63.124497787717353 ], [ 18.556976759000062, 63.116522526716842 ], [ 18.52295983200008, 63.075506901714348 ], [ 18.556976759000069, 63.075506901714348 ], [ 18.499034050000095, 63.055080469713111 ], [ 18.478200717000053, 63.020249740710874 ], [ 18.403819207000076, 63.055650130713083 ], [ 18.372080925000091, 63.047552800712602 ], [ 18.434092644000085, 63.014105534710495 ], [ 18.368337436000047, 63.020249740710874 ], [ 18.34310957100006, 63.03953684971215 ], [ 18.324229363000082, 63.014105534710495 ], [ 18.241709832000073, 62.999823307709697 ], [ 18.266449415000068, 62.990301823709082 ], [ 18.524424675000091, 62.991888737709132 ], [ 18.576670769000092, 62.95840078170707 ], [ 18.543955925000084, 62.97308990970798 ], [ 18.504893425000091, 62.949204818706505 ], [ 18.40333092500008, 62.964829818707457 ], [ 18.392588738000082, 62.945217188706252 ], [ 18.439626498000042, 62.928168034705209 ], [ 18.510996941000077, 62.932440495705485 ], [ 18.512543165000061, 62.904120182703707 ], [ 18.40007571700005, 62.911078190704096 ], [ 18.474457227000073, 62.876898503701931 ], [ 18.377614780000048, 62.836737370699446 ], [ 18.324229363000086, 62.841538802699723 ], [ 18.268321160000085, 62.883490300702356 ], [ 18.248545769000089, 62.883734440702426 ], [ 18.25538170700009, 62.869452214701518 ], [ 18.207041863000082, 62.869452214701518 ], [ 18.207041863000089, 62.835353906699353 ], [ 18.229258660000085, 62.82953522169894 ], [ 18.262217644000092, 62.848293359700129 ], [ 18.282725457000087, 62.841538802699723 ], [ 18.195078972000093, 62.777411198695653 ], [ 18.186289910000085, 62.811672266697911 ], [ 18.140472852000073, 62.771918034695339 ], [ 18.077321811000044, 62.77387115969546 ], [ 18.068369988000089, 62.793890690696713 ], [ 18.008962436000047, 62.79437897169673 ], [ 18.034027540000068, 62.811468815697815 ], [ 18.121429884000051, 62.805812891697514 ], [ 18.146169467000057, 62.822251693698547 ], [ 18.084320509000058, 62.837347721699459 ], [ 18.077321811000044, 62.85578033970063 ], [ 17.967784050000098, 62.807806706697569 ], [ 17.93531334700009, 62.817043359698225 ], [ 17.921397332000076, 62.915716862704379 ], [ 17.878672722000093, 62.911078190704096 ], [ 17.854502800000091, 62.955145573706844 ], [ 17.809743686000044, 62.97931549570842 ], [ 17.830821160000085, 62.999823307709718 ], [ 17.761973504000078, 62.97931549570842 ], [ 17.693614129000082, 62.993597721709207 ], [ 17.847666863000086, 62.921291406704839 ], [ 17.901866082000076, 62.839300846699551 ], [ 17.885508660000074, 62.814846094698026 ], [ 17.952891472000093, 62.785956120696213 ], [ 17.995371941000091, 62.727728581692503 ], [ 17.993418816000087, 62.659898177688163 ], [ 17.871836785000088, 62.670843815688855 ], [ 18.043223504000089, 62.626166081685923 ], [ 18.064219597000083, 62.595770573684014 ], [ 17.968272332000076, 62.560492253681666 ], [ 17.937022332000087, 62.615627344685308 ], [ 17.909353061000036, 62.549383854681061 ], [ 17.878672722000093, 62.541083073680461 ], [ 17.892832879000085, 62.527492578679542 ], [ 17.843109571000067, 62.489691471677155 ], [ 17.734629754000075, 62.505764063678164 ], [ 17.671234571000063, 62.489447331677141 ], [ 17.659678582000083, 62.461371159675252 ], [ 17.707367384000065, 62.437445378673658 ], [ 17.56177819100008, 62.443752344674124 ], [ 17.426768425000088, 62.541083073680461 ], [ 17.330821160000081, 62.487738346676991 ], [ 17.377452019000089, 62.433905339673501 ], [ 17.378428582000087, 62.410793359671985 ], [ 17.337412957000076, 62.403957422671454 ], [ 17.380625847000093, 62.332668359666812 ], [ 17.454112175000091, 62.321437891666051 ], [ 17.488291863000079, 62.286607162663678 ], [ 17.460215691000077, 62.273016667662816 ], [ 17.652679884000072, 62.232001042660116 ], [ 17.544444207000087, 62.201605534657993 ], [ 17.569509311000051, 62.232001042660116 ], [ 17.534922722000097, 62.235012109660325 ], [ 17.508636915000068, 62.218410547659118 ], [ 17.508636915000064, 62.163763737655444 ], [ 17.447276238000082, 62.068182682648981 ], [ 17.469004754000071, 62.062160547648539 ], [ 17.426117384000054, 62.02655670664609 ], [ 17.460459832000076, 62.003322656644499 ], [ 17.39210045700008, 61.992417708643757 ], [ 17.385996941000091, 61.961981510641763 ], [ 17.344574415000064, 61.936672266639931 ], [ 17.364593946000067, 61.886297917636455 ], [ 17.337412957000083, 61.823675846632042 ], [ 17.353688998000045, 61.814032292631374 ], [ 17.40560957100006, 61.821112370631937 ], [ 17.371592644000092, 61.800604557630514 ], [ 17.399180535000081, 61.722357487624933 ], [ 17.483083530000037, 61.734564518625845 ], [ 17.514170769000081, 61.713812565624359 ], [ 17.496348504000075, 61.635077214618775 ], [ 17.432871941000087, 61.63939036561905 ], [ 17.330577019000096, 61.718085026624692 ], [ 17.350922071000078, 61.677150781621705 ], [ 17.313161655000041, 61.68195221462215 ], [ 17.266612175000091, 61.721625065624885 ], [ 17.138031446000067, 61.725531315625226 ], [ 17.268565300000088, 61.690822656622764 ], [ 17.228688998000056, 61.663072005620769 ], [ 17.166188998000056, 61.656683659620334 ], [ 17.193369988000093, 61.642320052619269 ], [ 17.097178582000087, 61.636135156618899 ], [ 17.225596550000088, 61.622015690617822 ], [ 17.247894727000077, 61.608832096616901 ], [ 17.08350670700009, 61.615668034617343 ], [ 17.145681186000051, 61.595200912615894 ], [ 17.056325717000046, 61.582180078614947 ], [ 17.186534050000084, 61.56102122461342 ], [ 17.080088738000079, 61.550482487612733 ], [ 17.166188998000056, 61.526922917611053 ], [ 17.12452233200009, 61.513251042610001 ], [ 17.172373894000081, 61.498968815608983 ], [ 17.15186608200009, 61.464829818606525 ], [ 17.169281446000078, 61.441107487604739 ], [ 17.22038821700005, 61.447984115605301 ], [ 17.166188998000056, 61.416408594602956 ], [ 17.136566602000073, 61.43707916760458 ], [ 17.104014519000092, 61.399359440601792 ], [ 17.201833530000044, 61.337103581597205 ], [ 17.276052280000037, 61.314032292595513 ], [ 17.151866082000087, 61.328314518596443 ], [ 17.166270379000078, 61.308417057595065 ], [ 17.247894727000073, 61.287298893593487 ], [ 17.205088738000082, 61.288519596593559 ], [ 17.097178582000087, 61.320868229595995 ], [ 17.180349155000034, 61.276027734592631 ], [ 17.21273847700007, 61.235296940589627 ], [ 17.151866082000076, 61.204169010587371 ], [ 17.186534050000084, 61.191107487586372 ], [ 17.158702019000089, 61.149562891583173 ], [ 17.182790561000044, 61.123236393581209 ], [ 17.145681186000036, 61.114732162580616 ], [ 17.199880405000041, 61.095892643579113 ], [ 17.168711785000085, 61.05931224057634 ], [ 17.186534050000098, 61.032863672574322 ], [ 17.158702019000081, 61.019842839573442 ], [ 17.23585045700009, 61.022284245573623 ], [ 17.247894727000073, 61.012355859572835 ], [ 17.167735222000093, 60.99217356857131 ], [ 17.158213738000079, 60.948431706567909 ], [ 17.205088738000082, 60.933905339566856 ], [ 17.216807488000089, 60.89935944056414 ], [ 17.246267123000056, 60.898016667564008 ], [ 17.283050977000062, 60.781154688554928 ], [ 17.335703972000086, 60.766913151553815 ], [ 17.186696811000044, 60.692368880547967 ], [ 17.257985873000056, 60.694403385548171 ], [ 17.36459394600007, 60.649237370544625 ], [ 17.323741082000083, 60.635646875543465 ], [ 17.339528842000053, 60.622992253542414 ], [ 17.574961785000085, 60.647894596544489 ], [ 17.658946160000092, 60.608303125541283 ], [ 17.603770379000085, 60.584133203539409 ], [ 17.638194207000073, 60.515448307533852 ], [ 17.670583530000044, 60.504095768532899 ], [ 17.74146569100008, 60.498439844532506 ], [ 17.727061394000092, 60.534735417535444 ], [ 17.81609134200005, 60.58527252653942 ], [ 17.918630405000048, 60.600165104540643 ], [ 17.974864129000089, 60.587836003539614 ], [ 17.995371941000091, 60.553045964536899 ], [ 17.967458530000037, 60.512111719533557 ], [ 18.098399285000088, 60.464911198529812 ], [ 18.143321160000085, 60.413560287525542 ], [ 18.262217644000092, 60.382391667523038 ], [ 18.207041863000093, 60.355047917520814 ], [ 18.234873894000092, 60.327093815518467 ], [ 18.296397332000087, 60.355047917520814 ], [ 18.427989129000071, 60.348781641520269 ], [ 18.474457227000073, 60.292954818515611 ], [ 18.426768425000084, 60.286200260515137 ], [ 18.565440300000095, 60.259344792512941 ], [ 18.604828321000063, 60.238348698511153 ], [ 18.563731316000084, 60.227606510510263 ], [ 18.400563998000052, 60.259588932512948 ], [ 18.316905144000092, 60.320949609518038 ], [ 18.330902540000064, 60.285711979515099 ], [ 18.447764519000085, 60.211086328508898 ], [ 18.392588738000075, 60.232163802510584 ], [ 18.419932488000075, 60.193508203507335 ], [ 18.506114129000082, 60.155747787504232 ], [ 18.548513217000036, 60.174139714505785 ], [ 18.578135613000082, 60.073919987497348 ], [ 18.578135613000075, 60.142157292503128 ], [ 18.651377800000091, 60.14826080750364 ], [ 18.735199415000068, 60.114813542500826 ], [ 18.745127800000095, 60.049709375495318 ], [ 18.796641472000093, 60.004950260491512 ], [ 18.753103061000047, 60.082180078498098 ], [ 18.765879754000071, 60.11107005250048 ], [ 18.816905144000096, 60.117580469501036 ], [ 18.903086785000081, 59.947211003486501 ], [ 19.00554446700005, 59.911810612483507 ], [ 19.032074415000068, 59.88149648448082 ], [ 19.036794467000046, 59.902533268482685 ], [ 19.071625196000063, 59.896307682482181 ], [ 19.067881707000073, 59.833685612476678 ], [ 19.03467858200008, 59.835028385476846 ], [ 18.885996941000087, 59.929877018484959 ], [ 18.930674675000084, 59.885484115481155 ], [ 18.924082879000071, 59.852280990478263 ], [ 18.861582879000085, 59.803045964474023 ], [ 18.754567905000048, 59.791164453472959 ], [ 18.733897332000073, 59.76878489647099 ], [ 19.042002800000091, 59.784979557472425 ], [ 19.085215691000087, 59.772202865471286 ], [ 19.074473504000089, 59.74970123746931 ], [ 19.035980665000064, 59.728501693467422 ], [ 18.95679772200009, 59.719224349466586 ], [ 18.913340691000094, 59.751776432469548 ], [ 18.879893425000091, 59.721584375466826 ], [ 18.714121941000087, 59.673244531462565 ], [ 18.693614129000082, 59.649359440460451 ], [ 18.735606316000087, 59.641506250459756 ], [ 18.700450066000073, 59.621405339457944 ], [ 18.660004102000077, 59.635687565459229 ], [ 18.686534050000095, 59.605780339456608 ], [ 18.639984571000078, 59.583644922454525 ], [ 18.48406009200005, 59.5344098964501 ], [ 18.379649285000092, 59.47638580744492 ], [ 18.269053582000087, 59.477443750445026 ], [ 18.303233269000081, 59.456976628443122 ], [ 18.248545769000085, 59.450100000442532 ], [ 18.293142123000042, 59.414048568439185 ], [ 18.337901238000086, 59.408514714438731 ], [ 18.307302280000048, 59.396795964437629 ], [ 18.188487175000095, 59.407416081438619 ], [ 18.15919030000008, 59.422186589439974 ], [ 18.207041863000082, 59.422186589439974 ], [ 18.181407097000086, 59.458197331443237 ], [ 18.145518425000095, 59.443833724441923 ], [ 18.113291863000082, 59.454657292442917 ], [ 18.084483269000089, 59.438950912441513 ], [ 18.098399285000077, 59.408514714438731 ], [ 18.065440300000095, 59.397162175437607 ], [ 18.008962436000047, 59.408514714438716 ], [ 18.146169467000043, 59.340236719432475 ], [ 18.095062696000078, 59.338405664432287 ], [ 18.09514407600005, 59.32680898443116 ], [ 18.19662519600006, 59.334173893431895 ], [ 18.220550977000066, 59.31976959643054 ], [ 18.254730665000064, 59.362779037434535 ], [ 18.318125847000086, 59.375921940435731 ], [ 18.389659050000084, 59.369452214435128 ], [ 18.447764519000089, 59.35390859443369 ], [ 18.426768425000095, 59.340236719432475 ], [ 18.470062696000067, 59.337103581432132 ], [ 18.447764519000085, 59.395453190437536 ], [ 18.495616082000076, 59.395453190437536 ], [ 18.426768425000084, 59.436428125441296 ], [ 18.484629754000085, 59.434230859441129 ], [ 18.612315300000098, 59.374945378435648 ], [ 18.600840691000087, 59.362494206434526 ], [ 18.543955925000084, 59.368150130434977 ], [ 18.632578972000083, 59.346909896433019 ], [ 18.646494988000086, 59.330267643431476 ], [ 18.619802280000034, 59.308294987429484 ], [ 18.519297722000086, 59.298285221428593 ], [ 18.461192254000075, 59.312445378429878 ], [ 18.364431186000047, 59.306586003429338 ], [ 18.337901238000072, 59.312933659429895 ], [ 18.344737175000091, 59.334051823431857 ], [ 18.291270379000082, 59.322699284430783 ], [ 18.275889519000092, 59.312933659429895 ], [ 18.316905144000085, 59.278753971426724 ], [ 18.28305097700007, 59.278998112426741 ], [ 18.279307488000082, 59.261704818425102 ], [ 18.412282748000052, 59.215033268420832 ], [ 18.426768425000091, 59.1968447924191 ], [ 18.313731316000087, 59.234076237422542 ], [ 18.387054884000062, 59.183091537417781 ], [ 18.406260613000082, 59.189398503418452 ], [ 18.392588738000089, 59.16889069041649 ], [ 18.429698113000079, 59.174627995416998 ], [ 18.424164259000069, 59.143947656414063 ], [ 18.343760613000089, 59.141750391413893 ], [ 18.290212436000047, 59.120550846411909 ], [ 18.324229363000075, 59.108099675410685 ], [ 18.200856967000039, 59.080755925408134 ], [ 18.255381707000073, 59.101263737410044 ], [ 18.25538170700009, 59.120550846411909 ], [ 18.223643425000088, 59.119533594411749 ], [ 18.138682488000089, 59.093817448409375 ], [ 18.096202019000085, 59.058335677405985 ], [ 18.043223504000085, 59.059719141406163 ], [ 18.050547722000097, 59.038560287404081 ], [ 18.013682488000086, 59.044907943404738 ], [ 17.961192254000075, 58.922512109392919 ], [ 17.89966881600008, 58.915716862392266 ], [ 17.892832879000078, 58.861029362386958 ], [ 17.861175977000073, 58.91909414139262 ], [ 17.814707879000078, 58.928208724393528 ], [ 17.773610873000052, 58.960679427396599 ], [ 17.803477410000081, 58.908270573391547 ], [ 17.774424675000084, 58.886216537389394 ], [ 17.782969597000086, 58.915716862392266 ], [ 17.749278191000087, 58.923814193393007 ], [ 17.741465691000084, 58.983954167398885 ], [ 17.768809441000091, 59.12055084641193 ], [ 17.732758009000065, 59.114447331411306 ], [ 17.710459832000083, 59.052801823405517 ], [ 17.665782097000086, 59.080755925408134 ], [ 17.693614129000082, 59.131415104412937 ], [ 17.658946160000095, 59.16889069041649 ], [ 17.673106316000087, 59.134751693413229 ], [ 17.611094597000086, 59.093817448409375 ], [ 17.631602410000081, 59.018133854402137 ], [ 17.60710696700005, 58.965969141397181 ], [ 17.576914910000077, 58.956691797396218 ], [ 17.626719597000083, 58.917792057392468 ], [ 17.59896894600006, 58.894110417390202 ], [ 17.535980665000064, 58.902044987390951 ], [ 17.590668165000061, 58.861029362386958 ], [ 17.555674675000084, 58.854152734386282 ], [ 17.447276238000079, 58.895209050390342 ], [ 17.469086134000054, 58.87042877638789 ], [ 17.449961785000092, 58.815863346382592 ], [ 17.488291863000082, 58.799627995380952 ], [ 17.459727410000088, 58.791449284380121 ], [ 17.337412957000069, 58.806463932381654 ], [ 17.371592644000085, 58.778998112378886 ], [ 17.357758009000065, 58.751166081376162 ], [ 17.276052280000041, 58.748846745375992 ], [ 17.276052280000041, 58.73069895837412 ], [ 17.162364129000078, 58.732001042374286 ], [ 17.086924675000084, 58.764837956377541 ], [ 17.028168165000071, 58.751166081376162 ], [ 17.083506707000083, 58.73753489637479 ], [ 17.062510613000086, 58.710191146372118 ], [ 17.145681186000051, 58.696600651370758 ], [ 17.093028191000087, 58.660834050367129 ], [ 16.974945509000069, 58.685370182369624 ], [ 16.953868035000077, 58.669256901368051 ], [ 17.001638217000043, 58.667873438367863 ], [ 17.035817905000041, 58.64130280036521 ], [ 16.924164259000062, 58.625433659363637 ], [ 16.233734571000078, 58.669256901368023 ], [ 16.254893425000095, 58.634507552364539 ], [ 16.179209832000087, 58.634507552364539 ], [ 16.285411004000082, 58.615912175362695 ], [ 16.333994988000079, 58.639146224365014 ], [ 16.38770592500008, 58.591620182360323 ], [ 16.439789259000062, 58.648138737365898 ], [ 16.517832879000075, 58.624579167363571 ], [ 16.63591556100004, 58.626776432363783 ], [ 16.748301629000078, 58.592922266360368 ], [ 16.741547071000067, 58.613999740362452 ], [ 16.789317254000085, 58.607163802361768 ], [ 16.785980665000057, 58.572739974358285 ], [ 16.830332879000082, 58.559393620357049 ], [ 16.834157748000052, 58.529527083353962 ], [ 16.940196160000085, 58.491115625350055 ], [ 16.844004754000078, 58.477484440348704 ], [ 16.85287519600007, 58.463080143347185 ], [ 16.748301629000078, 58.429022526343751 ], [ 16.441416863000075, 58.485988672349542 ], [ 16.412608269000081, 58.477484440348711 ], [ 16.705577019000085, 58.407700912341497 ], [ 16.714854363000079, 58.360174870336685 ], [ 16.754567905000048, 58.373765365338009 ], [ 16.775075717000046, 58.339667057334523 ], [ 16.631683790000068, 58.353949284335968 ], [ 16.699961785000077, 58.319159245332386 ], [ 16.698496941000084, 58.301703190330549 ], [ 16.727061394000078, 58.303615625330771 ], [ 16.72046959700009, 58.319159245332358 ], [ 16.799164259000062, 58.323635156332848 ], [ 16.754567905000034, 58.28510162832881 ], [ 16.706797722000097, 58.27826569032802 ], [ 16.802989129000078, 58.244696354324681 ], [ 16.821299675000088, 58.207098698320671 ], [ 16.77719160200007, 58.13051992231253 ], [ 16.617442254000085, 58.20311106832019 ], [ 16.736094597000083, 58.084784245307681 ], [ 16.686289910000085, 58.058539128304851 ], [ 16.754567905000048, 58.024969792301256 ], [ 16.691579623000052, 58.014837956300198 ], [ 16.699961785000077, 57.997707422298248 ], [ 16.644704623000042, 58.038641667302734 ], [ 16.637217644000096, 58.014471745300142 ], [ 16.706390821000078, 57.962103581294464 ], [ 16.735362175000084, 57.971909896295486 ], [ 16.782481316000084, 57.915106510289334 ], [ 16.727305535000088, 57.928778385290826 ], [ 16.768809441000084, 57.887844141286358 ], [ 16.758148634000054, 57.877020573285208 ], [ 16.723399285000081, 57.883490300285807 ], [ 16.682871941000087, 57.918890690289764 ], [ 16.670746290000068, 57.891424870286798 ], [ 16.610606316000077, 57.894680078287031 ], [ 16.603770379000085, 57.928778385290855 ], [ 16.644704623000049, 57.921332096290016 ], [ 16.51531009200005, 57.998846745298458 ], [ 16.504567905000052, 57.970160221295288 ], [ 16.590098504000085, 57.935614323291574 ], [ 16.572520379000078, 57.893947656287025 ], [ 16.480804884000058, 57.915106510289334 ], [ 16.487071160000081, 57.894680078287017 ], [ 16.46029707100007, 57.902085677287886 ], [ 16.699961785000088, 57.743841862270429 ], [ 16.419444207000087, 57.894680078287031 ], [ 16.43897545700008, 57.865383203283834 ], [ 16.714854363000097, 57.70282623726586 ], [ 16.69312584700009, 57.70282623726586 ], [ 16.706797722000083, 57.688544010264302 ], [ 16.576996290000068, 57.709662175266601 ], [ 16.619965040000064, 57.666652734261852 ], [ 16.58326256600008, 57.661932682261323 ], [ 16.630544467000053, 57.629095768257578 ], [ 16.562754754000075, 57.592962956253473 ], [ 16.555918816000094, 57.627142643257336 ], [ 16.520518425000088, 57.627142643257336 ], [ 16.54224694100008, 57.572495833251203 ], [ 16.514984571000067, 57.566310938250474 ], [ 16.629161004000082, 57.55687083324937 ], [ 16.688975457000073, 57.471747135239653 ], [ 16.65951582100006, 57.476263737240203 ], [ 16.672211134000065, 57.459662175238286 ], [ 16.633311394000081, 57.437079167235723 ], [ 16.672618035000077, 57.415472721233186 ], [ 16.625743035000088, 57.398993229231309 ], [ 16.631683790000068, 57.380764063229137 ], [ 16.547618035000077, 57.382513737229303 ], [ 16.562754754000075, 57.319281315221978 ], [ 16.469086134000069, 57.275376693216849 ], [ 16.494476759000069, 57.242905990212982 ], [ 16.465993686000044, 57.228013412211226 ], [ 16.465017123000056, 57.177313542205226 ], [ 16.55250084700009, 57.11009349019718 ], [ 16.583262566000087, 57.044907943189351 ], [ 16.527679884000058, 57.065375065191787 ], [ 16.500336134000062, 57.039740300188697 ], [ 16.439789259000062, 57.051743880190195 ], [ 16.473399285000077, 57.031236068187688 ], [ 16.43490644600007, 56.997870182183668 ], [ 16.468109571000063, 56.949286198177788 ], [ 16.407969597000093, 56.79913971415926 ], [ 16.428558790000061, 56.782945052157153 ], [ 16.463389519000092, 56.797837630159037 ], [ 16.471690300000084, 56.777411198156535 ], [ 16.361094597000093, 56.763739323154788 ], [ 16.371592644000078, 56.661322331141939 ], [ 16.341563347000086, 56.651271875140623 ], [ 16.301117384000072, 56.663275456142138 ], [ 16.246348504000085, 56.642401432139586 ], [ 16.207041863000082, 56.538519596126278 ], [ 16.178721550000095, 56.537054753126029 ], [ 16.09522545700009, 56.419378971110909 ], [ 16.038259311000044, 56.255072331089288 ], [ 15.874359571000067, 56.102728581068916 ], [ 15.851735873000054, 56.086371159066694 ], [ 15.788747592000052, 56.106431380069417 ], [ 15.826508009000062, 56.159369206076541 ], [ 15.806162957000083, 56.167914128077719 ], [ 15.731211785000076, 56.157212630076224 ], [ 15.648203972000079, 56.194566146081215 ], [ 15.59213300900006, 56.160549219076735 ], [ 15.586436394000087, 56.208889063083184 ], [ 15.49293053500009, 56.176336979078862 ], [ 15.47999108200009, 56.151841537075541 ], [ 15.40398196700005, 56.179754948079292 ], [ 15.365570509000065, 56.141099349074111 ], [ 15.295258009000065, 56.147406315074953 ], [ 15.322601759000069, 56.153631901075784 ], [ 15.295258009000072, 56.188381250080461 ], [ 15.192393425000095, 56.152899479075707 ], [ 15.154307488000088, 56.168646550077781 ], [ 15.093028191000089, 56.161078190076758 ], [ 15.075531446000074, 56.18838125008044 ], [ 15.034678582000076, 56.181545313079504 ], [ 15.049001498000049, 56.153631901075784 ], [ 14.953379754000085, 56.172919010078388 ], [ 14.848155144000096, 56.163967188077137 ], [ 14.830251498000047, 56.142645573074361 ], [ 14.774587436000036, 56.167914128077719 ], [ 14.724945509000063, 56.167629297077646 ], [ 14.685801629000077, 56.147406315074953 ], [ 14.682302280000041, 56.117132878070883 ], [ 14.767751498000047, 56.03070709605921 ], [ 14.715505405000043, 56.002346094055312 ], [ 14.705739780000044, 56.017035221057327 ], [ 14.611501498000045, 56.011135156056476 ], [ 14.603282097000097, 56.058050846062869 ], [ 14.582204623000043, 56.043768620060995 ], [ 14.569102410000077, 56.058050846062876 ], [ 14.497406446000076, 56.040472721060475 ], [ 14.234711134000058, 55.862697656036069 ], [ 14.195811394000089, 55.72565338501694 ], [ 14.273692254000084, 55.667629297008659 ], [ 14.284515821000062, 55.622951563002296 ], [ 14.367523634000067, 55.545396223991261 ], [ 14.348806186000036, 55.510565494986245 ], [ 14.181162957000083, 55.390814517968799 ], [ 14.064219597000081, 55.390773827968772 ], [ 13.897227410000079, 55.434881900975242 ], [ 13.842295769000089, 55.421210025973267 ], [ 13.629567905000044, 55.41828033897287 ], [ 13.580821160000076, 55.388820702968495 ], [ 13.503428582000087, 55.388373111968448 ], [ 13.381358269000087, 55.346014713962212 ], [ 13.280528191000082, 55.345445051962109 ], [ 12.979177280000048, 55.40326568997056 ], [ 12.832774285000085, 55.382554426967573 ], [ 12.859385613000084, 55.434881900975242 ], [ 12.929698113000084, 55.418768619972845 ], [ 12.965830925000082, 55.434881900975242 ], [ 12.96322675900006, 55.45425039097799 ], [ 12.985687696000062, 55.447902733977138 ], [ 12.917491082000076, 55.547186588991494 ], [ 12.929372592000055, 55.578924869996079 ], [ 13.038340691000084, 55.635199284004131 ], [ 13.054860873000054, 55.69403717501239 ], [ 13.011485222000097, 55.728420313017303 ], [ 12.922618035000081, 55.749457096020258 ], [ 12.926036004000078, 55.834051823032098 ], [ 12.821299675000089, 55.886704818039419 ], [ 12.75228925900006, 55.996568099054507 ], [ 12.602224155000043, 56.123195703071715 ], [ 12.504567905000044, 56.275336003092022 ], [ 12.451426629000077, 56.304429427095812 ], [ 12.646250847000093, 56.2572695960896 ], [ 12.704844597000093, 56.222479557085052 ], [ 12.814463738000091, 56.236151432086835 ], [ 12.829437696000074, 56.278550521092392 ], [ 12.783457879000082, 56.293402409094327 ], [ 12.73178144600007, 56.359686589103056 ], [ 12.621592644000081, 56.419338281110875 ], [ 12.656911655000036, 56.455267643115505 ], [ 12.713715040000071, 56.467352604117124 ], [ 12.833262566000082, 56.442572331113944 ], [ 12.890147332000087, 56.455267643115505 ], [ 12.934418165000075, 56.547064518127414 ], [ 12.871755405000048, 56.649481510140397 ], [ 12.731781446000067, 56.647040104140132 ], [ 12.615733269000089, 56.750067448153139 ], [ 12.598317905000043, 56.820990300161924 ], [ 12.469574415000068, 56.892035221170723 ], [ 12.356455925000084, 56.923814193174614 ], [ 12.340993686000045, 57.014064844185604 ], [ 12.271250847000088, 57.042873438189076 ], [ 12.218597852000064, 57.092718815195092 ], [ 12.237640821000078, 57.108058984196958 ], [ 12.197438998000058, 57.184881901206118 ], [ 12.149099155000039, 57.188299870206535 ], [ 12.191254102000073, 57.212591862209443 ], [ 12.10132897200009, 57.236721094212321 ], [ 12.156504754000077, 57.242905990212996 ], [ 12.095062696000063, 57.250392969213884 ], [ 12.147227410000079, 57.285467839218015 ], [ 12.144053582000083, 57.310126042220944 ], [ 12.104991082000076, 57.344549870225023 ], [ 12.049815300000082, 57.351141667225718 ], [ 12.108734571000076, 57.39435455723077 ], [ 12.060313347000093, 57.39435455723077 ], [ 12.092051629000085, 57.411363021232681 ], [ 12.05925540500005, 57.458807682238245 ], [ 12.006602410000083, 57.43414947923533 ], [ 11.979014519000094, 57.346584375225149 ], [ 11.972178582000087, 57.364081120227254 ], [ 11.933604363000084, 57.360825912226773 ], [ 11.944834832000078, 57.387600000229988 ], [ 11.903330925000086, 57.39435455723077 ], [ 11.907074415000075, 57.465277409238986 ], [ 11.944834832000085, 57.489935612241744 ], [ 11.903330925000088, 57.524115300245697 ], [ 11.916840040000068, 57.62091705725674 ], [ 11.897146030000037, 57.627142643257336 ], [ 11.867360873000059, 57.607407943255176 ], [ 11.834971550000084, 57.661932682261323 ], [ 11.84457441500007, 57.68301015626367 ], [ 11.90951582100007, 57.686835026264134 ], [ 11.923675977000073, 57.70282623726586 ], [ 11.845876498000051, 57.693304753264783 ], [ 11.747731967000043, 57.713609115267033 ], [ 11.751800977000073, 57.695990300265066 ], [ 11.705414259000065, 57.698431706265353 ], [ 11.70630944100008, 57.721991276268 ], [ 11.810394727000075, 57.781398828274618 ], [ 11.751800977000073, 57.784816797274992 ], [ 11.686778191000093, 57.837632552280766 ], [ 11.656260613000082, 57.839422917281048 ], [ 11.703949415000064, 57.860500391283367 ], [ 11.707286004000084, 57.891424870286798 ], [ 11.759287957000083, 57.902085677287886 ], [ 11.766123894000089, 57.928778385290855 ], [ 11.736582879000075, 57.938666081291878 ], [ 11.80014082100007, 58.022284245300945 ], [ 11.793467644000094, 58.100083724309314 ], [ 11.828461134000067, 58.121242578311552 ], [ 11.841319207000081, 58.193793034319192 ], [ 11.889659050000095, 58.216782943321654 ], [ 11.851817254000084, 58.226629948322739 ], [ 11.808929884000069, 58.302191471330623 ], [ 11.882823113000093, 58.3328311203338 ], [ 11.870371941000085, 58.345363672335111 ], [ 11.806976759000065, 58.326605534333133 ], [ 11.726735873000049, 58.3270938153332 ], [ 11.72575931100004, 58.312974349331711 ], [ 11.678965691000084, 58.307440495331178 ], [ 11.581065300000095, 58.250921940325235 ], [ 11.525889519000089, 58.257757878325975 ], [ 11.539561394000092, 58.237250065323742 ], [ 11.505869988000079, 58.243068750324412 ], [ 11.541758660000092, 58.333563542333863 ], [ 11.621755405000041, 58.405991927341397 ], [ 11.669932488000081, 58.422186589343013 ], [ 11.652598504000085, 58.437404688344593 ], [ 11.628916863000081, 58.431341862343984 ], [ 11.588633660000085, 58.401109115340823 ], [ 11.553233269000085, 58.463202214347241 ], [ 11.522471550000086, 58.336249089334189 ], [ 11.396169467000055, 58.264593815326599 ], [ 11.443369988000089, 58.30556875033097 ], [ 11.39918053500009, 58.302964583330677 ], [ 11.383799675000096, 58.318182682332306 ], [ 11.401052280000039, 58.336818750334196 ], [ 11.448578321000067, 58.341742253334708 ], [ 11.424082879000073, 58.388128971339526 ], [ 11.345876498000051, 58.34601471433519 ], [ 11.424082879000075, 58.442694401345129 ], [ 11.334157748000049, 58.367621159337411 ], [ 11.253591342000043, 58.365912175337165 ], [ 11.220876498000052, 58.346258854335225 ], [ 11.208994988000084, 58.418931380342677 ], [ 11.25904381600008, 58.422186589343028 ], [ 11.251475457000085, 58.442328190345052 ], [ 11.293711785000083, 58.470038151347993 ], [ 11.238536004000078, 58.507879948351849 ], [ 11.286306186000056, 58.57990143235908 ], [ 11.265798373000056, 58.57990143235908 ], [ 11.259043816000087, 58.634507552364539 ], [ 11.210622592000055, 58.679185287368988 ], [ 11.218028191000091, 58.707953190371853 ], [ 11.177419467000052, 58.718573307372957 ], [ 11.233409050000082, 58.808172917381846 ], [ 11.231700066000078, 58.843695378385284 ], [ 11.19760175900007, 58.864162500387266 ], [ 11.197601759000065, 58.922512109392919 ], [ 11.108164910000085, 58.953558659395952 ], [ 11.18384850400008, 58.991400456399532 ], [ 11.122813347000099, 58.994086003399843 ], [ 11.115000847000085, 59.008205469401219 ], [ 11.193614129000075, 59.08014557340811 ], [ 11.320974155000046, 59.099514063409927 ], [ 11.35466556100004, 59.091620182409173 ], [ 11.393809441000084, 59.019435938402225 ], [ 11.438143758000081, 58.991129047399625 ], [ 11.451993042000138, 58.896044412390332 ], [ 11.547077678000077, 58.884727273389352 ], [ 11.611569865000083, 58.893150531390027 ], [ 11.664383179000144, 58.920073953392695 ], [ 11.811661011000069, 59.249666238424105 ], [ 11.674925171, 59.607112120456641 ], [ 11.828404175000117, 59.65971872846135 ], [ 11.897237183000131, 59.713978982466195 ], [ 11.902094767000046, 59.785137429472464 ], [ 11.842976929000091, 59.8384158314771 ], [ 11.849591512000075, 59.872418923480041 ], [ 11.942195678000129, 59.902029519482639 ], [ 12.143733764000107, 59.898412168482373 ], [ 12.290598185000116, 59.958718565487537 ], [ 12.483247925000065, 60.081243386497931 ], [ 12.52469242300009, 60.161703591504718 ], [ 12.491722860000033, 60.312288715517276 ], [ 12.605307658000092, 60.419155577526084 ], [ 12.594352254000022, 60.51493784453389 ], [ 12.377001180000059, 60.754096373552855 ], [ 12.253287801000054, 61.001703998572026 ], [ 12.511773316000102, 61.049117125575592 ], [ 12.703802938000081, 61.04619740757537 ], [ 12.739149617000063, 61.142444761582681 ], [ 12.839815308000105, 61.226987404588947 ], [ 12.888184448000063, 61.349615579598108 ], [ 12.613782592000121, 61.547045388612446 ], [ 12.416481975000089, 61.582288715614979 ], [ 12.161717163000082, 61.72483815362515 ], [ 12.314265991000122, 62.286121723663655 ], [ 12.091230509000118, 62.586310118683443 ], [ 12.156239461000107, 62.733691303692837 ], [ 12.093297567000093, 62.90742746970389 ], [ 12.22269535300007, 63.001478575709712 ], [ 11.992425171000102, 63.288902891727425 ], [ 12.219801472000061, 63.474266254738481 ], [ 12.170295450000108, 63.598134663745839 ], [ 12.293182006000116, 63.656994119749442 ], [ 12.681892131, 63.956355691766689 ], [ 12.982442261000068, 64.058830056772493 ], [ 13.234106486000144, 64.090869444774384 ], [ 13.939438110000111, 64.009530740769677 ], [ 13.98232954900007, 64.019504291770303 ], [ 14.160509887000082, 64.187245990779729 ], [ 14.115551391000048, 64.441235655793733 ], [ 14.060877726000095, 64.476634011795724 ], [ 13.940058228000073, 64.491310118796534 ], [ 13.642763713000074, 64.584017637801722 ], [ 14.176494512937611, 64.994158651359001 ], [ 21.237301352106645, 64.656080419528806 ] ] ], [ [ [ 17.12452233200009, 57.319281315221978 ], [ 17.042002800000091, 57.270900781216326 ], [ 17.066254102000073, 57.226711328211131 ], [ 17.049489780000041, 57.188299870206521 ], [ 16.96062259200005, 57.063218490191517 ], [ 16.898610873000049, 57.038072005188496 ], [ 16.933929884000062, 57.017564193185976 ], [ 16.871267123000052, 56.969183659180139 ], [ 16.883067254000075, 56.916245833173662 ], [ 16.841807488000086, 56.844061589164788 ], [ 16.768728061000054, 56.796779688158907 ], [ 16.682790561000044, 56.59349192713325 ], [ 16.636973504000089, 56.55971914112898 ], [ 16.566416863000079, 56.346136784101311 ], [ 16.490896030000052, 56.239569401087266 ], [ 16.428477410000088, 56.217962956084314 ], [ 16.391449415000071, 56.458685612115978 ], [ 16.419444207000083, 56.585638737132285 ], [ 16.620860222000083, 56.872259831168265 ], [ 16.731293165000068, 56.903998112172182 ], [ 16.888356967000046, 57.11823151019825 ], [ 16.909922722000093, 57.20221588520819 ], [ 16.959239129000082, 57.230698958211555 ], [ 16.96648196700005, 57.304592188220255 ], [ 17.054860873000052, 57.358221745226487 ], [ 17.081879102000062, 57.341376042224553 ], [ 17.104014519000089, 57.352769271225874 ], [ 17.12452233200009, 57.319281315221978 ] ] ], [ [ [ 18.995778842000046, 57.91205475328897 ], [ 19.08521569100008, 57.825751042279506 ], [ 18.986582879000075, 57.807440495277525 ], [ 18.981618686000033, 57.770493880273378 ], [ 18.948741082000087, 57.782660221274732 ], [ 18.941254102000073, 57.729559635268885 ], [ 18.807139519000089, 57.734442448269441 ], [ 18.764659050000102, 57.626898503257337 ], [ 18.810313347000086, 57.607326563255107 ], [ 18.76140384200005, 57.507635807243837 ], [ 18.77320397200009, 57.472235417239752 ], [ 18.803477410000085, 57.469427800239401 ], [ 18.789805535000077, 57.448960677237032 ], [ 18.908864780000048, 57.439154362235918 ], [ 18.926280144000089, 57.392645573230546 ], [ 18.858164910000085, 57.39435455723077 ], [ 18.801524285000074, 57.37620677122861 ], [ 18.680430535000081, 57.310492253220964 ], [ 18.673675977000062, 57.277655339217077 ], [ 18.710948113000093, 57.274318750216722 ], [ 18.714121941000087, 57.242905990212982 ], [ 18.591481967000053, 57.218695378210121 ], [ 18.564463738000086, 57.209418034209008 ], [ 18.578135613000082, 57.195746159207395 ], [ 18.406423373000056, 57.143011784201072 ], [ 18.385752800000095, 57.127427474199237 ], [ 18.45460045700008, 57.127427474199237 ], [ 18.359873894000089, 57.096136784195458 ], [ 18.337901238000079, 57.031236068187688 ], [ 18.40007571700005, 57.003973698184396 ], [ 18.344737175000088, 57.00397369818441 ], [ 18.358409050000091, 56.989691471182617 ], [ 18.311534050000088, 56.948065495177538 ], [ 18.169688347000083, 56.912014063173132 ], [ 18.138682488000082, 56.922023828174346 ], [ 18.203868035000085, 56.986273503182211 ], [ 18.200856967000046, 57.017564193185976 ], [ 18.265635613000089, 57.041489974188913 ], [ 18.29021243600004, 57.092718815195092 ], [ 18.223317905000037, 57.060288802191188 ], [ 18.20085696700005, 57.065375065191802 ], [ 18.228037957000076, 57.133693750200031 ], [ 18.18531334700009, 57.144842839201402 ], [ 18.15984134200005, 57.229803776211448 ], [ 18.099375847000079, 57.258978581214897 ], [ 18.17920983200008, 57.379543359229011 ], [ 18.113454623000056, 57.487982487241588 ], [ 18.128184441000084, 57.54816315124846 ], [ 18.325043165000064, 57.672593490262493 ], [ 18.499359571000074, 57.826564844279609 ], [ 18.608653191000094, 57.836330469280739 ], [ 18.677744988000075, 57.913885807289205 ], [ 18.742442254000085, 57.917914128289574 ], [ 18.803477410000081, 57.825751042279506 ], [ 18.851328972000079, 57.915106510289334 ], [ 18.913340691000077, 57.921332096290008 ], [ 18.897959832000083, 57.897650456287423 ], [ 18.917246941000091, 57.888128971286342 ], [ 18.995778842000046, 57.91205475328897 ] ] ], [ [ [ 19.305674675000088, 57.976385807295983 ], [ 19.338552280000041, 57.963568425294604 ], [ 19.29607181100004, 57.943670964292416 ], [ 19.24789472700007, 57.952460026293409 ], [ 19.161957227000077, 57.925970768290519 ], [ 19.129649285000081, 57.846869206281823 ], [ 19.084483269000081, 57.859361068283171 ], [ 19.036794467000046, 57.905218815288258 ], [ 19.098317905000052, 57.976548568296025 ], [ 19.22242272200009, 57.990220443297488 ], [ 19.24008222700007, 57.970607813295331 ], [ 19.305674675000088, 57.976385807295983 ] ] ], [ [ [ 11.716563347000095, 58.064520573305451 ], [ 11.73194420700008, 57.997707422298248 ], [ 11.710215691000094, 57.992905990297764 ], [ 11.695078972000085, 58.015082096300148 ], [ 11.650645379000077, 57.955389714293759 ], [ 11.594737175000096, 57.935614323291574 ], [ 11.527842644000092, 57.954291081293533 ], [ 11.515635613000079, 58.0007998702987 ], [ 11.567556186000042, 58.003892318298909 ], [ 11.505625847000095, 58.01300690129996 ], [ 11.505869988000081, 58.046047266303489 ], [ 11.65967858200008, 58.045477604303436 ], [ 11.716563347000095, 58.064520573305451 ] ] ], [ [ [ 11.813731316000089, 58.211371159321075 ], [ 11.804698113000088, 58.125718490311968 ], [ 11.70818118600004, 58.09821197930912 ], [ 11.628916863000086, 58.100083724309307 ], [ 11.585297071000063, 58.123114323311803 ], [ 11.516286655000048, 58.086004948307796 ], [ 11.4638778000001, 58.106878971309968 ], [ 11.457692905000044, 58.072170313306273 ], [ 11.408864780000039, 58.145697331314082 ], [ 11.527842644000083, 58.212795313321251 ], [ 11.601573113000082, 58.237250065323742 ], [ 11.663096550000091, 58.237250065323742 ], [ 11.669932488000084, 58.28510162832881 ], [ 11.73878014400009, 58.285101628328839 ], [ 11.813731316000089, 58.211371159321075 ] ] ], [ [ [ 19.331716342000043, 58.367621159337411 ], [ 19.250336134000062, 58.342840885334859 ], [ 19.214121941000084, 58.354681706336002 ], [ 19.187754754000068, 58.394964909340139 ], [ 19.331716342000043, 58.367621159337411 ] ] ], [ [ [ 18.551605665000075, 59.225897526421868 ], [ 18.344737175000091, 59.299261784428666 ], [ 18.46168053500007, 59.298244531428502 ], [ 18.612315300000084, 59.258286849424827 ], [ 18.516123894000081, 59.271307682426048 ], [ 18.532399936000051, 59.241888737423295 ], [ 18.578135613000093, 59.244614974423591 ], [ 18.551605665000075, 59.225897526421868 ] ] ], [ [ [ 18.529795769000092, 60.368109440521899 ], [ 18.566905144000081, 60.3074404955169 ], [ 18.402191602000062, 60.369818425521913 ], [ 18.378754102000066, 60.507798568533232 ], [ 18.406260613000089, 60.505845443533069 ], [ 18.466075066000084, 60.442694401527952 ], [ 18.474457227000066, 60.430812891526998 ], [ 18.419932488000068, 60.443793034528071 ], [ 18.484629754000078, 60.366400456521731 ], [ 18.507823113000093, 60.356024479520883 ], [ 18.529795769000092, 60.368109440521899 ] ] ], [ [ [ 20.864919467000053, 63.796820378757445 ], [ 20.904633009000065, 63.793524479757302 ], [ 20.920420769000089, 63.773749089756137 ], [ 20.873545769000081, 63.753973698755004 ], [ 20.873220248000059, 63.770697331755962 ], [ 20.839203321000078, 63.767564193755732 ], [ 20.864919467000053, 63.796820378757445 ] ] ], [ [ [ 18.488454623000045, 59.095038151409476 ], [ 18.41358483200008, 59.011664128401549 ], [ 18.36654707100006, 59.009100651401248 ], [ 18.34131920700009, 59.033433333403586 ], [ 18.374766472000079, 59.078355208407842 ], [ 18.465993686000047, 59.117254948411656 ], [ 18.488454623000045, 59.095038151409476 ] ] ], [ [ [ 18.74382571700005, 59.206691797420007 ], [ 18.737966342000043, 59.197739974419157 ], [ 18.65967858200008, 59.176906641417233 ], [ 18.690928582000076, 59.208807682420264 ], [ 18.74382571700005, 59.206691797420007 ] ] ], [ [ [ 18.803233269000081, 59.293931380428113 ], [ 18.775157097000086, 59.252183333424277 ], [ 18.722666863000079, 59.262396550425265 ], [ 18.757660352000062, 59.294582422428221 ], [ 18.803233269000081, 59.293931380428113 ] ] ], [ [ [ 18.67750084700009, 59.299546615428689 ], [ 18.638031446000067, 59.36798737043501 ], [ 18.698090040000071, 59.373602604435554 ], [ 18.744151238000082, 59.344916081432885 ], [ 18.74138431100004, 59.320013737430557 ], [ 18.67750084700009, 59.299546615428689 ] ] ], [ [ [ 18.122731967000053, 59.389105534436943 ], [ 18.23747806100004, 59.372788802435416 ], [ 18.249278191000087, 59.366685287434834 ], [ 18.203949415000071, 59.365912175434808 ], [ 18.212087436000047, 59.341498112432525 ], [ 18.165537957000076, 59.340643620432488 ], [ 18.122813347000097, 59.356756901434011 ], [ 18.122731967000053, 59.389105534436943 ] ] ], [ [ [ 18.846527540000061, 59.395900781437547 ], [ 18.869476759000051, 59.393459375437317 ], [ 18.855723504000089, 59.385931706436651 ], [ 18.846527540000061, 59.395900781437547 ] ] ], [ [ [ 18.921560092000043, 59.405910547438488 ], [ 18.937673373000049, 59.373236393435512 ], [ 18.899424675000091, 59.400702214438006 ], [ 18.921560092000043, 59.405910547438488 ] ] ], [ [ [ 18.909027540000061, 59.417914128439563 ], [ 18.872325066000087, 59.408636784438769 ], [ 18.860606316000077, 59.424505925440165 ], [ 18.91179446700005, 59.447211003442234 ], [ 18.909027540000061, 59.417914128439563 ] ] ], [ [ [ 18.739105665000064, 59.540432031450663 ], [ 18.594411655000041, 59.486883854445921 ], [ 18.601817254000078, 59.45612213544311 ], [ 18.578461134000069, 59.463934635443806 ], [ 18.580902540000071, 59.430731510440793 ], [ 18.550629102000077, 59.422593490440022 ], [ 18.514414910000085, 59.49095286544614 ], [ 18.557383660000081, 59.482001042445404 ], [ 18.577647332000083, 59.495062565446609 ], [ 18.551117384000058, 59.510077214447996 ], [ 18.609711134000062, 59.545640365451071 ], [ 18.739105665000064, 59.540432031450663 ] ] ], [ [ [ 18.981781446000063, 59.63287994845895 ], [ 18.968028191000084, 59.619370833457815 ], [ 18.92750084700009, 59.622463281458025 ], [ 18.905284050000088, 59.583238021454534 ], [ 18.863454623000052, 59.583970443454618 ], [ 18.937754754000075, 59.649074609460463 ], [ 18.981781446000063, 59.63287994845895 ] ] ], [ [ [ 18.905284050000088, 59.633612370459041 ], [ 18.756846550000098, 59.572658594453593 ], [ 18.924327019000092, 59.656927800461126 ], [ 18.905284050000088, 59.633612370459041 ] ] ], [ [ [ 18.98796634200005, 59.850531315478165 ], [ 18.98780358200008, 59.789536849472846 ], [ 18.891286655000034, 59.785589909472499 ], [ 18.959157748000045, 59.863714909479278 ], [ 18.98796634200005, 59.850531315478165 ] ] ], [ [ [ 18.72437584700009, 60.155462956504209 ], [ 18.718516472000083, 60.216457422509301 ], [ 18.753103061000047, 60.209173893508733 ], [ 18.806895379000078, 60.160589909504658 ], [ 18.72437584700009, 60.155462956504209 ] ] ], [ [ [ 15.717784050000096, 56.116603906070814 ], [ 15.696787957000078, 56.074286198065153 ], [ 15.651133660000086, 56.08999257806726 ], [ 15.654958530000043, 56.119452214071188 ], [ 15.717784050000096, 56.116603906070814 ] ] ], [ [ [ 16.877289259000058, 58.29970937533033 ], [ 16.879079623000049, 58.28058502632836 ], [ 16.855804884000062, 58.271877344327429 ], [ 16.832530144000085, 58.304185287330796 ], [ 16.877289259000058, 58.29970937533033 ] ] ], [ [ [ 16.910492384000072, 58.338324284334334 ], [ 16.881846550000091, 58.31712474033214 ], [ 16.827403191000084, 58.327541406333246 ], [ 16.790049675000095, 58.389064844339607 ], [ 16.859711134000076, 58.400295313340727 ], [ 16.830577019000096, 58.355943099336152 ], [ 16.870290561000054, 58.333238021333791 ], [ 16.910492384000072, 58.338324284334334 ] ] ], [ [ [ 18.350840691000091, 58.979681706398431 ], [ 18.28980553500007, 58.941392318394747 ], [ 18.316416863000086, 58.92694733139335 ], [ 18.198252800000088, 58.908148503391537 ], [ 18.22641035200007, 58.944728906395163 ], [ 18.350840691000091, 58.979681706398431 ] ] ], [ [ [ 18.194590691000084, 58.997992253400227 ], [ 18.148122592000046, 59.005275781400876 ], [ 18.144704623000056, 58.969061589397469 ], [ 18.098968946000067, 58.978827214398407 ], [ 18.05062910200007, 58.96092356839663 ], [ 18.103526238000097, 59.022650456402616 ], [ 18.216563347000079, 59.024481510402822 ], [ 18.178721550000095, 59.011419987401517 ], [ 18.194590691000084, 58.997992253400227 ] ] ], [ [ [ 17.694102410000081, 59.038967188404129 ], [ 17.684825066000094, 58.900824284390822 ], [ 17.624278191000091, 58.963934635396967 ], [ 17.65219160200007, 59.071519271407205 ], [ 17.694102410000081, 59.038967188404129 ] ] ], [ [ [ 18.124685092000057, 62.687933659689868 ], [ 18.027028842000036, 62.6845156906897 ], [ 18.006114129000075, 62.705552474691018 ], [ 18.028330925000088, 62.745184635693668 ], [ 18.064300977000062, 62.757879948694423 ], [ 18.159841342000043, 62.747137760693775 ], [ 18.124685092000057, 62.687933659689868 ] ] ], [ [ [ 20.86459394600006, 63.676743880750429 ], [ 20.843028191000077, 63.644191797748654 ], [ 20.825938347000086, 63.643622135748522 ], [ 20.86459394600006, 63.676743880750429 ] ] ], [ [ [ 20.907074415000075, 63.756170964755128 ], [ 20.948496941000073, 63.774603581756161 ], [ 20.923106316000094, 63.703192448752034 ], [ 20.864756707000087, 63.683091537750798 ], [ 20.907074415000075, 63.756170964755128 ] ] ] ] } },
{ "type": "Feature", "properties": { "map_id": "SI" }, "geometry": { "type": "Polygon", "coordinates": [ [ [ 16.515301554000079, 46.501710505857808 ], [ 16.344149210000065, 46.546979060873241 ], [ 16.234905233000095, 46.493338923854914 ], [ 16.275626262000063, 46.373165380813859 ], [ 16.191807088000065, 46.369780574812687 ], [ 16.143851359000053, 46.394714453821237 ], [ 16.106024211000083, 46.373733821814042 ], [ 16.057965128000127, 46.37753203981535 ], [ 16.059618774000057, 46.332315161799777 ], [ 16.019207804000072, 46.298828832788253 ], [ 15.818289835000083, 46.255523982773177 ], [ 15.749766886000083, 46.210772192757673 ], [ 15.639799438000098, 46.207671605756587 ], [ 15.589880005000051, 46.113517146723765 ], [ 15.697987101000113, 46.036209203696622 ], [ 15.659436483000031, 45.888828019644606 ], [ 15.676076294000058, 45.841699112627801 ], [ 15.626053508000066, 45.820201716620105 ], [ 15.451283813000089, 45.815137426618278 ], [ 15.429062947000148, 45.775294897603999 ], [ 15.255016723000072, 45.72346343558543 ], [ 15.283025350000056, 45.680106908569861 ], [ 15.330774373000054, 45.684551082571467 ], [ 15.373769165000107, 45.640212703555434 ], [ 15.268555948000113, 45.601662084541545 ], [ 15.296667928000062, 45.522958878512902 ], [ 15.36136682100004, 45.482031144497952 ], [ 15.325193318000114, 45.452833959487272 ], [ 15.139261515000099, 45.430044653478966 ], [ 15.056165812000136, 45.479912410497221 ], [ 14.922633911000043, 45.514949031510021 ], [ 14.881602823000096, 45.469783829493508 ], [ 14.797163533000052, 45.465184627491837 ], [ 14.781247192000109, 45.49334828350208 ], [ 14.668489217000085, 45.53396595851688 ], [ 14.669832804000071, 45.564558406528057 ], [ 14.60306685300012, 45.603574112542191 ], [ 14.580949341000093, 45.667807917565362 ], [ 14.498577108000122, 45.596184383539537 ], [ 14.468914835000076, 45.525594376513851 ], [ 14.372796671000058, 45.477845353496491 ], [ 14.218697551000071, 45.497172339503486 ], [ 14.0929171140001, 45.47391794349501 ], [ 13.971890910000127, 45.514225561509662 ], [ 13.982639608000053, 45.475313207495518 ], [ 13.889001912000081, 45.423636775476567 ], [ 13.759294068000141, 45.463169246491034 ], [ 13.624106924762252, 45.46274523192595 ], [ 13.589528842000044, 45.48883697650048 ], [ 13.568614129000077, 45.539252015518834 ], [ 13.752940300000089, 45.552883200523794 ], [ 13.711761915000066, 45.593207093538396 ], [ 13.847764119000086, 45.584660538535303 ], [ 13.894686320000035, 45.63184112055243 ], [ 13.778724406000038, 45.743410538592606 ], [ 13.581268758000077, 45.80924631361615 ], [ 13.569279826000125, 45.86454009663592 ], [ 13.622816610000086, 45.966394344672018 ], [ 13.605866740000067, 45.985411271678736 ], [ 13.509438517000152, 45.96742787267241 ], [ 13.461792846000034, 46.006391902686197 ], [ 13.505097697000076, 46.066026505707192 ], [ 13.616408732000133, 46.125040990727818 ], [ 13.637389363000127, 46.180386450747186 ], [ 13.559047892000134, 46.184107153748471 ], [ 13.468304077000077, 46.223432918762128 ], [ 13.422828816000051, 46.228600561763947 ], [ 13.437401570000107, 46.210927221757807 ], [ 13.410116415000084, 46.207981665756705 ], [ 13.365261271000099, 46.290302221785282 ], [ 13.434094279000105, 46.353864233807187 ], [ 13.53000573700006, 46.388332413819079 ], [ 13.600182332000117, 46.442644344837646 ], [ 13.677490275000107, 46.452075292840945 ], [ 13.700951375000102, 46.519745581863901 ], [ 14.050025676000137, 46.484398900851851 ], [ 14.14986454300006, 46.440060522836731 ], [ 14.406489705000098, 46.4393370528365 ], [ 14.450931437000067, 46.41448068882805 ], [ 14.502194458000107, 46.418356421829316 ], [ 14.540331665000076, 46.378643082815707 ], [ 14.590147746000097, 46.434427790834761 ], [ 14.679961385000102, 46.458870743843214 ], [ 14.709727010000076, 46.492512101854601 ], [ 14.788585245000117, 46.506645605859489 ], [ 14.862999308000035, 46.604830826892737 ], [ 14.933589315000116, 46.62113474189826 ], [ 14.967178995000038, 46.600257462891214 ], [ 15.004386027000063, 46.636844376903518 ], [ 15.0619535720001, 46.649556778907886 ], [ 15.388135214000016, 46.645577693906532 ], [ 15.492624959000095, 46.618292537897311 ], [ 15.545955037000109, 46.671880997915338 ], [ 15.626983684000034, 46.680872696918463 ], [ 15.635975382000057, 46.717562963930739 ], [ 15.728682902000052, 46.702990210925833 ], [ 15.850742635000104, 46.72448760693301 ], [ 16.016722579000064, 46.670691337914917 ], [ 15.970528606000075, 46.743013606939307 ], [ 15.971975545000051, 46.820631607965169 ], [ 16.094035278000124, 46.862773738979108 ], [ 16.272008911000093, 46.863962296979466 ], [ 16.329783162000062, 46.834403377969799 ], [ 16.298157186000083, 46.775802303950179 ], [ 16.314176879000033, 46.743323665939371 ], [ 16.357585082000124, 46.699011124924453 ], [ 16.405024048000104, 46.687254736920515 ], [ 16.376395304000138, 46.629092911900962 ], [ 16.500832153000143, 46.544808650872383 ], [ 16.515301554000079, 46.501710505857808 ] ] ] } },
{ "type": "Feature", "properties": { "map_id": "SK" }, "geometry": { "type": "Polygon", "coordinates": [ [ [ 22.539636678000139, 49.072199602652375 ], [ 22.520516398000044, 48.992927954630183 ], [ 22.448996216000097, 48.971430558624142 ], [ 22.411789184000103, 48.887766415600616 ], [ 22.368897746000126, 48.85645049759173 ], [ 22.31029667100012, 48.681680803542001 ], [ 22.138730916000089, 48.569594621509559 ], [ 22.132839803000113, 48.404798479461377 ], [ 22.09645959500012, 48.379425350453943 ], [ 21.727696574000021, 48.340900570442621 ], [ 21.621553182000071, 48.42965484246875 ], [ 21.591684204000067, 48.493010149487318 ], [ 21.521817667000072, 48.500089820489364 ], [ 21.499390096000088, 48.535074765499566 ], [ 21.424562622000057, 48.561274716507157 ], [ 21.321829874000052, 48.547580461503195 ], [ 21.261781861000113, 48.503190406490177 ], [ 21.219923950000059, 48.518719173494759 ], [ 21.10933638500012, 48.489108578486153 ], [ 20.800311320000041, 48.569232886509425 ], [ 20.510509888000108, 48.533782854499144 ], [ 20.481674439000063, 48.526083065496913 ], [ 20.481674439000077, 48.478747453483152 ], [ 20.42059289500008, 48.429241431468604 ], [ 20.324268026000098, 48.279948219424533 ], [ 20.272384888000076, 48.252456356416424 ], [ 20.229080037000127, 48.270904843421782 ], [ 20.134512167000128, 48.246668596414693 ], [ 20.105263305000108, 48.202795305401608 ], [ 19.928633260000108, 48.130086564379731 ], [ 19.821663045000037, 48.157914323388198 ], [ 19.776084432000065, 48.149516903385603 ], [ 19.756550740000137, 48.200314836400779 ], [ 19.686994263000141, 48.196904191399831 ], [ 19.623225545000111, 48.227005713408779 ], [ 19.513981567000137, 48.203958025401832 ], [ 19.481735473000068, 48.111328019374092 ], [ 19.428198690000048, 48.085851539366381 ], [ 19.293219849000049, 48.087763567366949 ], [ 19.222526489000035, 48.060581763358826 ], [ 18.996493774000047, 48.066214494360572 ], [ 18.8384672440001, 48.040014543352576 ], [ 18.743175903000093, 47.971052344331618 ], [ 18.748756958000115, 47.87072255130095 ], [ 18.81645308500012, 47.832559505289296 ], [ 18.692843058000047, 47.777963355272398 ], [ 18.552593221000024, 47.792846168276945 ], [ 18.235920044000093, 47.753882137264881 ], [ 17.825712524000036, 47.750006405263754 ], [ 17.741996704000087, 47.765380144268491 ], [ 17.619110148000082, 47.829226376288247 ], [ 17.572601359000139, 47.829536434288329 ], [ 17.337887003000077, 47.998725073340047 ], [ 17.184821411000083, 48.020274146346537 ], [ 17.148337850000068, 48.005443010342063 ], [ 17.069686320000098, 48.035673722351305 ], [ 17.080228312000092, 48.097607927370035 ], [ 16.981939738000072, 48.161299130389132 ], [ 16.954344523000053, 48.273126929422595 ], [ 16.916620727000122, 48.290800269427699 ], [ 16.901944621000045, 48.339401954442145 ], [ 16.844480428000114, 48.365601905449864 ], [ 16.864944295000061, 48.458076881477055 ], [ 16.946903117000144, 48.539725643500866 ], [ 16.947523234000098, 48.62315724352505 ], [ 17.025347941000057, 48.74632802056037 ], [ 17.167458130000082, 48.859757788592674 ], [ 17.260269002000086, 48.857794084592122 ], [ 17.374370565000099, 48.819605201581318 ], [ 17.453332153000133, 48.842756243587914 ], [ 17.535084269000063, 48.812990617579388 ], [ 17.727217244000052, 48.862910050593619 ], [ 17.795533488000046, 48.92058094960985 ], [ 17.878732544000027, 48.93355173461353 ], [ 17.914079223000044, 49.010497942635091 ], [ 18.012884562000096, 49.019127906637522 ], [ 18.075516398000097, 49.047188208645288 ], [ 18.117787719000095, 49.202579241688355 ], [ 18.160575806000118, 49.258699846703735 ], [ 18.385161580000045, 49.342260637726426 ], [ 18.387642049000107, 49.389751278739332 ], [ 18.416787557000131, 49.385462134738198 ], [ 18.514662719000107, 49.440600887753121 ], [ 18.535643351000108, 49.481683651764016 ], [ 18.635895630000046, 49.496721493768177 ], [ 18.732530558000121, 49.480288387763672 ], [ 18.79226851400005, 49.509537248771537 ], [ 18.932208293000066, 49.504317928770156 ], [ 18.961147095000026, 49.492794084767048 ], [ 18.962283977000141, 49.389182837739135 ], [ 19.067600545000069, 49.406132707743787 ], [ 19.141704549000085, 49.394195452740504 ], [ 19.208987264000079, 49.444993384754184 ], [ 19.234102010000093, 49.507211809771043 ], [ 19.339521931000036, 49.528760881776677 ], [ 19.443391561000045, 49.601779680796078 ], [ 19.505196574000138, 49.563384091785949 ], [ 19.556769654000075, 49.453881731756631 ], [ 19.634801066000076, 49.441324358753214 ], [ 19.627043767000117, 49.401867584742597 ], [ 19.769263143000092, 49.393110246740193 ], [ 19.779701783000039, 49.293374731713158 ], [ 19.808640585000088, 49.270895484706962 ], [ 19.747765747000074, 49.205886532689199 ], [ 19.785902954000022, 49.18816151668431 ], [ 19.854219197000077, 49.191262102685194 ], [ 19.937935018000136, 49.225110164694534 ], [ 20.050486287000101, 49.173227027680269 ], [ 20.135855754000119, 49.308877661717361 ], [ 20.284373820000074, 49.338643287725461 ], [ 20.31765344300009, 49.391611629739877 ], [ 20.422143188000081, 49.3829816667375 ], [ 20.437542765000074, 49.402515357742779 ], [ 20.543996215000107, 49.370837704734235 ], [ 20.605284464000047, 49.400034888742127 ], [ 20.689517049000138, 49.400499976742161 ], [ 20.778297160000076, 49.331201880723405 ], [ 20.918960408000085, 49.29032582271239 ], [ 21.017248983000076, 49.352440894729256 ], [ 21.072542766000101, 49.357195126730502 ], [ 21.033268677000137, 49.399673153741979 ], [ 21.053525838000038, 49.414452612746004 ], [ 21.124942667000148, 49.423651018748451 ], [ 21.194085734000055, 49.400603329742303 ], [ 21.260541626000094, 49.449437557755495 ], [ 21.427869913000041, 49.409801734744754 ], [ 21.619899536000045, 49.423340959748366 ], [ 21.691729777000141, 49.402153622742674 ], [ 21.757565552000131, 49.348926897728319 ], [ 21.819577270000071, 49.377245582736023 ], [ 21.964477986000048, 49.308567603717314 ], [ 22.040752401000077, 49.197463274686889 ], [ 22.197952108000095, 49.17198679267986 ], [ 22.215935506000072, 49.139999081671071 ], [ 22.339442179000031, 49.126459856667374 ], [ 22.390085083000091, 49.093025204658069 ], [ 22.505013469000112, 49.083413388655394 ], [ 22.539636678000139, 49.072199602652375 ] ] ] } },
{ "type": "Feature", "properties": { "map_id": "MT" }, "geometry": { "type": "Point", "coordinates": [ 16.579059150333848, 37.064254573280429 ] } },
{ "type": "Feature", "properties": { "map_id": "CY" }, "geometry": { "type": "Point", "coordinates": [ 19.605154846056458, 36.80350525209375 ] } },
{ "type": "Feature", "properties": { "map_id": "IS" }, "geometry": { "type": "Point", "coordinates": [ -14.706581211997378, 62.461289646877546 ] } },
{ "type": "Feature", "properties": { "map_id": "AM" }, "geometry": { "type": "Point", "coordinates": [ 26.256703046079291, 41.587805278378653 ] } }
]
}
