{
"type": "FeatureCollection",
"name": "north_america",
"crs": { "type": "name", "properties": { "name": "urn:ogc:def:crs:OGC:1.3:CRS84" } },
"features": [
{ "type": "Feature", "properties": { "map_id": "MS" }, "geometry": { "type": "MultiPolygon", "coordinates": [ [ [ [ -88.502966, 30.215235 ], [ -88.453444, 30.201236 ], [ -88.413087, 30.206344 ], [ -88.453654, 30.196584 ], [ -88.502966, 30.215235 ] ] ], [ [ [ -88.579509, 30.329866 ], [ -88.56988, 30.341322 ], [ -88.567766, 30.329556 ], [ -88.579509, 30.329866 ] ] ], [ [ [ -88.770082, 30.242899 ], [ -88.718104, 30.252931 ], [ -88.586831, 30.221543 ], [ -88.714941, 30.243721 ], [ -88.770082, 30.242899 ] ] ], [ [ [ -88.874382, 30.385121 ], [ -88.829913, 30.371642 ], [ -88.818762, 30.36059 ], [ -88.874382, 30.385121 ] ] ], [ [ [ -88.893498, 30.232222 ], [ -88.888982, 30.239306 ], [ -88.879356, 30.242489 ], [ -88.893498, 30.232222 ] ] ], [ [ [ -88.974672, 30.207391 ], [ -88.951774, 30.213447 ], [ -88.949123, 30.212622 ], [ -88.974672, 30.207391 ] ] ], [ [ [ -89.156738, 30.230699 ], [ -89.077514, 30.230397 ], [ -89.067128, 30.250199 ], [ -89.068611, 30.235852 ], [ -89.088384, 30.210091 ], [ -89.156738, 30.230699 ] ] ], [ [ [ -91.655009, 31.251815 ], [ -91.512085, 31.284177 ], [ -91.546207, 31.38248 ], [ -91.578334, 31.399067 ], [ -91.565179, 31.423447 ], [ -91.540647, 31.430758 ], [ -91.515978, 31.370286 ], [ -91.472465, 31.371326 ], [ -91.522536, 31.522078 ], [ -91.443916, 31.542466 ], [ -91.403915, 31.589766 ], [ -91.488618, 31.587466 ], [ -91.512336, 31.634722 ], [ -91.401015, 31.620365 ], [ -91.371804, 31.742948 ], [ -91.263406, 31.754468 ], [ -91.286045, 31.772062 ], [ -91.365529, 31.761628 ], [ -91.345714, 31.842861 ], [ -91.293413, 31.86016 ], [ -91.282212, 31.814762 ], [ -91.255611, 31.812662 ], [ -91.267712, 31.86266 ], [ -91.18061, 31.917959 ], [ -91.18481, 31.965557 ], [ -91.075908, 32.016828 ], [ -91.16031, 32.070354 ], [ -91.139309, 32.081754 ], [ -91.080208, 32.048355 ], [ -91.081508, 32.077754 ], [ -91.006406, 32.139952 ], [ -91.002906, 32.162052 ], [ -91.058307, 32.180951 ], [ -91.053175, 32.124237 ], [ -91.162822, 32.132694 ], [ -91.164171, 32.196888 ], [ -91.039007, 32.242349 ], [ -90.995159, 32.19212 ], [ -90.979475, 32.293702 ], [ -90.922231, 32.298639 ], [ -90.875631, 32.372434 ], [ -90.912363, 32.339454 ], [ -90.993625, 32.354047 ], [ -90.96959, 32.43949 ], [ -91.052907, 32.438442 ], [ -91.116008, 32.48314 ], [ -91.093741, 32.549128 ], [ -91.038106, 32.49044 ], [ -90.987202, 32.495663 ], [ -91.080398, 32.556442 ], [ -91.010228, 32.601927 ], [ -91.014286, 32.640482 ], [ -91.119854, 32.584795 ], [ -91.153556, 32.626181 ], [ -91.054749, 32.719229 ], [ -91.165328, 32.751301 ], [ -91.145002, 32.84287 ], [ -91.064449, 32.901064 ], [ -91.086802, 32.976266 ], [ -91.135517, 32.979657 ], [ -91.15169, 32.901935 ], [ -91.213972, 32.927198 ], [ -91.120293, 33.055921 ], [ -91.20178, 33.125121 ], [ -91.089862, 33.139655 ], [ -91.091711, 33.220813 ], [ -91.045191, 33.265404 ], [ -91.072567, 33.285885 ], [ -91.106142, 33.241799 ], [ -91.143667, 33.328398 ], [ -91.057621, 33.445341 ], [ -91.086498, 33.451576 ], [ -91.140938, 33.380477 ], [ -91.208113, 33.402007 ], [ -91.117975, 33.453807 ], [ -91.167403, 33.498304 ], [ -91.177293, 33.443638 ], [ -91.235181, 33.438972 ], [ -91.182901, 33.502379 ], [ -91.231418, 33.560593 ], [ -91.130445, 33.606034 ], [ -91.229015, 33.677543 ], [ -91.160866, 33.707096 ], [ -91.09404, 33.658351 ], [ -91.03146, 33.678142 ], [ -91.059891, 33.714816 ], [ -91.117733, 33.705342 ], [ -91.146618, 33.732456 ], [ -91.132185, 33.78342 ], [ -91.023285, 33.762991 ], [ -90.988466, 33.78453 ], [ -91.073011, 33.857449 ], [ -91.010318, 33.929352 ], [ -91.087921, 33.975335 ], [ -91.01889, 34.003151 ], [ -91.000108, 33.966428 ], [ -90.967632, 33.963324 ], [ -90.987948, 34.019038 ], [ -90.89242, 34.02686 ], [ -90.870528, 34.080516 ], [ -90.946323, 34.109374 ], [ -90.9543, 34.138498 ], [ -90.91001, 34.165508 ], [ -90.847168, 34.136884 ], [ -90.807813, 34.161474 ], [ -90.816572, 34.183023 ], [ -90.9118, 34.193897 ], [ -90.933511, 34.240218 ], [ -90.847808, 34.20653 ], [ -90.828267, 34.27365 ], [ -90.743082, 34.302257 ], [ -90.765764, 34.362109 ], [ -90.676245, 34.371111 ], [ -90.693129, 34.32257 ], [ -90.661395, 34.315398 ], [ -90.658542, 34.375705 ], [ -90.571145, 34.420319 ], [ -90.588942, 34.491097 ], [ -90.540736, 34.548085 ], [ -90.587224, 34.615732 ], [ -90.588419, 34.670963 ], [ -90.549856, 34.695478 ], [ -90.554129, 34.640871 ], [ -90.532188, 34.627487 ], [ -90.466041, 34.674312 ], [ -90.471185, 34.699066 ], [ -90.538974, 34.698783 ], [ -90.568081, 34.724802 ], [ -90.522892, 34.802265 ], [ -90.500994, 34.771187 ], [ -90.520181, 34.731902 ], [ -90.452479, 34.739898 ], [ -90.479872, 34.883264 ], [ -90.438313, 34.884581 ], [ -90.414864, 34.831846 ], [ -90.34038, 34.860357 ], [ -90.307384, 34.846195 ], [ -90.313476, 34.871698 ], [ -90.250095, 34.90732 ], [ -90.244476, 34.937596 ], [ -90.309297, 34.995694 ], [ -88.200064, 34.995634 ], [ -88.154617, 34.922392 ], [ -88.097888, 34.892202 ], [ -88.473227, 31.893856 ], [ -88.390746, 30.352075 ], [ -88.446838, 30.357407 ], [ -88.480117, 30.318345 ], [ -88.579483, 30.34419 ], [ -88.588194, 30.368751 ], [ -88.613006, 30.353964 ], [ -88.612263, 30.373403 ], [ -88.728893, 30.342671 ], [ -88.857786, 30.430188 ], [ -88.857741, 30.388086 ], [ -88.998902, 30.387373 ], [ -89.285744, 30.303097 ], [ -89.268734, 30.340588 ], [ -89.335942, 30.374016 ], [ -89.365285, 30.353102 ], [ -89.322545, 30.314896 ], [ -89.419348, 30.25432 ], [ -89.444307, 30.187779 ], [ -89.570154, 30.180297 ], [ -89.647178, 30.289367 ], [ -89.629727, 30.339287 ], [ -89.683686, 30.405873 ], [ -89.68341, 30.451793 ], [ -89.803919, 30.549349 ], [ -89.786865, 30.569053 ], [ -89.830825, 30.617649 ], [ -89.813977, 30.63818 ], [ -89.852263, 30.662934 ], [ -89.816075, 30.739366 ], [ -89.830418, 30.779842 ], [ -89.781168, 30.820123 ], [ -89.79247, 30.850386 ], [ -89.744789, 30.918933 ], [ -89.729616, 31.003927 ], [ -91.636942, 30.999416 ], [ -91.559907, 31.054119 ], [ -91.626476, 31.119125 ], [ -91.590051, 31.193693 ], [ -91.655009, 31.251815 ] ] ] ] } },
{ "type": "Feature", "properties": { "map_id": "NC" }, "geometry": { "type": "MultiPolygon", "coordinates": [ [ [ [ -75.726807, 35.935844 ], [ -75.64512, 35.905788 ], [ -75.620454, 35.809253 ], [ -75.675054, 35.830204 ], [ -75.663356, 35.869835 ], [ -75.726807, 35.935844 ] ] ], [ [ [ -75.756134, 35.189554914798201 ], [ -75.681027, 35.233347 ], [ -75.641335, 35.228687 ], [ -75.595463, 35.269255 ], [ -75.521782, 35.271777 ], [ -75.469017, 35.586682 ], [ -75.523446, 35.773568 ], [ -75.460621, 35.576975 ], [ -75.527962, 35.220921 ], [ -75.602238, 35.232636 ], [ -75.756134, 35.189554914798201 ] ] ], [ [ [ -76.00292, 35.067932 ], [ -75.982242, 35.120439 ], [ -75.77142, 35.189619 ], [ -76.00292, 35.067932 ] ] ], [ [ [ -76.271213, 35.310305 ], [ -76.274184, 35.330182 ], [ -76.262399, 35.31386 ], [ -76.271213, 35.310305 ] ] ], [ [ [ -76.322627, 34.848099 ], [ -76.075916, 35.069929 ], [ -76.037792, 35.061914 ], [ -76.322627, 34.848099 ] ] ], [ [ [ -76.544002, 34.701246 ], [ -76.521898, 34.709648 ], [ -76.522849, 34.699097 ], [ -76.544002, 34.701246 ] ] ], [ [ [ -76.553628, 34.623165 ], [ -76.532237, 34.61049 ], [ -76.438116, 34.761292 ], [ -76.33753, 34.838813 ], [ -76.53547, 34.591552 ], [ -76.553628, 34.623165 ] ] ], [ [ [ -76.581556, 34.699097 ], [ -76.56064, 34.710039 ], [ -76.525701, 34.685222 ], [ -76.581556, 34.699097 ] ] ], [ [ [ -76.665486, 34.689743 ], [ -76.58928, 34.67197 ], [ -76.530241, 34.643582 ], [ -76.528815, 34.631536 ], [ -76.665486, 34.689743 ] ] ], [ [ [ -77.098513987700088, 34.646888298414495 ], [ -77.014632, 34.676035 ], [ -76.822206, 34.704724 ], [ -76.675986, 34.69769 ], [ -77.098513987700088, 34.646888298414495 ] ] ], [ [ [ -77.169219, 34.622383 ], [ -77.121207, 34.647962 ], [ -77.110369, 34.645146 ], [ -77.169219, 34.622383 ] ] ], [ [ [ -77.226927, 34.596717 ], [ -77.202399, 34.612837 ], [ -77.179487, 34.620427 ], [ -77.226927, 34.596717 ] ] ], [ [ [ -84.321869, 34.988408 ], [ -84.29024, 35.225572 ], [ -84.223718, 35.269078 ], [ -84.188417, 35.239979 ], [ -84.052612, 35.269982 ], [ -84.02141, 35.301383 ], [ -84.023007, 35.411684 ], [ -83.880074, 35.518745 ], [ -83.82559, 35.523829 ], [ -83.771736, 35.562118 ], [ -83.608889, 35.579451 ], [ -83.498335, 35.562981 ], [ -83.35156, 35.659858 ], [ -83.297154, 35.65775 ], [ -83.251247, 35.719916 ], [ -83.185685, 35.72989 ], [ -83.159208, 35.764892 ], [ -83.07403, 35.790016 ], [ -82.992053, 35.773948 ], [ -82.897273, 35.877882 ], [ -82.92001, 35.928422 ], [ -82.874159, 35.952698 ], [ -82.804997, 35.927168 ], [ -82.776001, 36.000103 ], [ -82.637165, 36.065805 ], [ -82.590963, 36.033606 ], [ -82.610889, 35.967409 ], [ -82.557874, 35.953901 ], [ -82.460658, 36.007809 ], [ -82.355157, 36.115609 ], [ -82.247521, 36.130865 ], [ -82.213852, 36.159112 ], [ -82.147948, 36.149516 ], [ -82.127146, 36.104417 ], [ -82.033141, 36.120422 ], [ -81.908137, 36.302013 ], [ -81.793597, 36.362209 ], [ -81.707438, 36.335171 ], [ -81.741995, 36.41096 ], [ -81.695311, 36.467912 ], [ -81.707963, 36.536209 ], [ -81.677535, 36.588117 ], [ -80.122183, 36.542646 ], [ -75.867044, 36.550754 ], [ -75.772511, 36.22944 ], [ -75.533013, 35.787377 ], [ -75.570477, 35.808826 ], [ -75.644539, 35.964417 ], [ -75.72983, 36.007285 ], [ -75.706418, 36.039196 ], [ -75.737089, 36.040784 ], [ -75.767264, 36.204978 ], [ -75.850809, 36.319678 ], [ -75.82205, 36.328008 ], [ -75.843322, 36.419961 ], [ -75.888326, 36.441583 ], [ -75.899909, 36.482124 ], [ -75.989792, 36.493943 ], [ -76.002627, 36.537114 ], [ -76.030673, 36.538832 ], [ -76.03195, 36.482496 ], [ -75.956279, 36.400833 ], [ -75.923602, 36.425788 ], [ -75.923332, 36.361863 ], [ -75.882155, 36.284674 ], [ -75.855978, 36.282517 ], [ -75.869288, 36.246297 ], [ -75.793975, 36.07171 ], [ -75.847786, 36.10199 ], [ -75.922345, 36.244122 ], [ -75.964621, 36.254433 ], [ -75.924655, 36.163591 ], [ -76.016985, 36.186367 ], [ -76.115525, 36.27811 ], [ -76.185402, 36.301099 ], [ -76.17233, 36.263355 ], [ -76.080107, 36.19944 ], [ -76.064225, 36.143775 ], [ -76.187542, 36.125442 ], [ -76.277147, 36.19088 ], [ -76.191716, 36.107197 ], [ -76.233722, 36.097855 ], [ -76.373572, 36.138208 ], [ -76.454694, 36.192799 ], [ -76.381964, 36.122946 ], [ -76.304005, 36.094527 ], [ -76.411198, 36.080698 ], [ -76.460321, 36.024137 ], [ -76.514114, 36.006516 ], [ -76.580426, 36.010554 ], [ -76.606809, 36.054185 ], [ -76.652234, 36.035285 ], [ -76.691898, 36.06629 ], [ -76.718906, 36.200978 ], [ -76.672171, 36.271978 ], [ -76.699979, 36.285391 ], [ -76.753457, 36.176684 ], [ -76.681915, 35.989595 ], [ -76.726599, 35.943234 ], [ -76.553806, 35.940155 ], [ -76.399552, 35.982094 ], [ -76.367227, 35.934382 ], [ -76.170524, 35.994523 ], [ -76.053966, 35.987095 ], [ -76.011421, 35.954201 ], [ -76.065374, 35.833861 ], [ -76.038041, 35.645765 ], [ -75.982899, 35.772561 ], [ -75.986053, 35.888993 ], [ -75.921578, 35.935921 ], [ -75.947294, 35.959835 ], [ -75.836284, 35.970501 ], [ -75.782499, 35.93342 ], [ -75.728022, 35.824513 ], [ -75.742367, 35.774875 ], [ -75.717173, 35.693651 ], [ -75.740228, 35.681875 ], [ -75.767324, 35.705618 ], [ -75.779683, 35.684964 ], [ -75.734762, 35.625675 ], [ -75.797249, 35.574276 ], [ -75.89068, 35.602101 ], [ -75.880935, 35.575235 ], [ -75.978383, 35.512962 ], [ -75.963054, 35.493903 ], [ -76.021166, 35.411328 ], [ -76.058482, 35.433602 ], [ -76.070841, 35.370638 ], [ -76.136916, 35.358039 ], [ -76.157356, 35.327019 ], [ -76.249814, 35.367731 ], [ -76.278811, 35.342918 ], [ -76.344886, 35.392535 ], [ -76.341558, 35.342337 ], [ -76.376022, 35.335551 ], [ -76.389332, 35.360365 ], [ -76.411911, 35.346408 ], [ -76.419992, 35.374902 ], [ -76.361523, 35.373739 ], [ -76.395511, 35.431665 ], [ -76.438294, 35.388273 ], [ -76.480838, 35.404548 ], [ -76.472274, 35.371375 ], [ -76.532177, 35.401254 ], [ -76.587081, 35.508899 ], [ -76.485354, 35.506578 ], [ -76.465389, 35.558414 ], [ -76.496039, 35.533565 ], [ -76.599203, 35.53985 ], [ -76.637945, 35.512962 ], [ -76.597382, 35.481932 ], [ -76.577559, 35.387576 ], [ -76.662901, 35.425467 ], [ -76.759235, 35.418906 ], [ -76.817155, 35.451997 ], [ -76.906047, 35.459354 ], [ -77.053171, 35.535208 ], [ -76.96618, 35.433989 ], [ -76.925023, 35.448802 ], [ -76.658861, 35.341561 ], [ -76.484166, 35.313638 ], [ -76.498157, 35.279554 ], [ -76.469733, 35.280886 ], [ -76.49605, 35.216995 ], [ -76.565452, 35.229227 ], [ -76.521006, 35.20612 ], [ -76.526711, 35.184755 ], [ -76.586368, 35.202042 ], [ -76.634142, 35.174264 ], [ -76.539545, 35.15464 ], [ -76.569493, 35.09846 ], [ -76.803607, 34.963781 ], [ -76.987572, 35.065589 ], [ -77.059589, 35.146866 ], [ -76.935757, 34.97313 ], [ -76.760825, 34.915851 ], [ -76.657434, 34.982478 ], [ -76.578525, 34.976246 ], [ -76.51157, 35.005075 ], [ -76.484166, 34.988125 ], [ -76.463469, 35.076411 ], [ -76.422607, 35.026672 ], [ -76.422845, 34.95073 ], [ -76.38743, 34.95112 ], [ -76.381488, 34.979168 ], [ -76.319454, 34.965924 ], [ -76.364138, 35.036597 ], [ -76.246962, 34.987347 ], [ -76.305668, 34.991436 ], [ -76.279524, 34.941378 ], [ -76.297604, 34.923658 ], [ -76.340845, 34.93339 ], [ -76.314087, 34.906322 ], [ -76.382201, 34.856971 ], [ -76.402404, 34.886611 ], [ -76.412149, 34.832198 ], [ -76.485354, 34.754905 ], [ -76.514114, 34.754319 ], [ -76.512687, 34.720333 ], [ -76.575673, 34.721701 ], [ -76.575673, 34.768378 ], [ -76.604432, 34.789852 ], [ -76.619365, 34.704193 ], [ -76.84193, 34.729352 ], [ -77.083332, 34.673234 ], [ -77.125864, 34.685242 ], [ -77.308967, 34.54329 ], [ -77.582324, 34.400506 ], [ -77.740137, 34.272546 ], [ -77.82921, 34.162618 ], [ -77.962794, 33.842316 ], [ -78.005408, 33.860127 ], [ -77.998753, 33.880256 ], [ -78.071508, 33.90163 ], [ -78.239522, 33.915767 ], [ -78.387122, 33.901959 ], [ -78.54203, 33.851924 ], [ -79.675299, 34.804744 ], [ -80.797543, 34.819786 ], [ -80.782042, 34.935782 ], [ -80.93495, 35.107409 ], [ -81.041489, 35.044703 ], [ -81.043625, 35.149877 ], [ -82.27492, 35.200071 ], [ -82.371298, 35.181449 ], [ -82.39293, 35.215402 ], [ -82.439595, 35.165863 ], [ -82.460092, 35.178143 ], [ -82.681443, 35.127918 ], [ -82.757704, 35.068019 ], [ -82.787867, 35.085024 ], [ -83.108606, 35.000659 ], [ -84.321869, 34.988408 ] ] ] ] } },
{ "type": "Feature", "properties": { "map_id": "OK" }, "geometry": { "type": "Polygon", "coordinates": [ [ [ -103.002434, 36.500397 ], [ -103.002199, 37.000104 ], [ -94.617964, 36.998905 ], [ -94.617919, 36.499414 ], [ -94.430662, 35.392478 ], [ -94.487514, 33.628939 ], [ -94.569523, 33.627832 ], [ -94.543844, 33.657098 ], [ -94.588096, 33.643799 ], [ -94.560353, 33.665352 ], [ -94.588325, 33.685758 ], [ -94.59797, 33.663381 ], [ -94.622379, 33.682428 ], [ -94.665892, 33.662349 ], [ -94.645251, 33.674363 ], [ -94.644322, 33.701666 ], [ -94.713422, 33.687363 ], [ -94.701729, 33.703413 ], [ -94.727867, 33.715565 ], [ -94.735856, 33.691625 ], [ -94.753776, 33.705247 ], [ -94.734975, 33.726112 ], [ -94.788202, 33.73633 ], [ -94.76444, 33.760178 ], [ -94.800079, 33.733382 ], [ -94.821783, 33.768752 ], [ -94.822051, 33.733114 ], [ -94.8693, 33.745871 ], [ -94.868676, 33.769824 ], [ -94.921955, 33.791599 ], [ -94.914764, 33.824487 ], [ -94.947874, 33.808356 ], [ -94.968895, 33.860916 ], [ -95.046568, 33.862565 ], [ -95.06569, 33.915966 ], [ -95.089607, 33.880857 ], [ -95.082387, 33.921758 ], [ -95.122038, 33.904795 ], [ -95.1247, 33.934675 ], [ -95.217633, 33.962646 ], [ -95.289302, 33.873103 ], [ -95.440928, 33.866429 ], [ -95.461673, 33.886998 ], [ -95.502304, 33.874742 ], [ -95.510739, 33.897877 ], [ -95.545197, 33.880294 ], [ -95.554478, 33.928072 ], [ -95.593827, 33.943031 ], [ -95.629055, 33.90587 ], [ -95.756367, 33.892625 ], [ -95.770556, 33.845269 ], [ -95.805149, 33.861304 ], [ -95.837516, 33.83564 ], [ -95.929561, 33.885 ], [ -95.984253, 33.852664 ], [ -96.003406, 33.872344 ], [ -96.019599, 33.840566 ], [ -96.023907, 33.857067 ], [ -96.048834, 33.836468 ], [ -96.14807, 33.837799 ], [ -96.178964, 33.810553 ], [ -96.156355, 33.813349 ], [ -96.178059, 33.760518 ], [ -96.229023, 33.748021 ], [ -96.293708, 33.769409 ], [ -96.316925, 33.698997 ], [ -96.348306, 33.686379 ], [ -96.422643, 33.776041 ], [ -96.500268, 33.772583 ], [ -96.526655, 33.820891 ], [ -96.62929, 33.845488 ], [ -96.587934, 33.894784 ], [ -96.667187, 33.91694 ], [ -96.699574, 33.839049 ], [ -96.761588, 33.824406 ], [ -96.794276, 33.868886 ], [ -96.832157, 33.874835 ], [ -96.850593, 33.847211 ], [ -96.875281, 33.860505 ], [ -96.9163, 33.957798 ], [ -96.973807, 33.935697 ], [ -96.981337, 33.956378 ], [ -96.985567, 33.886522 ], [ -97.017857, 33.850142 ], [ -97.089464, 33.849847 ], [ -97.048146, 33.817456 ], [ -97.092112, 33.804097 ], [ -97.086195, 33.743933 ], [ -97.126102, 33.716941 ], [ -97.192817, 33.761169 ], [ -97.203514, 33.821825 ], [ -97.166629, 33.847311 ], [ -97.210921, 33.916064 ], [ -97.244946, 33.903092 ], [ -97.256625, 33.863286 ], [ -97.310143, 33.888532 ], [ -97.328729, 33.855434 ], [ -97.332457, 33.884253 ], [ -97.365507, 33.823763 ], [ -97.426493, 33.819398 ], [ -97.462857, 33.841772 ], [ -97.460376, 33.903948 ], [ -97.50096, 33.919643 ], [ -97.581078, 33.899679 ], [ -97.590422, 33.954104 ], [ -97.671772, 33.99137 ], [ -97.834333, 33.857671 ], [ -97.871447, 33.849001 ], [ -97.967777, 33.88243 ], [ -97.98454, 33.900703 ], [ -97.957155, 33.914454 ], [ -97.974173, 33.942832 ], [ -97.94573, 33.989839 ], [ -98.088203, 34.005481 ], [ -98.106261, 34.034154 ], [ -98.083839, 34.041719 ], [ -98.120208, 34.072127 ], [ -98.089755, 34.128211 ], [ -98.109462, 34.154111 ], [ -98.16912, 34.114171 ], [ -98.365621, 34.156993 ], [ -98.416089, 34.084143 ], [ -98.486328, 34.062598 ], [ -98.599789, 34.160571 ], [ -98.757037, 34.124633 ], [ -98.812954, 34.158444 ], [ -98.868116, 34.149635 ], [ -98.987294, 34.221223 ], [ -99.043471, 34.198208 ], [ -99.189511, 34.214312 ], [ -99.206905, 34.338277 ], [ -99.274858, 34.384922 ], [ -99.261321, 34.403499 ], [ -99.319606, 34.408869 ], [ -99.36961, 34.458699 ], [ -99.40296, 34.373481 ], [ -99.569696, 34.418418 ], [ -99.600026, 34.374688 ], [ -99.69497, 34.378333 ], [ -99.923211, 34.574552 ], [ -100.000381, 34.560509 ], [ -100.000406, 36.499702 ], [ -103.002434, 36.500397 ] ] ] } },
{ "type": "Feature", "properties": { "map_id": "VA" }, "geometry": { "type": "MultiPolygon", "coordinates": [ [ [ [ -75.740497, 37.801242 ], [ -75.735149, 37.806406 ], [ -75.735149, 37.800397 ], [ -75.740497, 37.801242 ] ] ], [ [ [ -75.854108, 37.700136 ], [ -75.850781, 37.705495 ], [ -75.848998, 37.701828 ], [ -75.854108, 37.700136 ] ] ], [ [ [ -75.857792, 37.683397 ], [ -75.86314, 37.690826 ], [ -75.860526, 37.693083 ], [ -75.857792, 37.683397 ] ] ], [ [ [ -75.896415, 37.802087 ], [ -75.894157, 37.805655 ], [ -75.891778, 37.796176 ], [ -75.896415, 37.802087 ] ] ], [ [ [ -75.903189, 37.895551 ], [ -75.898792, 37.897614 ], [ -75.900575, 37.893769 ], [ -75.903189, 37.895551 ] ] ], [ [ [ -75.988278, 37.807439 ], [ -75.996859, 37.85042 ], [ -75.973542, 37.833536 ], [ -75.988278, 37.807439 ] ] ], [ [ [ -76.002301, 37.86197 ], [ -76.004203, 37.870508 ], [ -75.999806, 37.860281 ], [ -76.002301, 37.86197 ] ] ], [ [ [ -76.024799439430893, 37.262685589957293 ], [ -75.923582, 37.60176 ], [ -75.905447, 37.626145 ], [ -75.877282, 37.611649 ], [ -75.889404, 37.651084 ], [ -75.845908, 37.669758 ], [ -75.837685, 37.712985 ], [ -75.795045, 37.726741 ], [ -75.831984, 37.728119 ], [ -75.78732, 37.757095 ], [ -75.816396, 37.789344 ], [ -75.784599, 37.806826 ], [ -75.733367, 37.785934 ], [ -75.70938, 37.845836 ], [ -75.67264, 37.846957 ], [ -75.688445, 37.899021 ], [ -75.742009, 37.896812 ], [ -75.756897, 37.901553 ], [ -75.714947, 37.937365 ], [ -75.643049, 37.936334 ], [ -75.624341, 37.994211 ], [ -75.242266, 38.027209 ], [ -75.349871, 37.877309 ], [ -75.368053, 37.860141 ], [ -75.384794, 37.851469 ], [ -75.397459, 37.875514 ], [ -75.366389, 37.86577 ], [ -75.352485, 37.88969 ], [ -75.406438, 37.899443 ], [ -75.520881, 37.796687 ], [ -75.587075, 37.689651 ], [ -75.602168, 37.567107 ], [ -75.69106, 37.473605 ], [ -75.659211, 37.446626 ], [ -75.743587, 37.328502 ], [ -75.798448, 37.296285 ], [ -75.832004, 37.174975 ], [ -75.897298, 37.118037 ], [ -75.965699, 37.118139 ], [ -75.949581, 37.085142 ], [ -75.97996, 37.09217 ], [ -75.976513, 37.154424 ], [ -76.024799439430893, 37.262685589957293 ] ] ], [ [ [ -76.02843, 37.920501 ], [ -76.041402, 37.954006 ], [ -75.993905, 37.953489 ], [ -76.02843, 37.920501 ] ] ], [ [ [ -76.419145, 37.591844 ], [ -76.417876, 37.598596 ], [ -76.417362, 37.591656 ], [ -76.419145, 37.591844 ] ] ], [ [ [ -83.674614, 36.603082 ], [ -83.529612, 36.666184 ], [ -83.423707, 36.667385 ], [ -83.136395, 36.743088 ], [ -83.133231, 36.784585 ], [ -83.07259, 36.854589 ], [ -83.009222, 36.847295 ], [ -82.878569, 36.889585 ], [ -82.867535, 36.977518 ], [ -82.722472, 37.045101 ], [ -82.722097, 37.120168 ], [ -82.498858, 37.227044 ], [ -82.350948, 37.267077 ], [ -81.968012, 37.538035 ], [ -81.926736, 37.51304 ], [ -81.996075, 37.471526 ], [ -81.935621, 37.438397 ], [ -81.925643, 37.357316 ], [ -81.849949, 37.285227 ], [ -81.757631, 37.274003 ], [ -81.67821, 37.201483 ], [ -81.5536, 37.208443 ], [ -81.498874, 37.258025 ], [ -81.416663, 37.273214 ], [ -81.362156, 37.337687 ], [ -81.225104, 37.234874 ], [ -81.09482, 37.28264 ], [ -80.947896, 37.295872 ], [ -80.849451, 37.346909 ], [ -80.883248, 37.383933 ], [ -80.859556, 37.429568 ], [ -80.770082, 37.372363 ], [ -80.552036, 37.473563 ], [ -80.511391, 37.481672 ], [ -80.475601, 37.422949 ], [ -80.309331, 37.50288 ], [ -80.282385, 37.533517 ], [ -80.330306, 37.536244 ], [ -80.328504, 37.564315 ], [ -80.220984, 37.627767 ], [ -80.267455, 37.646108 ], [ -80.296138, 37.691783 ], [ -80.252227, 37.727261 ], [ -80.257411, 37.756084 ], [ -80.215658, 37.777481 ], [ -80.227092, 37.798886 ], [ -80.162202, 37.875122 ], [ -79.999384, 37.995842 ], [ -79.92633, 38.107151 ], [ -79.944843, 38.131585 ], [ -79.91441, 38.188418 ], [ -79.788945, 38.268703 ], [ -79.810154, 38.306707 ], [ -79.764432, 38.356514 ], [ -79.725597, 38.363828 ], [ -79.649075, 38.591515 ], [ -79.53687, 38.550917 ], [ -79.476638, 38.457228 ], [ -79.282971, 38.418095 ], [ -79.210591, 38.492913 ], [ -79.129757, 38.655017 ], [ -79.092955, 38.659517 ], [ -79.054954, 38.785713 ], [ -78.998171, 38.847353 ], [ -78.869276, 38.762991 ], [ -78.786025, 38.887187 ], [ -78.717076, 38.936028 ], [ -78.718647, 38.904561 ], [ -78.680456, 38.925313 ], [ -78.625672, 38.982575 ], [ -78.601655, 38.964603 ], [ -78.550467, 39.018065 ], [ -78.571901, 39.031995 ], [ -78.403697, 39.167451 ], [ -78.438651, 39.198049 ], [ -78.339284, 39.348605 ], [ -78.366867, 39.35929 ], [ -78.343214, 39.388807 ], [ -78.347087, 39.466012 ], [ -77.828157, 39.132329 ], [ -77.730047, 39.315666 ], [ -77.566596, 39.306121 ], [ -77.540581, 39.264947 ], [ -77.45768, 39.22502 ], [ -77.516426, 39.170891 ], [ -77.519929, 39.120925 ], [ -77.458202, 39.073723 ], [ -77.340287, 39.062991 ], [ -77.248403, 39.026909 ], [ -77.244621, 38.982535 ], [ -77.146601, 38.96421 ], [ -77.040599, 38.871212 ], [ -77.043254, 38.719011 ], [ -77.122001, 38.685816 ], [ -77.1302, 38.635017 ], [ -77.201969, 38.617675 ], [ -77.194337, 38.652743 ], [ -77.235931, 38.660074 ], [ -77.257044, 38.56045 ], [ -77.322622, 38.467131 ], [ -77.317288, 38.383576 ], [ -77.240098, 38.330988 ], [ -77.08481, 38.368297 ], [ -77.041524, 38.400186 ], [ -77.011827, 38.374554 ], [ -77.014907, 38.332763 ], [ -77.056483, 38.317112 ], [ -76.96215, 38.256486 ], [ -76.962311, 38.214075 ], [ -76.838795, 38.163476 ], [ -76.760241, 38.166581 ], [ -76.732763, 38.131793 ], [ -76.700649, 38.160156 ], [ -76.639712, 38.121977 ], [ -76.643448, 38.14825 ], [ -76.612113, 38.14889 ], [ -76.600937, 38.110084 ], [ -76.520847, 38.045994 ], [ -76.555098, 38.024588 ], [ -76.469343, 38.013544 ], [ -76.473098, 37.984884 ], [ -76.236725, 37.889174 ], [ -76.266057, 37.8174 ], [ -76.312189, 37.814119 ], [ -76.315279, 37.782004 ], [ -76.285546, 37.784087 ], [ -76.322053, 37.737 ], [ -76.302444, 37.690935 ], [ -76.334412, 37.68454 ], [ -76.339892, 37.655966 ], [ -76.331798, 37.629783 ], [ -76.305891, 37.641077 ], [ -76.280077, 37.615145 ], [ -76.361887, 37.609017 ], [ -76.45548, 37.651074 ], [ -76.468701, 37.695731 ], [ -76.510187, 37.642324 ], [ -76.58429, 37.770859 ], [ -76.726143, 37.836227 ], [ -76.871212, 37.985914 ], [ -76.912925, 38.000712 ], [ -76.927185, 37.984978 ], [ -76.877391, 37.970458 ], [ -76.889632, 37.952843 ], [ -76.79456, 37.895191 ], [ -76.723863, 37.788503 ], [ -76.616657, 37.741887 ], [ -76.542666, 37.616857 ], [ -76.433285, 37.614013 ], [ -76.425087, 37.584405 ], [ -76.298032, 37.559867 ], [ -76.360474, 37.51924 ], [ -76.321696, 37.485738 ], [ -76.288167, 37.514118 ], [ -76.264297, 37.476873 ], [ -76.310288, 37.491113 ], [ -76.252413, 37.436592 ], [ -76.276214, 37.310829 ], [ -76.412893, 37.41808 ], [ -76.409857, 37.368676 ], [ -76.454844, 37.388154 ], [ -76.46958, 37.370589 ], [ -76.403676, 37.338663 ], [ -76.438563, 37.313806 ], [ -76.394711, 37.312861 ], [ -76.354554, 37.272331 ], [ -76.509035, 37.239479 ], [ -76.471799, 37.216016 ], [ -76.38663, 37.227841 ], [ -76.412299, 37.16148 ], [ -76.33945, 37.169151 ], [ -76.299282, 37.130125 ], [ -76.271355, 37.087572 ], [ -76.304272, 37.001378 ], [ -76.340666, 37.015246 ], [ -76.425253, 36.966415 ], [ -76.560255, 37.111268 ], [ -76.557117, 37.076228 ], [ -76.627756, 37.125862 ], [ -76.606509, 37.166146 ], [ -76.649869, 37.220914 ], [ -76.758242, 37.215539 ], [ -76.734995, 37.203161 ], [ -76.75047, 37.190098 ], [ -76.798885, 37.234749 ], [ -76.869522, 37.242157 ], [ -76.872209, 37.26275 ], [ -76.947078, 37.228031 ], [ -76.898354, 37.199165 ], [ -76.801023, 37.206043 ], [ -76.73728, 37.146164 ], [ -76.686581, 37.197271 ], [ -76.663774, 37.173875 ], [ -76.66626, 37.050212 ], [ -76.586491, 37.02874 ], [ -76.579388, 36.998787 ], [ -76.489188, 36.959674 ], [ -76.483365, 36.878154 ], [ -76.441605, 36.906116 ], [ -76.39067, 36.895739 ], [ -76.384134, 36.924435 ], [ -76.318059, 36.885189 ], [ -76.330207, 36.942061 ], [ -76.325665, 36.963187 ], [ -76.300471, 36.95635 ], [ -76.301285, 36.987295 ], [ -76.228561, 36.941947 ], [ -76.093452, 36.907998 ], [ -76.033454, 36.931946 ], [ -75.996252, 36.922047 ], [ -75.867044, 36.550754 ], [ -80.122183, 36.542646 ], [ -81.677535, 36.588117 ], [ -81.6469, 36.611918 ], [ -81.922644, 36.616213 ], [ -81.934144, 36.594213 ], [ -83.674614, 36.603082 ] ] ] ] } },
{ "type": "Feature", "properties": { "map_id": "WV" }, "geometry": { "type": "Polygon", "coordinates": [ [ [ -82.643198103667899, 38.169089796073692 ], [ -82.611343, 38.171548 ], [ -82.61226, 38.236087 ], [ -82.574656, 38.263873 ], [ -82.597979, 38.344909 ], [ -82.59348, 38.421821 ], [ -82.540199, 38.403666 ], [ -82.330335, 38.4445 ], [ -82.291271, 38.578983 ], [ -82.177267, 38.603784 ], [ -82.182467, 38.708782 ], [ -82.221566, 38.787187 ], [ -82.144867, 38.84048 ], [ -82.143167, 38.898079 ], [ -82.035963, 39.025478 ], [ -81.933186, 38.987659 ], [ -81.89847, 38.929603 ], [ -81.928, 38.893492 ], [ -81.898541, 38.874582 ], [ -81.855971, 38.892734 ], [ -81.827354, 38.945898 ], [ -81.762659, 38.924121 ], [ -81.78182, 38.964935 ], [ -81.764253, 39.015279 ], [ -81.813855, 39.079278 ], [ -81.747253, 39.095378 ], [ -81.755754, 39.180976 ], [ -81.692395, 39.226443 ], [ -81.683627, 39.270939 ], [ -81.570247, 39.267675 ], [ -81.557547, 39.338774 ], [ -81.456143, 39.409274 ], [ -81.412706, 39.394618 ], [ -81.375961, 39.341697 ], [ -81.217315, 39.38759 ], [ -80.970436, 39.590127 ], [ -80.88036, 39.620706 ], [ -80.863698, 39.691724 ], [ -80.829764, 39.711839 ], [ -80.869092, 39.766364 ], [ -80.790761, 39.86728 ], [ -80.806018, 39.91713 ], [ -80.756432, 39.91393 ], [ -80.738604, 40.075672 ], [ -80.599895, 40.317669 ], [ -80.633596, 40.390467 ], [ -80.595494, 40.475266 ], [ -80.667781, 40.578096 ], [ -80.627171, 40.619936 ], [ -80.576736, 40.614224 ], [ -80.518991, 40.638801 ], [ -80.519342, 39.721403 ], [ -79.476662, 39.721078 ], [ -79.486873, 39.205961 ], [ -79.425627, 39.225725 ], [ -79.346011, 39.29396 ], [ -79.290236, 39.299323 ], [ -79.256308, 39.357227 ], [ -79.162052, 39.388321 ], [ -79.160148, 39.41638 ], [ -79.143751, 39.405202 ], [ -79.110602, 39.4327 ], [ -79.10319, 39.476004 ], [ -79.04705, 39.483351 ], [ -78.956751, 39.440264 ], [ -78.893317, 39.523756 ], [ -78.816764, 39.561691 ], [ -78.826009, 39.588829 ], [ -78.76584, 39.648487 ], [ -78.778477, 39.62265 ], [ -78.733759, 39.613931 ], [ -78.778141, 39.601364 ], [ -78.689455, 39.54577 ], [ -78.471166, 39.516103 ], [ -78.460224, 39.551184 ], [ -78.417586, 39.547155 ], [ -78.457187, 39.587379 ], [ -78.395317, 39.584215 ], [ -78.43025, 39.62329 ], [ -78.374732, 39.608635 ], [ -78.355218, 39.640576 ], [ -78.265088, 39.619274 ], [ -78.231564, 39.674382 ], [ -78.171361, 39.695612 ], [ -78.077525, 39.66888 ], [ -78.009985, 39.602893 ], [ -77.957642, 39.608614 ], [ -77.946182, 39.584814 ], [ -77.94194, 39.61879 ], [ -77.888477, 39.597343 ], [ -77.885124, 39.615775 ], [ -77.838008, 39.606125 ], [ -77.83633, 39.56637 ], [ -77.888648, 39.558054 ], [ -77.866132, 39.517661 ], [ -77.833509, 39.532628 ], [ -77.845666, 39.498628 ], [ -77.765993, 39.495724 ], [ -77.796695, 39.480498 ], [ -77.777815, 39.461924 ], [ -77.803249, 39.437136 ], [ -77.75309, 39.423262 ], [ -77.735905, 39.389665 ], [ -77.761115, 39.339757 ], [ -77.719519, 39.321314 ], [ -77.828157, 39.132329 ], [ -78.347087, 39.466012 ], [ -78.343214, 39.388807 ], [ -78.366867, 39.35929 ], [ -78.339284, 39.348605 ], [ -78.438651, 39.198049 ], [ -78.403697, 39.167451 ], [ -78.571901, 39.031995 ], [ -78.550467, 39.018065 ], [ -78.601655, 38.964603 ], [ -78.625672, 38.982575 ], [ -78.680456, 38.925313 ], [ -78.718647, 38.904561 ], [ -78.717076, 38.936028 ], [ -78.786025, 38.887187 ], [ -78.869276, 38.762991 ], [ -78.998171, 38.847353 ], [ -79.054954, 38.785713 ], [ -79.092955, 38.659517 ], [ -79.129757, 38.655017 ], [ -79.210591, 38.492913 ], [ -79.282971, 38.418095 ], [ -79.476638, 38.457228 ], [ -79.53687, 38.550917 ], [ -79.649075, 38.591515 ], [ -79.725597, 38.363828 ], [ -79.764432, 38.356514 ], [ -79.810154, 38.306707 ], [ -79.788945, 38.268703 ], [ -79.916344, 38.186278 ], [ -79.944843, 38.131585 ], [ -79.92633, 38.107151 ], [ -79.999384, 37.995842 ], [ -80.162202, 37.875122 ], [ -80.296138, 37.691783 ], [ -80.267455, 37.646108 ], [ -80.220984, 37.627767 ], [ -80.328504, 37.564315 ], [ -80.330306, 37.536244 ], [ -80.282385, 37.533517 ], [ -80.299789, 37.508271 ], [ -80.475601, 37.422949 ], [ -80.511391, 37.481672 ], [ -80.770082, 37.372363 ], [ -80.859556, 37.429568 ], [ -80.883248, 37.383933 ], [ -80.849451, 37.346909 ], [ -80.900535, 37.315 ], [ -81.112596, 37.278497 ], [ -81.225104, 37.234874 ], [ -81.362156, 37.337687 ], [ -81.416663, 37.273214 ], [ -81.498874, 37.258025 ], [ -81.5536, 37.208443 ], [ -81.67821, 37.201483 ], [ -81.757631, 37.274003 ], [ -81.849949, 37.285227 ], [ -81.928497, 37.360645 ], [ -81.935621, 37.438397 ], [ -81.996578, 37.476705 ], [ -81.926736, 37.51304 ], [ -81.94401, 37.530964 ], [ -82.042825, 37.548361 ], [ -82.046653, 37.528193 ], [ -82.07503, 37.555824 ], [ -82.133247, 37.552832 ], [ -82.127321, 37.586667 ], [ -82.18143, 37.621842 ], [ -82.175264, 37.647971 ], [ -82.213443, 37.62522 ], [ -82.24041, 37.661567 ], [ -82.303953, 37.67576 ], [ -82.296634, 37.702403 ], [ -82.334035, 37.743227 ], [ -82.310777, 37.762692 ], [ -82.401652, 37.810091 ], [ -82.419929, 37.88487 ], [ -82.502198, 37.933052 ], [ -82.464257, 37.983412 ], [ -82.519193, 38.001131 ], [ -82.643198103667899, 38.169089796073692 ] ] ] } },
{ "type": "Feature", "properties": { "map_id": "LA" }, "geometry": { "type": "MultiPolygon", "coordinates": [ [ [ [ -88.865143, 29.848469 ], [ -88.862714, 29.856784 ], [ -88.862331, 29.846195 ], [ -88.865143, 29.848469 ] ] ], [ [ [ -88.876073, 29.875021 ], [ -88.878311, 29.877016 ], [ -88.875306, 29.881949 ], [ -88.876073, 29.875021 ] ] ], [ [ [ -88.870476, 30.049212 ], [ -88.833725, 29.998821 ], [ -88.817017, 29.93425 ], [ -88.83271, 29.824062 ], [ -88.875091, 29.759818 ], [ -88.828247, 29.920717 ], [ -88.870476, 30.049212 ] ] ], [ [ [ -89.248902, 29.823159 ], [ -89.249505, 29.828649 ], [ -89.245499, 29.826605 ], [ -89.248902, 29.823159 ] ] ], [ [ [ -89.293352, 29.994745 ], [ -89.287766, 29.999582 ], [ -89.289905, 29.995156 ], [ -89.293352, 29.994745 ] ] ], [ [ [ -89.296968, 29.382508 ], [ -89.299963, 29.38518 ], [ -89.298323, 29.385428 ], [ -89.296968, 29.382508 ] ] ], [ [ [ -89.300819, 29.375673 ], [ -89.299179, 29.379215 ], [ -89.296968, 29.375114 ], [ -89.300819, 29.375673 ] ] ], [ [ [ -89.326627, 29.946976 ], [ -89.32223, 29.954184 ], [ -89.319377, 29.948933 ], [ -89.326627, 29.946976 ] ] ], [ [ [ -89.333995, 29.959127 ], [ -89.335658, 29.962833 ], [ -89.332212, 29.962421 ], [ -89.333995, 29.959127 ] ] ], [ [ [ -89.336728, 29.987951 ], [ -89.33958, 29.994024 ], [ -89.336728, 29.99423 ], [ -89.336728, 29.987951 ] ] ], [ [ [ -89.342163, 30.059172 ], [ -89.318755, 30.065141 ], [ -89.185715, 30.157001 ], [ -89.243079, 30.100663 ], [ -89.175728, 30.062775 ], [ -89.213045, 30.027352 ], [ -89.201584, 30.001429 ], [ -89.2295, 30.000433 ], [ -89.24433, 30.05828 ], [ -89.275826, 30.023081 ], [ -89.333221, 30.034767 ], [ -89.342163, 30.059172 ] ] ], [ [ [ -89.340412, 29.976217 ], [ -89.34576, 29.976937 ], [ -89.343502, 29.981261 ], [ -89.340412, 29.976217 ] ] ], [ [ [ -89.362516, 29.922672 ], [ -89.357763, 29.934001 ], [ -89.356218, 29.919891 ], [ -89.362516, 29.922672 ] ] ], [ [ [ -89.36418, 30.004213 ], [ -89.35705, 30.006066 ], [ -89.354792, 30.002464 ], [ -89.36418, 30.004213 ] ] ], [ [ [ -89.353366, 29.961803 ], [ -89.362041, 29.962318 ], [ -89.364418, 29.980025 ], [ -89.353366, 29.961803 ] ] ], [ [ [ -89.378441, 30.004213 ], [ -89.379748, 30.014607 ], [ -89.364774, 30.00905 ], [ -89.378441, 30.004213 ] ] ], [ [ [ -89.429031, 30.128559 ], [ -89.442093, 30.144369 ], [ -89.417694, 30.143682 ], [ -89.429031, 30.128559 ] ] ], [ [ [ -89.576024, 29.574074 ], [ -89.569131, 29.575211 ], [ -89.570201, 29.573454 ], [ -89.576024, 29.574074 ] ] ], [ [ [ -89.626769, 29.535205 ], [ -89.575192, 29.549886 ], [ -89.564615, 29.543786 ], [ -89.599673, 29.507594 ], [ -89.626769, 29.535205 ] ] ], [ [ [ -89.643287, 29.553711 ], [ -89.641029, 29.559087 ], [ -89.641386, 29.554125 ], [ -89.643287, 29.553711 ] ] ], [ [ [ -89.643644, 29.564048 ], [ -89.637108, 29.569217 ], [ -89.630334, 29.5687 ], [ -89.643644, 29.564048 ] ] ], [ [ [ -89.666105, 29.550403 ], [ -89.663371, 29.556089 ], [ -89.657905, 29.547095 ], [ -89.666105, 29.550403 ] ] ], [ [ [ -89.883463, 29.307103 ], [ -89.890237, 29.323889 ], [ -89.86124, 29.311662 ], [ -89.883463, 29.307103 ] ] ], [ [ [ -89.944221, 29.271717 ], [ -89.943016, 29.276529 ], [ -89.906586, 29.296637 ], [ -89.944221, 29.271717 ] ] ], [ [ [ -89.957934, 29.30247 ], [ -89.95976, 29.306776 ], [ -89.95698, 29.303664 ], [ -89.957934, 29.30247 ] ] ], [ [ [ -89.979485, 29.277564 ], [ -89.966888, 29.282643 ], [ -89.967126, 29.271448 ], [ -89.979485, 29.277564 ] ] ], [ [ [ -89.981587, 29.308802 ], [ -89.970341, 29.316907 ], [ -89.973163, 29.301022 ], [ -89.981587, 29.308802 ] ] ], [ [ [ -90.021436, 29.239721 ], [ -90.014543, 29.25092 ], [ -90.008007, 29.239514 ], [ -90.021436, 29.239721 ] ] ], [ [ [ -90.026902, 29.260044 ], [ -90.022624, 29.267198 ], [ -90.019891, 29.264917 ], [ -90.026902, 29.260044 ] ] ], [ [ [ -90.327448, 29.064426 ], [ -90.312593, 29.075229 ], [ -90.31093, 29.072736 ], [ -90.327448, 29.064426 ] ] ], [ [ [ -90.347651, 29.177691 ], [ -90.344802, 29.187889 ], [ -90.338025, 29.189416 ], [ -90.347651, 29.177691 ] ] ], [ [ [ -90.356028, 29.101934 ], [ -90.351811, 29.107525 ], [ -90.343135, 29.106176 ], [ -90.356028, 29.101934 ] ] ], [ [ [ -90.372609, 29.111149 ], [ -90.351454, 29.131092 ], [ -90.339582, 29.126718 ], [ -90.346701, 29.117077 ], [ -90.372609, 29.111149 ] ] ], [ [ [ -90.410874, 29.202695 ], [ -90.410755, 29.210682 ], [ -90.407784, 29.20394 ], [ -90.410874, 29.202695 ] ] ], [ [ [ -90.441416, 29.252061 ], [ -90.439396, 29.25683 ], [ -90.435117, 29.253409 ], [ -90.441416, 29.252061 ] ] ], [ [ [ -90.550316, 29.092142 ], [ -90.470055, 29.066879 ], [ -90.42366, 29.060863 ], [ -90.47332, 29.05949 ], [ -90.550316, 29.092142 ] ] ], [ [ [ -90.618725, 29.195329 ], [ -90.614328, 29.196263 ], [ -90.613377, 29.193151 ], [ -90.618725, 29.195329 ] ] ], [ [ [ -90.759316, 29.046888 ], [ -90.711777, 29.062331 ], [ -90.661669, 29.062612 ], [ -90.7409, 29.046794 ], [ -90.759316, 29.046888 ] ] ], [ [ [ -90.868142, 29.057199 ], [ -90.843911, 29.05005 ], [ -90.806155, 29.053794 ], [ -90.834335, 29.044923 ], [ -90.868142, 29.057199 ] ] ], [ [ [ -90.926493, 29.049119 ], [ -90.92637, 29.051529 ], [ -90.915528, 29.049869 ], [ -90.926493, 29.049119 ] ] ], [ [ [ -91.040131, 29.188689 ], [ -91.036328, 29.190246 ], [ -91.036328, 29.187652 ], [ -91.040131, 29.188689 ] ] ], [ [ [ -91.383816, 29.395046 ], [ -91.376567, 29.401776 ], [ -91.376091, 29.39339 ], [ -91.383816, 29.395046 ] ] ], [ [ [ -91.38239, 29.350721 ], [ -91.381714, 29.355771 ], [ -91.380194, 29.355247 ], [ -91.38239, 29.350721 ] ] ], [ [ [ -91.385955, 29.381999 ], [ -91.384173, 29.39018 ], [ -91.379419, 29.387488 ], [ -91.385955, 29.381999 ] ] ], [ [ [ -92.03185, 29.57763 ], [ -91.903146, 29.637351 ], [ -91.843013, 29.627744 ], [ -91.775869, 29.567811 ], [ -91.70813, 29.568844 ], [ -91.765411, 29.524802 ], [ -91.768263, 29.490362 ], [ -91.821579, 29.473925 ], [ -92.03185, 29.57763 ] ] ], [ [ [ -94.041833, 31.992402 ], [ -94.042964, 33.019219 ], [ -91.166073, 33.004106 ], [ -91.214027, 32.93032 ], [ -91.170235, 32.899391 ], [ -91.134041, 32.917676 ], [ -91.135517, 32.979657 ], [ -91.09693, 32.986412 ], [ -91.064449, 32.901064 ], [ -91.145002, 32.84287 ], [ -91.165328, 32.751301 ], [ -91.054749, 32.719229 ], [ -91.149753, 32.644041 ], [ -91.151318, 32.615919 ], [ -91.119854, 32.584795 ], [ -91.014286, 32.640482 ], [ -91.010228, 32.601927 ], [ -91.080398, 32.556442 ], [ -90.987202, 32.495663 ], [ -91.038106, 32.49044 ], [ -91.093741, 32.549128 ], [ -91.116008, 32.48314 ], [ -91.052907, 32.438442 ], [ -90.96959, 32.43949 ], [ -90.993625, 32.354047 ], [ -90.912363, 32.339454 ], [ -90.875631, 32.372434 ], [ -90.922231, 32.298639 ], [ -90.979475, 32.293702 ], [ -90.995159, 32.19212 ], [ -91.039007, 32.242349 ], [ -91.164171, 32.196888 ], [ -91.162822, 32.132694 ], [ -91.053175, 32.124237 ], [ -91.058307, 32.180951 ], [ -91.004106, 32.146152 ], [ -91.081508, 32.077754 ], [ -91.080208, 32.048355 ], [ -91.139309, 32.081754 ], [ -91.16031, 32.070354 ], [ -91.075908, 32.016828 ], [ -91.18481, 31.965557 ], [ -91.18061, 31.917959 ], [ -91.267712, 31.86266 ], [ -91.255611, 31.812662 ], [ -91.282212, 31.814762 ], [ -91.293413, 31.86016 ], [ -91.345714, 31.842861 ], [ -91.365529, 31.761628 ], [ -91.286045, 31.772062 ], [ -91.263406, 31.754468 ], [ -91.371804, 31.742948 ], [ -91.401015, 31.620365 ], [ -91.436716, 31.612665 ], [ -91.497665, 31.645371 ], [ -91.515462, 31.630372 ], [ -91.488618, 31.587466 ], [ -91.422716, 31.597065 ], [ -91.405415, 31.576466 ], [ -91.522536, 31.522078 ], [ -91.47887, 31.364955 ], [ -91.521836, 31.37517 ], [ -91.541626, 31.431706 ], [ -91.576265, 31.410498 ], [ -91.50866, 31.315131 ], [ -91.515614, 31.27821 ], [ -91.654027, 31.255753 ], [ -91.588939, 31.188959 ], [ -91.625994, 31.116896 ], [ -91.559907, 31.054119 ], [ -91.636942, 30.999416 ], [ -89.729616, 31.003927 ], [ -89.744789, 30.918933 ], [ -89.79247, 30.850386 ], [ -89.781168, 30.820123 ], [ -89.830418, 30.779842 ], [ -89.816075, 30.739366 ], [ -89.851889, 30.661199 ], [ -89.813977, 30.63818 ], [ -89.830825, 30.617649 ], [ -89.786865, 30.569053 ], [ -89.803919, 30.549349 ], [ -89.68341, 30.451793 ], [ -89.683686, 30.405873 ], [ -89.629727, 30.339287 ], [ -89.647178, 30.289367 ], [ -89.615856, 30.223195 ], [ -89.574454, 30.181697 ], [ -89.538652, 30.195797 ], [ -89.524504, 30.180753 ], [ -89.624142, 30.157385 ], [ -89.684919, 30.075226 ], [ -89.73086, 30.060748 ], [ -89.717678, 30.025272 ], [ -89.818327, 30.04573 ], [ -89.852312, 29.97765 ], [ -89.81926, 29.933132 ], [ -89.719843, 29.952132 ], [ -89.744939, 29.907905 ], [ -89.650027, 29.862144 ], [ -89.596429, 29.879554 ], [ -89.580086, 29.990455 ], [ -89.491517, 30.0375 ], [ -89.484423, 30.078833 ], [ -89.430433, 30.033796 ], [ -89.372677, 30.049845 ], [ -89.407834, 30.023868 ], [ -89.39906, 30.000868 ], [ -89.429958, 30.028858 ], [ -89.457766, 29.998192 ], [ -89.381234, 29.959487 ], [ -89.370063, 29.892128 ], [ -89.31763, 29.921219 ], [ -89.273315, 29.99382 ], [ -89.227883, 29.970482 ], [ -89.232436, 29.930428 ], [ -89.341969, 29.883143 ], [ -89.241189, 29.885113 ], [ -89.270916, 29.852093 ], [ -89.306032, 29.865666 ], [ -89.312394, 29.823625 ], [ -89.340828, 29.849671 ], [ -89.385702, 29.835487 ], [ -89.336455, 29.785167 ], [ -89.292515, 29.799166 ], [ -89.285742, 29.763391 ], [ -89.394697, 29.790152 ], [ -89.43025, 29.712606 ], [ -89.387794, 29.679991 ], [ -89.42421, 29.697638 ], [ -89.445648, 29.651879 ], [ -89.485147, 29.719961 ], [ -89.524887, 29.726566 ], [ -89.50772, 29.692016 ], [ -89.531542, 29.666444 ], [ -89.500493, 29.634145 ], [ -89.565388, 29.659256 ], [ -89.62053, 29.636121 ], [ -89.661648, 29.64645 ], [ -89.602109, 29.610295 ], [ -89.620395, 29.605341 ], [ -89.60127, 29.583612 ], [ -89.684486, 29.624804 ], [ -89.641802, 29.575573 ], [ -89.683455, 29.549266 ], [ -89.640198, 29.50356 ], [ -89.569607, 29.494044 ], [ -89.552256, 29.455454 ], [ -89.522784, 29.456179 ], [ -89.520009, 29.399631 ], [ -89.561288, 29.395212 ], [ -89.335873, 29.380994 ], [ -89.338582, 29.355445 ], [ -89.310536, 29.361349 ], [ -89.312085, 29.388038 ], [ -89.302204, 29.369833 ], [ -89.2667, 29.349914 ], [ -89.23537, 29.304315 ], [ -89.182129, 29.337679 ], [ -89.115104, 29.252901 ], [ -89.121996, 29.202083 ], [ -89.096327, 29.187974 ], [ -89.025974, 29.215153 ], [ -89.010525, 29.17075 ], [ -89.047127, 29.184446 ], [ -89.111776, 29.159957 ], [ -89.039521, 29.135463 ], [ -89.066617, 29.090714 ], [ -89.103695, 29.116673 ], [ -89.11653, 29.074097 ], [ -89.146953, 29.070981 ], [ -89.142866, 28.991623 ], [ -89.218673, 29.022515 ], [ -89.221489, 29.064574 ], [ -89.251727, 29.083172 ], [ -89.419865, 28.929709 ], [ -89.278627, 29.137642 ], [ -89.295027, 29.198867 ], [ -89.32854, 29.190567 ], [ -89.350585, 29.129598 ], [ -89.399648, 29.123677 ], [ -89.482844, 29.215053 ], [ -89.605974, 29.25365 ], [ -89.639663, 29.290531 ], [ -89.842641, 29.318823 ], [ -89.822141, 29.356584 ], [ -89.790589, 29.328251 ], [ -89.646793, 29.376314 ], [ -89.623263, 29.346278 ], [ -89.595454, 29.356015 ], [ -89.647411, 29.409862 ], [ -89.644892, 29.389983 ], [ -89.814654, 29.400078 ], [ -89.843553, 29.421677 ], [ -89.815962, 29.460318 ], [ -89.85197, 29.475734 ], [ -89.879541, 29.434539 ], [ -89.963977, 29.463049 ], [ -89.991785, 29.450632 ], [ -89.970394, 29.431796 ], [ -90.041995, 29.360665 ], [ -89.997549, 29.370504 ], [ -89.978891, 29.346992 ], [ -90.031815, 29.344251 ], [ -90.018643, 29.286789 ], [ -90.07533, 29.296014 ], [ -90.10605, 29.25372 ], [ -90.040926, 29.205496 ], [ -90.006224, 29.234329 ], [ -89.988161, 29.260148 ], [ -89.950756, 29.260801 ], [ -90.222869, 29.087069 ], [ -90.248063, 29.096623 ], [ -90.234405, 29.128824 ], [ -90.277773, 29.142822 ], [ -90.24533, 29.149672 ], [ -90.281457, 29.156522 ], [ -90.259234, 29.199583 ], [ -90.305344, 29.268442 ], [ -90.354069, 29.305445 ], [ -90.403268, 29.233811 ], [ -90.392929, 29.296636 ], [ -90.440227, 29.349375 ], [ -90.479088, 29.292179 ], [ -90.597571, 29.303268 ], [ -90.592699, 29.245943 ], [ -90.561801, 29.234951 ], [ -90.615992, 29.236403 ], [ -90.694307, 29.125071 ], [ -90.729959, 29.138047 ], [ -90.802214, 29.093819 ], [ -90.805933, 29.06446 ], [ -90.836107, 29.066063 ], [ -90.952427, 29.183294 ], [ -91.008272, 29.174336 ], [ -91.038349, 29.210371 ], [ -91.064731, 29.184124 ], [ -91.288324, 29.255743 ], [ -91.339768, 29.309818 ], [ -91.291821, 29.311357 ], [ -91.236987, 29.371342 ], [ -91.199258, 29.305134 ], [ -91.162774, 29.321299 ], [ -91.170261, 29.23547 ], [ -91.118447, 29.255482 ], [ -91.12629, 29.333421 ], [ -91.219579, 29.397117 ], [ -91.217814, 29.435287 ], [ -91.257873, 29.445296 ], [ -91.281679, 29.404398 ], [ -91.334051, 29.391525 ], [ -91.329624, 29.426615 ], [ -91.36426, 29.43543 ], [ -91.320424, 29.478316 ], [ -91.360484, 29.470741 ], [ -91.340454, 29.488463 ], [ -91.357613, 29.512991 ], [ -91.460963, 29.469961 ], [ -91.496136, 29.538931 ], [ -91.54138, 29.526327 ], [ -91.525523, 29.551904 ], [ -91.554571, 29.635775 ], [ -91.647504, 29.635465 ], [ -91.627896, 29.741079 ], [ -91.752915, 29.74985 ], [ -91.88075, 29.710839 ], [ -91.854404, 29.734682 ], [ -91.879242, 29.756556 ], [ -91.851671, 29.791834 ], [ -91.826018, 29.782399 ], [ -91.830808, 29.82927 ], [ -91.937507, 29.816765 ], [ -91.970986, 29.834316 ], [ -91.98287, 29.796166 ], [ -92.144431, 29.716418 ], [ -92.131899, 29.765837 ], [ -92.173343, 29.761286 ], [ -92.171106, 29.739782 ], [ -92.203312, 29.753402 ], [ -92.169092, 29.70021 ], [ -92.103867, 29.699145 ], [ -92.136649, 29.667481 ], [ -92.105751, 29.611808 ], [ -92.034566, 29.63154 ], [ -92.008896, 29.612944 ], [ -92.070693, 29.600029 ], [ -92.043954, 29.584631 ], [ -92.146988, 29.585665 ], [ -92.323465, 29.531497 ], [ -92.660733, 29.596102 ], [ -92.981838, 29.721472 ], [ -93.213441, 29.775622 ], [ -93.635304, 29.752806 ], [ -93.837971, 29.690619 ], [ -93.927992, 29.80964 ], [ -93.838374, 29.882855 ], [ -93.786935, 29.99058 ], [ -93.699396, 30.05925 ], [ -93.734085, 30.08613 ], [ -93.688552, 30.140374 ], [ -93.717839, 30.193999 ], [ -93.704584, 30.289949 ], [ -93.765822, 30.333318 ], [ -93.757654, 30.390423 ], [ -93.6978, 30.440583 ], [ -93.706507, 30.50991 ], [ -93.740253, 30.539569 ], [ -93.721936, 30.580324 ], [ -93.678662, 30.594097 ], [ -93.6831, 30.640763 ], [ -93.629904, 30.67994 ], [ -93.614448, 30.75987 ], [ -93.554645, 30.823249 ], [ -93.57408, 30.884529 ], [ -93.526013, 30.937535 ], [ -93.578207, 30.999995 ], [ -93.508292, 31.032352 ], [ -93.563472, 31.093989 ], [ -93.533307, 31.184463 ], [ -93.588503, 31.165581 ], [ -93.620343, 31.271025 ], [ -93.68688, 31.305166 ], [ -93.639222, 31.37202 ], [ -93.670287, 31.366144 ], [ -93.703934, 31.455493 ], [ -93.749476, 31.46869 ], [ -93.711581, 31.512789 ], [ -93.787687, 31.527344 ], [ -93.834924, 31.586211 ], [ -93.826462, 31.666919 ], [ -93.794548, 31.702076 ], [ -93.836103, 31.748521 ], [ -93.823443, 31.775098 ], [ -93.873253, 31.814886 ], [ -93.897412, 31.894436 ], [ -93.926654, 31.888255 ], [ -93.923256, 31.907793 ], [ -93.973942, 31.921668 ], [ -94.041833, 31.992402 ] ] ] ] } },
{ "type": "Feature", "properties": { "map_id": "MI" }, "geometry": { "type": "MultiPolygon", "coordinates": [ [ [ [ -83.190997, 42.033428 ], [ -83.189927, 42.035987 ], [ -83.189214, 42.033339 ], [ -83.190997, 42.033428 ] ] ], [ [ [ -83.20513, 45.039201 ], [ -83.209623, 45.053114 ], [ -83.189562, 45.033826 ], [ -83.20513, 45.039201 ] ] ], [ [ [ -83.227354, 45.03962 ], [ -83.218084, 45.049529 ], [ -83.216539, 45.04088 ], [ -83.227354, 45.03962 ] ] ], [ [ [ -83.234365, 45.054062 ], [ -83.225809, 45.05742 ], [ -83.223788, 45.056581 ], [ -83.234365, 45.054062 ] ] ], [ [ [ -83.325231, 44.889234 ], [ -83.324335, 44.891121 ], [ -83.322672, 44.889352 ], [ -83.325231, 44.889234 ] ] ], [ [ [ -83.326593, 44.910566 ], [ -83.328035, 44.912683 ], [ -83.326118, 44.912838 ], [ -83.326593, 44.910566 ] ] ], [ [ [ -83.324334, 45.186116 ], [ -83.329886, 45.197735 ], [ -83.319136, 45.188972 ], [ -83.324334, 45.186116 ] ] ], [ [ [ -83.415129, 44.985002 ], [ -83.417862, 44.992482 ], [ -83.411445, 44.986011 ], [ -83.415129, 44.985002 ] ] ], [ [ [ -83.429984, 43.877213 ], [ -83.414047, 43.877026 ], [ -83.414305, 43.869742 ], [ -83.429984, 43.877213 ] ] ], [ [ [ -83.439886, 45.035852 ], [ -83.437495, 45.035534 ], [ -83.438422, 45.034489 ], [ -83.439886, 45.035852 ] ] ], [ [ [ -83.441459, 44.027812 ], [ -83.427423, 44.030849 ], [ -83.435977, 44.023192 ], [ -83.441459, 44.027812 ] ] ], [ [ [ -83.470271, 44.001515 ], [ -83.466409, 44.003698 ], [ -83.463266, 44.001372 ], [ -83.470271, 44.001515 ] ] ], [ [ [ -83.471366, 43.75619 ], [ -83.473361, 43.762485 ], [ -83.461001, 43.760511 ], [ -83.471366, 43.75619 ] ] ], [ [ [ -83.495974, 43.770678 ], [ -83.486314, 43.767635 ], [ -83.484769, 43.765489 ], [ -83.495974, 43.770678 ] ] ], [ [ [ -83.691535, 46.055589 ], [ -83.693912, 46.061939 ], [ -83.690822, 46.06128 ], [ -83.691535, 46.055589 ] ] ], [ [ [ -83.701993, 46.06128 ], [ -83.704132, 46.066722 ], [ -83.700686, 46.068371 ], [ -83.701993, 46.06128 ] ] ], [ [ [ -83.709004, 46.049239 ], [ -83.701755, 46.053115 ], [ -83.701399, 46.048909 ], [ -83.709004, 46.049239 ] ] ], [ [ [ -83.720413, 46.044042 ], [ -83.722671, 46.050806 ], [ -83.720413, 46.050806 ], [ -83.720413, 46.044042 ] ] ], [ [ [ -83.728375, 46.038021 ], [ -83.725523, 46.040578 ], [ -83.725167, 46.037443 ], [ -83.728375, 46.038021 ] ] ], [ [ [ -83.733485, 46.035876 ], [ -83.733485, 46.038103 ], [ -83.732654, 46.038268 ], [ -83.733485, 46.035876 ] ] ], [ [ [ -83.769375, 45.934887 ], [ -83.768068, 45.937779 ], [ -83.768552, 45.931753 ], [ -83.769375, 45.934887 ] ] ], [ [ [ -83.766523, 46.08626 ], [ -83.765097, 46.092194 ], [ -83.762465, 46.086318 ], [ -83.766523, 46.08626 ] ] ], [ [ [ -83.77401, 46.051466 ], [ -83.754758, 46.066145 ], [ -83.734317, 46.050724 ], [ -83.747226, 46.034778 ], [ -83.77401, 46.051466 ] ] ], [ [ [ -83.772346, 46.064248 ], [ -83.770801, 46.069113 ], [ -83.770088, 46.068701 ], [ -83.772346, 46.064248 ] ] ], [ [ [ -83.782566, 46.080325 ], [ -83.782447, 46.084529 ], [ -83.781259, 46.085023 ], [ -83.782566, 46.080325 ] ] ], [ [ [ -83.791955, 46.007241 ], [ -83.79041, 46.009222 ], [ -83.789697, 46.007241 ], [ -83.791955, 46.007241 ] ] ], [ [ [ -83.791598, 46.034391 ], [ -83.792787, 46.037526 ], [ -83.790766, 46.038433 ], [ -83.791598, 46.034391 ] ] ], [ [ [ -83.791836, 46.062599 ], [ -83.792787, 46.063753 ], [ -83.792311, 46.063918 ], [ -83.791836, 46.062599 ] ] ], [ [ [ -83.798253, 46.056084 ], [ -83.797659, 46.061032 ], [ -83.796233, 46.056497 ], [ -83.798253, 46.056084 ] ] ], [ [ [ -83.810613, 46.07406 ], [ -83.810494, 46.078099 ], [ -83.809424, 46.078017 ], [ -83.810613, 46.07406 ] ] ], [ [ [ -83.825468, 46.028533 ], [ -83.822853, 46.030843 ], [ -83.823923, 46.0268 ], [ -83.825468, 46.028533 ] ] ], [ [ [ -83.827369, 46.055095 ], [ -83.826537, 46.058393 ], [ -83.825824, 46.058228 ], [ -83.827369, 46.055095 ] ] ], [ [ [ -83.820357, 46.092029 ], [ -83.7935, 46.107356 ], [ -83.776506, 46.092029 ], [ -83.820357, 46.092029 ] ] ], [ [ [ -83.829033, 46.037526 ], [ -83.827725, 46.03967 ], [ -83.827607, 46.035463 ], [ -83.829033, 46.037526 ] ] ], [ [ [ -83.818592, 43.665453 ], [ -83.827073, 43.674384 ], [ -83.817894, 43.673789 ], [ -83.818592, 43.665453 ] ] ], [ [ [ -83.837233, 46.04396 ], [ -83.835807, 46.04561 ], [ -83.83652, 46.04297 ], [ -83.837233, 46.04396 ] ] ], [ [ [ -83.842343, 46.064166 ], [ -83.850186, 46.071586 ], [ -83.847572, 46.07373 ], [ -83.842343, 46.064166 ] ] ], [ [ [ -83.854227, 46.079995 ], [ -83.851018, 46.081726 ], [ -83.850186, 46.078676 ], [ -83.854227, 46.079995 ] ] ], [ [ [ -83.855059, 46.053528 ], [ -83.852563, 46.058888 ], [ -83.847809, 46.052208 ], [ -83.855059, 46.053528 ] ] ], [ [ [ -83.859337, 46.06936 ], [ -83.862546, 46.080407 ], [ -83.853276, 46.072741 ], [ -83.859337, 46.06936 ] ] ], [ [ [ -83.879183, 46.054187 ], [ -83.88049, 46.057074 ], [ -83.878708, 46.057981 ], [ -83.879183, 46.054187 ] ] ], [ [ [ -83.882867, 45.975453 ], [ -83.845076, 46.026552 ], [ -83.806097, 45.983876 ], [ -83.76581, 46.026387 ], [ -83.686068, 46.037443 ], [ -83.677393, 46.072988 ], [ -83.732178, 46.086919 ], [ -83.700111, 46.103867 ], [ -83.581314, 46.089615 ], [ -83.534429, 46.007654 ], [ -83.473221, 45.984421 ], [ -83.515824, 45.923617 ], [ -83.561836, 45.912563 ], [ -83.606446, 45.940672 ], [ -83.630967, 45.929001 ], [ -83.630214, 45.957032 ], [ -83.639364, 45.939515 ], [ -83.715668, 45.930108 ], [ -83.765572, 45.954719 ], [ -83.786168, 45.932924 ], [ -83.817862, 45.954223 ], [ -83.836524, 45.938178 ], [ -83.882867, 45.975453 ] ] ], [ [ [ -83.884056, 46.064825 ], [ -83.87954, 46.072411 ], [ -83.876806, 46.064825 ], [ -83.884056, 46.064825 ] ] ], [ [ [ -83.900931, 46.016237 ], [ -83.897128, 46.0183 ], [ -83.898673, 46.015494 ], [ -83.900931, 46.016237 ] ] ], [ [ [ -83.986139, 46.089392 ], [ -83.984832, 46.092194 ], [ -83.983643, 46.08865 ], [ -83.986139, 46.089392 ] ] ], [ [ [ -83.99113, 46.100847 ], [ -83.989704, 46.103154 ], [ -83.987684, 46.098292 ], [ -83.99113, 46.100847 ] ] ], [ [ [ -84.001232, 46.079088 ], [ -83.99529, 46.094831 ], [ -83.97345, 46.065285 ], [ -84.001232, 46.079088 ] ] ], [ [ [ -84.022504, 46.108428 ], [ -84.020721, 46.109828 ], [ -84.020365, 46.107686 ], [ -84.022504, 46.108428 ] ] ], [ [ [ -84.169271, 46.215679 ], [ -84.168677, 46.218721 ], [ -84.165112, 46.214281 ], [ -84.169271, 46.215679 ] ] ], [ [ [ -84.200309, 45.966613 ], [ -84.202333, 45.971109 ], [ -84.197935, 45.968465 ], [ -84.200309, 45.966613 ] ] ], [ [ [ -84.432466, 45.922089 ], [ -84.427129, 45.920489 ], [ -84.428375, 45.916732 ], [ -84.432466, 45.922089 ] ] ], [ [ [ -84.438883, 45.995162 ], [ -84.438014, 45.995665 ], [ -84.437475, 45.994485 ], [ -84.438883, 45.995162 ] ] ], [ [ [ -84.438193, 45.974046 ], [ -84.436862, 45.974613 ], [ -84.436265, 45.97175 ], [ -84.438193, 45.974046 ] ] ], [ [ [ -84.51672, 46.441905 ], [ -84.515384, 46.44358 ], [ -84.514063, 46.441714 ], [ -84.51672, 46.441905 ] ] ], [ [ [ -84.56795, 45.952484 ], [ -84.574955, 45.970654 ], [ -84.56239, 45.956844 ], [ -84.56795, 45.952484 ] ] ], [ [ [ -84.59024, 45.812801 ], [ -84.433724, 45.78671 ], [ -84.420326, 45.811317 ], [ -84.355945, 45.770691 ], [ -84.405717, 45.722259 ], [ -84.481421, 45.730052 ], [ -84.59024, 45.812801 ] ] ], [ [ [ -84.610067, 45.826786 ], [ -84.58905, 45.827675 ], [ -84.590574, 45.821621 ], [ -84.610067, 45.826786 ] ] ], [ [ [ -84.631575, 45.95535 ], [ -84.635822, 45.980875 ], [ -84.608783, 45.967471 ], [ -84.631575, 45.95535 ] ] ], [ [ [ -84.651512, 45.86277 ], [ -84.641806, 45.885467 ], [ -84.602142, 45.852062 ], [ -84.619789, 45.845548 ], [ -84.651512, 45.86277 ] ] ], [ [ [ -84.681902, 46.491037 ], [ -84.682222, 46.493482 ], [ -84.679057, 46.493421 ], [ -84.681902, 46.491037 ] ] ], [ [ [ -84.748057, 45.834387 ], [ -84.746549, 45.836358 ], [ -84.744787, 45.838766 ], [ -84.744091, 45.836633 ], [ -84.748057, 45.834387 ] ] ], [ [ [ -84.767631, 45.838669 ], [ -84.767075, 45.839428 ], [ -84.764882, 45.838472 ], [ -84.767631, 45.838669 ] ] ], [ [ [ -84.879985, 45.861215 ], [ -84.863134, 45.86106 ], [ -84.864827, 45.854034 ], [ -84.879985, 45.861215 ] ] ], [ [ [ -85.076565953183305, 45.765746616964684 ], [ -85.049835, 45.769606 ], [ -85.015049, 45.764281 ], [ -85.022948, 45.757562 ], [ -85.076565953183305, 45.765746616964684 ] ] ], [ [ [ -85.201427, 46.043086 ], [ -85.201954, 46.044859 ], [ -85.199544, 46.044222 ], [ -85.201427, 46.043086 ] ] ], [ [ [ -85.301634, 45.815455 ], [ -85.298745, 45.817489 ], [ -85.299209, 45.814544 ], [ -85.301634, 45.815455 ] ] ], [ [ [ -85.425092, 45.780876 ], [ -85.385164, 45.782969 ], [ -85.368687, 45.818488 ], [ -85.339633, 45.794045 ], [ -85.37534, 45.768837 ], [ -85.425092, 45.780876 ] ] ], [ [ [ -85.53397, 45.800268 ], [ -85.51638, 45.827704 ], [ -85.453085, 45.7767 ], [ -85.495575, 45.772739 ], [ -85.495771, 45.791513 ], [ -85.53397, 45.800268 ] ] ], [ [ [ -85.56586, 45.099502 ], [ -85.56753, 45.100517 ], [ -85.567733, 45.101413 ], [ -85.56586, 45.099502 ] ] ], [ [ [ -85.570643, 44.86452 ], [ -85.581207, 44.869938 ], [ -85.570243, 44.872805 ], [ -85.570643, 44.86452 ] ] ], [ [ [ -85.589179, 45.83331 ], [ -85.588172, 45.8407 ], [ -85.583757, 45.839494 ], [ -85.589179, 45.83331 ] ] ], [ [ [ -85.611124, 45.807376 ], [ -85.611967, 45.814302 ], [ -85.604309, 45.811824 ], [ -85.611124, 45.807376 ] ] ], [ [ [ -85.619735, 45.581882 ], [ -85.567991, 45.758579 ], [ -85.501267, 45.754415 ], [ -85.521911, 45.739419 ], [ -85.498777, 45.726291 ], [ -85.491727, 45.607527 ], [ -85.560658, 45.571584 ], [ -85.619735, 45.581882 ] ] ], [ [ [ -85.693102, 45.770887 ], [ -85.688192, 45.775061 ], [ -85.684075, 45.770125 ], [ -85.693102, 45.770887 ] ] ], [ [ [ -85.700802, 45.738525 ], [ -85.644893, 45.742702 ], [ -85.675092, 45.697236 ], [ -85.697581, 45.697649 ], [ -85.700802, 45.738525 ] ] ], [ [ [ -85.792961, 45.481976 ], [ -85.770611, 45.486489 ], [ -85.770146, 45.460737 ], [ -85.792961, 45.481976 ] ] ], [ [ [ -85.83326, 45.696632 ], [ -85.840816, 45.702512 ], [ -85.842739, 45.712352 ], [ -85.83326, 45.696632 ] ] ], [ [ [ -85.884707, 45.444814 ], [ -85.831967, 45.42048 ], [ -85.838716, 45.377155 ], [ -85.842163, 45.391094 ], [ -85.884707, 45.444814 ] ] ], [ [ [ -86.058653, 45.100776 ], [ -86.04443, 45.159582 ], [ -85.989412, 45.151069 ], [ -85.960879, 45.060508 ], [ -86.007527, 45.057172 ], [ -86.058653, 45.100776 ] ] ], [ [ [ -86.155654, 45.01439 ], [ -86.117908, 45.048478 ], [ -86.07781, 45.03241 ], [ -86.115699, 44.999093 ], [ -86.155654, 45.01439 ] ] ], [ [ [ -86.660311, 45.736005 ], [ -86.658187, 45.740782 ], [ -86.657074, 45.742643 ], [ -86.657536, 45.736576 ], [ -86.660311, 45.736005 ] ] ], [ [ [ -86.660639, 45.578604 ], [ -86.62682, 45.572934 ], [ -86.634624, 45.544795 ], [ -86.648909, 45.544344 ], [ -86.660639, 45.578604 ] ] ], [ [ [ -86.667056, 45.52168 ], [ -86.661179, 45.532962 ], [ -86.662257, 45.520983 ], [ -86.667056, 45.52168 ] ] ], [ [ [ -86.690169, 45.595721 ], [ -86.69239, 45.617126 ], [ -86.667888, 45.606047 ], [ -86.690169, 45.595721 ] ] ], [ [ [ -86.70904, 46.54521 ], [ -86.653355, 46.560698 ], [ -86.626329, 46.534903 ], [ -86.646798, 46.487497 ], [ -86.608893, 46.492564 ], [ -86.623077, 46.456504 ], [ -86.638882, 46.472384 ], [ -86.687595, 46.456228 ], [ -86.70904, 46.54521 ] ] ], [ [ [ -86.706986, 45.608873 ], [ -86.708056, 45.611534 ], [ -86.705204, 45.610619 ], [ -86.706986, 45.608873 ] ] ], [ [ [ -86.717207, 45.499528 ], [ -86.713894, 45.499798 ], [ -86.716137, 45.497779 ], [ -86.717207, 45.499528 ] ] ], [ [ [ -86.719323, 46.479033 ], [ -86.718797, 46.482226 ], [ -86.716742, 46.478599 ], [ -86.719323, 46.479033 ] ] ], [ [ [ -86.722911, 45.508523 ], [ -86.720653, 45.511521 ], [ -86.716693, 45.509483 ], [ -86.722911, 45.508523 ] ] ], [ [ [ -86.726239, 45.520598 ], [ -86.725091, 45.521734 ], [ -86.723092, 45.520525 ], [ -86.726239, 45.520598 ] ] ], [ [ [ -86.744167, 46.505292 ], [ -86.737287, 46.511148 ], [ -86.736916, 46.50397 ], [ -86.744167, 46.505292 ] ] ], [ [ [ -86.758801, 45.796692 ], [ -86.755711, 45.800172 ], [ -86.753809, 45.797935 ], [ -86.758801, 45.796692 ] ] ], [ [ [ -86.763435, 45.743556 ], [ -86.765456, 45.74878 ], [ -86.759276, 45.744302 ], [ -86.763435, 45.743556 ] ] ], [ [ [ -86.782806, 45.486782 ], [ -86.757548, 45.504123 ], [ -86.759989, 45.477867 ], [ -86.782806, 45.486782 ] ] ], [ [ [ -86.824828, 41.76024 ], [ -86.597899, 41.918291 ], [ -86.489023, 42.116224 ], [ -86.356218, 42.254166 ], [ -86.247078, 42.490969 ], [ -86.206596, 42.709536 ], [ -86.220582, 42.955791 ], [ -86.254646, 43.083409 ], [ -86.538497, 43.617501 ], [ -86.534538, 43.668005 ], [ -86.454254, 43.756619 ], [ -86.430202, 43.827575 ], [ -86.463136, 43.970976 ], [ -86.514702, 44.058119 ], [ -86.421108, 44.12948 ], [ -86.26871, 44.345324 ], [ -86.221326, 44.565451 ], [ -86.254996, 44.691935 ], [ -86.089564, 44.741984 ], [ -86.066745, 44.905685 ], [ -85.985218, 44.902933 ], [ -85.9316, 44.968788 ], [ -85.869852, 44.939031 ], [ -85.807403, 44.949814 ], [ -85.618361, 45.18702 ], [ -85.585986, 45.180381 ], [ -85.540748, 45.210906 ], [ -85.526734, 45.189316 ], [ -85.558373, 45.133209 ], [ -85.573893, 45.155488 ], [ -85.614319, 45.127562 ], [ -85.56613, 45.043633 ], [ -85.588829, 45.054137 ], [ -85.647417, 44.978445 ], [ -85.630066, 44.966928 ], [ -85.599527, 44.989984 ], [ -85.600679, 44.924498 ], [ -85.625497, 44.921107 ], [ -85.652355, 44.849092 ], [ -85.638884, 44.772335 ], [ -85.595436, 44.767111 ], [ -85.525012, 44.896172 ], [ -85.564509, 44.895246 ], [ -85.520034, 44.973996 ], [ -85.474937, 44.991721 ], [ -85.499745, 44.856088 ], [ -85.555894, 44.818256 ], [ -85.576566, 44.760208 ], [ -85.527192, 44.7475 ], [ -85.389256, 44.948057 ], [ -85.36349, 45.111624 ], [ -85.38883, 45.233846 ], [ -85.361411, 45.287095 ], [ -85.203616, 45.361887 ], [ -85.037772, 45.362091 ], [ -84.914543, 45.395623 ], [ -84.922006, 45.421914 ], [ -84.984143, 45.419505 ], [ -85.06247, 45.451289 ], [ -85.115479, 45.539406 ], [ -85.116914, 45.579649 ], [ -85.070333, 45.633952 ], [ -84.943756, 45.71029 ], [ -84.95084, 45.736893 ], [ -85.013445, 45.763868 ], [ -84.806642, 45.746171 ], [ -84.781373, 45.76108 ], [ -84.791776, 45.782053 ], [ -84.72886, 45.788145 ], [ -84.721417, 45.766768 ], [ -84.461633, 45.653079 ], [ -84.427169, 45.64527 ], [ -84.427495, 45.669201 ], [ -84.329537, 45.66438 ], [ -84.215268, 45.634767 ], [ -84.132319, 45.567049 ], [ -84.089758, 45.494433 ], [ -83.939261, 45.493189 ], [ -83.810831, 45.420582 ], [ -83.744672, 45.403817 ], [ -83.71599, 45.414881 ], [ -83.599273, 45.352561 ], [ -83.538306, 45.358167 ], [ -83.494514, 45.339366 ], [ -83.490782, 45.358942 ], [ -83.48263, 45.328005 ], [ -83.382187, 45.270619 ], [ -83.412273, 45.239828 ], [ -83.363678, 45.166469 ], [ -83.316118, 45.141958 ], [ -83.288446, 45.070422 ], [ -83.306272, 45.049687 ], [ -83.260657, 45.025894 ], [ -83.340257, 45.041545 ], [ -83.3771, 45.076045 ], [ -83.433798, 45.057616 ], [ -83.455535, 45.025082 ], [ -83.431254, 45.007998 ], [ -83.453752, 44.999121 ], [ -83.433032, 44.93289 ], [ -83.312331, 44.882784 ], [ -83.270288, 44.70878 ], [ -83.314517, 44.608725 ], [ -83.332533, 44.340464 ], [ -83.450122, 44.250242 ], [ -83.441828, 44.270467 ], [ -83.479531, 44.28009 ], [ -83.53771, 44.248171 ], [ -83.579866, 44.049439 ], [ -83.671488, 44.041842 ], [ -83.68038, 43.986547 ], [ -83.727916, 44.001508 ], [ -83.833089, 43.988086 ], [ -83.876703, 43.958323 ], [ -83.952642, 43.749567 ], [ -83.895242, 43.665164 ], [ -83.685207, 43.584437 ], [ -83.538148, 43.708231 ], [ -83.491424, 43.707616 ], [ -83.467046, 43.72923 ], [ -83.419764, 43.809586 ], [ -83.480725, 43.791786 ], [ -83.449288, 43.859258 ], [ -83.395639, 43.833766 ], [ -83.342756, 43.872158 ], [ -83.340976, 43.904541 ], [ -83.402535, 43.916969 ], [ -83.3107, 43.919808 ], [ -83.262471, 43.975315 ], [ -83.066026, 44.003366 ], [ -83.027675, 44.046204 ], [ -82.963861, 44.068266 ], [ -82.813891, 44.032374 ], [ -82.738992, 43.989506 ], [ -82.614773, 43.779538 ], [ -82.598762, 43.59366 ], [ -82.537091, 43.433052 ], [ -82.523086, 43.225361 ], [ -82.486042, 43.102486 ], [ -82.415937, 43.005555 ], [ -82.469912, 42.887459 ], [ -82.467483, 42.76191 ], [ -82.523337, 42.607486 ], [ -82.589779, 42.550678 ], [ -82.640916, 42.554973 ], [ -82.679059, 42.52221 ], [ -82.647899, 42.559345 ], [ -82.694062, 42.558562 ], [ -82.656455, 42.592424 ], [ -82.713042, 42.597904 ], [ -82.65289, 42.650577 ], [ -82.630922, 42.64211 ], [ -82.630851, 42.673341 ], [ -82.696222, 42.690278 ], [ -82.805609, 42.648765 ], [ -82.819017, 42.616333 ], [ -82.76959, 42.59338 ], [ -82.782414, 42.564834 ], [ -82.834216, 42.567849 ], [ -82.874416, 42.523535 ], [ -82.884371, 42.40129 ], [ -82.92397, 42.352068 ], [ -83.09729, 42.290068 ], [ -83.130606, 42.211039 ], [ -83.12127, 42.117454 ], [ -83.203119, 42.035016 ], [ -83.17089, 42.018155 ], [ -83.250417, 41.972758 ], [ -83.264751, 41.930912 ], [ -83.32028, 41.932563 ], [ -83.34276, 41.879384 ], [ -83.381955, 41.870877 ], [ -83.439612, 41.813162 ], [ -83.42832, 41.741207 ], [ -83.453832, 41.732647 ], [ -84.805996, 41.696118 ], [ -84.805883, 41.760216 ], [ -86.824828, 41.76024 ] ] ], [ [ [ -86.899098, 46.484149 ], [ -86.890527, 46.486226 ], [ -86.891095, 46.47946 ], [ -86.899098, 46.484149 ] ] ], [ [ [ -87.402109, 46.593464 ], [ -87.402633, 46.595545 ], [ -87.399411, 46.595046 ], [ -87.402109, 46.593464 ] ] ], [ [ [ -87.416508, 46.597476 ], [ -87.413362, 46.605396 ], [ -87.410079, 46.602718 ], [ -87.416508, 46.597476 ] ] ], [ [ [ -87.457162, 46.638101 ], [ -87.460455, 46.639139 ], [ -87.458312, 46.639788 ], [ -87.457162, 46.638101 ] ] ], [ [ [ -87.541822, 46.703555 ], [ -87.540456, 46.705129 ], [ -87.539046, 46.704703 ], [ -87.541822, 46.703555 ] ] ], [ [ [ -87.650661, 47.417469 ], [ -87.623673, 47.426283 ], [ -87.586224, 47.418336 ], [ -87.600342, 47.407711 ], [ -87.650661, 47.417469 ] ] ], [ [ [ -87.956648, 46.948837 ], [ -87.956549, 46.951584 ], [ -87.955423, 46.948773 ], [ -87.956648, 46.948837 ] ] ], [ [ [ -87.971459, 46.950279 ], [ -87.969033, 46.953958 ], [ -87.962426, 46.949973 ], [ -87.971459, 46.950279 ] ] ], [ [ [ -88.001539, 46.956942 ], [ -87.997179, 46.962815 ], [ -87.997125, 46.956746 ], [ -88.001539, 46.956942 ] ] ], [ [ [ -88.26881, 47.069519 ], [ -88.274392, 47.075096 ], [ -88.269208, 47.076517 ], [ -88.26881, 47.069519 ] ] ], [ [ [ -88.367788, 48.222952 ], [ -88.352504, 48.235476 ], [ -88.336342, 48.237138 ], [ -88.367788, 48.222952 ] ] ], [ [ [ -88.721218, 48.103944 ], [ -88.723219, 48.10415 ], [ -88.705494, 48.111175 ], [ -88.721218, 48.103944 ] ] ], [ [ [ -88.818355, 47.928058 ], [ -88.798982, 47.935706 ], [ -88.78231, 47.940723 ], [ -88.797465, 47.934969 ], [ -88.818355, 47.928058 ] ] ], [ [ [ -88.847231, 47.912645 ], [ -88.849772, 47.914266 ], [ -88.845059, 47.915241 ], [ -88.847231, 47.912645 ] ] ], [ [ [ -89.2628, 47.869864 ], [ -89.219364, 47.883916 ], [ -89.247127, 47.888503 ], [ -89.179154, 47.93503 ], [ -88.787556, 48.063035 ], [ -88.632712, 48.148584 ], [ -88.422601, 48.190975 ], [ -88.419875, 48.170731 ], [ -88.670073, 48.011446 ], [ -88.899184, 47.9533 ], [ -89.003907, 47.907103 ], [ -89.000936, 47.89061 ], [ -88.899698, 47.902445 ], [ -88.911665, 47.891344 ], [ -89.162048, 47.823564 ], [ -89.234533, 47.851718 ], [ -89.203796, 47.886307 ], [ -89.2628, 47.869864 ] ] ], [ [ [ -90.418136, 46.566094 ], [ -90.33297, 46.608729 ], [ -90.028392, 46.67439 ], [ -89.790663, 46.818469 ], [ -89.425331, 46.841452 ], [ -89.227914, 46.912954 ], [ -89.128698, 46.992599 ], [ -88.972802, 47.002096 ], [ -88.88914, 47.100575 ], [ -88.672395, 47.219137 ], [ -88.573997, 47.245989 ], [ -88.420059, 47.371603 ], [ -88.218153, 47.449521 ], [ -87.975847, 47.480187 ], [ -87.801184, 47.473301 ], [ -87.719215, 47.442976 ], [ -87.712421, 47.4014 ], [ -87.957058, 47.38726 ], [ -87.94336, 47.335899 ], [ -88.06009, 47.295796 ], [ -88.166355, 47.215534 ], [ -88.228987, 47.199042 ], [ -88.232164, 47.145975 ], [ -88.277545, 47.140902 ], [ -88.297625, 47.098505 ], [ -88.349952, 47.076377 ], [ -88.367624, 47.019213 ], [ -88.445333, 46.969963 ], [ -88.484299, 46.832503 ], [ -88.462349, 46.786711 ], [ -88.49733, 46.755107 ], [ -88.450607, 46.76317 ], [ -88.38141, 46.838466 ], [ -88.404044, 46.847798 ], [ -88.389727, 46.8671 ], [ -88.35194, 46.857028 ], [ -88.244437, 46.929612 ], [ -88.142954, 46.966903 ], [ -88.283423, 46.822987 ], [ -88.215327, 46.891331 ], [ -88.08187, 46.920458 ], [ -87.816794, 46.891154 ], [ -87.741014, 46.865247 ], [ -87.727358, 46.827656 ], [ -87.680668, 46.842496 ], [ -87.590389, 46.782448 ], [ -87.582745, 46.730527 ], [ -87.540605, 46.696948 ], [ -87.520667, 46.691069 ], [ -87.503025, 46.647497 ], [ -87.462545, 46.635708 ], [ -87.43442, 46.591747 ], [ -87.37701, 46.590337 ], [ -87.393985, 46.533183 ], [ -87.35941, 46.503452 ], [ -87.116634, 46.494808 ], [ -87.005308, 46.533953 ], [ -86.964534, 46.516549 ], [ -86.947077, 46.472064 ], [ -86.875151, 46.43728 ], [ -86.816026, 46.437892 ], [ -86.789224, 46.478442 ], [ -86.750157, 46.479109 ], [ -86.70323, 46.439378 ], [ -86.655306, 46.442502 ], [ -86.644706, 46.410801 ], [ -86.467745, 46.552456 ], [ -86.34989, 46.578035 ], [ -86.161681, 46.669475 ], [ -86.087939, 46.65532 ], [ -85.877908, 46.690914 ], [ -85.50951, 46.675786 ], [ -85.25686, 46.75338 ], [ -84.956248, 46.771894 ], [ -85.030078, 46.684769 ], [ -85.025491, 46.546397 ], [ -85.056133, 46.52652 ], [ -85.015211, 46.479712 ], [ -84.935456, 46.489067 ], [ -84.817307, 46.444319 ], [ -84.678423, 46.487694 ], [ -84.63102, 46.484868 ], [ -84.583309, 46.413505 ], [ -84.500281, 46.446722 ], [ -84.471848, 46.434289 ], [ -84.420274, 46.501077 ], [ -84.275814, 46.492821 ], [ -84.226131, 46.53392 ], [ -84.128925, 46.530119 ], [ -84.111225, 46.504119 ], [ -84.146172, 46.41852 ], [ -84.097766, 46.256512 ], [ -84.148712, 46.215185 ], [ -84.208013, 46.246013 ], [ -84.273018, 46.201451 ], [ -84.221001, 46.163062 ], [ -84.179135, 46.185656 ], [ -84.122825, 46.178881 ], [ -84.095818, 46.147733 ], [ -84.029634, 46.134539 ], [ -84.071741, 46.092441 ], [ -83.977701, 46.019373 ], [ -83.93682, 46.030183 ], [ -83.895464, 45.986436 ], [ -83.913817, 45.955694 ], [ -83.978652, 45.96868 ], [ -83.995292, 45.94581 ], [ -84.117005, 45.983348 ], [ -84.179515, 45.980441 ], [ -84.170323, 45.965557 ], [ -84.267219, 45.990763 ], [ -84.254952, 45.956068 ], [ -84.355814, 45.958594 ], [ -84.355112, 45.939753 ], [ -84.391228, 45.947853 ], [ -84.376429, 45.931962 ], [ -84.434995, 45.961087 ], [ -84.416779, 45.966359 ], [ -84.440072, 45.982629 ], [ -84.41357, 45.979326 ], [ -84.430327, 45.993364 ], [ -84.392773, 45.984777 ], [ -84.422721, 46.002032 ], [ -84.465028, 46.005499 ], [ -84.463128, 45.968925 ], [ -84.50579, 45.997987 ], [ -84.532392, 45.969448 ], [ -84.544405, 46.02286 ], [ -84.609063, 46.026418 ], [ -84.656567, 46.052654 ], [ -84.690467, 46.027947 ], [ -84.685254, 45.973454 ], [ -84.738849, 45.945792 ], [ -84.713614, 45.920366 ], [ -84.735864, 45.909747 ], [ -84.729803, 45.871284 ], [ -84.701722, 45.851617 ], [ -84.751987, 45.839605 ], [ -84.831396, 45.872038 ], [ -84.839374, 45.89759 ], [ -84.913584, 45.925868 ], [ -85.01399, 46.010774 ], [ -85.335911, 46.092595 ], [ -85.37804, 46.074921 ], [ -85.412064, 46.101437 ], [ -85.448521, 46.08507 ], [ -85.50621, 46.096393 ], [ -85.654377, 45.966029 ], [ -85.691337, 45.957768 ], [ -85.810442, 45.980087 ], [ -85.893196, 45.967253 ], [ -85.922737, 45.948287 ], [ -85.913769, 45.919439 ], [ -86.072067, 45.965313 ], [ -86.275768, 45.943551 ], [ -86.324232, 45.90608 ], [ -86.346903, 45.797298 ], [ -86.415971, 45.793793 ], [ -86.436632, 45.761697 ], [ -86.532411, 45.746624 ], [ -86.537258, 45.708361 ], [ -86.580936, 45.71192 ], [ -86.587528, 45.666456 ], [ -86.62744, 45.659876 ], [ -86.614266, 45.600121 ], [ -86.708082, 45.648049 ], [ -86.717512, 45.680291 ], [ -86.676184, 45.691862 ], [ -86.623561, 45.751019 ], [ -86.631096, 45.782116 ], [ -86.559625, 45.772244 ], [ -86.581759, 45.794797 ], [ -86.528014, 45.853254 ], [ -86.535206, 45.885805 ], [ -86.582323, 45.896113 ], [ -86.647567, 45.83355 ], [ -86.719227, 45.839429 ], [ -86.749638, 45.867796 ], [ -86.78208, 45.860195 ], [ -86.769377, 45.797437 ], [ -86.806455, 45.787743 ], [ -86.789461, 45.771829 ], [ -86.821523, 45.770356 ], [ -86.842677, 45.719684 ], [ -86.941458, 45.702156 ], [ -86.967855, 45.668261 ], [ -87.005522, 45.828798 ], [ -86.948231, 45.876756 ], [ -86.977941, 45.905623 ], [ -87.022038, 45.860077 ], [ -86.998983, 45.847744 ], [ -87.057439, 45.812483 ], [ -87.064302, 45.758828 ], [ -87.037329, 45.743586 ], [ -87.059533, 45.708497 ], [ -87.197243, 45.638218 ], [ -87.327749, 45.425307 ], [ -87.599814, 45.150474 ], [ -87.592041, 45.094252 ], [ -87.659952, 45.107512 ], [ -87.736509, 45.173389 ], [ -87.71045, 45.259324 ], [ -87.648126, 45.339396 ], [ -87.657349, 45.368752 ], [ -87.693956, 45.389893 ], [ -87.754104, 45.349442 ], [ -87.850133, 45.340435 ], [ -87.870238, 45.366436 ], [ -87.888052, 45.354697 ], [ -87.849322, 45.403872 ], [ -87.861697, 45.434473 ], [ -87.792769, 45.499967 ], [ -87.833591, 45.562529 ], [ -87.792372, 45.563055 ], [ -87.777199, 45.588499 ], [ -87.824676, 45.653211 ], [ -87.782226, 45.683053 ], [ -87.875813, 45.753888 ], [ -87.963452, 45.75822 ], [ -87.991447, 45.795393 ], [ -88.072091, 45.780261 ], [ -88.129461, 45.809288 ], [ -88.069885, 45.872717 ], [ -88.101814, 45.883504 ], [ -88.102908, 45.921869 ], [ -88.246346, 45.963389 ], [ -88.326953, 45.955071 ], [ -88.380183, 45.991654 ], [ -88.416914, 45.975323 ], [ -88.458658, 45.999391 ], [ -88.492495, 45.992157 ], [ -88.514601, 46.019926 ], [ -88.589, 46.005077 ], [ -88.60144, 46.017599 ], [ -88.616405, 45.9877 ], [ -88.670827, 45.988547 ], [ -88.679132, 46.013538 ], [ -88.739994, 46.027308 ], [ -88.780156, 46.015395 ], [ -88.796182, 46.033712 ], [ -88.816026, 46.020586 ], [ -89.09163, 46.138505 ], [ -90.120489, 46.336852 ], [ -90.216594, 46.501759 ], [ -90.272976, 46.505139 ], [ -90.277131, 46.524487 ], [ -90.316983, 46.517319 ], [ -90.331887, 46.553278 ], [ -90.39332, 46.532615 ], [ -90.418136, 46.566094 ] ] ] ] } },
{ "type": "Feature", "properties": { "map_id": "MA" }, "geometry": { "type": "MultiPolygon", "coordinates": [ [ [ [ -70.234054, 41.285653 ], [ -70.062565, 41.308726 ], [ -70.024421, 41.360622 ], [ -70.049053, 41.391702 ], [ -70.02038, 41.369006 ], [ -69.960181, 41.264546 ], [ -70.001603, 41.239916 ], [ -70.100495, 41.240553 ], [ -70.234054, 41.285653 ] ] ], [ [ [ -70.268616, 41.30177 ], [ -70.246552, 41.306186 ], [ -70.242739, 41.28919 ], [ -70.268616, 41.30177 ] ] ], [ [ [ -70.307001, 41.332391 ], [ -70.292027, 41.337788 ], [ -70.289325, 41.335022 ], [ -70.307001, 41.332391 ] ] ], [ [ [ -70.575648, 42.634452 ], [ -70.575088, 42.63978 ], [ -70.573377, 42.639507 ], [ -70.575648, 42.634452 ] ] ], [ [ [ -70.591607, 42.627503 ], [ -70.588245, 42.630605 ], [ -70.588037, 42.626413 ], [ -70.591607, 42.627503 ] ] ], [ [ [ -70.589942, 42.65845 ], [ -70.587992, 42.663003 ], [ -70.586344, 42.662249 ], [ -70.589942, 42.65845 ] ] ], [ [ [ -70.721656, 42.566088 ], [ -70.721223, 42.569933 ], [ -70.72064, 42.569659 ], [ -70.721656, 42.566088 ] ] ], [ [ [ -70.78208, 42.551679 ], [ -70.781182, 42.554218 ], [ -70.780441, 42.553868 ], [ -70.78208, 42.551679 ] ] ], [ [ [ -70.787708, 42.530579 ], [ -70.787031, 42.537295 ], [ -70.782252, 42.533716 ], [ -70.787708, 42.530579 ] ] ], [ [ [ -70.802155, 42.547135 ], [ -70.796224, 42.551301 ], [ -70.793272, 42.547444 ], [ -70.802155, 42.547135 ] ] ], [ [ [ -70.8071, 41.458576 ], [ -70.710222, 41.518915 ], [ -70.676851, 41.516797 ], [ -70.790395, 41.446535 ], [ -70.8071, 41.458576 ] ] ], [ [ [ -70.816868, 42.513178 ], [ -70.811949, 42.512093 ], [ -70.812512, 42.510018 ], [ -70.816868, 42.513178 ] ] ], [ [ [ -70.825508, 41.252277 ], [ -70.811965, 41.264839 ], [ -70.803315, 41.250225 ], [ -70.825508, 41.252277 ] ] ], [ [ [ -70.835635, 42.481915 ], [ -70.83371, 42.486412 ], [ -70.833228, 42.481442 ], [ -70.835635, 42.481915 ] ] ], [ [ [ -70.830087, 41.585385 ], [ -70.832044, 41.606504 ], [ -70.82191, 41.582841 ], [ -70.830087, 41.585385 ] ] ], [ [ [ -70.838777, 41.347209 ], [ -70.774974, 41.349176 ], [ -70.700964, 41.43401 ], [ -70.603555, 41.482384 ], [ -70.596516, 41.454122 ], [ -70.56328, 41.469127 ], [ -70.547567, 41.415831 ], [ -70.498959, 41.384339 ], [ -70.450431, 41.420703 ], [ -70.463292, 41.347479 ], [ -70.709826, 41.341723 ], [ -70.775665, 41.300982 ], [ -70.838777, 41.347209 ] ] ], [ [ [ -70.836868, 41.441968 ], [ -70.820595, 41.458507 ], [ -70.808051, 41.445037 ], [ -70.836868, 41.441968 ] ] ], [ [ [ -70.87605, 42.341229 ], [ -70.880207, 42.342307 ], [ -70.873953, 42.343634 ], [ -70.87605, 42.341229 ] ] ], [ [ [ -70.887529, 42.338202 ], [ -70.886251, 42.339946 ], [ -70.884777, 42.339328 ], [ -70.887529, 42.338202 ] ] ], [ [ [ -70.891952, 42.327231 ], [ -70.888954, 42.328902 ], [ -70.888775, 42.328461 ], [ -70.891952, 42.327231 ] ] ], [ [ [ -70.895156, 42.338879 ], [ -70.89721, 42.343324 ], [ -70.8956, 42.343892 ], [ -70.895156, 42.338879 ] ] ], [ [ [ -70.89608, 42.330355 ], [ -70.897063, 42.333952 ], [ -70.894065, 42.33498 ], [ -70.89608, 42.330355 ] ] ], [ [ [ -70.857793, 41.426 ], [ -70.901011, 41.434453 ], [ -70.854636, 41.4486 ], [ -70.857793, 41.426 ] ] ], [ [ [ -70.921186, 41.445393 ], [ -70.920666, 41.454553 ], [ -70.915165, 41.451034 ], [ -70.921186, 41.445393 ] ] ], [ [ [ -70.93076, 42.319027 ], [ -70.925969, 42.321909 ], [ -70.925308, 42.317223 ], [ -70.93076, 42.319027 ] ] ], [ [ [ -70.931414, 42.328267 ], [ -70.929717, 42.333973 ], [ -70.922598, 42.326144 ], [ -70.931414, 42.328267 ] ] ], [ [ [ -70.939854, 42.324245 ], [ -70.940749, 42.328139 ], [ -70.934947, 42.326807 ], [ -70.939854, 42.324245 ] ] ], [ [ [ -70.937332, 42.284916 ], [ -70.935272, 42.302101 ], [ -70.92638, 42.301406 ], [ -70.937332, 42.284916 ] ] ], [ [ [ -70.948757, 41.409038 ], [ -70.927475, 41.431811 ], [ -70.907496, 41.421512 ], [ -70.948757, 41.409038 ] ] ], [ [ [ -70.95434, 42.308587 ], [ -70.951492, 42.313564 ], [ -70.948515, 42.311937 ], [ -70.95434, 42.308587 ] ] ], [ [ [ -70.965732, 42.313469 ], [ -70.957268, 42.331661 ], [ -70.952805, 42.330627 ], [ -70.965732, 42.313469 ] ] ], [ [ [ -70.991621, 42.326294 ], [ -70.983078, 42.327156 ], [ -70.985667, 42.318733 ], [ -70.991621, 42.326294 ] ] ], [ [ [ -73.508142, 42.086257 ], [ -73.264957, 42.74594 ], [ -71.294205, 42.69699 ], [ -71.245504, 42.742589 ], [ -71.181803, 42.73759 ], [ -71.165603, 42.808689 ], [ -71.132503, 42.821389 ], [ -71.064201, 42.806289 ], [ -71.031201, 42.859089 ], [ -70.902768, 42.88653 ], [ -70.848625, 42.860939 ], [ -70.817296, 42.87229 ], [ -70.776083, 42.691264 ], [ -70.691231, 42.65579 ], [ -70.630077, 42.692699 ], [ -70.591469, 42.639821 ], [ -70.654727, 42.582234 ], [ -70.676733, 42.607527 ], [ -70.710349, 42.572568 ], [ -70.875195, 42.544344 ], [ -70.886366, 42.508611 ], [ -70.842091, 42.519495 ], [ -70.835991, 42.490496 ], [ -70.934993, 42.457896 ], [ -70.905692, 42.416197 ], [ -70.936393, 42.418097 ], [ -70.939561, 42.456749 ], [ -70.960763, 42.446011 ], [ -70.990595, 42.407098 ], [ -70.953022, 42.343973 ], [ -70.974183, 42.369565 ], [ -70.998497, 42.368221 ], [ -71.041333, 42.302926 ], [ -70.997838, 42.321205 ], [ -71.007583, 42.302926 ], [ -70.987855, 42.30398 ], [ -71.020655, 42.286575 ], [ -70.973357, 42.263009 ], [ -70.953833, 42.280791 ], [ -70.952679, 42.24876 ], [ -70.917056, 42.272542 ], [ -70.87781, 42.249288 ], [ -70.90443, 42.280773 ], [ -70.878285, 42.278311 ], [ -70.887317, 42.297652 ], [ -70.923444, 42.302398 ], [ -70.889456, 42.310484 ], [ -70.851093, 42.26827 ], [ -70.766338, 42.254742 ], [ -70.597892, 42.00455 ], [ -70.639137, 41.993895 ], [ -70.614223, 42.011149 ], [ -70.650874, 42.046247 ], [ -70.670934, 42.007786 ], [ -70.695809, 42.013346 ], [ -70.710034, 41.999544 ], [ -70.646785, 41.949309 ], [ -70.650826, 41.98218 ], [ -70.623513, 41.943273 ], [ -70.583572, 41.950007 ], [ -70.539189, 41.926773 ], [ -70.54103, 41.815754 ], [ -70.412476, 41.744397 ], [ -70.290957, 41.734312 ], [ -70.259205, 41.713954 ], [ -70.008462, 41.800786 ], [ -70.000188, 41.886938 ], [ -70.044995, 41.930049 ], [ -70.06901, 41.884924 ], [ -70.095595, 42.032832 ], [ -70.155415, 42.062409 ], [ -70.205889, 42.032691 ], [ -70.166884, 42.034575 ], [ -70.190834, 42.020028 ], [ -70.245385, 42.063733 ], [ -70.189305, 42.082337 ], [ -70.082624, 42.054657 ], [ -69.968598, 41.9117 ], [ -69.930418, 41.691944 ], [ -70.003861, 41.540551 ], [ -69.970489, 41.645458 ], [ -70.014211, 41.671971 ], [ -70.195193, 41.647913 ], [ -70.265424, 41.609333 ], [ -70.28132, 41.635125 ], [ -70.351634, 41.634687 ], [ -70.437246, 41.605329 ], [ -70.485571, 41.554244 ], [ -70.633607, 41.538254 ], [ -70.656625, 41.514779 ], [ -70.686981, 41.52949 ], [ -70.642748, 41.572385 ], [ -70.65327, 41.638982 ], [ -70.6248, 41.655727 ], [ -70.662036, 41.68094 ], [ -70.623652, 41.707398 ], [ -70.648805, 41.718029 ], [ -70.674064, 41.691371 ], [ -70.656596, 41.715401 ], [ -70.718739, 41.73574 ], [ -70.715593, 41.675258 ], [ -70.748868, 41.697446 ], [ -70.765463, 41.641575 ], [ -70.821598, 41.654839 ], [ -70.801063, 41.629513 ], [ -70.859654, 41.624124 ], [ -70.853447, 41.582195 ], [ -70.872665, 41.627816 ], [ -70.913202, 41.619266 ], [ -70.902051, 41.591583 ], [ -70.930456, 41.613271 ], [ -70.948797, 41.579038 ], [ -70.92852, 41.539776 ], [ -70.953299, 41.51501 ], [ -70.966583, 41.531655 ], [ -71.019354, 41.508857 ], [ -71.038362, 41.481105 ], [ -71.070687, 41.508877 ], [ -71.12057, 41.497448 ], [ -71.132888, 41.660102 ], [ -71.19569, 41.675102 ], [ -71.261392, 41.752301 ], [ -71.340697, 41.7983 ], [ -71.338698, 41.898399 ], [ -71.3817, 41.893199 ], [ -71.381401, 42.018798 ], [ -71.799242, 42.008065 ], [ -71.80065, 42.023569 ], [ -72.755838, 42.036195 ], [ -72.766739, 42.002995 ], [ -72.816741, 41.997595 ], [ -72.813541, 42.036494 ], [ -73.496879, 42.049675 ], [ -73.508142, 42.086257 ] ] ] ] } },
{ "type": "Feature", "properties": { "map_id": "ID" }, "geometry": { "type": "Polygon", "coordinates": [ [ [ -117.242675, 44.396548 ], [ -117.215072, 44.427162 ], [ -117.225076, 44.482346 ], [ -117.149242, 44.536151 ], [ -117.062273, 44.727143 ], [ -116.9347, 44.783881 ], [ -116.852427, 44.887577 ], [ -116.826271, 44.982493 ], [ -116.856964, 44.975173 ], [ -116.847944, 45.022602 ], [ -116.729607, 45.142091 ], [ -116.673793, 45.321511 ], [ -116.554829, 45.46293 ], [ -116.528558, 45.551078 ], [ -116.463635, 45.602785 ], [ -116.535396, 45.691734 ], [ -116.546643, 45.750972 ], [ -116.593004, 45.778541 ], [ -116.665344, 45.781998 ], [ -116.711822, 45.826267 ], [ -116.782676, 45.825376 ], [ -116.859795, 45.907264 ], [ -116.942656, 46.061 ], [ -116.981962, 46.084915 ], [ -116.92187, 46.167808 ], [ -116.965841, 46.203417 ], [ -116.986688, 46.296662 ], [ -117.06263, 46.352522 ], [ -117.034696, 46.418318 ], [ -117.032351, 48.999188 ], [ -116.049418, 49.000911 ], [ -116.049108, 47.976842 ], [ -115.918772, 47.853656 ], [ -115.852312, 47.827857 ], [ -115.831944, 47.755983 ], [ -115.797332, 47.757128 ], [ -115.773957, 47.717904 ], [ -115.722789, 47.694725 ], [ -115.736497, 47.654738 ], [ -115.68855, 47.594333 ], [ -115.755663, 47.5483 ], [ -115.698724, 47.531653 ], [ -115.686264, 47.48494 ], [ -115.629974, 47.479633 ], [ -115.640133, 47.459714 ], [ -115.717039, 47.452575 ], [ -115.759304, 47.423862 ], [ -115.721435, 47.425714 ], [ -115.642921, 47.377367 ], [ -115.577639, 47.367404 ], [ -115.528511, 47.299314 ], [ -115.483637, 47.282134 ], [ -115.320147, 47.2567 ], [ -115.300504, 47.188139 ], [ -115.144341, 47.101977 ], [ -115.048383, 46.969819 ], [ -115.001274, 46.971901 ], [ -114.925295, 46.918749 ], [ -114.948039, 46.85964 ], [ -114.895189, 46.80163 ], [ -114.865779, 46.814529 ], [ -114.829613, 46.782967 ], [ -114.784838, 46.780019 ], [ -114.767272, 46.697195 ], [ -114.698594, 46.740451 ], [ -114.664572, 46.739084 ], [ -114.621526, 46.707879 ], [ -114.642246, 46.673618 ], [ -114.605269, 46.635822 ], [ -114.541304, 46.649656 ], [ -114.467095, 46.631764 ], [ -114.358528, 46.670697 ], [ -114.321118, 46.647514 ], [ -114.342794, 46.518257 ], [ -114.40255, 46.500207 ], [ -114.368541, 46.437959 ], [ -114.422212, 46.387331 ], [ -114.425441, 46.287856 ], [ -114.47072, 46.266041 ], [ -114.444091, 46.169273 ], [ -114.514977, 46.167415 ], [ -114.527096, 46.146218 ], [ -114.460475, 46.09779 ], [ -114.507419, 46.031861 ], [ -114.480505, 46.030424 ], [ -114.479992, 45.992902 ], [ -114.411755, 45.97787 ], [ -114.431396, 45.93604 ], [ -114.3873, 45.88775 ], [ -114.410706, 45.851824 ], [ -114.509303, 45.845531 ], [ -114.566465, 45.77331 ], [ -114.495385, 45.703055 ], [ -114.509065, 45.656806 ], [ -114.563987, 45.637621 ], [ -114.538471, 45.605764 ], [ -114.564974, 45.557807 ], [ -114.457824, 45.561711 ], [ -114.424683, 45.509911 ], [ -114.329578, 45.459973 ], [ -114.270449, 45.484423 ], [ -114.248354, 45.545408 ], [ -114.192226, 45.537081 ], [ -114.086584, 45.59118 ], [ -114.066962, 45.627967 ], [ -114.018783, 45.648496 ], [ -114.015482, 45.695901 ], [ -113.93526, 45.694341 ], [ -113.903684, 45.621591 ], [ -113.807405, 45.602783 ], [ -113.834459, 45.521092 ], [ -113.766555, 45.520906 ], [ -113.776043, 45.408477 ], [ -113.734402, 45.392353 ], [ -113.738056, 45.328372 ], [ -113.680834, 45.279304 ], [ -113.692485, 45.26344 ], [ -113.591911, 45.184187 ], [ -113.569821, 45.124299 ], [ -113.510262, 45.115476 ], [ -113.522502, 45.091736 ], [ -113.452044, 45.059174 ], [ -113.444388, 44.958745 ], [ -113.498373, 44.941685 ], [ -113.455071, 44.865424 ], [ -113.421579, 44.837554 ], [ -113.377115, 44.834829 ], [ -113.341822, 44.784944 ], [ -113.247603, 44.822861 ], [ -113.131831, 44.773038 ], [ -113.067761, 44.678786 ], [ -113.049808, 44.629066 ], [ -113.087542, 44.59951 ], [ -113.007952, 44.52718 ], [ -113.0265, 44.494593 ], [ -113.005059, 44.45372 ], [ -112.889154, 44.405205 ], [ -112.855086, 44.35997 ], [ -112.813153, 44.376697 ], [ -112.839427, 44.425119 ], [ -112.779844, 44.484613 ], [ -112.71911, 44.504344 ], [ -112.500189, 44.462963 ], [ -112.472041, 44.4791 ], [ -112.387339, 44.447597 ], [ -112.35421, 44.535638 ], [ -112.286041, 44.568605 ], [ -112.106755, 44.520829 ], [ -111.868756, 44.565834 ], [ -111.82153, 44.508941 ], [ -111.701745, 44.559952 ], [ -111.612669, 44.548768 ], [ -111.586507, 44.562657 ], [ -111.468269, 44.538976 ], [ -111.522646, 44.59025 ], [ -111.516167, 44.644059 ], [ -111.472255, 44.666896 ], [ -111.488784, 44.705643 ], [ -111.414273, 44.710739 ], [ -111.385106, 44.754898 ], [ -111.355153, 44.727195 ], [ -111.323052, 44.728555 ], [ -111.266804, 44.667512 ], [ -111.278477, 44.651265 ], [ -111.220145, 44.622996 ], [ -111.240332, 44.613687 ], [ -111.227504, 44.577172 ], [ -111.131382, 44.532429 ], [ -111.127383, 44.49762 ], [ -111.048974, 44.474072 ], [ -111.046714, 42.001702 ], [ -117.026197, 41.99989 ], [ -117.032881, 43.830025 ], [ -116.958752, 43.923246 ], [ -116.97618, 43.974719 ], [ -116.935584, 43.986874 ], [ -116.977351, 44.085364 ], [ -116.933704, 44.100039 ], [ -116.894083, 44.160191 ], [ -116.925392, 44.191544 ], [ -116.971675, 44.197256 ], [ -116.975905, 44.242844 ], [ -117.031862, 44.248635 ], [ -117.05303, 44.229076 ], [ -117.104208, 44.27994 ], [ -117.143394, 44.258262 ], [ -117.198147, 44.273828 ], [ -117.222647, 44.297578 ], [ -117.189769, 44.336585 ], [ -117.242675, 44.396548 ] ] ] } },
{ "type": "Feature", "properties": { "map_id": "FL" }, "geometry": { "type": "MultiPolygon", "coordinates": [ [ [ [ -80.17706, 25.521704 ], [ -80.17395, 25.525375 ], [ -80.17268, 25.522087 ], [ -80.17706, 25.521704 ] ] ], [ [ [ -80.258601, 25.359611 ], [ -80.20922, 25.41437 ], [ -80.177237, 25.518425 ], [ -80.203829, 25.414497 ], [ -80.239341, 25.350586 ], [ -80.258601, 25.359611 ] ] ], [ [ [ -80.296777, 25.325355 ], [ -80.294448, 25.327763 ], [ -80.293549, 25.324457 ], [ -80.296777, 25.325355 ] ] ], [ [ [ -80.295002, 25.376714 ], [ -80.298175, 25.38216 ], [ -80.293678, 25.385452 ], [ -80.295002, 25.376714 ] ] ], [ [ [ -80.301963, 25.403001 ], [ -80.300239, 25.406652 ], [ -80.299741, 25.405385 ], [ -80.301963, 25.403001 ] ] ], [ [ [ -80.455781, 25.048353 ], [ -80.448638, 25.053666 ], [ -80.446311, 25.052813 ], [ -80.455781, 25.048353 ] ] ], [ [ [ -80.468829, 25.092027 ], [ -80.473939, 25.093642 ], [ -80.477742, 25.103543 ], [ -80.468829, 25.092027 ] ] ], [ [ [ -80.475008, 25.109784 ], [ -80.48136, 25.114008 ], [ -80.479205, 25.123571 ], [ -80.475008, 25.109784 ] ] ], [ [ [ -80.494498, 25.097839 ], [ -80.490794, 25.10354 ], [ -80.486179, 25.1086 ], [ -80.494498, 25.097839 ] ] ], [ [ [ -80.500307, 25.075316 ], [ -80.496256, 25.081809 ], [ -80.49238, 25.078628 ], [ -80.500307, 25.075316 ] ] ], [ [ [ -80.509163, 25.13139 ], [ -80.505356, 25.137824 ], [ -80.507737, 25.13096 ], [ -80.509163, 25.13139 ] ] ], [ [ [ -80.51001, 25.144911 ], [ -80.508293, 25.156796 ], [ -80.505061, 25.148768 ], [ -80.51001, 25.144911 ] ] ], [ [ [ -80.518051, 25.082799 ], [ -80.511245, 25.082923 ], [ -80.510484, 25.081794 ], [ -80.518051, 25.082799 ] ] ], [ [ [ -80.531294, 25.185605 ], [ -80.535783, 25.187001 ], [ -80.535636, 25.195097 ], [ -80.531294, 25.185605 ] ] ], [ [ [ -80.553221, 25.161413 ], [ -80.550058, 25.161854 ], [ -80.555867, 25.158177 ], [ -80.553221, 25.161413 ] ] ], [ [ [ -80.552658, 25.062944 ], [ -80.558136, 25.06596 ], [ -80.555844, 25.072206 ], [ -80.552658, 25.062944 ] ] ], [ [ [ -80.567731, 25.125708 ], [ -80.564955, 25.127871 ], [ -80.567972, 25.122476 ], [ -80.567731, 25.125708 ] ] ], [ [ [ -80.561944, 25.13957 ], [ -80.565018, 25.149679 ], [ -80.557233, 25.140384 ], [ -80.561944, 25.13957 ] ] ], [ [ [ -80.560739, 25.107395 ], [ -80.567157, 25.108256 ], [ -80.567632, 25.119124 ], [ -80.560739, 25.107395 ] ] ], [ [ [ -80.576426, 25.150217 ], [ -80.572928, 25.156745 ], [ -80.575119, 25.148388 ], [ -80.576426, 25.150217 ] ] ], [ [ [ -80.588246, 25.056483 ], [ -80.582693, 25.061169 ], [ -80.583278, 25.056946 ], [ -80.588246, 25.056483 ] ] ], [ [ [ -80.599853, 25.163732 ], [ -80.586631, 25.171442 ], [ -80.586799, 25.16264 ], [ -80.599853, 25.163732 ] ] ], [ [ [ -80.613375, 25.068715 ], [ -80.60553, 25.070358 ], [ -80.609464, 25.055946 ], [ -80.613375, 25.068715 ] ] ], [ [ [ -80.614146, 25.003219 ], [ -80.615531, 25.007777 ], [ -80.612751, 25.00666 ], [ -80.614146, 25.003219 ] ] ], [ [ [ -80.614448, 25.175779 ], [ -80.621467, 25.183668 ], [ -80.609847, 25.182407 ], [ -80.614448, 25.175779 ] ] ], [ [ [ -80.623887, 24.998781 ], [ -80.626002, 25.002625 ], [ -80.622785, 24.999997 ], [ -80.623887, 24.998781 ] ] ], [ [ [ -80.623203, 24.95862 ], [ -80.625146, 24.961366 ], [ -80.623882, 24.963673 ], [ -80.623203, 24.95862 ] ] ], [ [ [ -80.634227, 25.024297 ], [ -80.634152, 25.028118 ], [ -80.631628, 25.025463 ], [ -80.634227, 25.024297 ] ] ], [ [ [ -80.644236, 25.046938 ], [ -80.644777, 25.052808 ], [ -80.641141, 25.049794 ], [ -80.644236, 25.046938 ] ] ], [ [ [ -80.648532, 25.032356 ], [ -80.64586, 25.036275 ], [ -80.646338, 25.033159 ], [ -80.648532, 25.032356 ] ] ], [ [ [ -80.652685, 24.980814 ], [ -80.650226, 24.989504 ], [ -80.646576, 24.987369 ], [ -80.652685, 24.980814 ] ] ], [ [ [ -80.640643, 25.073373 ], [ -80.643482, 25.112081 ], [ -80.647439, 25.138662 ], [ -80.637482, 25.137276 ], [ -80.640643, 25.073373 ] ] ], [ [ [ -80.657594, 24.987781 ], [ -80.661826, 24.995273 ], [ -80.654271, 24.994916 ], [ -80.657594, 24.987781 ] ] ], [ [ [ -80.668406, 25.033527 ], [ -80.66464, 25.037154 ], [ -80.664029, 25.033643 ], [ -80.668406, 25.033527 ] ] ], [ [ [ -80.666389, 24.918518 ], [ -80.665154, 24.928158 ], [ -80.660828, 24.924028 ], [ -80.666389, 24.918518 ] ] ], [ [ [ -80.667322, 24.986395 ], [ -80.670085, 24.990165 ], [ -80.666745, 24.987242 ], [ -80.667322, 24.986395 ] ] ], [ [ [ -80.68042, 25.099282 ], [ -80.6745, 25.104106 ], [ -80.666932, 25.095962 ], [ -80.68042, 25.099282 ] ] ], [ [ [ -80.676237, 25.03099 ], [ -80.678061, 25.035262 ], [ -80.673729, 25.032916 ], [ -80.676237, 25.03099 ] ] ], [ [ [ -80.675904, 25.114509 ], [ -80.684074, 25.122946 ], [ -80.679479, 25.123177 ], [ -80.675904, 25.114509 ] ] ], [ [ [ -80.687065, 25.027197 ], [ -80.682053, 25.03072 ], [ -80.682111, 25.025314 ], [ -80.687065, 25.027197 ] ] ], [ [ [ -80.69448, 25.050071 ], [ -80.695635, 25.062084 ], [ -80.692643, 25.060086 ], [ -80.69448, 25.050071 ] ] ], [ [ [ -80.697222, 25.098326 ], [ -80.700157, 25.101447 ], [ -80.700892, 25.108069 ], [ -80.697222, 25.098326 ] ] ], [ [ [ -80.700903, 25.11582 ], [ -80.694541, 25.122252 ], [ -80.694413, 25.119941 ], [ -80.700903, 25.11582 ] ] ], [ [ [ -80.70259, 24.897037 ], [ -80.698058, 24.908869 ], [ -80.693404, 24.899532 ], [ -80.70259, 24.897037 ] ] ], [ [ [ -80.706017, 25.128904 ], [ -80.711135, 25.143054 ], [ -80.699647, 25.125719 ], [ -80.706017, 25.128904 ] ] ], [ [ [ -80.714637, 25.146559 ], [ -80.710953, 25.145806 ], [ -80.711309, 25.144408 ], [ -80.714637, 25.146559 ] ] ], [ [ [ -80.726064, 25.089406 ], [ -80.724863, 25.099325 ], [ -80.720008, 25.096527 ], [ -80.726064, 25.089406 ] ] ], [ [ [ -80.726251, 24.996229 ], [ -80.730093, 25.002447 ], [ -80.723687, 25.005051 ], [ -80.726251, 24.996229 ] ] ], [ [ [ -80.727989, 25.062618 ], [ -80.734321, 25.072157 ], [ -80.728203, 25.070893 ], [ -80.727989, 25.062618 ] ] ], [ [ [ -80.738243, 25.004011 ], [ -80.73851, 25.011217 ], [ -80.735901, 25.00181 ], [ -80.738243, 25.004011 ] ] ], [ [ [ -80.735175, 24.848822 ], [ -80.732966, 24.864315 ], [ -80.690651, 24.884221 ], [ -80.735175, 24.848822 ] ] ], [ [ [ -80.758306, 25.028927 ], [ -80.75453, 25.039605 ], [ -80.750482, 25.026077 ], [ -80.758306, 25.028927 ] ] ], [ [ [ -80.760886, 25.143528 ], [ -80.760509, 25.146344 ], [ -80.758845, 25.145268 ], [ -80.760886, 25.143528 ] ] ], [ [ [ -80.786893, 24.937544 ], [ -80.783891, 24.940841 ], [ -80.783693, 24.937186 ], [ -80.786893, 24.937544 ] ] ], [ [ [ -80.789232, 25.023182 ], [ -80.786301, 25.026556 ], [ -80.785232, 25.024756 ], [ -80.789232, 25.023182 ] ] ], [ [ [ -80.786703, 25.124423 ], [ -80.789268, 25.132036 ], [ -80.781182, 25.122027 ], [ -80.786703, 25.124423 ] ] ], [ [ [ -80.791123, 25.09147 ], [ -80.78567, 25.092476 ], [ -80.787672, 25.089118 ], [ -80.791123, 25.09147 ] ] ], [ [ [ -80.7923, 25.067924 ], [ -80.788673, 25.071034 ], [ -80.787519, 25.068677 ], [ -80.7923, 25.067924 ] ] ], [ [ [ -80.829765, 24.987682 ], [ -80.829887, 24.994453 ], [ -80.827909, 24.987926 ], [ -80.829765, 24.987682 ] ] ], [ [ [ -80.830858, 25.115236 ], [ -80.832298, 25.121699 ], [ -80.828657, 25.114961 ], [ -80.830858, 25.115236 ] ] ], [ [ [ -80.84849, 24.804713 ], [ -80.79278, 24.843918 ], [ -80.78783, 24.841409 ], [ -80.794531, 24.81205 ], [ -80.84849, 24.804713 ] ] ], [ [ [ -80.851471, 25.107736 ], [ -80.850375, 25.110719 ], [ -80.849757, 25.108473 ], [ -80.851471, 25.107736 ] ] ], [ [ [ -80.865342, 25.029951 ], [ -80.8626, 25.03396 ], [ -80.860895, 25.031059 ], [ -80.865342, 25.029951 ] ] ], [ [ [ -80.876076, 25.110876 ], [ -80.881348, 25.118399 ], [ -80.879288, 25.118916 ], [ -80.876076, 25.110876 ] ] ], [ [ [ -80.885359, 25.058095 ], [ -80.884814, 25.061199 ], [ -80.883582, 25.059878 ], [ -80.885359, 25.058095 ] ] ], [ [ [ -80.904055, 25.04966 ], [ -80.901776, 25.052214 ], [ -80.902273, 25.049313 ], [ -80.904055, 25.04966 ] ] ], [ [ [ -80.905406, 25.132562 ], [ -80.904231, 25.137429 ], [ -80.900209, 25.137411 ], [ -80.905406, 25.132562 ] ] ], [ [ [ -80.911067, 25.101951 ], [ -80.91202, 25.110325 ], [ -80.907814, 25.102897 ], [ -80.911067, 25.101951 ] ] ], [ [ [ -80.907616, 24.76862 ], [ -80.91531, 24.7779 ], [ -80.90876, 24.777604 ], [ -80.907616, 24.76862 ] ] ], [ [ [ -80.931531, 24.763398 ], [ -80.926006, 24.768944 ], [ -80.926362, 24.765923 ], [ -80.931531, 24.763398 ] ] ], [ [ [ -80.929877, 25.078468 ], [ -80.929533, 25.08089 ], [ -80.925168, 25.080554 ], [ -80.929877, 25.078468 ] ] ], [ [ [ -80.941642, 25.10617 ], [ -80.935317, 25.111092 ], [ -80.932481, 25.109231 ], [ -80.941642, 25.10617 ] ] ], [ [ [ -81.124761, 24.707129 ], [ -81.016918, 24.734676 ], [ -80.931416, 24.774344 ], [ -81.0773, 24.689974 ], [ -81.124761, 24.707129 ] ] ], [ [ [ -81.230055, 24.776859 ], [ -81.227978, 24.781785 ], [ -81.226135, 24.775721 ], [ -81.230055, 24.776859 ] ] ], [ [ [ -81.280808, 24.655625 ], [ -81.260006, 24.674848 ], [ -81.243232, 24.673998 ], [ -81.244761, 24.669202 ], [ -81.280808, 24.655625 ] ] ], [ [ [ -81.293946, 24.77257 ], [ -81.287758, 24.776352 ], [ -81.285734, 24.768242 ], [ -81.293946, 24.77257 ] ] ], [ [ [ -81.314255, 24.750815 ], [ -81.306097, 24.757079 ], [ -81.298959, 24.743645 ], [ -81.314255, 24.750815 ] ] ], [ [ [ -81.324, 24.759556 ], [ -81.324221, 24.76706 ], [ -81.317345, 24.75675 ], [ -81.324, 24.759556 ] ] ], [ [ [ -81.303253, 24.714029 ], [ -81.328397, 24.750275 ], [ -81.297401, 24.716732 ], [ -81.303253, 24.714029 ] ] ], [ [ [ -81.337667, 24.737216 ], [ -81.333626, 24.744231 ], [ -81.332913, 24.731603 ], [ -81.337667, 24.737216 ] ] ], [ [ [ -81.355624, 25.692516 ], [ -81.341238, 25.712577 ], [ -81.338242, 25.692895 ], [ -81.355624, 25.692516 ] ] ], [ [ [ -81.444312, 24.632921 ], [ -81.441716, 24.636031 ], [ -81.440873, 24.632971 ], [ -81.444312, 24.632921 ] ] ], [ [ [ -81.471471, 24.609851 ], [ -81.469039, 24.613155 ], [ -81.467665, 24.609973 ], [ -81.471471, 24.609851 ] ] ], [ [ [ -81.803556, 24.544506 ], [ -81.799495, 24.594168 ], [ -81.752834, 24.580234 ], [ -81.721995, 24.606654 ], [ -81.765336, 24.632626 ], [ -81.745651, 24.659882 ], [ -81.44351, 24.813364 ], [ -81.371822, 24.779089 ], [ -81.296895, 24.655382 ], [ -81.394795, 24.621135 ], [ -81.412537, 24.646732 ], [ -81.505944, 24.65451 ], [ -81.519025, 24.618812 ], [ -81.685243, 24.558676 ], [ -81.803556, 24.544506 ] ] ], [ [ [ -81.888228, 24.557772 ], [ -81.885878, 24.562968 ], [ -81.883743, 24.56033 ], [ -81.888228, 24.557772 ] ] ], [ [ [ -81.921082, 24.60129 ], [ -81.92308, 24.606625 ], [ -81.919472, 24.60548 ], [ -81.921082, 24.60129 ] ] ], [ [ [ -81.924892, 24.539964 ], [ -81.921328, 24.54848 ], [ -81.916977, 24.546757 ], [ -81.924892, 24.539964 ] ] ], [ [ [ -81.925995, 24.526514 ], [ -81.925584, 24.532863 ], [ -81.917725, 24.530521 ], [ -81.925995, 24.526514 ] ] ], [ [ [ -81.978363, 24.523096 ], [ -81.971207, 24.527651 ], [ -81.966698, 24.523754 ], [ -81.978363, 24.523096 ] ] ], [ [ [ -82.006453, 24.527437 ], [ -82.007484, 24.537902 ], [ -81.998308, 24.530863 ], [ -82.006453, 24.527437 ] ] ], [ [ [ -82.145407, 24.5899 ], [ -82.124827, 24.597064 ], [ -82.101631, 24.585039 ], [ -82.116087, 24.549544 ], [ -82.145407, 24.5899 ] ] ], [ [ [ -82.146016, 24.548943 ], [ -82.145184, 24.552511 ], [ -82.144503, 24.549864 ], [ -82.146016, 24.548943 ] ] ], [ [ [ -82.156426, 24.549107 ], [ -82.16452, 24.563393 ], [ -82.157662, 24.566886 ], [ -82.156426, 24.549107 ] ] ], [ [ [ -82.224073, 26.602896 ], [ -82.149368, 26.477605 ], [ -82.013913, 26.452058 ], [ -82.082915, 26.422059 ], [ -82.172917, 26.467658 ], [ -82.224073, 26.602896 ] ] ], [ [ [ -82.262485, 26.677602 ], [ -82.246085, 26.706057 ], [ -82.221129, 26.613446 ], [ -82.262485, 26.677602 ] ] ], [ [ [ -82.419829, 27.842476 ], [ -82.4146, 27.848361 ], [ -82.404888, 27.849896 ], [ -82.419829, 27.842476 ] ] ], [ [ [ -82.424278, 27.868217 ], [ -82.435448, 27.884199 ], [ -82.424622, 27.884199 ], [ -82.424278, 27.868217 ] ] ], [ [ [ -82.441689, 27.823534 ], [ -82.431221, 27.838608 ], [ -82.43222, 27.822289 ], [ -82.441689, 27.823534 ] ] ], [ [ [ -82.446924, 27.806322 ], [ -82.443121, 27.806953 ], [ -82.44431, 27.80443 ], [ -82.446924, 27.806322 ] ] ], [ [ [ -82.573608, 27.631266 ], [ -82.572698, 27.636943 ], [ -82.569178, 27.630531 ], [ -82.573608, 27.631266 ] ] ], [ [ [ -82.695062, 27.661584 ], [ -82.693907, 27.668738 ], [ -82.685555, 27.664742 ], [ -82.695062, 27.661584 ] ] ], [ [ [ -82.749253, 28.797604 ], [ -82.723815, 28.790452 ], [ -82.736707, 28.77371 ], [ -82.749253, 28.797604 ] ] ], [ [ [ -82.763319, 27.582146 ], [ -82.761494, 27.603077 ], [ -82.756101, 27.576085 ], [ -82.763319, 27.582146 ] ] ], [ [ [ -82.842743, 28.111225 ], [ -82.832237, 28.129057 ], [ -82.832405, 28.106716 ], [ -82.842743, 28.111225 ] ] ], [ [ [ -82.850365, 28.172537 ], [ -82.838852, 28.211548 ], [ -82.840569, 28.163084 ], [ -82.850365, 28.172537 ] ] ], [ [ [ -82.873656, 24.626469 ], [ -82.863299, 24.628879 ], [ -82.862886, 24.625699 ], [ -82.873656, 24.626469 ] ] ], [ [ [ -82.926114, 24.628051 ], [ -82.921802, 24.633418 ], [ -82.91672, 24.636246 ], [ -82.926114, 24.628051 ] ] ], [ [ [ -83.034469, 29.121813 ], [ -83.027814, 29.127004 ], [ -83.024011, 29.119322 ], [ -83.034469, 29.121813 ] ] ], [ [ [ -83.03405, 29.095547 ], [ -83.030666, 29.098971 ], [ -83.025912, 29.096271 ], [ -83.03405, 29.095547 ] ] ], [ [ [ -83.065367, 29.095648 ], [ -83.061802, 29.102502 ], [ -83.059928, 29.09966 ], [ -83.065367, 29.095648 ] ] ], [ [ [ -83.090253, 29.118715 ], [ -83.082604, 29.128917 ], [ -83.085651, 29.12019 ], [ -83.090253, 29.118715 ] ] ], [ [ [ -83.830815, 29.971061 ], [ -83.827012, 29.971061 ], [ -83.829032, 29.969825 ], [ -83.830815, 29.971061 ] ] ], [ [ [ -84.674683, 29.786234 ], [ -84.624532, 29.7901 ], [ -84.57248, 29.828459 ], [ -84.623741, 29.788498 ], [ -84.674683, 29.786234 ] ] ], [ [ [ -85.097168, 29.626242 ], [ -85.027047, 29.596726 ], [ -84.981498, 29.608642 ], [ -84.798587, 29.702074 ], [ -84.782212, 29.692606 ], [ -84.693408, 29.768864 ], [ -84.776954, 29.692191 ], [ -84.956452, 29.613997 ], [ -85.045074, 29.586991 ], [ -85.097168, 29.626242 ] ] ], [ [ [ -85.222296, 29.679581 ], [ -85.114268, 29.688658 ], [ -85.074308, 29.673981 ], [ -85.120454, 29.630015 ], [ -85.222296, 29.679581 ] ] ], [ [ [ -87.634844288786596, 30.866109347267003 ], [ -87.592055, 30.951492 ], [ -87.598928, 30.997457 ], [ -85.0019, 31.000681 ], [ -84.935413, 30.882481 ], [ -84.914322, 30.753591 ], [ -84.864693, 30.711542 ], [ -82.214839, 30.568591 ], [ -82.240403, 30.53777 ], [ -82.201416, 30.485164 ], [ -82.204151, 30.40133 ], [ -82.161757, 30.357851 ], [ -82.036825, 30.377884 ], [ -82.005477, 30.563495 ], [ -82.049507, 30.655548 ], [ -82.043795, 30.729641 ], [ -82.011597, 30.763122 ], [ -82.022866, 30.787991 ], [ -81.973856, 30.778487 ], [ -81.949787, 30.827493 ], [ -81.901443, 30.829922 ], [ -81.868608, 30.792754 ], [ -81.7932, 30.786087 ], [ -81.78321, 30.761885 ], [ -81.763261, 30.775807 ], [ -81.719927, 30.744634 ], [ -81.663345, 30.754402 ], [ -81.610656, 30.716217 ], [ -81.487332, 30.726081 ], [ -81.425846, 30.700452 ], [ -81.442365, 30.498735 ], [ -81.414379, 30.486704 ], [ -81.380924, 30.256809 ], [ -81.253877, 29.776852 ], [ -80.966176, 29.14796 ], [ -80.57424, 28.585339 ], [ -80.525094, 28.459454 ], [ -80.578105, 28.423075 ], [ -80.604276, 28.354846 ], [ -80.571995, 28.111594 ], [ -80.383455, 27.740024 ], [ -80.093909, 27.018587 ], [ -80.031362, 26.796339 ], [ -80.130697, 25.764269 ], [ -80.15937, 25.73301 ], [ -80.147354, 25.723373 ], [ -80.156326, 25.666151 ], [ -80.1783, 25.686666 ], [ -80.154647, 25.722871 ], [ -80.202632, 25.748207 ], [ -80.306682, 25.612786 ], [ -80.340297, 25.4772 ], [ -80.305424, 25.387744 ], [ -80.398119, 25.276786 ], [ -80.416658, 25.198744 ], [ -80.352841, 25.207561 ], [ -80.332163, 25.263031 ], [ -80.365913, 25.285383 ], [ -80.307093, 25.300507 ], [ -80.266973, 25.352063 ], [ -80.253015, 25.338346 ], [ -80.400057, 25.106026 ], [ -80.42664, 25.102359 ], [ -80.565779, 24.957096 ], [ -80.657695, 24.897354 ], [ -80.433296, 25.107847 ], [ -80.461342, 25.132487 ], [ -80.442684, 25.191647 ], [ -80.465501, 25.211755 ], [ -80.652231, 25.192793 ], [ -80.663964, 25.176699 ], [ -80.637255, 25.17826 ], [ -80.63411, 25.176462 ], [ -80.673709, 25.138297 ], [ -80.653263, 25.164549 ], [ -80.672326, 25.174709 ], [ -80.70416, 25.140808 ], [ -80.732304, 25.167616 ], [ -80.722741, 25.145407 ], [ -80.768882, 25.162269 ], [ -80.769493, 25.144967 ], [ -80.778056, 25.13821 ], [ -80.78315, 25.165874 ], [ -80.800526, 25.142985 ], [ -80.808543, 25.184426 ], [ -80.945543, 25.128436 ], [ -81.087927, 25.116171 ], [ -81.172044, 25.222276 ], [ -81.123048, 25.379116 ], [ -81.150508, 25.387255 ], [ -81.16797, 25.469489 ], [ -81.209707, 25.506491 ], [ -81.241708, 25.606524 ], [ -81.271489, 25.61434 ], [ -81.290328, 25.687506 ], [ -81.381881, 25.74919 ], [ -81.389012, 25.781297 ], [ -81.470229, 25.803327 ], [ -81.534234, 25.856609 ], [ -81.646078, 25.897282 ], [ -81.68059, 25.845265 ], [ -81.729489, 25.909408 ], [ -81.868983, 26.378648 ], [ -82.05808, 26.548404 ], [ -82.056892, 26.493748 ], [ -82.105672, 26.48393 ], [ -82.142554, 26.643911 ], [ -82.183813, 26.687796 ], [ -82.125795, 26.699536 ], [ -82.098961, 26.645954 ], [ -82.082086, 26.653601 ], [ -82.056801, 26.858797 ], [ -82.098486, 26.913098 ], [ -82.053802, 26.939799 ], [ -82.11655, 26.963316 ], [ -82.139129, 26.922846 ], [ -82.1831, 26.935773 ], [ -82.146259, 26.782893 ], [ -82.249888, 26.762946 ], [ -82.261941, 26.717085 ], [ -82.282533, 26.815992 ], [ -82.445718, 27.060634 ], [ -82.56006, 27.2951 ], [ -82.690071, 27.434415 ], [ -82.745748, 27.538834 ], [ -82.706821, 27.498415 ], [ -82.641346, 27.525508 ], [ -82.392153, 27.845512 ], [ -82.415318, 27.900378 ], [ -82.461914, 27.908431 ], [ -82.461055, 27.938161 ], [ -82.491117, 27.9145 ], [ -82.47244, 27.822559 ], [ -82.533889, 27.832925 ], [ -82.554831, 27.851513 ], [ -82.529918, 27.877501 ], [ -82.545956, 27.957641 ], [ -82.641109, 28.016773 ], [ -82.663451, 27.999356 ], [ -82.686743, 28.030201 ], [ -82.687694, 27.9727 ], [ -82.725855, 27.93622 ], [ -82.629302, 27.908095 ], [ -82.586948, 27.819617 ], [ -82.622459, 27.787558 ], [ -82.63982, 27.703907 ], [ -82.713363, 27.703679 ], [ -82.698091, 27.638858 ], [ -82.734992, 27.610839 ], [ -82.740323, 27.718206 ], [ -82.849126, 27.8632 ], [ -82.818497, 28.048696 ], [ -82.80487, 27.965983 ], [ -82.786064, 28.047945 ], [ -82.822304, 28.054069 ], [ -82.834105, 28.063764 ], [ -82.836244, 28.091864 ], [ -82.783479, 28.052647 ], [ -82.804546, 28.176093 ], [ -82.757334, 28.228279 ], [ -82.652755, 28.537758 ], [ -82.677711, 28.654831 ], [ -82.655132, 28.680482 ], [ -82.720838, 28.713698 ], [ -82.690071, 28.736559 ], [ -82.691497, 28.792188 ], [ -82.738695, 28.824796 ], [ -82.727888, 28.871251 ], [ -82.689775, 28.885495 ], [ -82.696013, 28.930821 ], [ -82.757165, 28.985952 ], [ -82.763751, 29.054518 ], [ -82.815566, 29.073008 ], [ -82.813902, 29.162502 ], [ -82.994776, 29.175162 ], [ -83.016405, 29.13863 ], [ -83.056542, 29.129909 ], [ -83.077265, 29.255331 ], [ -83.169576, 29.290355 ], [ -83.218075, 29.420492 ], [ -83.295577, 29.436976 ], [ -83.307828, 29.468861 ], [ -83.400252, 29.517242 ], [ -83.408577, 29.667261 ], [ -83.584222, 29.758503 ], [ -83.586836, 29.818941 ], [ -83.680791, 29.921574 ], [ -83.925364, 30.034568 ], [ -84.006757, 30.097555 ], [ -84.167881, 30.071422 ], [ -84.205589, 30.114323 ], [ -84.203413, 30.08461 ], [ -84.262263, 30.103724 ], [ -84.273055, 30.063755 ], [ -84.361599, 30.01566 ], [ -84.341754, 29.970258 ], [ -84.437597, 29.98813 ], [ -84.438904, 29.960232 ], [ -84.338625, 29.94649 ], [ -84.349066, 29.896812 ], [ -84.423336, 29.903279 ], [ -84.451705, 29.929085 ], [ -84.521814, 29.914078 ], [ -84.888031, 29.722406 ], [ -84.877661, 29.798144 ], [ -84.993264, 29.714961 ], [ -85.101682, 29.718748 ], [ -85.351514, 29.666669 ], [ -85.3753, 29.691854 ], [ -85.404287, 29.761954 ], [ -85.417971, 29.828855 ], [ -85.408913, 29.864222 ], [ -85.38467, 29.877618 ], [ -85.409696, 29.802353 ], [ -85.359238, 29.679679 ], [ -85.312415, 29.692275 ], [ -85.302789, 29.808864 ], [ -85.405052, 29.938487 ], [ -85.502321, 29.967845 ], [ -85.595611, 30.050583 ], [ -85.922554, 30.23767 ], [ -86.243526, 30.349675 ], [ -86.713062, 30.394788 ], [ -87.20601, 30.321469 ], [ -87.3012, 30.33029 ], [ -87.518324, 30.280435 ], [ -87.452378, 30.300201 ], [ -87.504701, 30.324039 ], [ -87.459978, 30.3363 ], [ -87.429578, 30.406498 ], [ -87.366591, 30.436648 ], [ -87.425078, 30.465596 ], [ -87.447702, 30.510458 ], [ -87.396177, 30.650454 ], [ -87.532607, 30.743489 ], [ -87.634844288786596, 30.866109347267003 ] ] ] ] } },
{ "type": "Feature", "properties": { "map_id": "NE" }, "geometry": { "type": "Polygon", "coordinates": [ [ [ -104.053249, 41.001406 ], [ -104.053028, 43.000587 ], [ -98.49855, 42.99856 ], [ -98.444145, 42.929242 ], [ -98.146933, 42.839823 ], [ -98.013046, 42.762299 ], [ -97.936716, 42.775754 ], [ -97.84527, 42.867734 ], [ -97.686506, 42.842435 ], [ -97.306677, 42.867604 ], [ -97.218825, 42.845848 ], [ -97.210126, 42.809296 ], [ -97.131331, 42.771929 ], [ -96.97912, 42.76009 ], [ -96.961576, 42.719841 ], [ -96.906797, 42.7338 ], [ -96.806223, 42.704154 ], [ -96.793238, 42.666024 ], [ -96.691269, 42.6562 ], [ -96.7093, 42.603753 ], [ -96.611489, 42.506088 ], [ -96.548791, 42.520547 ], [ -96.501321, 42.482749 ], [ -96.386007, 42.474495 ], [ -96.417786, 42.351449 ], [ -96.328905, 42.254734 ], [ -96.323723, 42.229887 ], [ -96.35987, 42.210545 ], [ -96.347752, 42.166806 ], [ -96.2689, 42.11359 ], [ -96.275548, 42.051976 ], [ -96.221901, 42.029558 ], [ -96.240713, 41.999351 ], [ -96.194556, 42.008662 ], [ -96.186265, 41.977417 ], [ -96.129505, 41.971673 ], [ -96.161756, 41.90182 ], [ -96.064879, 41.79623 ], [ -96.106425, 41.73789 ], [ -96.073063, 41.705004 ], [ -96.121401, 41.688522 ], [ -96.095415, 41.652736 ], [ -96.118105, 41.613495 ], [ -96.081843, 41.580407 ], [ -96.092008, 41.53391 ], [ -96.040701, 41.507076 ], [ -96.02349, 41.543438 ], [ -95.999966, 41.53948 ], [ -96.011757, 41.476212 ], [ -95.920281, 41.451566 ], [ -95.92879, 41.370096 ], [ -95.956691, 41.345496 ], [ -95.874689, 41.307097 ], [ -95.90249, 41.273398 ], [ -95.90429, 41.299597 ], [ -95.927491, 41.298397 ], [ -95.927491, 41.202198 ], [ -95.841288, 41.174998 ], [ -95.883489, 41.154898 ], [ -95.862587, 41.088399 ], [ -95.882415, 41.060411 ], [ -95.809474, 40.891228 ], [ -95.847785, 40.864328 ], [ -95.834156, 40.783016 ], [ -95.885349, 40.721093 ], [ -95.749685, 40.606842 ], [ -95.774704, 40.573574 ], [ -95.762857, 40.528371 ], [ -95.708591, 40.521551 ], [ -95.678718, 40.56256 ], [ -95.655848, 40.546609 ], [ -95.661687, 40.517309 ], [ -95.699969, 40.505275 ], [ -95.623728, 40.346567 ], [ -95.657328, 40.310856 ], [ -95.562157, 40.297359 ], [ -95.552473, 40.261904 ], [ -95.477501, 40.24272 ], [ -95.479193, 40.185652 ], [ -95.393347, 40.119212 ], [ -95.413588, 40.038424 ], [ -95.30829, 39.999998 ], [ -102.051744, 40.003078 ], [ -102.051614, 41.002377 ], [ -104.053249, 41.001406 ] ] ] } },
{ "type": "Feature", "properties": { "map_id": "WA" }, "geometry": { "type": "MultiPolygon", "coordinates": [ [ [ [ -122.570348, 48.53587 ], [ -122.568628, 48.537964 ], [ -122.566545, 48.535083 ], [ -122.570348, 48.53587 ] ] ], [ [ [ -122.56229, 48.397925 ], [ -122.575339, 48.400973 ], [ -122.560128, 48.402709 ], [ -122.56229, 48.397925 ] ] ], [ [ [ -122.583824, 48.645237 ], [ -122.583824, 48.659988 ], [ -122.577637, 48.647617 ], [ -122.583824, 48.645237 ] ] ], [ [ [ -122.606115, 48.605885 ], [ -122.601722, 48.614027 ], [ -122.59848, 48.607674 ], [ -122.606115, 48.605885 ] ] ], [ [ [ -122.609328, 48.58086 ], [ -122.612893, 48.582747 ], [ -122.610041, 48.582433 ], [ -122.609328, 48.58086 ] ] ], [ [ [ -122.630388, 47.153543 ], [ -122.635884, 47.163959 ], [ -122.63113, 47.167675 ], [ -122.630388, 47.153543 ] ] ], [ [ [ -122.650446, 48.712299 ], [ -122.614125, 48.715105 ], [ -122.605906, 48.699732 ], [ -122.6224, 48.693946 ], [ -122.650446, 48.712299 ] ] ], [ [ [ -122.640414, 48.52586 ], [ -122.645595, 48.588894 ], [ -122.572967, 48.529028 ], [ -122.640414, 48.52586 ] ] ], [ [ [ -122.670048559281014, 47.274790181497487 ], [ -122.58886, 47.237137 ], [ -122.602539, 47.217506 ], [ -122.614236, 47.220872 ], [ -122.670048559281014, 47.274790181497487 ] ] ], [ [ [ -122.699266, 48.621115 ], [ -122.674173, 48.629944 ], [ -122.657016, 48.609891 ], [ -122.676796, 48.610055 ], [ -122.699266, 48.621115 ] ] ], [ [ [ -122.70569, 48.459176 ], [ -122.699646, 48.469727 ], [ -122.695843, 48.459798 ], [ -122.70569, 48.459176 ] ] ], [ [ [ -122.690941, 48.472776 ], [ -122.709153, 48.484065 ], [ -122.686098, 48.486901 ], [ -122.690941, 48.472776 ] ] ], [ [ [ -122.722262, 48.731624 ], [ -122.715709, 48.748672 ], [ -122.687524, 48.734721 ], [ -122.608572, 48.640448 ], [ -122.722262, 48.731624 ] ] ], [ [ [ -122.726868, 47.207394 ], [ -122.685226, 47.232376 ], [ -122.6418, 47.205013 ], [ -122.677716, 47.1911 ], [ -122.726868, 47.207394 ] ] ], [ [ [ -122.740482, 48.584986 ], [ -122.711054, 48.609313 ], [ -122.66851, 48.569223 ], [ -122.68586, 48.543108 ], [ -122.722407, 48.540606 ], [ -122.740482, 48.584986 ] ] ], [ [ [ -122.741737, 47.155045 ], [ -122.706713, 47.187385 ], [ -122.673927, 47.174675 ], [ -122.694748, 47.125896 ], [ -122.741737, 47.155045 ] ] ], [ [ [ -122.764286, 48.696095 ], [ -122.757751, 48.695206 ], [ -122.759347, 48.69277 ], [ -122.764286, 48.696095 ] ] ], [ [ [ -122.769939, 48.227548 ], [ -122.664659, 48.401508 ], [ -122.60198, 48.409907 ], [ -122.580173, 48.374824 ], [ -122.597119, 48.355661 ], [ -122.505828, 48.297677 ], [ -122.558436, 48.272166 ], [ -122.574872, 48.294903 ], [ -122.618466, 48.294159 ], [ -122.631107, 48.267138 ], [ -122.642991, 48.288809 ], [ -122.658678, 48.244509 ], [ -122.732358, 48.226144 ], [ -122.721187, 48.213792 ], [ -122.648252, 48.226888 ], [ -122.606406, 48.208262 ], [ -122.541525, 48.017745 ], [ -122.509652, 48.039756 ], [ -122.525422, 48.096537 ], [ -122.49176, 48.097088 ], [ -122.44512, 48.0517 ], [ -122.376259, 48.034457 ], [ -122.349597, 47.958796 ], [ -122.380497, 47.904023 ], [ -122.395371, 47.922077 ], [ -122.431035, 47.914732 ], [ -122.47266, 47.988449 ], [ -122.546824, 47.967215 ], [ -122.542924, 47.996404 ], [ -122.607342, 48.030992 ], [ -122.612713, 48.155903 ], [ -122.679556, 48.155113 ], [ -122.769939, 48.227548 ] ] ], [ [ [ -122.77707, 48.698808 ], [ -122.775111, 48.704128 ], [ -122.776258, 48.69593 ], [ -122.77707, 48.698808 ] ] ], [ [ [ -122.812544, 48.590451 ], [ -122.814537, 48.601219 ], [ -122.804573, 48.597782 ], [ -122.812544, 48.590451 ] ] ], [ [ [ -122.831083, 48.572526 ], [ -122.81088, 48.588879 ], [ -122.77095, 48.563089 ], [ -122.794718, 48.534453 ], [ -122.831083, 48.572526 ] ] ], [ [ [ -122.834109, 47.256797 ], [ -122.840051, 47.268088 ], [ -122.825315, 47.270507 ], [ -122.834109, 47.256797 ] ] ], [ [ [ -122.842369, 48.316816 ], [ -122.842799, 48.321455 ], [ -122.837588, 48.319671 ], [ -122.842369, 48.316816 ] ] ], [ [ [ -122.837685, 48.743784 ], [ -122.841184, 48.750159 ], [ -122.818436, 48.744629 ], [ -122.837685, 48.743784 ] ] ], [ [ [ -122.92498, 48.75597 ], [ -122.912605, 48.770405 ], [ -122.87541, 48.763635 ], [ -122.908685, 48.767081 ], [ -122.883392, 48.748066 ], [ -122.92498, 48.75597 ] ] ], [ [ [ -122.945733, 48.477767 ], [ -122.920296, 48.550663 ], [ -122.884679, 48.573155 ], [ -122.873746, 48.544682 ], [ -122.841774, 48.539955 ], [ -122.873271, 48.505959 ], [ -122.849265, 48.447187 ], [ -122.826686, 48.460744 ], [ -122.837013, 48.516758 ], [ -122.769405, 48.5121 ], [ -122.816197, 48.487785 ], [ -122.812622, 48.420982 ], [ -122.895309, 48.420982 ], [ -122.864239, 48.4423 ], [ -122.926247, 48.437046 ], [ -122.945733, 48.477767 ] ] ], [ [ [ -122.948552, 48.117573 ], [ -122.929488, 48.133408 ], [ -122.908638, 48.125595 ], [ -122.948552, 48.117573 ] ] ], [ [ [ -122.971294330012029, 48.789198223997396 ], [ -122.943774, 48.788206 ], [ -122.94015, 48.78498 ], [ -122.95415, 48.781535 ], [ -122.971294330012029, 48.789198223997396 ] ] ], [ [ [ -123.017432, 48.590141 ], [ -122.966576, 48.594673 ], [ -122.937801, 48.57457 ], [ -122.902802, 48.578502 ], [ -122.948259, 48.546885 ], [ -123.017432, 48.590141 ] ] ], [ [ [ -123.016117, 48.602396 ], [ -123.017182, 48.606287 ], [ -123.015053, 48.606825 ], [ -123.016117, 48.602396 ] ] ], [ [ [ -123.025006, 48.594074 ], [ -123.019185, 48.597428 ], [ -123.018371, 48.59482 ], [ -123.025006, 48.594074 ] ] ], [ [ [ -123.027963, 48.610849 ], [ -122.95182, 48.712219 ], [ -122.877579, 48.712696 ], [ -122.741951, 48.662251 ], [ -122.808804, 48.619916 ], [ -122.799057, 48.601337 ], [ -122.815712, 48.605621 ], [ -122.827141, 48.599911 ], [ -122.881708, 48.653453 ], [ -122.885036, 48.690024 ], [ -122.918073, 48.689553 ], [ -122.861877, 48.612282 ], [ -122.884155, 48.588721 ], [ -122.947546, 48.59721 ], [ -122.983911, 48.642147 ], [ -122.971228, 48.603816 ], [ -123.003876, 48.592966 ], [ -122.99318, 48.60947 ], [ -123.027963, 48.610849 ] ] ], [ [ [ -123.033332, 48.590803 ], [ -123.032143, 48.593164 ], [ -123.028637, 48.592956 ], [ -123.033332, 48.590803 ] ] ], [ [ [ -123.038416, 48.731574 ], [ -123.032104, 48.733098 ], [ -123.031804, 48.732124 ], [ -123.038416, 48.731574 ] ] ], [ [ [ -123.050439, 48.611927 ], [ -123.042471, 48.618693 ], [ -123.038623, 48.610489 ], [ -123.050439, 48.611927 ] ] ], [ [ [ -123.067931, 48.7003 ], [ -123.040179, 48.717296 ], [ -123.009787, 48.722291 ], [ -123.028951, 48.678333 ], [ -123.067931, 48.7003 ] ] ], [ [ [ -123.084925, 48.644925 ], [ -123.078388, 48.649606 ], [ -123.076962, 48.647722 ], [ -123.084925, 48.644925 ] ] ], [ [ [ -123.090546, 49.001976 ], [ -123.035393, 49.002154 ], [ -123.021991, 48.976473 ], [ -123.084006, 48.971455 ], [ -123.090546, 49.001976 ] ] ], [ [ [ -123.131391, 48.648507 ], [ -123.128043, 48.650745 ], [ -123.123548, 48.647722 ], [ -123.131391, 48.648507 ] ] ], [ [ [ -123.151831, 48.63877 ], [ -123.14993, 48.64144 ], [ -123.147316, 48.638456 ], [ -123.151831, 48.63877 ] ] ], [ [ [ -123.163582, 48.649189 ], [ -123.127831, 48.643688 ], [ -123.105148, 48.633377 ], [ -123.138145, 48.638535 ], [ -123.163582, 48.649189 ] ] ], [ [ [ -123.203309, 48.595549 ], [ -123.179657, 48.622047 ], [ -123.105301, 48.622643 ], [ -123.100493, 48.599018 ], [ -122.969769, 48.536106 ], [ -123.020632, 48.500998 ], [ -122.960975, 48.451207 ], [ -123.036888, 48.457867 ], [ -123.13298, 48.498309 ], [ -123.203309, 48.595549 ] ] ], [ [ [ -123.236061, 48.684988 ], [ -123.183205, 48.684297 ], [ -123.127487, 48.65675 ], [ -123.182823, 48.657436 ], [ -123.236061, 48.684988 ] ] ], [ [ [ -123.884535, 46.965793 ], [ -123.864807, 46.965144 ], [ -123.853398, 46.958656 ], [ -123.860529, 46.95606 ], [ -123.884535, 46.965793 ] ] ], [ [ [ -124.483785, 47.672079 ], [ -124.485092, 47.67752 ], [ -124.480653, 47.679802 ], [ -124.483785, 47.672079 ] ] ], [ [ [ -124.508051, 47.797461 ], [ -124.507153, 47.799173 ], [ -124.504365, 47.796941 ], [ -124.508051, 47.797461 ] ] ], [ [ [ -124.599356, 48.376827 ], [ -124.599356, 48.38551 ], [ -124.592939, 48.377933 ], [ -124.599356, 48.376827 ] ] ], [ [ [ -124.65164, 47.905282 ], [ -124.645704, 47.907375 ], [ -124.645942, 47.904189 ], [ -124.65164, 47.905282 ] ] ], [ [ [ -124.732755385025001, 48.165328947686795 ], [ -124.696111, 48.198599 ], [ -124.70592, 48.239894 ], [ -124.65894, 48.331057 ], [ -124.731828, 48.381157 ], [ -124.676262, 48.391371 ], [ -124.564841, 48.367921 ], [ -124.386917, 48.285693 ], [ -124.278892, 48.254959 ], [ -124.238582, 48.262471 ], [ -123.981032, 48.164761 ], [ -123.709459, 48.167581 ], [ -123.590839, 48.134949 ], [ -123.551131, 48.151382 ], [ -123.507235, 48.131807 ], [ -123.440128, 48.142014 ], [ -123.403352, 48.141369 ], [ -123.462059, 48.134708 ], [ -123.332699, 48.11297 ], [ -123.239129, 48.118217 ], [ -123.144783, 48.175943 ], [ -123.101892, 48.184952 ], [ -123.142142, 48.157068 ], [ -123.06621, 48.120469 ], [ -123.038727, 48.081138 ], [ -122.914088, 48.094401 ], [ -122.926851, 48.064593 ], [ -122.87197, 48.047579 ], [ -122.856332, 48.017033 ], [ -122.871992, 47.993493 ], [ -122.839457, 48.001768 ], [ -122.827482, 48.046768 ], [ -122.890313, 48.076866 ], [ -122.884854, 48.106941 ], [ -122.837946, 48.136479 ], [ -122.75413, 48.1447 ], [ -122.748911, 48.117026 ], [ -122.801399, 48.087561 ], [ -122.739869, 48.031181 ], [ -122.748345, 48.072097 ], [ -122.68724, 48.101662 ], [ -122.669868, 48.017217 ], [ -122.729112, 48.019741 ], [ -122.6788, 47.96793 ], [ -122.69922, 47.918703 ], [ -122.657722, 47.931156 ], [ -122.647772, 47.895974 ], [ -122.610341, 47.887343 ], [ -122.638142, 47.865456 ], [ -122.69376, 47.868002 ], [ -122.687342, 47.831003 ], [ -122.745811, 47.80435 ], [ -122.784553, 47.686561 ], [ -122.833277, 47.692481 ], [ -122.789782, 47.790938 ], [ -122.809747, 47.840575 ], [ -122.827644, 47.784846 ], [ -122.85348, 47.780079 ], [ -122.864651, 47.804669 ], [ -122.851137, 47.738545 ], [ -122.882714, 47.731183 ], [ -122.904106, 47.645584 ], [ -122.927398, 47.651028 ], [ -122.981589, 47.613068 ], [ -123.110412, 47.458701 ], [ -123.157948, 47.356236 ], [ -123.030266, 47.350949 ], [ -122.874586, 47.413874 ], [ -122.977495, 47.39616 ], [ -123.029553, 47.358839 ], [ -123.119681, 47.385532 ], [ -122.965118, 47.585245 ], [ -122.85531, 47.64757 ], [ -122.828195, 47.655056 ], [ -122.830829, 47.639243 ], [ -122.751444, 47.670302 ], [ -122.714801, 47.768176 ], [ -122.608105, 47.856728 ], [ -122.573672, 47.857582 ], [ -122.617022, 47.938987 ], [ -122.525329, 47.912336 ], [ -122.482529, 47.815511 ], [ -122.50188, 47.790683 ], [ -122.470333, 47.757109 ], [ -122.554454, 47.745704 ], [ -122.543161, 47.710941 ], [ -122.504604, 47.699136 ], [ -122.506396, 47.594542 ], [ -122.479089, 47.583654 ], [ -122.543118, 47.556326 ], [ -122.542286, 47.524612 ], [ -122.494882, 47.510265 ], [ -122.532303, 47.46921 ], [ -122.538483, 47.37594 ], [ -122.575985, 47.32642 ], [ -122.547521, 47.285344 ], [ -122.585826, 47.253852 ], [ -122.592436, 47.272023 ], [ -122.695827, 47.281376 ], [ -122.62785, 47.382378 ], [ -122.683943, 47.365155 ], [ -122.730528, 47.336975 ], [ -122.757386, 47.2767 ], [ -122.718882, 47.226525 ], [ -122.740986, 47.206184 ], [ -122.748592, 47.219746 ], [ -122.744076, 47.178565 ], [ -122.771619, 47.167109 ], [ -122.832799, 47.243412 ], [ -122.789473, 47.300238 ], [ -122.786207, 47.357967 ], [ -122.82666, 47.405807 ], [ -122.818707, 47.327471 ], [ -122.871472, 47.276861 ], [ -122.836771, 47.11908 ], [ -122.815187, 47.179102 ], [ -122.786383, 47.126681 ], [ -122.701776, 47.098734 ], [ -122.590829, 47.178107 ], [ -122.529689, 47.283311 ], [ -122.547408, 47.317734 ], [ -122.436756, 47.261862 ], [ -122.409199, 47.288556 ], [ -122.444635, 47.300421 ], [ -122.429972, 47.319658 ], [ -122.324833, 47.348521 ], [ -122.327324, 47.395632 ], [ -122.383136, 47.450521 ], [ -122.361649, 47.485275 ], [ -122.421139, 47.57602 ], [ -122.339513, 47.599113 ], [ -122.436941, 47.661719 ], [ -122.37644, 47.716519 ], [ -122.395637, 47.806808 ], [ -122.33595, 47.852306 ], [ -122.307048, 47.949117 ], [ -122.230046, 47.970917 ], [ -122.218982, 48.020276 ], [ -122.289857, 48.052426 ], [ -122.361649, 48.120176 ], [ -122.383911, 48.227486 ], [ -122.449605, 48.232598 ], [ -122.442051, 48.20935 ], [ -122.479008, 48.175703 ], [ -122.358963, 48.054851 ], [ -122.4675, 48.130353 ], [ -122.510562, 48.132207 ], [ -122.530996, 48.249821 ], [ -122.480925, 48.251706 ], [ -122.463962, 48.270541 ], [ -122.397028, 48.253178 ], [ -122.388048, 48.30083 ], [ -122.424102, 48.334346 ], [ -122.508789, 48.36135 ], [ -122.49738, 48.372403 ], [ -122.534934, 48.375087 ], [ -122.557119, 48.419879 ], [ -122.580331, 48.410913 ], [ -122.550383, 48.448448 ], [ -122.618597, 48.412649 ], [ -122.65615, 48.407758 ], [ -122.674158, 48.424726 ], [ -122.654444, 48.457558 ], [ -122.668272, 48.486271 ], [ -122.702919, 48.492011 ], [ -122.684521, 48.509123 ], [ -122.599951, 48.520946 ], [ -122.580568, 48.463738 ], [ -122.56743, 48.49927 ], [ -122.537355, 48.466749 ], [ -122.469634, 48.472187 ], [ -122.504428, 48.564775 ], [ -122.560841, 48.581646 ], [ -122.468859, 48.557269 ], [ -122.425271, 48.599522 ], [ -122.509935, 48.664369 ], [ -122.491201, 48.683591 ], [ -122.519247, 48.71716 ], [ -122.490401, 48.751128 ], [ -122.535803, 48.776128 ], [ -122.608139, 48.762773 ], [ -122.651872, 48.715906 ], [ -122.673472, 48.733082 ], [ -122.646777, 48.785011 ], [ -122.700321, 48.804779 ], [ -122.710273, 48.787018 ], [ -122.717073, 48.84719 ], [ -122.793175, 48.892927 ], [ -122.751289, 48.911239 ], [ -122.749202, 48.934818 ], [ -122.821631, 48.941369 ], [ -122.75802, 49.002357 ], [ -117.032351, 48.999188 ], [ -117.034696, 46.418318 ], [ -117.062748, 46.353624 ], [ -116.986688, 46.296662 ], [ -116.965841, 46.203417 ], [ -116.92187, 46.167808 ], [ -116.982479, 46.089389 ], [ -116.915989, 45.995413 ], [ -118.987129, 45.999855 ], [ -119.12612, 45.932859 ], [ -119.25715, 45.939926 ], [ -119.487829, 45.906307 ], [ -119.600549, 45.919581 ], [ -119.669877, 45.856867 ], [ -119.965744, 45.824365 ], [ -120.170453, 45.761951 ], [ -120.210754, 45.725951 ], [ -120.482362, 45.694449 ], [ -120.559465, 45.738348 ], [ -120.634968, 45.745847 ], [ -120.895575, 45.642945 ], [ -121.06437, 45.652549 ], [ -121.145534, 45.607886 ], [ -121.196556, 45.616689 ], [ -121.215779, 45.671238 ], [ -121.33777, 45.704949 ], [ -121.423592, 45.69399 ], [ -121.533106, 45.726541 ], [ -121.707358, 45.694809 ], [ -121.811304, 45.706761 ], [ -121.867167, 45.693277 ], [ -121.983038, 45.622812 ], [ -122.266701, 45.543841 ], [ -122.675008, 45.618039 ], [ -122.774511, 45.680437 ], [ -122.761451, 45.759163 ], [ -122.795605, 45.81 ], [ -122.813998, 45.960984 ], [ -122.904119, 46.083734 ], [ -123.004233, 46.133823 ], [ -123.166414, 46.188973 ], [ -123.280166, 46.144843 ], [ -123.371433, 46.146372 ], [ -123.430987, 46.181571 ], [ -123.427629, 46.229348 ], [ -123.474844, 46.267831 ], [ -123.669501, 46.266832 ], [ -123.700729, 46.304603 ], [ -123.766682, 46.273499 ], [ -123.806139, 46.283588 ], [ -123.875525, 46.239787 ], [ -124.001264, 46.31326 ], [ -124.077768, 46.272324 ], [ -124.06905, 46.647258 ], [ -124.0376, 46.635348 ], [ -124.023566, 46.582559 ], [ -124.015258, 46.378681 ], [ -123.96392, 46.376714 ], [ -123.949896, 46.410319 ], [ -123.991728, 46.448817 ], [ -123.99268, 46.488617 ], [ -123.979053, 46.497378 ], [ -123.942528, 46.46519 ], [ -123.893292, 46.53961 ], [ -123.960642, 46.636364 ], [ -123.936111, 46.627025 ], [ -123.923269, 46.672708 ], [ -123.829356, 46.713356 ], [ -123.88876, 46.750383 ], [ -123.91351, 46.72668 ], [ -123.974994, 46.733391 ], [ -123.973663, 46.703353 ], [ -124.092176, 46.741624 ], [ -124.138225, 46.905534 ], [ -124.092961, 46.901655 ], [ -124.073113, 46.861493 ], [ -123.985082, 46.921916 ], [ -123.8389, 46.953951 ], [ -123.859103, 46.967577 ], [ -124.012218, 46.985176 ], [ -124.026345, 47.030187 ], [ -124.122057, 47.04165 ], [ -124.151288, 47.021112 ], [ -124.105101, 46.932856 ], [ -124.135541, 46.943547 ], [ -124.173877, 46.927235 ], [ -124.209017, 47.218151 ], [ -124.236349, 47.287287 ], [ -124.319379, 47.355559 ], [ -124.425195, 47.738434 ], [ -124.480041, 47.7673 ], [ -124.489737, 47.816988 ], [ -124.579886, 47.874563 ], [ -124.610527, 47.871674 ], [ -124.641426, 47.907853 ], [ -124.676178, 47.967032 ], [ -124.687101, 48.098657 ], [ -124.732755385025001, 48.165328947686795 ] ] ], [ [ [ -124.74648, 48.39135 ], [ -124.737211, 48.395611 ], [ -124.732219, 48.390876 ], [ -124.74648, 48.39135 ] ] ], [ [ [ -124.748621, 48.154882 ], [ -124.751412, 48.160563 ], [ -124.745468, 48.155539 ], [ -124.748621, 48.154882 ] ] ], [ [ [ -124.76235, 48.175598 ], [ -124.755674, 48.175564 ], [ -124.755212, 48.174194 ], [ -124.76235, 48.175598 ] ] ], [ [ [ -122.326115, 48.010295 ], [ -122.322362, 48.021037 ], [ -122.303455, 48.005603 ], [ -122.326115, 48.010295 ] ] ], [ [ [ -122.504923, 47.546531 ], [ -122.479523, 47.541862 ], [ -122.485162, 47.530088 ], [ -122.499456, 47.533695 ], [ -122.504923, 47.546531 ] ] ], [ [ [ -122.526031, 47.358906 ], [ -122.513954, 47.448898 ], [ -122.468559, 47.510078 ], [ -122.433388, 47.466431 ], [ -122.437653, 47.407425 ], [ -122.373778433417016, 47.38879263872699 ], [ -122.457497, 47.342567 ], [ -122.4745, 47.359134 ], [ -122.433143, 47.388107 ], [ -122.460001, 47.401622 ], [ -122.445027, 47.389394 ], [ -122.484244, 47.38006 ], [ -122.493126, 47.330254 ], [ -122.526031, 47.358906 ] ] ], [ [ [ -122.527888, 48.359731 ], [ -122.532082, 48.365298 ], [ -122.524, 48.362456 ], [ -122.527888, 48.359731 ] ] ], [ [ [ -122.551136, 48.521847 ], [ -122.542919, 48.523129 ], [ -122.547516, 48.519272 ], [ -122.551136, 48.521847 ] ] ], [ [ [ -122.558442, 48.534489 ], [ -122.554622, 48.537071 ], [ -122.553038, 48.533073 ], [ -122.558442, 48.534489 ] ] ] ] } },
{ "type": "Feature", "properties": { "map_id": "NM" }, "geometry": { "type": "Polygon", "coordinates": [ [ [ -109.050044, 31.332502 ], [ -109.045223, 36.999084 ], [ -103.002199, 37.000104 ], [ -103.002434, 36.500397 ], [ -103.041924, 36.500439 ], [ -103.064423, 32.000518 ], [ -106.618486, 32.000495 ], [ -106.639529, 31.980348 ], [ -106.611846, 31.920003 ], [ -106.645479, 31.89867 ], [ -106.635926, 31.866235 ], [ -106.528242, 31.783148 ], [ -108.208394, 31.783599 ], [ -108.208573, 31.333395 ], [ -109.050044, 31.332502 ] ] ] } },
{ "type": "Feature", "properties": { "map_id": "SD" }, "geometry": { "type": "Polygon", "coordinates": [ [ [ -104.057879, 44.997605 ], [ -104.039694, 44.99807 ], [ -104.045443, 45.94531 ], [ -96.563672, 45.935239 ], [ -96.583085, 45.820024 ], [ -96.662595, 45.738682 ], [ -96.835769, 45.649648 ], [ -96.857751, 45.605962 ], [ -96.692541, 45.417338 ], [ -96.521787, 45.375645 ], [ -96.453067, 45.298115 ], [ -96.45326, 43.50039 ], [ -96.598928, 43.500457 ], [ -96.580997, 43.481384 ], [ -96.60286, 43.450907 ], [ -96.521572, 43.38564 ], [ -96.530392, 43.300034 ], [ -96.588492, 43.296339 ], [ -96.58522, 43.268878 ], [ -96.552591, 43.257769 ], [ -96.568505, 43.231554 ], [ -96.476697, 43.222014 ], [ -96.436589, 43.120842 ], [ -96.46085, 43.064033 ], [ -96.518431, 43.042068 ], [ -96.49167, 43.009707 ], [ -96.520773, 42.980385 ], [ -96.500308, 42.959391 ], [ -96.541689, 42.922576 ], [ -96.526357, 42.891852 ], [ -96.639704, 42.737071 ], [ -96.630617, 42.70588 ], [ -96.516338, 42.630435 ], [ -96.529894, 42.610432 ], [ -96.509468, 42.61273 ], [ -96.498544, 42.558116 ], [ -96.476952, 42.556079 ], [ -96.49297, 42.517282 ], [ -96.475413, 42.489621 ], [ -96.445508, 42.49063 ], [ -96.501321, 42.482749 ], [ -96.548791, 42.520547 ], [ -96.611489, 42.506088 ], [ -96.7093, 42.603753 ], [ -96.691269, 42.6562 ], [ -96.793238, 42.666024 ], [ -96.806223, 42.704154 ], [ -96.906797, 42.7338 ], [ -96.961576, 42.719841 ], [ -96.97912, 42.76009 ], [ -97.131331, 42.771929 ], [ -97.210126, 42.809296 ], [ -97.237868, 42.853139 ], [ -97.408315, 42.868334 ], [ -97.442279, 42.846224 ], [ -97.611811, 42.858367 ], [ -97.686506, 42.842435 ], [ -97.84527, 42.867734 ], [ -97.936716, 42.775754 ], [ -98.035034, 42.764205 ], [ -98.146933, 42.839823 ], [ -98.444145, 42.929242 ], [ -98.49855, 42.99856 ], [ -104.053028, 43.000587 ], [ -104.057879, 44.997605 ] ] ] } },
{ "type": "Feature", "properties": { "map_id": "TX" }, "geometry": { "type": "MultiPolygon", "coordinates": [ [ [ [ -94.716185, 29.727775 ], [ -94.716514, 29.733515 ], [ -94.714443, 29.732992 ], [ -94.716185, 29.727775 ] ] ], [ [ [ -94.823264, 29.323918 ], [ -94.810522, 29.352129 ], [ -94.776794, 29.337265 ], [ -94.798427, 29.312416 ], [ -94.823264, 29.323918 ] ] ], [ [ [ -94.821838, 29.348264 ], [ -94.825047, 29.354686 ], [ -94.819699, 29.351786 ], [ -94.821838, 29.348264 ] ] ], [ [ [ -94.91382, 29.269922 ], [ -94.909186, 29.273964 ], [ -94.909186, 29.269818 ], [ -94.91382, 29.269922 ] ] ], [ [ [ -94.916827, 29.567643 ], [ -94.91956, 29.588313 ], [ -94.907439, 29.571364 ], [ -94.916827, 29.567643 ] ] ], [ [ [ -94.978386, 29.683654 ], [ -94.947725, 29.670231 ], [ -94.944754, 29.613009 ], [ -94.953344, 29.618709 ], [ -94.978386, 29.683654 ] ] ], [ [ [ -94.979574, 29.688299 ], [ -94.975177, 29.693977 ], [ -94.973751, 29.689125 ], [ -94.979574, 29.688299 ] ] ], [ [ [ -95.110619, 29.086682 ], [ -94.874366, 29.289927 ], [ -94.726172, 29.332517 ], [ -95.110619, 29.086682 ] ] ], [ [ [ -97.108982, 27.892017 ], [ -97.102921, 27.90336 ], [ -97.097217, 27.903465 ], [ -97.108982, 27.892017 ] ] ], [ [ [ -97.125738, 27.907456 ], [ -97.125025, 27.912917 ], [ -97.123005, 27.912601 ], [ -97.125738, 27.907456 ] ] ], [ [ [ -97.127046, 27.841063 ], [ -97.066049, 27.906218 ], [ -97.080579, 27.916802 ], [ -97.06513, 27.913127 ], [ -97.060971, 27.846317 ], [ -97.127046, 27.841063 ] ] ], [ [ [ -97.118287, 27.88562 ], [ -97.113415, 27.892132 ], [ -97.110206, 27.889191 ], [ -97.118287, 27.88562 ] ] ], [ [ [ -97.129696, 27.897489 ], [ -97.128864, 27.905051 ], [ -97.127081, 27.904 ], [ -97.129696, 27.897489 ] ] ], [ [ [ -97.143362, 27.84948 ], [ -97.138728, 27.855784 ], [ -97.13742, 27.849375 ], [ -97.143362, 27.84948 ] ] ], [ [ [ -97.145383, 27.876586 ], [ -97.14467, 27.880893 ], [ -97.142055, 27.881103 ], [ -97.145383, 27.876586 ] ] ], [ [ [ -97.147759, 27.815851 ], [ -97.153464, 27.822052 ], [ -97.142649, 27.821106 ], [ -97.147759, 27.815851 ] ] ], [ [ [ -97.168421, 27.754425 ], [ -97.172699, 27.76084 ], [ -97.164855, 27.763994 ], [ -97.168421, 27.754425 ] ] ], [ [ [ -97.187808, 27.812802 ], [ -97.178539, 27.818373 ], [ -97.177469, 27.814589 ], [ -97.187808, 27.812802 ] ] ], [ [ [ -97.205634, 27.807442 ], [ -97.210982, 27.812802 ], [ -97.196246, 27.814799 ], [ -97.205634, 27.807442 ] ] ], [ [ [ -97.231522, 27.640894 ], [ -97.237366, 27.686951 ], [ -97.215538, 27.682827 ], [ -97.231522, 27.640894 ] ] ], [ [ [ -97.252754, 26.370831 ], [ -97.249546, 26.3736 ], [ -97.250259, 26.369021 ], [ -97.252754, 26.370831 ] ] ], [ [ [ -97.254893, 26.415222 ], [ -97.252398, 26.426503 ], [ -97.251685, 26.415222 ], [ -97.254893, 26.415222 ] ] ], [ [ [ -97.241167, 27.832141 ], [ -97.252213, 27.871223 ], [ -97.231304, 27.828778 ], [ -97.241167, 27.832141 ] ] ], [ [ [ -97.313999, 27.497514 ], [ -97.313881, 27.50542 ], [ -97.311266, 27.507001 ], [ -97.313999, 27.497514 ] ] ], [ [ [ -97.316733, 27.477905 ], [ -97.313524, 27.490451 ], [ -97.304492, 27.495511 ], [ -97.316733, 27.477905 ] ] ], [ [ [ -97.377346, 26.558114 ], [ -97.269927, 26.562143 ], [ -97.192867, 26.29 ], [ -97.153712, 26.067582 ], [ -97.275626, 26.524854 ], [ -97.306049, 26.557493 ], [ -97.377346, 26.558114 ] ] ], [ [ [ -97.398388, 26.867894 ], [ -97.361821, 27.35906 ], [ -97.240081, 27.633309 ], [ -97.210728, 27.624149 ], [ -97.151189, 27.768621 ], [ -97.121479, 27.785129 ], [ -97.135383, 27.824549 ], [ -97.05683, 27.841994 ], [ -97.275067, 27.475417 ], [ -97.365386, 27.199887 ], [ -97.370855, 26.910857 ], [ -97.276173, 26.565463 ], [ -97.344831, 26.562196 ], [ -97.294624, 26.575705 ], [ -97.398388, 26.867894 ] ] ], [ [ [ -97.404335, 27.290205 ], [ -97.402077, 27.310481 ], [ -97.400532, 27.310903 ], [ -97.404335, 27.290205 ] ] ], [ [ [ -97.403859, 27.314916 ], [ -97.402909, 27.323151 ], [ -97.400651, 27.325474 ], [ -97.403859, 27.314916 ] ] ], [ [ [ -97.423106, 26.740715 ], [ -97.412648, 26.751858 ], [ -97.415382, 26.740715 ], [ -97.423106, 26.740715 ] ] ], [ [ [ -106.645479, 31.89867 ], [ -106.611846, 31.920003 ], [ -106.639529, 31.980348 ], [ -106.618486, 32.000495 ], [ -103.064423, 32.000518 ], [ -103.041924, 36.500439 ], [ -100.000406, 36.499702 ], [ -100.000381, 34.560509 ], [ -99.923211, 34.574552 ], [ -99.69497, 34.378333 ], [ -99.600026, 34.374688 ], [ -99.569696, 34.418418 ], [ -99.40296, 34.373481 ], [ -99.36961, 34.458699 ], [ -99.319606, 34.408869 ], [ -99.261321, 34.403499 ], [ -99.274858, 34.384922 ], [ -99.206905, 34.338277 ], [ -99.189511, 34.214312 ], [ -99.043471, 34.198208 ], [ -98.987294, 34.221223 ], [ -98.868116, 34.149635 ], [ -98.812954, 34.158444 ], [ -98.757037, 34.124633 ], [ -98.599789, 34.160571 ], [ -98.486328, 34.062598 ], [ -98.416089, 34.084143 ], [ -98.365621, 34.156993 ], [ -98.16912, 34.114171 ], [ -98.109462, 34.154111 ], [ -98.089755, 34.128211 ], [ -98.120208, 34.072127 ], [ -98.083839, 34.041719 ], [ -98.106261, 34.034154 ], [ -98.088203, 34.005481 ], [ -97.94573, 33.989839 ], [ -97.974173, 33.942832 ], [ -97.957155, 33.914454 ], [ -97.98454, 33.900703 ], [ -97.967777, 33.88243 ], [ -97.871447, 33.849001 ], [ -97.834333, 33.857671 ], [ -97.671772, 33.99137 ], [ -97.590422, 33.954104 ], [ -97.581078, 33.899679 ], [ -97.50096, 33.919643 ], [ -97.460376, 33.903948 ], [ -97.462857, 33.841772 ], [ -97.426493, 33.819398 ], [ -97.365507, 33.823763 ], [ -97.332457, 33.884253 ], [ -97.328729, 33.855434 ], [ -97.310143, 33.888532 ], [ -97.256625, 33.863286 ], [ -97.244946, 33.903092 ], [ -97.210921, 33.916064 ], [ -97.166629, 33.847311 ], [ -97.203514, 33.821825 ], [ -97.192817, 33.761169 ], [ -97.126102, 33.716941 ], [ -97.086195, 33.743933 ], [ -97.092112, 33.804097 ], [ -97.048146, 33.817456 ], [ -97.089464, 33.849847 ], [ -97.017857, 33.850142 ], [ -96.985567, 33.886522 ], [ -96.981337, 33.956378 ], [ -96.973807, 33.935697 ], [ -96.9163, 33.957798 ], [ -96.875281, 33.860505 ], [ -96.850593, 33.847211 ], [ -96.832157, 33.874835 ], [ -96.794276, 33.868886 ], [ -96.761588, 33.824406 ], [ -96.699574, 33.839049 ], [ -96.667187, 33.91694 ], [ -96.587934, 33.894784 ], [ -96.62929, 33.845488 ], [ -96.526655, 33.820891 ], [ -96.500268, 33.772583 ], [ -96.422643, 33.776041 ], [ -96.348306, 33.686379 ], [ -96.316925, 33.698997 ], [ -96.293708, 33.769409 ], [ -96.229023, 33.748021 ], [ -96.178059, 33.760518 ], [ -96.156355, 33.813349 ], [ -96.178964, 33.810553 ], [ -96.14807, 33.837799 ], [ -96.048834, 33.836468 ], [ -96.023907, 33.857067 ], [ -96.019599, 33.840566 ], [ -96.003406, 33.872344 ], [ -95.984253, 33.852664 ], [ -95.929561, 33.885 ], [ -95.837516, 33.83564 ], [ -95.805149, 33.861304 ], [ -95.770556, 33.845269 ], [ -95.756367, 33.892625 ], [ -95.629055, 33.90587 ], [ -95.593827, 33.943031 ], [ -95.554478, 33.928072 ], [ -95.545197, 33.880294 ], [ -95.510739, 33.897877 ], [ -95.502304, 33.874742 ], [ -95.461673, 33.886998 ], [ -95.440928, 33.866429 ], [ -95.289302, 33.873103 ], [ -95.217633, 33.962646 ], [ -95.1247, 33.934675 ], [ -95.122038, 33.904795 ], [ -95.082387, 33.921758 ], [ -95.089607, 33.880857 ], [ -95.06569, 33.915966 ], [ -95.046568, 33.862565 ], [ -94.968895, 33.860916 ], [ -94.947874, 33.808356 ], [ -94.914764, 33.824487 ], [ -94.921955, 33.791599 ], [ -94.868676, 33.769824 ], [ -94.8693, 33.745871 ], [ -94.822051, 33.733114 ], [ -94.821783, 33.768752 ], [ -94.800079, 33.733382 ], [ -94.76444, 33.760178 ], [ -94.788202, 33.73633 ], [ -94.734975, 33.726112 ], [ -94.753776, 33.705247 ], [ -94.735856, 33.691625 ], [ -94.727867, 33.715565 ], [ -94.701729, 33.703413 ], [ -94.713422, 33.687363 ], [ -94.644322, 33.701666 ], [ -94.671234, 33.66925 ], [ -94.652571, 33.660355 ], [ -94.622379, 33.682428 ], [ -94.59797, 33.663381 ], [ -94.588325, 33.685758 ], [ -94.560353, 33.665352 ], [ -94.59083, 33.645563 ], [ -94.54843, 33.660537 ], [ -94.569523, 33.627832 ], [ -94.522292, 33.640589 ], [ -94.527376, 33.615833 ], [ -94.448637, 33.642766 ], [ -94.471974, 33.602665 ], [ -94.412175, 33.568691 ], [ -94.382887, 33.583268 ], [ -94.386086, 33.544923 ], [ -94.355945, 33.54318 ], [ -94.344023, 33.567824 ], [ -94.309582, 33.551673 ], [ -94.287025, 33.58241 ], [ -94.275601, 33.557964 ], [ -94.242777, 33.589709 ], [ -94.250197, 33.556765 ], [ -94.196395, 33.555123 ], [ -94.217198, 33.580737 ], [ -94.183913, 33.594682 ], [ -94.128658, 33.550952 ], [ -94.056598, 33.567825 ], [ -94.041833, 31.992402 ], [ -93.973942, 31.921668 ], [ -93.923256, 31.907793 ], [ -93.926654, 31.888255 ], [ -93.897412, 31.894436 ], [ -93.873253, 31.814886 ], [ -93.823443, 31.775098 ], [ -93.836103, 31.748521 ], [ -93.794548, 31.702076 ], [ -93.826462, 31.666919 ], [ -93.834924, 31.586211 ], [ -93.787687, 31.527344 ], [ -93.711581, 31.512789 ], [ -93.749476, 31.46869 ], [ -93.703934, 31.455493 ], [ -93.670287, 31.366144 ], [ -93.639222, 31.37202 ], [ -93.68688, 31.305166 ], [ -93.620343, 31.271025 ], [ -93.588503, 31.165581 ], [ -93.533307, 31.184463 ], [ -93.563472, 31.093989 ], [ -93.50846, 31.029441 ], [ -93.578207, 30.999995 ], [ -93.526013, 30.937535 ], [ -93.57408, 30.884529 ], [ -93.554645, 30.823249 ], [ -93.614448, 30.75987 ], [ -93.629904, 30.67994 ], [ -93.6831, 30.640763 ], [ -93.678662, 30.594097 ], [ -93.721936, 30.580324 ], [ -93.740253, 30.539569 ], [ -93.706507, 30.50991 ], [ -93.6978, 30.440583 ], [ -93.757654, 30.390423 ], [ -93.765822, 30.333318 ], [ -93.704584, 30.289949 ], [ -93.717839, 30.193999 ], [ -93.688552, 30.140374 ], [ -93.734085, 30.08613 ], [ -93.699396, 30.05925 ], [ -93.786935, 29.99058 ], [ -93.838374, 29.882855 ], [ -93.927992, 29.80964 ], [ -93.837725, 29.679024 ], [ -94.095762, 29.660524 ], [ -94.596186, 29.467912 ], [ -94.733576, 29.366918 ], [ -94.778691, 29.361483 ], [ -94.774338, 29.399226 ], [ -94.673635, 29.475506 ], [ -94.603345, 29.485907 ], [ -94.568973, 29.53018 ], [ -94.493282, 29.513569 ], [ -94.470702, 29.556582 ], [ -94.521532, 29.540816 ], [ -94.560965, 29.574434 ], [ -94.778992, 29.530157 ], [ -94.785984, 29.550586 ], [ -94.761622, 29.541799 ], [ -94.713433, 29.610141 ], [ -94.689011, 29.696558 ], [ -94.696023, 29.75755 ], [ -94.754808, 29.781123 ], [ -94.815219, 29.758478 ], [ -94.901037, 29.657589 ], [ -94.942681, 29.697778 ], [ -94.999064, 29.709049 ], [ -94.982154, 29.676865 ], [ -95.015189, 29.632451 ], [ -94.982706, 29.601344 ], [ -95.02099, 29.551527 ], [ -94.989647, 29.516856 ], [ -94.909465, 29.496838 ], [ -94.951849, 29.467527 ], [ -94.892027, 29.433681 ], [ -94.889815, 29.378196 ], [ -94.864366, 29.370511 ], [ -94.921593, 29.281556 ], [ -94.972408, 29.279977 ], [ -95.04193, 29.205005 ], [ -95.109668, 29.171494 ], [ -95.112758, 29.195669 ], [ -95.156967, 29.195046 ], [ -95.167068, 29.113057 ], [ -95.123837, 29.07064 ], [ -95.383683, 28.87 ], [ -96.342483, 28.418716 ], [ -96.442849, 28.317666 ], [ -96.63201, 28.222821 ], [ -96.812889, 28.094381 ], [ -97.04608, 27.839539 ], [ -97.045723, 27.889969 ], [ -97.002466, 27.939954 ], [ -97.045605, 27.931975 ], [ -96.990582, 27.949193 ], [ -96.880061, 28.131072 ], [ -96.828365, 28.113045 ], [ -96.801983, 28.140818 ], [ -96.816957, 28.17508 ], [ -96.701801, 28.199695 ], [ -96.603639, 28.292554 ], [ -96.440591, 28.34298 ], [ -96.438689, 28.368812 ], [ -96.471252, 28.367557 ], [ -96.416348, 28.413871 ], [ -96.45295, 28.418679 ], [ -96.573097, 28.358773 ], [ -96.620396, 28.30396 ], [ -96.665198, 28.30961 ], [ -96.705247, 28.348811 ], [ -96.706554, 28.404568 ], [ -96.747911, 28.409481 ], [ -96.79307, 28.480432 ], [ -96.815055, 28.475209 ], [ -96.828722, 28.459956 ], [ -96.793545, 28.458389 ], [ -96.764786, 28.412826 ], [ -96.786771, 28.402164 ], [ -96.83811, 28.432788 ], [ -96.85962, 28.413348 ], [ -96.791881, 28.360341 ], [ -96.809573, 28.290287 ], [ -96.785226, 28.22954 ], [ -96.913051, 28.120445 ], [ -96.90718, 28.146917 ], [ -96.931554, 28.123893 ], [ -96.967384, 28.123249 ], [ -96.918006, 28.269373 ], [ -96.968513, 28.21996 ], [ -96.945934, 28.196501 ], [ -96.979684, 28.125361 ], [ -97.027695, 28.150407 ], [ -97.015693, 28.202994 ], [ -97.22283, 28.077348 ], [ -97.121935, 28.020922 ], [ -97.105892, 28.038021 ], [ -97.135246, 28.04788 ], [ -97.054197, 28.092761 ], [ -97.053365, 28.118338 ], [ -97.024962, 28.113307 ], [ -97.0252, 28.032147 ], [ -97.064429, 27.992834 ], [ -97.075077, 27.919354 ], [ -97.07964, 27.975539 ], [ -97.201475, 27.820791 ], [ -97.224886, 27.826676 ], [ -97.220965, 27.838446 ], [ -97.249437, 27.876186 ], [ -97.26301, 27.880106 ], [ -97.35506, 27.850147 ], [ -97.337784, 27.883624 ], [ -97.516622, 27.871425 ], [ -97.472073, 27.824154 ], [ -97.378864, 27.835919 ], [ -97.393291, 27.782905 ], [ -97.368355, 27.741683 ], [ -97.343679, 27.724023 ], [ -97.253051, 27.69754 ], [ -97.243544, 27.689227 ], [ -97.322191, 27.569058 ], [ -97.414436, 27.321568 ], [ -97.508304, 27.275014 ], [ -97.544437, 27.284175 ], [ -97.481462, 27.340465 ], [ -97.493583, 27.390597 ], [ -97.613017, 27.285241 ], [ -97.708802, 27.385638 ], [ -97.654877, 27.305103 ], [ -97.740114, 27.267542 ], [ -97.647343, 27.276359 ], [ -97.631123, 27.24223 ], [ -97.54291, 27.229213 ], [ -97.422593, 27.262045 ], [ -97.441565, 27.163833 ], [ -97.439396, 27.076524 ], [ -97.417925, 27.070913 ], [ -97.439163, 27.070705 ], [ -97.4569, 26.882577 ], [ -97.410223, 26.874354 ], [ -97.4576, 26.872897 ], [ -97.460284, 26.847287 ], [ -97.412674, 26.817402 ], [ -97.478605, 26.806675 ], [ -97.445708, 26.609362 ], [ -97.413112, 26.481197 ], [ -97.38055, 26.480559 ], [ -97.2812, 26.280513 ], [ -97.2648, 26.201955 ], [ -97.290588, 26.271136 ], [ -97.30984, 26.288291 ], [ -97.324339, 26.277316 ], [ -97.293797, 26.258987 ], [ -97.316733, 26.224025 ], [ -97.294272, 26.105843 ], [ -97.189693, 26.071582 ], [ -97.195675, 26.046559 ], [ -97.149662, 26.064136 ], [ -97.147277, 25.953324 ], [ -97.284446, 25.959156 ], [ -97.277163, 25.935438 ], [ -97.348274, 25.931143 ], [ -97.375118, 25.907196 ], [ -97.3641, 25.850034 ], [ -97.40525, 25.837728 ], [ -97.408417, 25.861963 ], [ -97.412657, 25.841175 ], [ -97.454064, 25.854815 ], [ -97.455718, 25.883997 ], [ -97.521762, 25.886458 ], [ -97.662728, 26.038078 ], [ -97.738217, 26.021982 ], [ -97.861273, 26.069927 ], [ -98.028759, 26.06647 ], [ -98.073242, 26.036481 ], [ -98.080495, 26.070932 ], [ -98.131494, 26.0742 ], [ -98.147398, 26.049483 ], [ -98.177534, 26.075023 ], [ -98.193985, 26.053324 ], [ -98.286476, 26.102292 ], [ -98.266258, 26.120722 ], [ -98.306515, 26.10429 ], [ -98.334725, 26.165559 ], [ -98.387206, 26.15832 ], [ -98.443406, 26.223653 ], [ -98.48274, 26.201644 ], [ -98.545328, 26.244536 ], [ -98.563414, 26.22534 ], [ -98.587545, 26.257816 ], [ -98.669397, 26.23632 ], [ -98.807348, 26.369421 ], [ -98.896734, 26.35333 ], [ -98.926863, 26.394471 ], [ -98.942152, 26.369687 ], [ -98.956392, 26.39571 ], [ -99.03172, 26.412964 ], [ -99.085126, 26.398782 ], [ -99.113546, 26.43253 ], [ -99.105031, 26.500335 ], [ -99.170704, 26.540316 ], [ -99.208907, 26.724761 ], [ -99.240023, 26.745851 ], [ -99.268613, 26.843213 ], [ -99.316753, 26.865831 ], [ -99.324684, 26.915973 ], [ -99.379149, 26.93449 ], [ -99.376593, 26.977717 ], [ -99.446086, 27.023338 ], [ -99.441549, 27.24992 ], [ -99.48791, 27.260721 ], [ -99.494604, 27.303542 ], [ -99.537771, 27.316073 ], [ -99.504837, 27.338289 ], [ -99.479251, 27.478635 ], [ -99.52832, 27.498896 ], [ -99.512219, 27.568094 ], [ -99.55495, 27.614454 ], [ -99.584843, 27.603903 ], [ -99.596231, 27.639858 ], [ -99.638929, 27.626758 ], [ -99.668942, 27.659974 ], [ -99.711511, 27.658365 ], [ -99.813086, 27.773952 ], [ -99.838791, 27.764181 ], [ -99.876553, 27.797359 ], [ -99.931812, 27.980967 ], [ -99.991447, 27.99456 ], [ -100.083393, 28.144035 ], [ -100.208059, 28.190383 ], [ -100.220284, 28.23221 ], [ -100.291397, 28.275397 ], [ -100.286471, 28.312296 ], [ -100.368288, 28.477196 ], [ -100.333814, 28.499252 ], [ -100.38886, 28.515748 ], [ -100.398385, 28.584884 ], [ -100.500354, 28.66196 ], [ -100.53583, 28.805888 ], [ -100.574699, 28.828787 ], [ -100.600768, 28.900764 ], [ -100.640568, 28.914212 ], [ -100.674656, 29.099777 ], [ -100.772649, 29.168492 ], [ -100.81478, 29.263724 ], [ -101.010614, 29.368669 ], [ -101.060151, 29.458661 ], [ -101.144337, 29.473246 ], [ -101.173821, 29.514566 ], [ -101.254895, 29.520342 ], [ -101.250383, 29.624171 ], [ -101.305533, 29.577925 ], [ -101.302371, 29.649994 ], [ -101.361312, 29.650063 ], [ -101.415584, 29.746534 ], [ -101.400884, 29.770069 ], [ -101.445477, 29.749397 ], [ -101.461639, 29.789834 ], [ -101.535847, 29.758934 ], [ -101.544392, 29.811856 ], [ -101.574945, 29.769854 ], [ -101.646418, 29.754304 ], [ -101.807536, 29.781373 ], [ -101.818275, 29.811621 ], [ -101.824101, 29.787152 ], [ -101.850958, 29.807881 ], [ -101.929323, 29.782576 ], [ -101.976632, 29.815992 ], [ -102.073646, 29.786926 ], [ -102.142326, 29.802854 ], [ -102.18525, 29.847735 ], [ -102.223528, 29.84053 ], [ -102.315389, 29.87992 ], [ -102.364542, 29.845387 ], [ -102.388323, 29.761266 ], [ -102.487252, 29.786585 ], [ -102.548261, 29.744596 ], [ -102.567663, 29.771463 ], [ -102.630151, 29.734315 ], [ -102.673997, 29.744574 ], [ -102.739991, 29.599041 ], [ -102.768341, 29.594734 ], [ -102.771429, 29.548546 ], [ -102.808692, 29.522319 ], [ -102.833261, 29.410976 ], [ -102.812666, 29.400173 ], [ -102.839375, 29.358922 ], [ -102.884364, 29.347729 ], [ -102.906296, 29.260011 ], [ -102.868468, 29.222879 ], [ -102.912324, 29.219418 ], [ -102.950592, 29.173731 ], [ -102.996319, 29.178265 ], [ -103.03603, 29.098736 ], [ -103.100134, 29.060675 ], [ -103.115328, 28.98527 ], [ -103.163865, 28.972099 ], [ -103.266333, 28.995981 ], [ -103.283457, 28.976945 ], [ -103.308277, 29.025001 ], [ -103.338298, 29.019766 ], [ -103.330871, 29.042959 ], [ -103.386505, 29.021648 ], [ -103.470107, 29.066194 ], [ -103.552572, 29.157335 ], [ -103.717757, 29.180563 ], [ -103.758549, 29.232939 ], [ -103.776698, 29.220054 ], [ -103.784047, 29.265467 ], [ -104.038282, 29.320156 ], [ -104.167443, 29.394744 ], [ -104.212997, 29.48413 ], [ -104.315476, 29.532754 ], [ -104.338113, 29.519967 ], [ -104.509025, 29.633282 ], [ -104.565688, 29.770462 ], [ -104.683245, 29.929451 ], [ -104.705967, 30.235001 ], [ -104.811854, 30.333599 ], [ -104.817602, 30.375746 ], [ -104.859521, 30.390413 ], [ -104.866758, 30.495036 ], [ -104.922935, 30.603848 ], [ -104.972071, 30.61026 ], [ -105.006222, 30.685599 ], [ -105.061577, 30.685743 ], [ -105.118295, 30.749726 ], [ -105.218567, 30.785244 ], [ -105.215017, 30.805893 ], [ -105.257941, 30.794708 ], [ -105.292225, 30.826311 ], [ -105.31702, 30.810987 ], [ -105.339293, 30.840475 ], [ -105.400462, 30.852617 ], [ -105.399866, 30.889074 ], [ -105.55743, 30.990229 ], [ -105.604467, 31.083744 ], [ -105.773257, 31.166897 ], [ -105.869163, 31.288815 ], [ -105.938452, 31.318735 ], [ -105.953786, 31.364749 ], [ -106.206544, 31.466199 ], [ -106.381039, 31.73211 ], [ -106.451064, 31.764325 ], [ -106.51006, 31.761258 ], [ -106.547144, 31.807305 ], [ -106.602727, 31.825024 ], [ -106.645479, 31.89867 ] ] ] ] } },
{ "type": "Feature", "properties": { "map_id": "CA" }, "geometry": { "type": "MultiPolygon", "coordinates": [ [ [ [ -118.604415, 33.478552 ], [ -118.538624, 33.477015 ], [ -118.497435, 33.441964 ], [ -118.370323, 33.409285 ], [ -118.305084, 33.310323 ], [ -118.465368, 33.326056 ], [ -118.48875, 33.419826 ], [ -118.575394, 33.440179 ], [ -118.604415, 33.478552 ] ] ], [ [ [ -118.6105, 33.032941 ], [ -118.573897, 33.03055 ], [ -118.499503, 32.933654 ], [ -118.354185, 32.820919 ], [ -118.431809, 32.801462 ], [ -118.506206, 32.852985 ], [ -118.6105, 33.032941 ] ] ], [ [ [ -119.032334, 33.468834 ], [ -119.049684, 33.483901 ], [ -119.031145, 33.489649 ], [ -119.032334, 33.468834 ] ] ], [ [ [ -119.441226, 34.014075 ], [ -119.396251, 34.005918 ], [ -119.373406, 34.015441 ], [ -119.357462, 34.015919 ], [ -119.441226, 34.014075 ] ] ], [ [ [ -119.577271, 33.278582 ], [ -119.528778, 33.285417 ], [ -119.434402, 33.227021 ], [ -119.546212, 33.232561 ], [ -119.577271, 33.278582 ] ] ], [ [ [ -119.929889, 34.059734 ], [ -119.912857, 34.077508 ], [ -119.759428, 34.058835 ], [ -119.637742, 34.013178 ], [ -119.584301, 34.053643 ], [ -119.52064, 34.034262 ], [ -119.560464, 33.99553 ], [ -119.818249, 33.959858 ], [ -119.873358, 33.980375 ], [ -119.876329, 34.032087 ], [ -119.929889, 34.059734 ] ] ], [ [ [ -120.249536, 34.002477 ], [ -120.043259, 34.035806 ], [ -120.046575, 34.000002 ], [ -119.980156, 33.983653 ], [ -119.968636, 33.942878 ], [ -120.115885, 33.894361 ], [ -120.180417, 33.925103 ], [ -120.249536, 34.002477 ] ] ], [ [ [ -120.450064, 34.034194 ], [ -120.368278, 34.076465 ], [ -120.307219, 34.022375 ], [ -120.35793, 34.015029 ], [ -120.450064, 34.034194 ] ] ], [ [ [ -122.372836, 37.811068 ], [ -122.362911, 37.822696 ], [ -122.362294, 37.807016 ], [ -122.372836, 37.811068 ] ] ], [ [ [ -122.441271, 37.855142 ], [ -122.424651, 37.870736 ], [ -122.41847, 37.852721 ], [ -122.441271, 37.855142 ] ] ], [ [ [ -123.002794, 37.692736 ], [ -123.003507, 37.704396 ], [ -122.998754, 37.697438 ], [ -123.002794, 37.692736 ] ] ], [ [ [ -124.215001, 41.949734 ], [ -124.216181, 41.952212 ], [ -124.213021, 41.951023 ], [ -124.215001, 41.949734 ] ] ], [ [ [ -124.408601, 40.443201 ], [ -124.329404, 40.61643 ], [ -124.158322, 40.876069 ], [ -124.111756, 41.026883 ], [ -124.153622, 41.05355 ], [ -124.165414, 41.129822 ], [ -124.106986, 41.229678 ], [ -124.066057, 41.470258 ], [ -124.147412, 41.717955 ], [ -124.254954, 41.77817 ], [ -124.208439, 41.888192 ], [ -124.211605, 41.99846 ], [ -119.999234, 41.994944 ], [ -120.001014, 38.999574 ], [ -117.500117, 37.22038 ], [ -114.633487, 35.001857 ], [ -114.634382, 34.87289 ], [ -114.552682, 34.766871 ], [ -114.470477, 34.711368 ], [ -114.436466, 34.5954 ], [ -114.380838, 34.529724 ], [ -114.386699, 34.457911 ], [ -114.335372, 34.450038 ], [ -114.176909, 34.349306 ], [ -114.131211, 34.26273 ], [ -114.229715, 34.186928 ], [ -114.434181, 34.087379 ], [ -114.438266, 34.022609 ], [ -114.535478, 33.934651 ], [ -114.50792, 33.903807 ], [ -114.52805, 33.814963 ], [ -114.494197, 33.707922 ], [ -114.531523, 33.675108 ], [ -114.524599, 33.552231 ], [ -114.643302, 33.416745 ], [ -114.725282, 33.405048 ], [ -114.698035, 33.352442 ], [ -114.731223, 33.302434 ], [ -114.672088, 33.258499 ], [ -114.706488, 33.08816 ], [ -114.66506, 33.033908 ], [ -114.64598, 33.048903 ], [ -114.618788, 33.027202 ], [ -114.52013, 33.029984 ], [ -114.492938, 32.971781 ], [ -114.469039, 32.972295 ], [ -114.468971, 32.845155 ], [ -114.530755, 32.793485 ], [ -114.526856, 32.757094 ], [ -114.618373, 32.728245 ], [ -114.701918, 32.745548 ], [ -114.719633, 32.718763 ], [ -117.124862, 32.534156 ], [ -117.168866, 32.671952 ], [ -117.213068, 32.687751 ], [ -117.246069, 32.669352 ], [ -117.28217, 32.839547 ], [ -117.25447, 32.900146 ], [ -117.328359, 33.121842 ], [ -117.469794, 33.296417 ], [ -117.652692, 33.446154 ], [ -117.714617, 33.459914 ], [ -117.784888, 33.541525 ], [ -117.928019, 33.607187 ], [ -118.132698, 33.753217 ], [ -118.18035, 33.763413 ], [ -118.183342, 33.723186 ], [ -118.269645, 33.70403 ], [ -118.411211, 33.741985 ], [ -118.428407, 33.774715 ], [ -118.391103, 33.838771 ], [ -118.519514, 34.027509 ], [ -118.744952, 34.032103 ], [ -118.806367, 34.000198 ], [ -118.854653, 34.034215 ], [ -119.129252, 34.10084 ], [ -119.216441, 34.146105 ], [ -119.278644, 34.266902 ], [ -119.563986, 34.41532 ], [ -119.671866, 34.416096 ], [ -119.709067, 34.395397 ], [ -119.793567, 34.418289 ], [ -119.878199, 34.406913 ], [ -120.008077, 34.460447 ], [ -120.141165, 34.473405 ], [ -120.452811, 34.442442 ], [ -120.511421, 34.522953 ], [ -120.636722, 34.560967 ], [ -120.60045, 34.70464 ], [ -120.637415, 34.755895 ], [ -120.610266, 34.85818 ], [ -120.672269, 34.90254 ], [ -120.629931, 35.061515 ], [ -120.644311, 35.139616 ], [ -120.714185, 35.175998 ], [ -120.760492, 35.15971 ], [ -120.856047, 35.206487 ], [ -120.8996, 35.255337 ], [ -120.862684, 35.346776 ], [ -120.884757, 35.430196 ], [ -121.003359, 35.46071 ], [ -121.166712, 35.635399 ], [ -121.28653, 35.665524 ], [ -121.332449, 35.783106 ], [ -121.46491, 35.888457 ], [ -121.503112, 36.000299 ], [ -121.574602, 36.025156 ], [ -121.717176, 36.195146 ], [ -121.827634, 36.242255 ], [ -121.902729, 36.306379 ], [ -121.903195, 36.393603 ], [ -121.954473, 36.518904 ], [ -121.925937, 36.525173 ], [ -121.932508, 36.559935 ], [ -121.978714, 36.581488 ], [ -121.93643, 36.636746 ], [ -121.889477, 36.60193 ], [ -121.860604, 36.611136 ], [ -121.814462, 36.682858 ], [ -121.788278, 36.803994 ], [ -121.862266, 36.931552 ], [ -121.930069, 36.97815 ], [ -122.066421, 36.948271 ], [ -122.135161, 36.967774 ], [ -122.284882, 37.101747 ], [ -122.337071, 37.117382 ], [ -122.405073, 37.195791 ], [ -122.40085, 37.359225 ], [ -122.459577, 37.492731 ], [ -122.499289, 37.495341 ], [ -122.519533, 37.537302 ], [ -122.494085, 37.644035 ], [ -122.514483, 37.780829 ], [ -122.478083, 37.810828 ], [ -122.407452, 37.811441 ], [ -122.385323, 37.790724 ], [ -122.356784, 37.729505 ], [ -122.39319, 37.707531 ], [ -122.389313, 37.640193 ], [ -122.355627, 37.615293 ], [ -122.378545, 37.605592 ], [ -122.262868, 37.573914 ], [ -122.162091, 37.500222 ], [ -122.136422, 37.507576 ], [ -122.08874, 37.452267 ], [ -122.038599, 37.454622 ], [ -122.055541, 37.49523 ], [ -122.10942, 37.500254 ], [ -122.170648, 37.678503 ], [ -122.252172, 37.724952 ], [ -122.243947, 37.751779 ], [ -122.33227, 37.781517 ], [ -122.342253, 37.805558 ], [ -122.296618, 37.828465 ], [ -122.325193, 37.874276 ], [ -122.311399, 37.895794 ], [ -122.390546, 37.90911 ], [ -122.430087, 37.963115 ], [ -122.367582, 37.978168 ], [ -122.367909, 38.01253 ], [ -122.332552, 38.001502 ], [ -122.283478, 38.022674 ], [ -122.262861, 38.0446 ], [ -122.282824, 38.082889 ], [ -122.393588, 38.143449 ], [ -122.489974, 38.112014 ], [ -122.497828, 38.019402 ], [ -122.447304, 37.984387 ], [ -122.495553, 37.970523 ], [ -122.479512, 37.942526 ], [ -122.50506, 37.936414 ], [ -122.438268, 37.880974 ], [ -122.457999, 37.861769 ], [ -122.501019, 37.893662 ], [ -122.472736, 37.831927 ], [ -122.527399, 37.814947 ], [ -122.641963, 37.897507 ], [ -122.725181, 37.902691 ], [ -122.856573, 38.016717 ], [ -122.939711, 38.031908 ], [ -122.981776, 38.009119 ], [ -122.963544, 37.989914 ], [ -123.024066, 37.994878 ], [ -122.949074, 38.15406 ], [ -122.995631, 38.238626 ], [ -122.972101, 38.232652 ], [ -122.977082, 38.267902 ], [ -123.024333, 38.310573 ], [ -123.063671, 38.302178 ], [ -123.068265, 38.359865 ], [ -123.128825, 38.450418 ], [ -123.331899, 38.565542 ], [ -123.441774, 38.699744 ], [ -123.727976, 38.919429 ], [ -123.741921, 38.956228 ], [ -123.711149, 38.977316 ], [ -123.69124, 39.050795 ], [ -123.827716, 39.348433 ], [ -123.819884, 39.439489 ], [ -123.766475, 39.552803 ], [ -123.851714, 39.832041 ], [ -123.907664, 39.863028 ], [ -124.035904, 40.013319 ], [ -124.079983, 40.029773 ], [ -124.110549, 40.103765 ], [ -124.187874, 40.130542 ], [ -124.360604, 40.257206 ], [ -124.347853, 40.314634 ], [ -124.408601, 40.443201 ] ] ] ] } },
{ "type": "Feature", "properties": { "map_id": "AL" }, "geometry": { "type": "MultiPolygon", "coordinates": [ [ [ [ -88.045043, 30.501189 ], [ -88.029165, 30.519648 ], [ -88.02433, 30.490774 ], [ -88.045043, 30.501189 ] ] ], [ [ [ -88.209559, 30.31902 ], [ -88.209999, 30.323199 ], [ -88.208733, 30.318878 ], [ -88.209559, 30.31902 ] ] ], [ [ [ -88.224653, 30.319886 ], [ -88.221281, 30.322233 ], [ -88.218694, 30.321903 ], [ -88.224653, 30.319886 ] ] ], [ [ [ -88.255659, 30.324087 ], [ -88.257827, 30.342742 ], [ -88.25947, 30.366778 ], [ -88.255659, 30.324087 ] ] ], [ [ [ -88.327302, 30.229882 ], [ -88.201468, 30.251179 ], [ -88.141143, 30.255024 ], [ -88.124658, 30.28364 ], [ -88.074854, 30.249119 ], [ -88.124936, 30.247709 ], [ -88.106654, 30.223501 ], [ -88.149812, 30.249988 ], [ -88.327302, 30.229882 ] ] ], [ [ [ -88.346823, 30.389936 ], [ -88.341235, 30.391738 ], [ -88.33289, 30.389146 ], [ -88.346823, 30.389936 ] ] ], [ [ [ -88.473227, 31.893856 ], [ -88.097888, 34.892202 ], [ -88.154617, 34.922392 ], [ -88.202959, 35.008028 ], [ -85.605165, 34.984678 ], [ -85.1844, 32.861317 ], [ -85.122189, 32.773353 ], [ -85.142567, 32.760682 ], [ -85.113329, 32.735751 ], [ -85.105337, 32.644835 ], [ -84.96303, 32.424244 ], [ -85.007103, 32.328362 ], [ -84.88908, 32.260911 ], [ -85.061144, 32.134065 ], [ -85.04931, 32.022694 ], [ -85.140731, 31.857461 ], [ -85.12553, 31.694965 ], [ -85.058169, 31.620227 ], [ -85.041305, 31.540987 ], [ -85.089774, 31.295026 ], [ -85.114601, 31.277333 ], [ -85.107516, 31.186451 ], [ -85.035615, 31.108192 ], [ -85.002499, 31.000682 ], [ -87.598928, 30.997457 ], [ -87.592055, 30.951492 ], [ -87.634938, 30.865886 ], [ -87.532607, 30.743489 ], [ -87.406958, 30.675165 ], [ -87.395026, 30.615281 ], [ -87.447702, 30.510458 ], [ -87.368191, 30.433407 ], [ -87.429578, 30.406498 ], [ -87.459978, 30.3363 ], [ -87.504701, 30.324039 ], [ -87.452378, 30.300201 ], [ -87.80056, 30.229365 ], [ -88.027678, 30.223645 ], [ -87.936041, 30.261469 ], [ -87.893201, 30.239237 ], [ -87.78775, 30.254244 ], [ -87.755314, 30.280072 ], [ -87.837368, 30.376334 ], [ -87.906343, 30.40938 ], [ -87.936969, 30.483105 ], [ -87.901711, 30.550879 ], [ -87.91253, 30.615795 ], [ -87.931705, 30.654362 ], [ -87.985559, 30.677509 ], [ -88.011412, 30.685126 ], [ -88.061877, 30.643586 ], [ -88.138576, 30.311988 ], [ -88.195664, 30.321242 ], [ -88.187104, 30.362699 ], [ -88.288105, 30.387328 ], [ -88.311517, 30.370206 ], [ -88.338018, 30.404753 ], [ -88.395023, 30.369425 ], [ -88.473227, 31.893856 ] ] ] ] } },
{ "type": "Feature", "properties": { "map_id": "GA" }, "geometry": { "type": "MultiPolygon", "coordinates": [ [ [ [ -81.271882, 31.304105 ], [ -81.277159, 31.311215 ], [ -81.270664, 31.310521 ], [ -81.271882, 31.304105 ] ] ], [ [ [ -85.605165, 34.984678 ], [ -83.102867, 34.997257 ], [ -83.112801, 34.934723 ], [ -83.243126, 34.877392 ], [ -83.268159, 34.821393 ], [ -83.306663, 34.81485 ], [ -83.353238, 34.728648 ], [ -83.342617, 34.682991 ], [ -83.23178, 34.611297 ], [ -83.159176, 34.603498 ], [ -83.158871, 34.579185 ], [ -83.034712, 34.483495 ], [ -82.887398, 34.480959 ], [ -82.835004, 34.366069 ], [ -82.746656, 34.266407 ], [ -82.717507, 34.150504 ], [ -82.641553, 34.092212 ], [ -82.556835, 33.945353 ], [ -82.32448, 33.820033 ], [ -82.247472, 33.752591 ], [ -82.186154, 33.62088 ], [ -82.046335, 33.56383 ], [ -81.985938, 33.486536 ], [ -81.926336, 33.462937 ], [ -81.909629, 33.412603 ], [ -81.944893, 33.407962 ], [ -81.939737, 33.344941 ], [ -81.908774, 33.347309 ], [ -81.913737, 33.320042 ], [ -81.901954, 33.335876 ], [ -81.881754, 33.303677 ], [ -81.847296, 33.306783 ], [ -81.863236, 33.288844 ], [ -81.827938, 33.263665 ], [ -81.852136, 33.247544 ], [ -81.805236, 33.211447 ], [ -81.768935, 33.217447 ], [ -81.743835, 33.14145 ], [ -81.612725, 33.093953 ], [ -81.492253, 33.009342 ], [ -81.502427, 32.935353 ], [ -81.417984, 32.818196 ], [ -81.43194, 32.768911 ], [ -81.40494, 32.746231 ], [ -81.427517, 32.701896 ], [ -81.393033, 32.651543 ], [ -81.41866, 32.629392 ], [ -81.366964, 32.577059 ], [ -81.281324, 32.556464 ], [ -81.186829, 32.464086 ], [ -81.20513, 32.423788 ], [ -81.160494, 32.341746 ], [ -81.12863, 32.337032 ], [ -81.119633, 32.287596 ], [ -81.156587, 32.24391 ], [ -81.115195, 32.194112 ], [ -81.117234, 32.117605 ], [ -81.050234, 32.085308 ], [ -81.002297, 32.100048 ], [ -80.875954, 32.016758 ], [ -80.841127, 32.023522 ], [ -80.881896, 31.956683 ], [ -80.928006, 31.938532 ], [ -80.942742, 31.963741 ], [ -80.984336, 31.940145 ], [ -80.930145, 31.90807 ], [ -80.99269, 31.857641 ], [ -81.065255, 31.877095 ], [ -81.075812, 31.829031 ], [ -81.035913, 31.810364 ], [ -81.095095, 31.749144 ], [ -81.130634, 31.722692 ], [ -81.203572, 31.719448 ], [ -81.131137, 31.695774 ], [ -81.128845, 31.631439 ], [ -81.171865, 31.558962 ], [ -81.260076, 31.54828 ], [ -81.258809, 31.52906 ], [ -81.198251, 31.537033 ], [ -81.176619, 31.515409 ], [ -81.29427, 31.368596 ], [ -81.269552, 31.258741 ], [ -81.409523, 31.120611 ], [ -81.420474, 31.016703 ], [ -81.493651, 30.977528 ], [ -81.426929, 30.956615 ], [ -81.408484, 30.977718 ], [ -81.403409, 30.957914 ], [ -81.460061, 30.769912 ], [ -81.444124, 30.709714 ], [ -81.610656, 30.716217 ], [ -81.663345, 30.754402 ], [ -81.719927, 30.744634 ], [ -81.763261, 30.775807 ], [ -81.78321, 30.761885 ], [ -81.7932, 30.786087 ], [ -81.868608, 30.792754 ], [ -81.901443, 30.829922 ], [ -81.949787, 30.827493 ], [ -81.973856, 30.778487 ], [ -82.022866, 30.787991 ], [ -82.011597, 30.763122 ], [ -82.043795, 30.729641 ], [ -82.049507, 30.655548 ], [ -82.005477, 30.563495 ], [ -82.036825, 30.377884 ], [ -82.161757, 30.357851 ], [ -82.204151, 30.40133 ], [ -82.201416, 30.485164 ], [ -82.240403, 30.53777 ], [ -82.214839, 30.568591 ], [ -84.864693, 30.711542 ], [ -84.913522, 30.752291 ], [ -84.935413, 30.882481 ], [ -85.005105, 30.974704 ], [ -85.029736, 31.096163 ], [ -85.107516, 31.186451 ], [ -85.114601, 31.277333 ], [ -85.089774, 31.295026 ], [ -85.041305, 31.540987 ], [ -85.058169, 31.620227 ], [ -85.12553, 31.694965 ], [ -85.141831, 31.839261 ], [ -85.04931, 32.022694 ], [ -85.061144, 32.134065 ], [ -84.88908, 32.260911 ], [ -85.007103, 32.328362 ], [ -84.96303, 32.424244 ], [ -85.105337, 32.644835 ], [ -85.113329, 32.735751 ], [ -85.142567, 32.760682 ], [ -85.122189, 32.773353 ], [ -85.1844, 32.861317 ], [ -85.605165, 34.984678 ] ] ] ] } },
{ "type": "Feature", "properties": { "map_id": "PA" }, "geometry": { "type": "Polygon", "coordinates": [ [ [ -80.519342, 39.721403 ], [ -80.519425, 41.977523 ], [ -80.188085, 42.094257 ], [ -80.108476, 42.16924 ], [ -80.066169, 42.171882 ], [ -80.06108, 42.144857 ], [ -79.761951, 42.26986 ], [ -79.761374, 41.999067 ], [ -75.359579, 41.999445 ], [ -75.279094, 41.938917 ], [ -75.260527, 41.8638 ], [ -75.170565, 41.871608 ], [ -75.072172, 41.813732 ], [ -75.10464, 41.774203 ], [ -75.053431, 41.752538 ], [ -75.06883, 41.708161 ], [ -75.044224, 41.617978 ], [ -75.074613, 41.605711 ], [ -74.983341, 41.480894 ], [ -74.912517, 41.475605 ], [ -74.893913, 41.43893 ], [ -74.738455, 41.430641 ], [ -74.738554, 41.401191 ], [ -74.689516, 41.363843 ], [ -74.79504, 41.320407 ], [ -74.882139, 41.180836 ], [ -74.982212, 41.108245 ], [ -74.991815, 41.089132 ], [ -74.968389, 41.087797 ], [ -75.130575, 40.991093 ], [ -75.051029, 40.865662 ], [ -75.095784, 40.847082 ], [ -75.108505, 40.791094 ], [ -75.196533, 40.751631 ], [ -75.20392, 40.691498 ], [ -75.176803, 40.675715 ], [ -75.200452, 40.649219 ], [ -75.192352, 40.574257 ], [ -75.117292, 40.573211 ], [ -75.068615, 40.542223 ], [ -75.058848, 40.418065 ], [ -74.96813, 40.399129 ], [ -74.939711, 40.338006 ], [ -74.771719, 40.215287 ], [ -74.722189, 40.14994 ], [ -74.782106, 40.12081 ], [ -74.822531, 40.126844 ], [ -74.862106, 40.083283 ], [ -74.93258, 40.06881 ], [ -75.12692, 39.961112 ], [ -75.143746, 39.884998 ], [ -75.341765, 39.846082 ], [ -75.415062, 39.801919 ], [ -75.518444, 39.836311 ], [ -75.634706, 39.830164 ], [ -75.716969, 39.791998 ], [ -75.773786, 39.7222 ], [ -80.519342, 39.721403 ] ] ] } },
{ "type": "Feature", "properties": { "map_id": "MO" }, "geometry": { "type": "Polygon", "coordinates": [ [ [ -95.773549, 40.578205 ], [ -94.089194, 40.572806 ], [ -91.729115, 40.61364 ], [ -91.6887, 40.55739 ], [ -91.6219, 40.542292 ], [ -91.574746, 40.465664 ], [ -91.523864, 40.456331 ], [ -91.524612, 40.410765 ], [ -91.463895, 40.375659 ], [ -91.419422, 40.378264 ], [ -91.492727, 40.278217 ], [ -91.510322, 40.127994 ], [ -91.494878, 40.036453 ], [ -91.41936, 39.927717 ], [ -91.446922, 39.883034 ], [ -91.436051, 39.84551 ], [ -91.361571, 39.787548 ], [ -91.370009, 39.732524 ], [ -91.181936, 39.602677 ], [ -91.153628, 39.548248 ], [ -91.100307, 39.538695 ], [ -91.03827, 39.448436 ], [ -90.72996, 39.255894 ], [ -90.681086, 39.10059 ], [ -90.713629, 39.053977 ], [ -90.657254, 38.92027 ], [ -90.555693, 38.870785 ], [ -90.440078, 38.967364 ], [ -90.250248, 38.919344 ], [ -90.109407, 38.843548 ], [ -90.123107, 38.798048 ], [ -90.20991, 38.72605 ], [ -90.18451, 38.611551 ], [ -90.370819, 38.333554 ], [ -90.353902, 38.213855 ], [ -90.218708, 38.094365 ], [ -90.130788, 38.062341 ], [ -90.11052, 38.026547 ], [ -90.059367, 38.015543 ], [ -89.997103, 37.963225 ], [ -89.925085, 37.960021 ], [ -89.974918, 37.926719 ], [ -89.950594, 37.881526 ], [ -89.901832, 37.869822 ], [ -89.842649, 37.905196 ], [ -89.786369, 37.851734 ], [ -89.669644, 37.799922 ], [ -89.663352, 37.750052 ], [ -89.617278, 37.74972 ], [ -89.516685, 37.692762 ], [ -89.517718, 37.641217 ], [ -89.475932, 37.592998 ], [ -89.519808, 37.582748 ], [ -89.517051, 37.537278 ], [ -89.421054, 37.387668 ], [ -89.432836, 37.347056 ], [ -89.489005, 37.333368 ], [ -89.51834, 37.285497 ], [ -89.458827, 37.248661 ], [ -89.456105, 37.18812 ], [ -89.37871, 37.094586 ], [ -89.383937, 37.046441 ], [ -89.278628, 36.98867 ], [ -89.260003, 37.023288 ], [ -89.30829, 37.068371 ], [ -89.25493, 37.072014 ], [ -89.185491, 36.973518 ], [ -89.125069, 36.983499 ], [ -89.099594, 36.964543 ], [ -89.131944, 36.857437 ], [ -89.178888, 36.831368 ], [ -89.171069, 36.798119 ], [ -89.116563, 36.767557 ], [ -89.197808, 36.739412 ], [ -89.15908, 36.666352 ], [ -89.217447, 36.576159 ], [ -89.259994, 36.565149 ], [ -89.326731, 36.632186 ], [ -89.365548, 36.625059 ], [ -89.41977, 36.493896 ], [ -89.464153, 36.457189 ], [ -89.494074, 36.473225 ], [ -89.465888, 36.529946 ], [ -89.479093, 36.568206 ], [ -89.542459, 36.580566 ], [ -89.566817, 36.564216 ], [ -89.519501, 36.475419 ], [ -89.545255, 36.427079 ], [ -89.509722, 36.373626 ], [ -89.531822, 36.339246 ], [ -89.605668, 36.342234 ], [ -89.620255, 36.323006 ], [ -89.539487, 36.277368 ], [ -89.534745, 36.252576 ], [ -89.703511, 36.243412 ], [ -89.591605, 36.144096 ], [ -89.678821, 36.084636 ], [ -89.706932, 36.000981 ], [ -90.37789, 35.995683 ], [ -90.319168, 36.089976 ], [ -90.235585, 36.139474 ], [ -90.220425, 36.184764 ], [ -90.126366, 36.229367 ], [ -90.06398, 36.303038 ], [ -90.064514, 36.382085 ], [ -90.138512, 36.413952 ], [ -90.152481, 36.497952 ], [ -94.617919, 36.499414 ], [ -94.60829, 39.117944 ], [ -94.588413, 39.149869 ], [ -94.655787, 39.15568 ], [ -94.680336, 39.184303 ], [ -94.741938, 39.170203 ], [ -94.781518, 39.206146 ], [ -94.823791, 39.209874 ], [ -94.831471, 39.256273 ], [ -94.905329, 39.311952 ], [ -94.885026, 39.389801 ], [ -94.942039, 39.389499 ], [ -95.109304, 39.542285 ], [ -95.103228, 39.577783 ], [ -95.049277, 39.589583 ], [ -95.027644, 39.665454 ], [ -94.971317, 39.68641 ], [ -94.965318, 39.739065 ], [ -94.899316, 39.724042 ], [ -94.862943, 39.742994 ], [ -94.869644, 39.772894 ], [ -94.912293, 39.759338 ], [ -94.935302, 39.77561 ], [ -94.875944, 39.813294 ], [ -94.939767, 39.85193 ], [ -94.929574, 39.888754 ], [ -95.00844, 39.900596 ], [ -95.037767, 39.865542 ], [ -95.128166, 39.874165 ], [ -95.149657, 39.905948 ], [ -95.201935, 39.904053 ], [ -95.204428, 39.938949 ], [ -95.250254, 39.948644 ], [ -95.315271, 40.01207 ], [ -95.40726, 40.033112 ], [ -95.42164, 40.058952 ], [ -95.393347, 40.119212 ], [ -95.479193, 40.185652 ], [ -95.477501, 40.24272 ], [ -95.552473, 40.261904 ], [ -95.562157, 40.297359 ], [ -95.657328, 40.310856 ], [ -95.623728, 40.346567 ], [ -95.699969, 40.505275 ], [ -95.661687, 40.517309 ], [ -95.655848, 40.546609 ], [ -95.678718, 40.56256 ], [ -95.708591, 40.521551 ], [ -95.75711, 40.52599 ], [ -95.773549, 40.578205 ] ] ] } },
{ "type": "Feature", "properties": { "map_id": "CO" }, "geometry": { "type": "Polygon", "coordinates": [ [ [ -109.045223, 36.999084 ], [ -109.050076, 41.000659 ], [ -102.051614, 41.002377 ], [ -102.042089, 36.993016 ], [ -109.045223, 36.999084 ] ] ] } },
{ "type": "Feature", "properties": { "map_id": "UT" }, "geometry": { "type": "Polygon", "coordinates": [ [ [ -114.0506, 37.000396 ], [ -114.041477, 41.993873 ], [ -111.046714, 42.001702 ], [ -111.046723, 40.997959 ], [ -109.050076, 41.000659 ], [ -109.045223, 36.999084 ], [ -114.0506, 37.000396 ] ] ] } },
{ "type": "Feature", "properties": { "map_id": "TN" }, "geometry": { "type": "Polygon", "coordinates": [ [ [ -90.310298, 35.004295 ], [ -90.291996, 35.041793 ], [ -90.200124, 35.032813 ], [ -90.160058, 35.12883 ], [ -90.100593, 35.116691 ], [ -90.065392, 35.137691 ], [ -90.117393, 35.18789 ], [ -90.07875, 35.227806 ], [ -90.168794, 35.279088 ], [ -90.158913, 35.300637 ], [ -90.109093, 35.304987 ], [ -90.074992, 35.384152 ], [ -90.130475, 35.413745 ], [ -90.13551, 35.376668 ], [ -90.179265, 35.385194 ], [ -90.098719, 35.478595 ], [ -90.067798, 35.466224 ], [ -90.069283, 35.408306 ], [ -90.054585, 35.389604 ], [ -90.041563, 35.39662 ], [ -90.018842, 35.464816 ], [ -90.050277, 35.515275 ], [ -90.032938, 35.55344 ], [ -89.989363, 35.560043 ], [ -89.94801, 35.52009 ], [ -89.909022, 35.520548 ], [ -89.956749, 35.590511 ], [ -89.856619, 35.634444 ], [ -89.851176, 35.657432 ], [ -89.931036, 35.660044 ], [ -89.956254, 35.733386 ], [ -89.909996, 35.759396 ], [ -89.877256, 35.741369 ], [ -89.821216, 35.756716 ], [ -89.781793, 35.805084 ], [ -89.706085, 35.81826 ], [ -89.772467, 35.865098 ], [ -89.741241, 35.906749 ], [ -89.645346, 35.891419 ], [ -89.733095, 36.000608 ], [ -89.706932, 36.000981 ], [ -89.678821, 36.084636 ], [ -89.601936, 36.11947 ], [ -89.592206, 36.15012 ], [ -89.705328, 36.239898 ], [ -89.534745, 36.252576 ], [ -89.539487, 36.277368 ], [ -89.620255, 36.323006 ], [ -89.513178, 36.359897 ], [ -89.545255, 36.427079 ], [ -89.51972, 36.467002 ], [ -89.539232, 36.497934 ], [ -89.485427, 36.497491 ], [ -89.471718, 36.457001 ], [ -89.417275, 36.499011 ], [ -89.300284, 36.507147 ], [ -88.053205, 36.497129 ], [ -88.032489, 36.540662 ], [ -88.070532, 36.678118 ], [ -87.849567, 36.663701 ], [ -87.853204, 36.633247 ], [ -86.589906, 36.652486 ], [ -86.564143, 36.633472 ], [ -86.507771, 36.652445 ], [ -83.690714, 36.582581 ], [ -83.675395, 36.600784 ], [ -81.934144, 36.594213 ], [ -81.922644, 36.616213 ], [ -81.6469, 36.611918 ], [ -81.707963, 36.536209 ], [ -81.695311, 36.467912 ], [ -81.741995, 36.41096 ], [ -81.707438, 36.335171 ], [ -81.793597, 36.362209 ], [ -81.908137, 36.302013 ], [ -82.033141, 36.120422 ], [ -82.127146, 36.104417 ], [ -82.147948, 36.149516 ], [ -82.213852, 36.159112 ], [ -82.247521, 36.130865 ], [ -82.355157, 36.115609 ], [ -82.460658, 36.007809 ], [ -82.557874, 35.953901 ], [ -82.610889, 35.967409 ], [ -82.590963, 36.033606 ], [ -82.637165, 36.065805 ], [ -82.776001, 36.000103 ], [ -82.804997, 35.927168 ], [ -82.874159, 35.952698 ], [ -82.92001, 35.928422 ], [ -82.897273, 35.877882 ], [ -82.992053, 35.773948 ], [ -83.07403, 35.790016 ], [ -83.159208, 35.764892 ], [ -83.185685, 35.72989 ], [ -83.251247, 35.719916 ], [ -83.297154, 35.65775 ], [ -83.35156, 35.659858 ], [ -83.498335, 35.562981 ], [ -83.608889, 35.579451 ], [ -83.771736, 35.562118 ], [ -83.82559, 35.523829 ], [ -83.880074, 35.518745 ], [ -84.023007, 35.411684 ], [ -84.02141, 35.301383 ], [ -84.052612, 35.269982 ], [ -84.188417, 35.239979 ], [ -84.223718, 35.269078 ], [ -84.29024, 35.225572 ], [ -84.321869, 34.988408 ], [ -90.310298, 35.004295 ] ] ] } },
{ "type": "Feature", "properties": { "map_id": "WY" }, "geometry": { "type": "Polygon", "coordinates": [ [ [ -111.054556, 45.000955 ], [ -104.057879, 44.997605 ], [ -104.053249, 41.001406 ], [ -111.046723, 40.997959 ], [ -111.054556, 45.000955 ] ] ] } },
{ "type": "Feature", "properties": { "map_id": "NY" }, "geometry": { "type": "MultiPolygon", "coordinates": [ [ [ [ -72.036829820205085, 41.249842539384701 ], [ -72.020495, 41.275866 ], [ -71.921383, 41.292119 ], [ -72.002461, 41.252867 ], [ -72.036829820205085, 41.249842539384701 ] ] ], [ [ [ -72.142929, 41.097811 ], [ -72.129794, 41.123876 ], [ -72.079514, 41.100677 ], [ -72.086975, 41.058292 ], [ -72.142929, 41.097811 ] ] ], [ [ [ -72.198601, 41.164951 ], [ -72.18898, 41.189011 ], [ -72.16217, 41.192448 ], [ -72.198601, 41.164951 ] ] ], [ [ [ -73.772349, 40.847421 ], [ -73.765258, 40.855361 ], [ -73.767179, 40.844866 ], [ -73.772349, 40.847421 ] ] ], [ [ [ -73.775276, 40.882199 ], [ -73.767276, 40.886899 ], [ -73.767441, 40.880687 ], [ -73.775276, 40.882199 ] ] ], [ [ [ -74.013083, 40.687795 ], [ -74.0195, 40.693382 ], [ -74.012132, 40.690679 ], [ -74.013083, 40.687795 ] ] ], [ [ [ -74.044451, 40.688445 ], [ -74.04086, 40.700117 ], [ -74.039401, 40.700454 ], [ -74.044451, 40.688445 ] ] ], [ [ [ -74.161255, 40.64179 ], [ -74.157552, 40.643239 ], [ -74.159192, 40.641448 ], [ -74.161255, 40.64179 ] ] ], [ [ [ -74.256088, 40.507903 ], [ -74.1894, 40.642121 ], [ -74.152973, 40.638886 ], [ -74.075884, 40.648101 ], [ -74.053125, 40.603678 ], [ -74.111471, 40.546908 ], [ -74.219787, 40.502603 ], [ -74.256088, 40.507903 ] ] ], [ [ [ -76.144708, 43.940231 ], [ -76.142569, 43.944167 ], [ -76.140667, 43.942284 ], [ -76.144708, 43.940231 ] ] ], [ [ [ -76.176557, 44.017196 ], [ -76.173467, 44.024716 ], [ -76.169664, 44.024887 ], [ -76.176557, 44.017196 ] ] ], [ [ [ -76.321297, 44.031208 ], [ -76.329628, 44.044296 ], [ -76.317726, 44.051434 ], [ -76.321297, 44.031208 ] ] ], [ [ [ -76.356691, 43.878246 ], [ -76.345978, 43.894035 ], [ -76.3013, 43.917751 ], [ -76.326393, 43.880974 ], [ -76.356691, 43.878246 ] ] ], [ [ [ -76.365988, 43.876188 ], [ -76.367849, 43.879004 ], [ -76.364173, 43.87856 ], [ -76.365988, 43.876188 ] ] ], [ [ [ -76.383338, 44.037361 ], [ -76.370079, 44.052029 ], [ -76.342117, 44.053814 ], [ -76.361748, 44.032993 ], [ -76.383338, 44.037361 ] ] ], [ [ [ -76.395759, 43.88273 ], [ -76.394578, 43.888076 ], [ -76.392347, 43.887859 ], [ -76.395759, 43.88273 ] ] ], [ [ [ -76.445999, 43.890255 ], [ -76.406471, 43.921188 ], [ -76.377945, 43.921188 ], [ -76.399976, 43.901711 ], [ -76.445999, 43.890255 ] ] ], [ [ [ -79.761374, 41.999067 ], [ -79.761951, 42.26986 ], [ -79.453533, 42.411157 ], [ -79.354483, 42.494071 ], [ -79.148723, 42.553672 ], [ -79.046754, 42.691346 ], [ -78.853455, 42.783958 ], [ -78.918859, 42.946857 ], [ -79.019964, 42.994756 ], [ -78.999435, 43.056057 ], [ -79.074467, 43.077855 ], [ -79.042366, 43.143655 ], [ -79.070469, 43.262454 ], [ -78.485857, 43.374884 ], [ -78.104509, 43.375628 ], [ -77.760231, 43.341161 ], [ -77.539548, 43.235091 ], [ -77.391015, 43.276363 ], [ -77.107542, 43.28957 ], [ -76.952412, 43.270313 ], [ -76.787949, 43.311309 ], [ -76.694026, 43.346461 ], [ -76.630774, 43.413356 ], [ -76.417581, 43.521285 ], [ -76.291258, 43.513783 ], [ -76.209853, 43.560136 ], [ -76.213205, 43.753513 ], [ -76.234986, 43.822625 ], [ -76.299064, 43.838503 ], [ -76.297392, 43.855925 ], [ -76.213761, 43.900234 ], [ -76.237363, 43.863596 ], [ -76.199809, 43.854341 ], [ -76.127285, 43.897889 ], [ -76.134358, 43.945664 ], [ -76.059062, 43.9857 ], [ -76.085068, 43.995135 ], [ -76.159004, 43.958995 ], [ -76.200249, 43.967931 ], [ -76.202548, 43.989417 ], [ -76.120695, 44.031296 ], [ -76.168284, 44.032723 ], [ -76.155054, 44.064353 ], [ -76.211384, 44.057351 ], [ -76.20164, 44.079039 ], [ -76.272706, 44.04078 ], [ -76.278691, 44.016067 ], [ -76.199693, 44.025585 ], [ -76.280677, 43.959683 ], [ -76.265903, 43.994552 ], [ -76.300956, 44.009864 ], [ -76.295285, 44.058717 ], [ -76.360306, 44.070907 ], [ -76.344247, 44.087917 ], [ -76.370706, 44.100499 ], [ -76.312647, 44.199044 ], [ -76.206777, 44.214543 ], [ -76.164265, 44.239603 ], [ -76.161833, 44.280777 ], [ -75.912985, 44.368084 ], [ -75.82083, 44.432244 ], [ -75.76623, 44.515851 ], [ -75.283136, 44.849156 ], [ -75.064826, 44.929449 ], [ -74.992756, 44.977449 ], [ -74.907956, 44.983359 ], [ -74.826578, 45.01585 ], [ -74.731301, 44.990422 ], [ -74.670297, 45.006194 ], [ -74.146814, 44.9915 ], [ -73.343124, 45.01084 ], [ -73.338979, 44.917681 ], [ -73.381359, 44.845021 ], [ -73.333154, 44.788759 ], [ -73.390231, 44.618353 ], [ -73.306707, 44.500334 ], [ -73.293613, 44.440559 ], [ -73.334939, 44.364441 ], [ -73.312852, 44.265346 ], [ -73.390583, 44.190886 ], [ -73.43774, 44.045006 ], [ -73.407739, 44.021312 ], [ -73.408589, 43.932933 ], [ -73.374051, 43.875563 ], [ -73.392492, 43.820779 ], [ -73.350593, 43.771939 ], [ -73.426463, 43.642598 ], [ -73.431229, 43.588285 ], [ -73.395767, 43.568087 ], [ -73.371889, 43.624489 ], [ -73.306234, 43.628018 ], [ -73.294621, 43.57897 ], [ -73.241589, 43.534973 ], [ -73.290944, 42.80192 ], [ -73.264957, 42.74594 ], [ -73.508142, 42.086257 ], [ -73.489615, 42.000092 ], [ -73.550961, 41.295422 ], [ -73.482709, 41.21276 ], [ -73.727775, 41.100696 ], [ -73.655255, 41.012246 ], [ -73.655972, 40.979597 ], [ -73.742247, 40.927693 ], [ -73.791209, 40.868946 ], [ -73.781206, 40.838891 ], [ -73.8126, 40.8587 ], [ -73.815205, 40.831075 ], [ -73.758885, 40.769118 ], [ -73.753009, 40.838392 ], [ -73.70612, 40.815903 ], [ -73.730675, 40.8654 ], [ -73.675573, 40.856999 ], [ -73.648602, 40.828821 ], [ -73.633134, 40.90269 ], [ -73.521423, 40.918304 ], [ -73.50837, 40.90147 ], [ -73.533089, 40.8853 ], [ -73.523582, 40.909554 ], [ -73.547825, 40.903626 ], [ -73.541883, 40.876854 ], [ -73.506231, 40.872361 ], [ -73.494822, 40.894823 ], [ -73.469391, 40.86643 ], [ -73.485365, 40.946397 ], [ -73.436664, 40.934897 ], [ -73.41615, 40.904344 ], [ -73.355067, 40.912787 ], [ -73.368139, 40.929848 ], [ -73.407356, 40.9162 ], [ -73.392862, 40.955297 ], [ -73.352761, 40.926697 ], [ -73.228384, 40.905961 ], [ -73.148994, 40.928898 ], [ -73.159576, 40.968448 ], [ -73.118331, 40.978071 ], [ -72.913834, 40.962466 ], [ -72.635562, 40.981957 ], [ -72.397, 41.096307 ], [ -72.354123, 41.139952 ], [ -72.278789, 41.158722 ], [ -72.232006, 41.161185 ], [ -72.294778, 41.113293 ], [ -72.288598, 41.128512 ], [ -72.32663, 41.132162 ], [ -72.317238, 41.088659 ], [ -72.277427, 41.078723 ], [ -72.260515, 41.042065 ], [ -72.190563, 41.032579 ], [ -72.153857, 41.051859 ], [ -72.10216, 40.991509 ], [ -71.991409, 41.048809 ], [ -71.963513, 41.042533 ], [ -71.955203, 41.07307 ], [ -71.904329, 41.085989 ], [ -71.856214, 41.070598 ], [ -72.39585, 40.86666 ], [ -73.054963, 40.666371 ], [ -73.262348, 40.621962 ], [ -73.341766, 40.6327 ], [ -73.573478, 40.578006 ], [ -73.774928, 40.590759 ], [ -73.940591, 40.542896 ], [ -73.931559, 40.575962 ], [ -74.012022, 40.574528 ], [ -74.003281, 40.595754 ], [ -74.042412, 40.624847 ], [ -73.996698, 40.700877 ], [ -74.024543, 40.709436 ], [ -74.013784, 40.756601 ], [ -73.893979, 40.997197 ], [ -74.696398, 41.357339 ], [ -74.738455, 41.430641 ], [ -74.893913, 41.43893 ], [ -74.912517, 41.475605 ], [ -74.983341, 41.480894 ], [ -75.074613, 41.605711 ], [ -75.044224, 41.617978 ], [ -75.06883, 41.708161 ], [ -75.053431, 41.752538 ], [ -75.10464, 41.774203 ], [ -75.072172, 41.813732 ], [ -75.170565, 41.871608 ], [ -75.260527, 41.8638 ], [ -75.279094, 41.938917 ], [ -75.359579, 41.999445 ], [ -79.761374, 41.999067 ] ] ] ] } },
{ "type": "Feature", "properties": { "map_id": "KS" }, "geometry": { "type": "Polygon", "coordinates": [ [ [ -102.051744, 40.003078 ], [ -95.30829, 39.999998 ], [ -95.204428, 39.938949 ], [ -95.201935, 39.904053 ], [ -95.149657, 39.905948 ], [ -95.090158, 39.86314 ], [ -95.037767, 39.865542 ], [ -95.013152, 39.899953 ], [ -94.943867, 39.89813 ], [ -94.939767, 39.85193 ], [ -94.875944, 39.813294 ], [ -94.935302, 39.77561 ], [ -94.912293, 39.759338 ], [ -94.869644, 39.772894 ], [ -94.862943, 39.742994 ], [ -94.899316, 39.724042 ], [ -94.965318, 39.739065 ], [ -94.971317, 39.68641 ], [ -95.027644, 39.665454 ], [ -95.049277, 39.589583 ], [ -95.103228, 39.577783 ], [ -95.109304, 39.542285 ], [ -94.942039, 39.389499 ], [ -94.885026, 39.389801 ], [ -94.905329, 39.311952 ], [ -94.831471, 39.256273 ], [ -94.823791, 39.209874 ], [ -94.781518, 39.206146 ], [ -94.741938, 39.170203 ], [ -94.680336, 39.184303 ], [ -94.655787, 39.15568 ], [ -94.588413, 39.149869 ], [ -94.60829, 39.117944 ], [ -94.617964, 36.998905 ], [ -102.042089, 36.993016 ], [ -102.051744, 40.003078 ] ] ] } },
{ "type": "Feature", "properties": { "map_id": "NV" }, "geometry": { "type": "Polygon", "coordinates": [ [ [ -120.001014, 38.999574 ], [ -119.999234, 41.994944 ], [ -114.041477, 41.993873 ], [ -114.043944, 36.19335 ], [ -114.122171, 36.108993 ], [ -114.152795, 36.023694 ], [ -114.252651, 36.020193 ], [ -114.313591, 36.059048 ], [ -114.306939, 36.082487 ], [ -114.372106, 36.143114 ], [ -114.498849, 36.126612 ], [ -114.508104, 36.149713 ], [ -114.57109, 36.151099 ], [ -114.753196, 36.089513 ], [ -114.722096, 36.028952 ], [ -114.740595, 35.975656 ], [ -114.661636, 35.871067 ], [ -114.706532, 35.849027 ], [ -114.71211, 35.806185 ], [ -114.689407, 35.651412 ], [ -114.653406, 35.610789 ], [ -114.679205, 35.499992 ], [ -114.604314, 35.353584 ], [ -114.569238, 35.18348 ], [ -114.578524, 35.12875 ], [ -114.646759, 35.101872 ], [ -114.602908, 35.068588 ], [ -114.633487, 35.001857 ], [ -117.500117, 37.22038 ], [ -120.001014, 38.999574 ] ] ] } },
{ "type": "Feature", "properties": { "map_id": "IL" }, "geometry": { "type": "Polygon", "coordinates": [ [ [ -91.512974, 40.181062 ], [ -91.46214, 40.342414 ], [ -91.372921, 40.399108 ], [ -91.364211, 40.500043 ], [ -91.405241, 40.554641 ], [ -91.339719, 40.613488 ], [ -91.18698, 40.637297 ], [ -91.123928, 40.669152 ], [ -91.092993, 40.821079 ], [ -90.962916, 40.924957 ], [ -90.946627, 41.096632 ], [ -90.99496, 41.160624 ], [ -91.041536, 41.166138 ], [ -91.113648, 41.241401 ], [ -91.04589, 41.414085 ], [ -90.979815, 41.434321 ], [ -90.930016, 41.421404 ], [ -90.846558, 41.455141 ], [ -90.655839, 41.462132 ], [ -90.556235, 41.524232 ], [ -90.461432, 41.523533 ], [ -90.343228, 41.587833 ], [ -90.310708, 41.742214 ], [ -90.180954, 41.809354 ], [ -90.140061, 42.003252 ], [ -90.162895, 42.116718 ], [ -90.391108, 42.225473 ], [ -90.430884, 42.27823 ], [ -90.419027, 42.328505 ], [ -90.477279, 42.383794 ], [ -90.646727, 42.471904 ], [ -90.642843, 42.508481 ], [ -87.802091, 42.492576 ], [ -87.828569, 42.269922 ], [ -87.736162, 42.120811 ], [ -87.681465, 42.078441 ], [ -87.602369, 41.896335 ], [ -87.60945, 41.845233 ], [ -87.524622, 41.723522 ], [ -87.531646, 39.348062 ], [ -87.620485, 39.307133 ], [ -87.597323, 39.296957 ], [ -87.604947, 39.260212 ], [ -87.571333, 39.251381 ], [ -87.574558, 39.218404 ], [ -87.658745, 39.135997 ], [ -87.6351, 39.122298 ], [ -87.652796, 39.106839 ], [ -87.614881, 39.102655 ], [ -87.572588, 39.057286 ], [ -87.576531, 38.986711 ], [ -87.512187, 38.954417 ], [ -87.553394, 38.86241 ], [ -87.525893, 38.848795 ], [ -87.496076, 38.742113 ], [ -87.531231, 38.684036 ], [ -87.62012, 38.639489 ], [ -87.61196, 38.589248 ], [ -87.637627, 38.592654 ], [ -87.670071, 38.545237 ], [ -87.650092, 38.504606 ], [ -87.755355, 38.46396 ], [ -87.730369, 38.447884 ], [ -87.745254, 38.408996 ], [ -87.823411, 38.345968 ], [ -87.838979, 38.282327 ], [ -87.859651, 38.276711 ], [ -87.870537, 38.31222 ], [ -87.91111, 38.268031 ], [ -87.909536, 38.296061 ], [ -87.933556, 38.295896 ], [ -87.960225, 38.237118 ], [ -87.987618, 38.257381 ], [ -87.975819, 38.197834 ], [ -87.934299, 38.156459 ], [ -87.911428, 38.16174 ], [ -88.013118, 38.103527 ], [ -88.004697, 38.083965 ], [ -87.960463, 38.099086 ], [ -87.967226, 38.067105 ], [ -88.042132, 38.046345 ], [ -88.007631, 38.029145 ], [ -88.012929, 37.966544 ], [ -88.035345, 37.925528 ], [ -88.069613, 37.926848 ], [ -88.013355, 37.894854 ], [ -88.097892, 37.901517 ], [ -88.025921, 37.832694 ], [ -88.090039, 37.816771 ], [ -88.02803, 37.799224 ], [ -88.160187, 37.657592 ], [ -88.133393, 37.574235 ], [ -88.069018, 37.525297 ], [ -88.064115, 37.492013 ], [ -88.085229, 37.47154 ], [ -88.281667, 37.452596 ], [ -88.365471, 37.401663 ], [ -88.408808, 37.425216 ], [ -88.470224, 37.396255 ], [ -88.515939, 37.284043 ], [ -88.424403, 37.152428 ], [ -88.458948, 37.073796 ], [ -88.566061, 37.075204 ], [ -88.80572, 37.188595 ], [ -88.974711, 37.229708 ], [ -89.076221, 37.175125 ], [ -89.168087, 37.074218 ], [ -89.178975, 37.020928 ], [ -89.132685, 36.9822 ], [ -89.185491, 36.973518 ], [ -89.25493, 37.072014 ], [ -89.30829, 37.068371 ], [ -89.260003, 37.023288 ], [ -89.278628, 36.98867 ], [ -89.381644, 37.04301 ], [ -89.37871, 37.094586 ], [ -89.456105, 37.18812 ], [ -89.458827, 37.248661 ], [ -89.51834, 37.285497 ], [ -89.489005, 37.333368 ], [ -89.432836, 37.347056 ], [ -89.421054, 37.387668 ], [ -89.517051, 37.537278 ], [ -89.519808, 37.582748 ], [ -89.475932, 37.592998 ], [ -89.517718, 37.641217 ], [ -89.514255, 37.689923 ], [ -89.617278, 37.74972 ], [ -89.663352, 37.750052 ], [ -89.669644, 37.799922 ], [ -89.786369, 37.851734 ], [ -89.842649, 37.905196 ], [ -89.901832, 37.869822 ], [ -89.950594, 37.881526 ], [ -89.974918, 37.926719 ], [ -89.925085, 37.960021 ], [ -89.997103, 37.963225 ], [ -90.059367, 38.015543 ], [ -90.11052, 38.026547 ], [ -90.359559, 38.224525 ], [ -90.368219, 38.340254 ], [ -90.18451, 38.611551 ], [ -90.21141, 38.72135 ], [ -90.123107, 38.798048 ], [ -90.113327, 38.849306 ], [ -90.250248, 38.919344 ], [ -90.440078, 38.967364 ], [ -90.545872, 38.874008 ], [ -90.628485, 38.891617 ], [ -90.713629, 39.053977 ], [ -90.681086, 39.10059 ], [ -90.72996, 39.255894 ], [ -91.03827, 39.448436 ], [ -91.100307, 39.538695 ], [ -91.153628, 39.548248 ], [ -91.181936, 39.602677 ], [ -91.367753, 39.729029 ], [ -91.363444, 39.792804 ], [ -91.446385, 39.870394 ], [ -91.41936, 39.927717 ], [ -91.494878, 40.036453 ], [ -91.512974, 40.181062 ] ] ] } },
{ "type": "Feature", "properties": { "map_id": "VT" }, "geometry": { "type": "Polygon", "coordinates": [ [ [ -73.43774, 44.045006 ], [ -73.390583, 44.190886 ], [ -73.312852, 44.265346 ], [ -73.334939, 44.364441 ], [ -73.293855, 44.437556 ], [ -73.306707, 44.500334 ], [ -73.390231, 44.618353 ], [ -73.333154, 44.788759 ], [ -73.381359, 44.845021 ], [ -73.338979, 44.917681 ], [ -73.343124, 45.01084 ], [ -71.464555, 45.013637 ], [ -71.536298, 44.994159 ], [ -71.49491, 44.904299 ], [ -71.549533, 44.862592 ], [ -71.573247, 44.791882 ], [ -71.631883, 44.752463 ], [ -71.547226, 44.630355 ], [ -71.561483, 44.600779 ], [ -71.534543, 44.588244 ], [ -71.596137, 44.560898 ], [ -71.577643, 44.502692 ], [ -71.64589, 44.475141 ], [ -71.699434, 44.416069 ], [ -71.793924, 44.399271 ], [ -71.814351, 44.354541 ], [ -72.033136, 44.320365 ], [ -72.067774, 44.270976 ], [ -72.047889, 44.238493 ], [ -72.066166, 44.189773 ], [ -72.033703, 44.131541 ], [ -72.054831, 44.110137 ], [ -72.030182, 44.079683 ], [ -72.116985, 43.99448 ], [ -72.114273, 43.967513 ], [ -72.090357, 43.965409 ], [ -72.184788, 43.863393 ], [ -72.20476, 43.771263 ], [ -72.299715, 43.706558 ], [ -72.328514, 43.600805 ], [ -72.37944, 43.574069 ], [ -72.415978, 43.376531 ], [ -72.390103, 43.356926 ], [ -72.395462, 43.312994 ], [ -72.438693, 43.252905 ], [ -72.45714, 43.148493 ], [ -72.432972, 43.119655 ], [ -72.467363, 43.052648 ], [ -72.443762, 43.006245 ], [ -72.532186, 42.954945 ], [ -72.52443, 42.915575 ], [ -72.556214, 42.86695 ], [ -72.516082, 42.765949 ], [ -72.491122, 42.772465 ], [ -72.458519, 42.726853 ], [ -73.276421, 42.746019 ], [ -73.241589, 43.534973 ], [ -73.294621, 43.57897 ], [ -73.306234, 43.628018 ], [ -73.371889, 43.624489 ], [ -73.395767, 43.568087 ], [ -73.430947, 43.587036 ], [ -73.426463, 43.642598 ], [ -73.350593, 43.771939 ], [ -73.392492, 43.820779 ], [ -73.374051, 43.875563 ], [ -73.408589, 43.932933 ], [ -73.407739, 44.021312 ], [ -73.43774, 44.045006 ] ] ] } },
{ "type": "Feature", "properties": { "map_id": "MT" }, "geometry": { "type": "Polygon", "coordinates": [ [ [ -116.049108, 47.976842 ], [ -116.049086, 49.000846 ], [ -104.048736, 48.999877 ], [ -104.039694, 44.99807 ], [ -111.054556, 45.000955 ], [ -111.055782, 44.476798 ], [ -111.127383, 44.49762 ], [ -111.131382, 44.532429 ], [ -111.227504, 44.577172 ], [ -111.240332, 44.613687 ], [ -111.220145, 44.622996 ], [ -111.278477, 44.651265 ], [ -111.266804, 44.667512 ], [ -111.323052, 44.728555 ], [ -111.355153, 44.727195 ], [ -111.385106, 44.754898 ], [ -111.414273, 44.710739 ], [ -111.488784, 44.705643 ], [ -111.472255, 44.666896 ], [ -111.516167, 44.644059 ], [ -111.522646, 44.59025 ], [ -111.468269, 44.538976 ], [ -111.586507, 44.562657 ], [ -111.612669, 44.548768 ], [ -111.701745, 44.559952 ], [ -111.82153, 44.508941 ], [ -111.868756, 44.565834 ], [ -112.106755, 44.520829 ], [ -112.286041, 44.568605 ], [ -112.35421, 44.535638 ], [ -112.387339, 44.447597 ], [ -112.472041, 44.4791 ], [ -112.500189, 44.462963 ], [ -112.71911, 44.504344 ], [ -112.779844, 44.484613 ], [ -112.839427, 44.425119 ], [ -112.813153, 44.376697 ], [ -112.855086, 44.35997 ], [ -112.889154, 44.405205 ], [ -113.005059, 44.45372 ], [ -113.0265, 44.494593 ], [ -113.007952, 44.52718 ], [ -113.087542, 44.59951 ], [ -113.049808, 44.629066 ], [ -113.067761, 44.678786 ], [ -113.131831, 44.773038 ], [ -113.247603, 44.822861 ], [ -113.341822, 44.784944 ], [ -113.377115, 44.834829 ], [ -113.421579, 44.837554 ], [ -113.455071, 44.865424 ], [ -113.498373, 44.941685 ], [ -113.444388, 44.958745 ], [ -113.452044, 45.059174 ], [ -113.522502, 45.091736 ], [ -113.510262, 45.115476 ], [ -113.569821, 45.124299 ], [ -113.591911, 45.184187 ], [ -113.692485, 45.26344 ], [ -113.680834, 45.279304 ], [ -113.738056, 45.328372 ], [ -113.734402, 45.392353 ], [ -113.776043, 45.408477 ], [ -113.766555, 45.520906 ], [ -113.834459, 45.521092 ], [ -113.807405, 45.602783 ], [ -113.903684, 45.621591 ], [ -113.93526, 45.694341 ], [ -114.015482, 45.695901 ], [ -114.018783, 45.648496 ], [ -114.066962, 45.627967 ], [ -114.086584, 45.59118 ], [ -114.192226, 45.537081 ], [ -114.248354, 45.545408 ], [ -114.270449, 45.484423 ], [ -114.329578, 45.459973 ], [ -114.424683, 45.509911 ], [ -114.457824, 45.561711 ], [ -114.564974, 45.557807 ], [ -114.538471, 45.605764 ], [ -114.563987, 45.637621 ], [ -114.509065, 45.656806 ], [ -114.495385, 45.703055 ], [ -114.566465, 45.77331 ], [ -114.509303, 45.845531 ], [ -114.410706, 45.851824 ], [ -114.3873, 45.88775 ], [ -114.431396, 45.93604 ], [ -114.411755, 45.97787 ], [ -114.479992, 45.992902 ], [ -114.480505, 46.030424 ], [ -114.507419, 46.031861 ], [ -114.460475, 46.09779 ], [ -114.527096, 46.146218 ], [ -114.514977, 46.167415 ], [ -114.444091, 46.169273 ], [ -114.47072, 46.266041 ], [ -114.425441, 46.287856 ], [ -114.422212, 46.387331 ], [ -114.368541, 46.437959 ], [ -114.40255, 46.500207 ], [ -114.342794, 46.518257 ], [ -114.321118, 46.647514 ], [ -114.358528, 46.670697 ], [ -114.467095, 46.631764 ], [ -114.541304, 46.649656 ], [ -114.605269, 46.635822 ], [ -114.642246, 46.673618 ], [ -114.621526, 46.707879 ], [ -114.664572, 46.739084 ], [ -114.698594, 46.740451 ], [ -114.767272, 46.697195 ], [ -114.784838, 46.780019 ], [ -114.829613, 46.782967 ], [ -114.865779, 46.814529 ], [ -114.895189, 46.80163 ], [ -114.948039, 46.85964 ], [ -114.925295, 46.918749 ], [ -115.001274, 46.971901 ], [ -115.048383, 46.969819 ], [ -115.144341, 47.101977 ], [ -115.300504, 47.188139 ], [ -115.320147, 47.2567 ], [ -115.483637, 47.282134 ], [ -115.528511, 47.299314 ], [ -115.577639, 47.367404 ], [ -115.642921, 47.377367 ], [ -115.721435, 47.425714 ], [ -115.759304, 47.423862 ], [ -115.717039, 47.452575 ], [ -115.640133, 47.459714 ], [ -115.629974, 47.479633 ], [ -115.686264, 47.48494 ], [ -115.698724, 47.531653 ], [ -115.755663, 47.5483 ], [ -115.68855, 47.594333 ], [ -115.736497, 47.654738 ], [ -115.723803, 47.696096 ], [ -115.773957, 47.717904 ], [ -115.797332, 47.757128 ], [ -115.831944, 47.755983 ], [ -115.852312, 47.827857 ], [ -115.918772, 47.853656 ], [ -116.049108, 47.976842 ] ] ] } },
{ "type": "Feature", "properties": { "map_id": "IA" }, "geometry": { "type": "Polygon", "coordinates": [ [ [ -96.639704, 42.737071 ], [ -96.526357, 42.891852 ], [ -96.541689, 42.922576 ], [ -96.500308, 42.959391 ], [ -96.520773, 42.980385 ], [ -96.49167, 43.009707 ], [ -96.518431, 43.042068 ], [ -96.46085, 43.064033 ], [ -96.436589, 43.120842 ], [ -96.475571, 43.221054 ], [ -96.56044, 43.224219 ], [ -96.553217, 43.259141 ], [ -96.58522, 43.268878 ], [ -96.588492, 43.296339 ], [ -96.530392, 43.300034 ], [ -96.521572, 43.38564 ], [ -96.594254, 43.434153 ], [ -96.598928, 43.500457 ], [ -91.217706, 43.50055 ], [ -91.233367, 43.455168 ], [ -91.200359, 43.412701 ], [ -91.20662, 43.352524 ], [ -91.107237, 43.313645 ], [ -91.057918, 43.255366 ], [ -91.175253, 43.134665 ], [ -91.179457, 43.067427 ], [ -91.14556, 42.90798 ], [ -91.100565, 42.883078 ], [ -91.06468, 42.750914 ], [ -90.949213, 42.685573 ], [ -90.706303, 42.634169 ], [ -90.643927, 42.540401 ], [ -90.654027, 42.478503 ], [ -90.443874, 42.355218 ], [ -90.391108, 42.225473 ], [ -90.162895, 42.116718 ], [ -90.153584, 41.906614 ], [ -90.181973, 41.80707 ], [ -90.310708, 41.742214 ], [ -90.343228, 41.587833 ], [ -90.461432, 41.523533 ], [ -90.591037, 41.512832 ], [ -90.655839, 41.462132 ], [ -90.846558, 41.455141 ], [ -90.930016, 41.421404 ], [ -90.979815, 41.434321 ], [ -91.04589, 41.414085 ], [ -91.113648, 41.241401 ], [ -91.041536, 41.166138 ], [ -90.99496, 41.160624 ], [ -90.946627, 41.096632 ], [ -90.952233, 40.954047 ], [ -91.092993, 40.821079 ], [ -91.123928, 40.669152 ], [ -91.18698, 40.637297 ], [ -91.339719, 40.613488 ], [ -91.405241, 40.554641 ], [ -91.364211, 40.500043 ], [ -91.38836, 40.384929 ], [ -91.482322, 40.382057 ], [ -91.526425, 40.413404 ], [ -91.52509, 40.457845 ], [ -91.574746, 40.465664 ], [ -91.621353, 40.510072 ], [ -91.620071, 40.540817 ], [ -91.6887, 40.55739 ], [ -91.729115, 40.61364 ], [ -94.294813, 40.571341 ], [ -95.765645, 40.585208 ], [ -95.748626, 40.603355 ], [ -95.776251, 40.647463 ], [ -95.842801, 40.677496 ], [ -95.888907, 40.731855 ], [ -95.835232, 40.779151 ], [ -95.84859, 40.861061 ], [ -95.809474, 40.891228 ], [ -95.882415, 41.060411 ], [ -95.862587, 41.088399 ], [ -95.883489, 41.154898 ], [ -95.841288, 41.174998 ], [ -95.92599, 41.195698 ], [ -95.927491, 41.298397 ], [ -95.90429, 41.299597 ], [ -95.90249, 41.273398 ], [ -95.871489, 41.295797 ], [ -95.956691, 41.345496 ], [ -95.92879, 41.370096 ], [ -95.922529, 41.455766 ], [ -96.011757, 41.476212 ], [ -96.005112, 41.54325 ], [ -96.040701, 41.507076 ], [ -96.096586, 41.545397 ], [ -96.081152, 41.577289 ], [ -96.117558, 41.609999 ], [ -96.095046, 41.647365 ], [ -96.121401, 41.688522 ], [ -96.073063, 41.705004 ], [ -96.106425, 41.73789 ], [ -96.064537, 41.793002 ], [ -96.161756, 41.90182 ], [ -96.129505, 41.971673 ], [ -96.186265, 41.977417 ], [ -96.194556, 42.008662 ], [ -96.236487, 41.996428 ], [ -96.223822, 42.033346 ], [ -96.271427, 42.044988 ], [ -96.2689, 42.11359 ], [ -96.349688, 42.172043 ], [ -96.35987, 42.210545 ], [ -96.323723, 42.229887 ], [ -96.328905, 42.254734 ], [ -96.417786, 42.351449 ], [ -96.386007, 42.474495 ], [ -96.477185, 42.491046 ], [ -96.476952, 42.556079 ], [ -96.531604, 42.615148 ], [ -96.516338, 42.630435 ], [ -96.630617, 42.70588 ], [ -96.639704, 42.737071 ] ] ] } },
{ "type": "Feature", "properties": { "map_id": "SC" }, "geometry": { "type": "MultiPolygon", "coordinates": [ [ [ [ -79.503106, 33.017563 ], [ -79.502368, 33.020582 ], [ -79.50097, 33.018191 ], [ -79.503106, 33.017563 ] ] ], [ [ [ -79.55218, 32.988791 ], [ -79.548734, 32.992978 ], [ -79.545219, 32.990715 ], [ -79.55218, 32.988791 ] ] ], [ [ [ -80.183374, 32.539989 ], [ -80.184649, 32.553357 ], [ -80.171517, 32.546878 ], [ -80.183374, 32.539989 ] ] ], [ [ [ -83.35391, 34.699219 ], [ -83.323866, 34.789712 ], [ -83.268159, 34.821393 ], [ -83.243126, 34.877392 ], [ -83.111725, 34.935863 ], [ -83.108606, 35.000659 ], [ -82.787867, 35.085024 ], [ -82.757704, 35.068019 ], [ -82.681443, 35.127918 ], [ -82.460092, 35.178143 ], [ -82.439595, 35.165863 ], [ -82.39293, 35.215402 ], [ -82.371298, 35.181449 ], [ -82.27492, 35.200071 ], [ -81.043625, 35.149877 ], [ -81.041489, 35.044703 ], [ -80.93495, 35.107409 ], [ -80.782042, 34.935782 ], [ -80.797543, 34.819786 ], [ -79.675299, 34.804744 ], [ -78.54203, 33.851924 ], [ -78.714116, 33.800138 ], [ -78.938076, 33.639826 ], [ -79.135441, 33.403867 ], [ -79.191519, 33.173269 ], [ -79.328159, 33.090406 ], [ -79.362292, 33.009087 ], [ -79.483271, 33.009785 ], [ -79.525221, 33.037286 ], [ -79.571108, 33.013811 ], [ -79.617611, 32.952726 ], [ -79.606194, 32.925953 ], [ -79.574086, 32.932509 ], [ -79.581058, 32.906417 ], [ -79.698115, 32.851325 ], [ -79.726389, 32.805996 ], [ -79.848797, 32.75363 ], [ -79.878039, 32.785709 ], [ -79.923198, 32.781813 ], [ -79.928546, 32.754233 ], [ -79.87093, 32.742434 ], [ -79.885582, 32.684868 ], [ -80.000801, 32.605892 ], [ -80.121368, 32.590523 ], [ -80.332438, 32.478104 ], [ -80.36041, 32.499813 ], [ -80.413487, 32.470672 ], [ -80.430918, 32.500906 ], [ -80.472068, 32.496964 ], [ -80.479409, 32.445754 ], [ -80.422326, 32.401535 ], [ -80.452956, 32.322494 ], [ -80.63297, 32.256925 ], [ -80.644794, 32.291497 ], [ -80.733637, 32.319469 ], [ -80.765416, 32.285972 ], [ -80.669166, 32.216783 ], [ -80.746794, 32.141824 ], [ -80.842424, 32.117837 ], [ -80.905378, 32.051943 ], [ -80.885517, 32.0346 ], [ -80.917845, 32.037575 ], [ -81.002297, 32.100048 ], [ -81.050234, 32.085308 ], [ -81.117234, 32.117605 ], [ -81.115195, 32.194112 ], [ -81.156587, 32.24391 ], [ -81.119633, 32.287596 ], [ -81.12863, 32.337032 ], [ -81.160494, 32.341746 ], [ -81.20513, 32.423788 ], [ -81.186829, 32.464086 ], [ -81.281324, 32.556464 ], [ -81.366964, 32.577059 ], [ -81.41866, 32.629392 ], [ -81.393033, 32.651543 ], [ -81.427517, 32.701896 ], [ -81.40494, 32.746231 ], [ -81.43194, 32.768911 ], [ -81.417984, 32.818196 ], [ -81.502427, 32.935353 ], [ -81.492253, 33.009342 ], [ -81.612725, 33.093953 ], [ -81.743835, 33.14145 ], [ -81.768935, 33.217447 ], [ -81.805236, 33.211447 ], [ -81.852136, 33.247544 ], [ -81.827938, 33.263665 ], [ -81.863236, 33.288844 ], [ -81.847296, 33.306783 ], [ -81.881754, 33.303677 ], [ -81.901954, 33.335876 ], [ -81.913737, 33.320042 ], [ -81.908774, 33.347309 ], [ -81.939737, 33.344941 ], [ -81.944893, 33.407962 ], [ -81.909629, 33.412603 ], [ -81.926336, 33.462937 ], [ -81.985938, 33.486536 ], [ -82.046335, 33.56383 ], [ -82.186154, 33.62088 ], [ -82.247472, 33.752591 ], [ -82.32448, 33.820033 ], [ -82.556835, 33.945353 ], [ -82.641553, 34.092212 ], [ -82.717507, 34.150504 ], [ -82.746656, 34.266407 ], [ -82.835004, 34.366069 ], [ -82.858837, 34.45522 ], [ -82.901551, 34.486764 ], [ -83.034712, 34.483495 ], [ -83.158871, 34.579185 ], [ -83.159176, 34.603498 ], [ -83.23178, 34.611297 ], [ -83.35391, 34.699219 ] ] ] ] } },
{ "type": "Feature", "properties": { "map_id": "NH" }, "geometry": { "type": "MultiPolygon", "coordinates": [ [ [ [ -70.613986, 42.973349 ], [ -70.614566, 42.978599 ], [ -70.610621, 42.976407 ], [ -70.613986, 42.973349 ] ] ], [ [ [ -70.626131, 42.967704 ], [ -70.622316, 42.968122 ], [ -70.622681, 42.9672 ], [ -70.626131, 42.967704 ] ] ], [ [ [ -70.627759, 42.975383 ], [ -70.626852, 42.978155 ], [ -70.624278, 42.976661 ], [ -70.627759, 42.975383 ] ] ], [ [ [ -72.557247, 42.853019 ], [ -72.532186, 42.954945 ], [ -72.443762, 43.006245 ], [ -72.467363, 43.052648 ], [ -72.432972, 43.119655 ], [ -72.45714, 43.148493 ], [ -72.438693, 43.252905 ], [ -72.395462, 43.312994 ], [ -72.390103, 43.356926 ], [ -72.415978, 43.376531 ], [ -72.37944, 43.574069 ], [ -72.328514, 43.600805 ], [ -72.299715, 43.706558 ], [ -72.20476, 43.771263 ], [ -72.184788, 43.863393 ], [ -72.090357, 43.965409 ], [ -72.114273, 43.967513 ], [ -72.116985, 43.99448 ], [ -72.030182, 44.079683 ], [ -72.054831, 44.110137 ], [ -72.033703, 44.131541 ], [ -72.066166, 44.189773 ], [ -72.065434, 44.277235 ], [ -72.033136, 44.320365 ], [ -71.98112, 44.3375 ], [ -71.814351, 44.354541 ], [ -71.793924, 44.399271 ], [ -71.699434, 44.416069 ], [ -71.64589, 44.475141 ], [ -71.577643, 44.502692 ], [ -71.596137, 44.560898 ], [ -71.534543, 44.588244 ], [ -71.561483, 44.600779 ], [ -71.547226, 44.630355 ], [ -71.631883, 44.752463 ], [ -71.573247, 44.791882 ], [ -71.549533, 44.862592 ], [ -71.49491, 44.904299 ], [ -71.541121, 44.984894 ], [ -71.464555, 45.013637 ], [ -71.501088, 45.013349 ], [ -71.505091, 45.051465 ], [ -71.428828, 45.123881 ], [ -71.39781, 45.203553 ], [ -71.443365, 45.237724 ], [ -71.384917, 45.233351 ], [ -71.360664, 45.269835 ], [ -71.284396, 45.302434 ], [ -71.231122, 45.249712 ], [ -71.147906, 45.23928 ], [ -71.083924, 45.305451 ], [ -70.972716, 43.570255 ], [ -70.950838, 43.551026 ], [ -70.987649, 43.389521 ], [ -70.967229, 43.343777 ], [ -70.817865, 43.237911 ], [ -70.8281, 43.129086 ], [ -70.756397, 43.079988 ], [ -70.706503, 43.075329 ], [ -70.712085, 43.043725 ], [ -70.817296, 42.87229 ], [ -70.848625, 42.860939 ], [ -70.914899, 42.886589 ], [ -71.031201, 42.859089 ], [ -71.064201, 42.806289 ], [ -71.132503, 42.821389 ], [ -71.165603, 42.808689 ], [ -71.181803, 42.73759 ], [ -71.245504, 42.742589 ], [ -71.294205, 42.69699 ], [ -72.458519, 42.726853 ], [ -72.491122, 42.772465 ], [ -72.516082, 42.765949 ], [ -72.557247, 42.853019 ] ] ] ] } },
{ "type": "Feature", "properties": { "map_id": "AZ" }, "geometry": { "type": "Polygon", "coordinates": [ [ [ -114.816294, 32.508038 ], [ -114.791551, 32.557023 ], [ -114.813617, 32.561331 ], [ -114.80739, 32.621332 ], [ -114.764382, 32.642666 ], [ -114.701918, 32.745548 ], [ -114.618373, 32.728245 ], [ -114.539224, 32.749812 ], [ -114.528849, 32.796307 ], [ -114.468971, 32.845155 ], [ -114.467664, 32.966861 ], [ -114.492938, 32.971781 ], [ -114.511343, 33.023455 ], [ -114.618788, 33.027202 ], [ -114.64598, 33.048903 ], [ -114.662317, 33.032671 ], [ -114.706488, 33.08816 ], [ -114.672088, 33.258499 ], [ -114.731223, 33.302434 ], [ -114.698035, 33.352442 ], [ -114.725282, 33.405048 ], [ -114.643302, 33.416745 ], [ -114.524599, 33.552231 ], [ -114.531523, 33.675108 ], [ -114.494197, 33.707922 ], [ -114.52805, 33.814963 ], [ -114.50792, 33.903807 ], [ -114.535478, 33.934651 ], [ -114.438266, 34.022609 ], [ -114.415908, 34.107636 ], [ -114.229715, 34.186928 ], [ -114.131211, 34.26273 ], [ -114.176909, 34.349306 ], [ -114.335372, 34.450038 ], [ -114.386699, 34.457911 ], [ -114.380838, 34.529724 ], [ -114.436466, 34.5954 ], [ -114.470477, 34.711368 ], [ -114.552682, 34.766871 ], [ -114.635176, 34.875003 ], [ -114.636893, 35.028367 ], [ -114.602908, 35.068588 ], [ -114.646759, 35.101872 ], [ -114.578524, 35.12875 ], [ -114.569238, 35.18348 ], [ -114.604314, 35.353584 ], [ -114.679205, 35.499992 ], [ -114.653406, 35.610789 ], [ -114.689407, 35.651412 ], [ -114.71211, 35.806185 ], [ -114.706532, 35.849027 ], [ -114.661636, 35.871067 ], [ -114.740595, 35.975656 ], [ -114.722096, 36.028952 ], [ -114.754798, 36.084704 ], [ -114.631716, 36.142306 ], [ -114.51428, 36.150795 ], [ -114.504715, 36.127188 ], [ -114.443736, 36.125593 ], [ -114.40914, 36.147 ], [ -114.372106, 36.143114 ], [ -114.306939, 36.082487 ], [ -114.313591, 36.059048 ], [ -114.252651, 36.020193 ], [ -114.14763, 36.025186 ], [ -114.122171, 36.108993 ], [ -114.043944, 36.19335 ], [ -114.0506, 37.000396 ], [ -109.045223, 36.999084 ], [ -109.050044, 31.332502 ], [ -111.074825, 31.332239 ], [ -114.816294, 32.508038 ] ] ] } },
{ "type": "Feature", "properties": { "map_id": "DC" }, "geometry": { "type": "Polygon", "coordinates": [ [ [ -77.119759, 38.934343 ], [ -77.040999, 38.99511 ], [ -76.909395, 38.892812 ], [ -77.039006, 38.791645 ], [ -77.040599, 38.871212 ], [ -77.119759, 38.934343 ] ] ] } },
{ "type": "Feature", "properties": { "map_id": "NJ" }, "geometry": { "type": "Polygon", "coordinates": [ [ [ -75.559102, 39.629056 ], [ -75.450688, 39.775064 ], [ -75.3544, 39.839917 ], [ -75.143746, 39.884998 ], [ -75.12692, 39.961112 ], [ -74.93258, 40.06881 ], [ -74.862106, 40.083283 ], [ -74.822531, 40.126844 ], [ -74.782106, 40.12081 ], [ -74.722189, 40.14994 ], [ -74.771719, 40.215287 ], [ -74.939711, 40.338006 ], [ -74.96813, 40.399129 ], [ -75.058848, 40.418065 ], [ -75.068615, 40.542223 ], [ -75.117292, 40.573211 ], [ -75.183151, 40.567354 ], [ -75.201812, 40.617188 ], [ -75.176803, 40.675715 ], [ -75.20392, 40.691498 ], [ -75.196533, 40.751631 ], [ -75.108505, 40.791094 ], [ -75.095784, 40.847082 ], [ -75.051029, 40.865662 ], [ -75.130575, 40.991093 ], [ -74.968389, 41.087797 ], [ -74.991815, 41.089132 ], [ -74.982212, 41.108245 ], [ -74.882139, 41.180836 ], [ -74.79504, 41.320407 ], [ -74.694914, 41.357423 ], [ -73.893979, 40.997197 ], [ -74.024543, 40.709436 ], [ -74.093253, 40.648926 ], [ -74.189106, 40.643832 ], [ -74.27269, 40.488405 ], [ -74.205915, 40.439285 ], [ -74.133658, 40.456778 ], [ -74.000795, 40.41155 ], [ -74.005057, 40.482996 ], [ -73.981017, 40.443053 ], [ -73.977442, 40.299373 ], [ -74.094032, 39.757982 ], [ -74.240506, 39.554911 ], [ -74.294991, 39.501758 ], [ -74.323833, 39.507808 ], [ -74.328561, 39.43965 ], [ -74.412692, 39.360816 ], [ -74.552597, 39.300143 ], [ -74.613534, 39.244679 ], [ -74.792723, 38.991991 ], [ -74.864458, 38.94041 ], [ -74.971995, 38.94037 ], [ -74.892547, 39.113183 ], [ -74.899852, 39.17331 ], [ -75.028885, 39.19456 ], [ -75.029795, 39.225466 ], [ -75.107427, 39.218354 ], [ -75.151405, 39.189996 ], [ -75.251699, 39.300341 ], [ -75.288306, 39.291602 ], [ -75.465212, 39.43893 ], [ -75.536431, 39.460559 ], [ -75.511531, 39.577177 ], [ -75.559102, 39.629056 ] ] ] } },
{ "type": "Feature", "properties": { "map_id": "MD" }, "geometry": { "type": "MultiPolygon", "coordinates": [ [ [ [ -76.04653, 37.953586 ], [ -76.041, 38.031956 ], [ -75.9863, 38.021946 ], [ -75.993905, 37.953489 ], [ -76.04653, 37.953586 ] ] ], [ [ [ -76.054201, 38.094273 ], [ -76.033523, 38.091 ], [ -76.047982, 38.108702 ], [ -76.014721, 38.131597 ], [ -76.012731, 38.072105 ], [ -76.054201, 38.094273 ] ] ], [ [ [ -76.064483, 38.125484 ], [ -76.064613, 38.130115 ], [ -76.061103, 38.12688 ], [ -76.064483, 38.125484 ] ] ], [ [ [ -76.088813, 38.163127 ], [ -76.063804, 38.205047 ], [ -76.023185, 38.177505 ], [ -76.032257, 38.148265 ], [ -76.088813, 38.163127 ] ] ], [ [ [ -76.090225, 38.144767 ], [ -76.084411, 38.145355 ], [ -76.085647, 38.13858 ], [ -76.090225, 38.144767 ] ] ], [ [ [ -76.089828, 38.115116 ], [ -76.089259, 38.122326 ], [ -76.086532, 38.124359 ], [ -76.089828, 38.115116 ] ] ], [ [ [ -76.090305, 39.533826 ], [ -76.090066, 39.536603 ], [ -76.088216, 39.536025 ], [ -76.090305, 39.533826 ] ] ], [ [ [ -76.245763, 38.905082 ], [ -76.249088, 38.913347 ], [ -76.24309, 38.912092 ], [ -76.245763, 38.905082 ] ] ], [ [ [ -76.257667, 38.324855 ], [ -76.254565, 38.340673 ], [ -76.254493, 38.324932 ], [ -76.257667, 38.324855 ] ] ], [ [ [ -76.272255, 39.274555 ], [ -76.266411, 39.290539 ], [ -76.260355, 39.292453 ], [ -76.257988, 39.287788 ], [ -76.272255, 39.274555 ] ] ], [ [ [ -76.324066, 39.312627 ], [ -76.324518, 39.3138 ], [ -76.321427, 39.312851 ], [ -76.324066, 39.312627 ] ] ], [ [ [ -76.38591114976029, 39.2492721411395 ], [ -76.356609, 39.260856 ], [ -76.343826, 39.257256 ], [ -76.371477, 39.237951 ], [ -76.38591114976029, 39.2492721411395 ] ] ], [ [ [ -76.383625, 38.745466 ], [ -76.375241, 38.782578 ], [ -76.363261, 38.746611 ], [ -76.383625, 38.745466 ] ] ], [ [ [ -76.392895, 39.231518 ], [ -76.393608, 39.233912 ], [ -76.389454, 39.235471 ], [ -76.392895, 39.231518 ] ] ], [ [ [ -76.747543, 38.212146 ], [ -76.742337, 38.209048 ], [ -76.74503, 38.207239 ], [ -76.747543, 38.212146 ] ] ], [ [ [ -76.793118, 38.235175 ], [ -76.794069, 38.239189 ], [ -76.78979, 38.238442 ], [ -76.793118, 38.235175 ] ] ], [ [ [ -76.809993, 38.250389 ], [ -76.810871, 38.25293 ], [ -76.808924, 38.250856 ], [ -76.809993, 38.250389 ] ] ], [ [ [ -79.473215, 39.202107 ], [ -79.476662, 39.721078 ], [ -75.788596, 39.722199 ], [ -75.69367, 38.46008 ], [ -75.048939, 38.451263 ], [ -75.072476, 38.355278 ], [ -75.242266, 38.027209 ], [ -75.624341, 37.994211 ], [ -75.65692, 37.953287 ], [ -75.716102, 37.98898 ], [ -75.736514, 37.963227 ], [ -75.746763, 37.987669 ], [ -75.746525, 37.969777 ], [ -75.818661, 37.967248 ], [ -75.820949, 37.938896 ], [ -75.885032, 37.911717 ], [ -75.889915, 37.953685 ], [ -75.865721, 37.951506 ], [ -75.861918, 37.973431 ], [ -75.898429, 37.974828 ], [ -75.872808, 38.031998 ], [ -75.843498, 38.027465 ], [ -75.773739, 38.077062 ], [ -75.812913, 38.058932 ], [ -75.878823, 38.076085 ], [ -75.788475, 38.145788 ], [ -75.868636, 38.134381 ], [ -75.925735, 38.151022 ], [ -75.94178, 38.111913 ], [ -75.959616, 38.137141 ], [ -75.942375, 38.187066 ], [ -75.826385, 38.216877 ], [ -75.820325, 38.230788 ], [ -75.861324, 38.232655 ], [ -75.80131, 38.253655 ], [ -75.876655, 38.254775 ], [ -75.891429, 38.22756 ], [ -75.920335, 38.264376 ], [ -75.850272, 38.366394 ], [ -75.865365, 38.381208 ], [ -75.863582, 38.359499 ], [ -75.912188, 38.34319 ], [ -75.954908, 38.263998 ], [ -75.940697, 38.246902 ], [ -75.97026, 38.233806 ], [ -76.017364, 38.309106 ], [ -75.965309, 38.322495 ], [ -75.957347, 38.34757 ], [ -76.011419, 38.37683 ], [ -76.017242, 38.332936 ], [ -76.062758, 38.304592 ], [ -76.026962, 38.28141 ], [ -76.05848, 38.250202 ], [ -76.032044, 38.216684 ], [ -76.07488, 38.254869 ], [ -76.09972, 38.253647 ], [ -76.107592, 38.262525 ], [ -76.077019, 38.269239 ], [ -76.105778, 38.301607 ], [ -76.149185, 38.271911 ], [ -76.132041, 38.307762 ], [ -76.197166, 38.3169 ], [ -76.182667, 38.336758 ], [ -76.159494, 38.327436 ], [ -76.228183, 38.394529 ], [ -76.22034, 38.310187 ], [ -76.160474, 38.290983 ], [ -76.179577, 38.266813 ], [ -76.125717, 38.239017 ], [ -76.165489, 38.242797 ], [ -76.229644, 38.314384 ], [ -76.232937, 38.34524 ], [ -76.278068, 38.382392 ], [ -76.333119, 38.487051 ], [ -76.26538, 38.497469 ], [ -76.220221, 38.531874 ], [ -76.277969, 38.533473 ], [ -76.305007, 38.572494 ], [ -76.266212, 38.586052 ], [ -76.286102, 38.625656 ], [ -76.212427, 38.606738 ], [ -76.170166, 38.628673 ], [ -76.161276, 38.595117 ], [ -76.141311, 38.606021 ], [ -76.026512, 38.56682 ], [ -76.083079, 38.623478 ], [ -76.110769, 38.612707 ], [ -76.147158, 38.63684 ], [ -76.177201, 38.692985 ], [ -76.197723, 38.671078 ], [ -76.212808, 38.681892 ], [ -76.238725, 38.712845 ], [ -76.238165, 38.736938 ], [ -76.205485, 38.739163 ], [ -76.224618, 38.760387 ], [ -76.27136, 38.709128 ], [ -76.313391, 38.74908 ], [ -76.339709, 38.670642 ], [ -76.334619, 38.772911 ], [ -76.255016, 38.862268 ], [ -76.216418, 38.7867 ], [ -76.17518, 38.754363 ], [ -76.155334, 38.77234 ], [ -76.200256, 38.803001 ], [ -76.21, 38.946314 ], [ -76.234838, 38.942524 ], [ -76.248623, 38.966737 ], [ -76.249674, 38.920907 ], [ -76.270728, 38.942062 ], [ -76.293308, 38.903241 ], [ -76.305072, 38.924313 ], [ -76.33395, 38.918118 ], [ -76.33103, 38.86432 ], [ -76.368195, 38.836125 ], [ -76.361727, 38.939175 ], [ -76.305306, 39.038867 ], [ -76.256586, 38.975422 ], [ -76.20236, 38.973079 ], [ -76.163988, 38.999541 ], [ -76.184207, 39.046264 ], [ -76.145174, 39.092824 ], [ -76.203383, 39.085626 ], [ -76.201492, 39.013508 ], [ -76.231765, 39.018518 ], [ -76.244859, 39.130644 ], [ -76.274637, 39.16549 ], [ -76.219338, 39.261997 ], [ -76.168882, 39.290315 ], [ -76.170422, 39.332094 ], [ -76.140717, 39.32774 ], [ -76.110527, 39.372257 ], [ -76.02299, 39.361896 ], [ -75.986106, 39.379475 ], [ -76.040962, 39.394237 ], [ -75.966616, 39.462833 ], [ -76.012312, 39.453115 ], [ -75.948909, 39.593177 ], [ -76.006657, 39.538873 ], [ -76.036851, 39.552872 ], [ -76.096072, 39.536912 ], [ -76.12812, 39.486683 ], [ -76.071975, 39.475047 ], [ -76.060464, 39.448341 ], [ -76.100311, 39.443196 ], [ -76.226976, 39.349908 ], [ -76.253377, 39.366706 ], [ -76.224618, 39.425665 ], [ -76.241493, 39.461273 ], [ -76.28689, 39.369002 ], [ -76.256586, 39.338862 ], [ -76.281747, 39.29966 ], [ -76.295678, 39.350008 ], [ -76.323679, 39.357208 ], [ -76.307093, 39.385446 ], [ -76.357124, 39.394079 ], [ -76.329184, 39.315036 ], [ -76.368176, 39.321764 ], [ -76.383269, 39.298317 ], [ -76.40882, 39.311743 ], [ -76.38282, 39.277549 ], [ -76.401927, 39.248362 ], [ -76.436628, 39.253423 ], [ -76.398124, 39.237041 ], [ -76.442482, 39.195408 ], [ -76.446848, 39.218261 ], [ -76.495705, 39.201876 ], [ -76.517201, 39.241551 ], [ -76.586485, 39.261337 ], [ -76.50092, 39.155441 ], [ -76.478299, 39.167067 ], [ -76.431043, 39.132123 ], [ -76.438928, 39.052788 ], [ -76.394498, 39.012684 ], [ -76.480242, 38.977731 ], [ -76.45028, 38.941113 ], [ -76.460256, 38.907145 ], [ -76.50912, 38.919875 ], [ -76.48938, 38.887414 ], [ -76.537642, 38.848552 ], [ -76.489878, 38.838715 ], [ -76.560011, 38.762626 ], [ -76.526198, 38.724287 ], [ -76.506023, 38.50461 ], [ -76.381482, 38.385252 ], [ -76.421377, 38.318931 ], [ -76.468239, 38.328927 ], [ -76.476321, 38.313544 ], [ -76.441857, 38.291628 ], [ -76.375023, 38.299419 ], [ -76.39932, 38.259284 ], [ -76.320136, 38.138339 ], [ -76.341318, 38.119334 ], [ -76.322158, 38.037902 ], [ -76.421214, 38.106039 ], [ -76.438886, 38.160834 ], [ -76.469666, 38.153358 ], [ -76.473266, 38.103035 ], [ -76.59433, 38.215814 ], [ -76.732064, 38.246003 ], [ -76.752286, 38.222121 ], [ -76.778625, 38.22847 ], [ -76.827106, 38.347384 ], [ -76.856103, 38.358567 ], [ -76.869294, 38.338715 ], [ -76.842139, 38.254491 ], [ -76.923943, 38.289725 ], [ -76.930264, 38.323091 ], [ -76.978251, 38.342283 ], [ -77.016371, 38.445572 ], [ -77.207312, 38.359867 ], [ -77.250172, 38.382781 ], [ -77.27422, 38.48177 ], [ -77.237724, 38.55187 ], [ -77.110539, 38.62682 ], [ -77.132501, 38.673816 ], [ -77.046196, 38.714431 ], [ -77.039498, 38.791113 ], [ -76.909395, 38.892812 ], [ -77.040999, 38.99511 ], [ -77.119759, 38.934343 ], [ -77.148179, 38.965002 ], [ -77.244621, 38.982535 ], [ -77.246003, 39.024909 ], [ -77.293105, 39.046508 ], [ -77.46145, 39.075151 ], [ -77.527282, 39.146236 ], [ -77.46021, 39.228359 ], [ -77.540581, 39.264947 ], [ -77.566596, 39.306121 ], [ -77.759615, 39.337331 ], [ -77.740012, 39.401694 ], [ -77.803249, 39.437136 ], [ -77.777815, 39.461924 ], [ -77.796695, 39.480498 ], [ -77.765993, 39.495724 ], [ -77.845666, 39.498628 ], [ -77.825357, 39.529177 ], [ -77.86368, 39.515032 ], [ -77.888945, 39.55595 ], [ -77.83633, 39.56637 ], [ -77.838008, 39.606125 ], [ -77.885124, 39.615775 ], [ -77.888477, 39.597343 ], [ -77.94194, 39.61879 ], [ -77.946182, 39.584814 ], [ -77.957642, 39.608614 ], [ -78.009985, 39.602893 ], [ -78.08226, 39.671166 ], [ -78.176625, 39.695967 ], [ -78.231564, 39.674382 ], [ -78.265088, 39.619274 ], [ -78.355218, 39.640576 ], [ -78.374732, 39.608635 ], [ -78.43025, 39.62329 ], [ -78.395317, 39.584215 ], [ -78.457187, 39.587379 ], [ -78.417586, 39.547155 ], [ -78.460224, 39.551184 ], [ -78.468639, 39.516789 ], [ -78.565929, 39.519444 ], [ -78.760196, 39.582154 ], [ -78.77686, 39.604027 ], [ -78.733553, 39.615533 ], [ -78.778477, 39.62265 ], [ -78.76584, 39.648487 ], [ -78.826009, 39.588829 ], [ -78.816764, 39.561691 ], [ -78.893317, 39.523756 ], [ -78.956751, 39.440264 ], [ -79.04705, 39.483351 ], [ -79.10319, 39.476004 ], [ -79.110602, 39.4327 ], [ -79.143751, 39.405202 ], [ -79.160148, 39.41638 ], [ -79.162052, 39.388321 ], [ -79.256308, 39.357227 ], [ -79.290236, 39.299323 ], [ -79.346011, 39.29396 ], [ -79.473215, 39.202107 ] ] ] ] } },
{ "type": "Feature", "properties": { "map_id": "ME" }, "geometry": { "type": "MultiPolygon", "coordinates": [ [ [ [ -67.353897, 44.64108 ], [ -67.354372, 44.644632 ], [ -67.352233, 44.644801 ], [ -67.353897, 44.64108 ] ] ], [ [ [ -67.355283, 44.576178 ], [ -67.35556, 44.583722 ], [ -67.350585, 44.584158 ], [ -67.355283, 44.576178 ] ] ], [ [ [ -67.356749, 44.64683 ], [ -67.361027, 44.652072 ], [ -67.356749, 44.653932 ], [ -67.356749, 44.64683 ] ] ], [ [ [ -67.367199, 44.567418 ], [ -67.362453, 44.573903 ], [ -67.361424, 44.573057 ], [ -67.367199, 44.567418 ] ] ], [ [ [ -67.356036, 44.663568 ], [ -67.364117, 44.667625 ], [ -67.350331, 44.669316 ], [ -67.356036, 44.663568 ] ] ], [ [ [ -67.366665, 44.599661 ], [ -67.372673, 44.598617 ], [ -67.368558, 44.601926 ], [ -67.366665, 44.599661 ] ] ], [ [ [ -67.390262, 44.59574 ], [ -67.38836, 44.603186 ], [ -67.385556, 44.603897 ], [ -67.390262, 44.59574 ] ] ], [ [ [ -67.395883, 44.572452 ], [ -67.394302, 44.576443 ], [ -67.392163, 44.574411 ], [ -67.395883, 44.572452 ] ] ], [ [ [ -67.397396, 44.584852 ], [ -67.393351, 44.589647 ], [ -67.396051, 44.583213 ], [ -67.397396, 44.584852 ] ] ], [ [ [ -67.408044, 44.569012 ], [ -67.403555, 44.575124 ], [ -67.406186, 44.567977 ], [ -67.408044, 44.569012 ] ] ], [ [ [ -67.4294, 44.596505 ], [ -67.426864, 44.598786 ], [ -67.427801, 44.595258 ], [ -67.4294, 44.596505 ] ] ], [ [ [ -67.435183, 44.555615 ], [ -67.433428, 44.558921 ], [ -67.431618, 44.557308 ], [ -67.435183, 44.555615 ] ] ], [ [ [ -67.460562, 44.569652 ], [ -67.457682, 44.575464 ], [ -67.453722, 44.572379 ], [ -67.460562, 44.569652 ] ] ], [ [ [ -67.474242, 44.566648 ], [ -67.471376, 44.569095 ], [ -67.469647, 44.567977 ], [ -67.474242, 44.566648 ] ] ], [ [ [ -67.481557, 44.560066 ], [ -67.481045, 44.565046 ], [ -67.478441, 44.565098 ], [ -67.481557, 44.560066 ] ] ], [ [ [ -67.491513, 44.601663 ], [ -67.490325, 44.604371 ], [ -67.486522, 44.600147 ], [ -67.491513, 44.601663 ] ] ], [ [ [ -67.503872, 44.617061 ], [ -67.504348, 44.622813 ], [ -67.497693, 44.62146 ], [ -67.503872, 44.617061 ] ] ], [ [ [ -67.533817, 44.529159 ], [ -67.532965, 44.532884 ], [ -67.529196, 44.531989 ], [ -67.533817, 44.529159 ] ] ], [ [ [ -67.541611, 44.58934 ], [ -67.490342, 44.586587 ], [ -67.521461, 44.573734 ], [ -67.491751, 44.556123 ], [ -67.51841, 44.554241 ], [ -67.541611, 44.58934 ] ] ], [ [ [ -67.563768, 44.510547 ], [ -67.516029, 44.506653 ], [ -67.53537, 44.472355 ], [ -67.545229, 44.495629 ], [ -67.563768, 44.510547 ] ] ], [ [ [ -67.599955, 44.441753 ], [ -67.601797, 44.444746 ], [ -67.595624, 44.444076 ], [ -67.599955, 44.441753 ] ] ], [ [ [ -67.614217, 44.448841 ], [ -67.605599, 44.445933 ], [ -67.608689, 44.443558 ], [ -67.614217, 44.448841 ] ] ], [ [ [ -67.621286, 44.507835 ], [ -67.577315, 44.521732 ], [ -67.574206, 44.45173 ], [ -67.589199, 44.447291 ], [ -67.621286, 44.507835 ] ] ], [ [ [ -67.618434, 44.460185 ], [ -67.616533, 44.463408 ], [ -67.61582, 44.461373 ], [ -67.618434, 44.460185 ] ] ], [ [ [ -67.631506, 44.48766 ], [ -67.632933, 44.499189 ], [ -67.629605, 44.498681 ], [ -67.631506, 44.48766 ] ] ], [ [ [ -67.645054, 44.504614 ], [ -67.644817, 44.517495 ], [ -67.625564, 44.513258 ], [ -67.645054, 44.504614 ] ] ], [ [ [ -67.660979, 44.511564 ], [ -67.659315, 44.51597 ], [ -67.658602, 44.513089 ], [ -67.660979, 44.511564 ] ] ], [ [ [ -67.665238, 44.521665 ], [ -67.665, 44.531493 ], [ -67.658583, 44.530816 ], [ -67.665238, 44.521665 ] ] ], [ [ [ -67.671893, 44.487763 ], [ -67.664287, 44.495054 ], [ -67.662861, 44.494376 ], [ -67.671893, 44.487763 ] ] ], [ [ [ -67.67522, 44.466055 ], [ -67.672645, 44.473289 ], [ -67.673794, 44.465546 ], [ -67.67522, 44.466055 ] ] ], [ [ [ -67.669516, 44.460627 ], [ -67.669858, 44.463525 ], [ -67.668565, 44.462663 ], [ -67.669516, 44.460627 ] ] ], [ [ [ -67.673171, 44.475884 ], [ -67.673794, 44.481659 ], [ -67.663899, 44.484792 ], [ -67.673171, 44.475884 ] ] ], [ [ [ -67.698578, 44.485053 ], [ -67.693046, 44.486407 ], [ -67.692654, 44.483646 ], [ -67.698578, 44.485053 ] ] ], [ [ [ -67.708638, 44.460733 ], [ -67.704353, 44.460599 ], [ -67.706832, 44.456895 ], [ -67.708638, 44.460733 ] ] ], [ [ [ -67.740845, 44.466409 ], [ -67.732264, 44.467412 ], [ -67.73773, 44.463002 ], [ -67.740845, 44.466409 ] ] ], [ [ [ -67.747464, 44.463768 ], [ -67.742959, 44.465207 ], [ -67.745098, 44.462323 ], [ -67.747464, 44.463768 ] ] ], [ [ [ -67.751548, 44.494849 ], [ -67.756724, 44.49775 ], [ -67.753004, 44.505087 ], [ -67.751548, 44.494849 ] ] ], [ [ [ -67.762211, 44.529291 ], [ -67.759597, 44.533018 ], [ -67.758884, 44.531324 ], [ -67.762211, 44.529291 ] ] ], [ [ [ -67.76744, 44.534374 ], [ -67.761261, 44.537423 ], [ -67.763875, 44.534374 ], [ -67.76744, 44.534374 ] ] ], [ [ [ -67.795955, 44.476177 ], [ -67.7798, 44.47708 ], [ -67.784078, 44.47284 ], [ -67.795955, 44.476177 ] ] ], [ [ [ -67.804281, 44.51387 ], [ -67.804043, 44.519123 ], [ -67.802398, 44.512949 ], [ -67.804281, 44.51387 ] ] ], [ [ [ -67.819492, 44.510649 ], [ -67.791208, 44.493867 ], [ -67.796675, 44.482846 ], [ -67.806182, 44.485898 ], [ -67.819492, 44.510649 ] ] ], [ [ [ -67.825517, 44.442932 ], [ -67.821686, 44.447101 ], [ -67.823803, 44.441244 ], [ -67.825517, 44.442932 ] ] ], [ [ [ -67.832802, 44.519971 ], [ -67.825672, 44.540812 ], [ -67.824246, 44.517598 ], [ -67.832802, 44.519971 ] ] ], [ [ [ -67.832089, 44.479624 ], [ -67.826147, 44.490646 ], [ -67.822582, 44.487254 ], [ -67.832089, 44.479624 ] ] ], [ [ [ -67.825909, 44.545047 ], [ -67.83613, 44.552161 ], [ -67.825909, 44.549451 ], [ -67.825909, 44.545047 ] ] ], [ [ [ -67.838744, 44.451805 ], [ -67.830634, 44.456655 ], [ -67.840679, 44.447354 ], [ -67.838744, 44.451805 ] ] ], [ [ [ -67.846112, 44.447563 ], [ -67.849915, 44.452993 ], [ -67.845161, 44.449769 ], [ -67.846112, 44.447563 ] ] ], [ [ [ -67.875347, 44.373537 ], [ -67.867266, 44.372348 ], [ -67.865364, 44.365891 ], [ -67.875347, 44.373537 ] ] ], [ [ [ -67.868929, 44.420409 ], [ -67.866553, 44.456895 ], [ -67.855144, 44.418711 ], [ -67.868929, 44.420409 ] ] ], [ [ [ -68.034355, 44.327818 ], [ -68.029126, 44.335979 ], [ -68.031502, 44.325098 ], [ -68.034355, 44.327818 ] ] ], [ [ [ -68.103282, 44.358245 ], [ -68.097102, 44.361983 ], [ -68.094725, 44.351447 ], [ -68.103282, 44.358245 ] ] ], [ [ [ -68.128, 44.406657 ], [ -68.126099, 44.418541 ], [ -68.11778, 44.409543 ], [ -68.128, 44.406657 ] ] ], [ [ [ -68.140122, 44.425501 ], [ -68.134655, 44.450109 ], [ -68.129902, 44.44926 ], [ -68.140122, 44.425501 ] ] ], [ [ [ -68.133942, 44.379313 ], [ -68.147774, 44.392437 ], [ -68.129426, 44.404789 ], [ -68.133942, 44.379313 ] ] ], [ [ [ -68.151768, 44.458252 ], [ -68.154145, 44.465038 ], [ -68.145589, 44.457404 ], [ -68.151768, 44.458252 ] ] ], [ [ [ -68.165791, 44.400374 ], [ -68.159374, 44.41209 ], [ -68.15462, 44.413448 ], [ -68.165791, 44.400374 ] ] ], [ [ [ -68.176487, 44.402582 ], [ -68.178388, 44.407336 ], [ -68.175774, 44.405638 ], [ -68.176487, 44.402582 ] ] ], [ [ [ -68.181954, 44.385259 ], [ -68.17873, 44.388388 ], [ -68.177913, 44.386448 ], [ -68.181954, 44.385259 ] ] ], [ [ [ -68.191699, 44.467412 ], [ -68.173873, 44.467243 ], [ -68.166267, 44.463002 ], [ -68.191699, 44.467412 ] ] ], [ [ [ -68.191699, 44.398846 ], [ -68.194788, 44.401563 ], [ -68.190861, 44.401229 ], [ -68.191699, 44.398846 ] ] ], [ [ [ -68.198985, 44.236698 ], [ -68.197696, 44.24635 ], [ -68.193068, 44.23901 ], [ -68.198985, 44.236698 ] ] ], [ [ [ -68.206435, 44.493019 ], [ -68.200968, 44.494037 ], [ -68.201206, 44.490646 ], [ -68.206435, 44.493019 ] ] ], [ [ [ -68.209762, 44.473858 ], [ -68.204533, 44.477419 ], [ -68.20382, 44.475045 ], [ -68.209762, 44.473858 ] ] ], [ [ [ -68.210951, 44.396808 ], [ -68.202632, 44.400374 ], [ -68.202176, 44.397436 ], [ -68.210951, 44.396808 ] ] ], [ [ [ -68.24046, 44.251404 ], [ -68.214641, 44.263156 ], [ -68.210475, 44.256875 ], [ -68.24046, 44.251404 ] ] ], [ [ [ -68.245478, 44.170228 ], [ -68.24202, 44.176656 ], [ -68.239234, 44.174596 ], [ -68.245478, 44.170228 ] ] ], [ [ [ -68.249805, 44.143951 ], [ -68.242324, 44.157376 ], [ -68.246433, 44.141209 ], [ -68.249805, 44.143951 ] ] ], [ [ [ -68.26324, 44.270322 ], [ -68.248266, 44.276959 ], [ -68.245652, 44.274236 ], [ -68.26324, 44.270322 ] ] ], [ [ [ -68.270608, 44.283255 ], [ -68.265617, 44.284956 ], [ -68.266092, 44.282744 ], [ -68.270608, 44.283255 ] ] ], [ [ [ -68.274719, 44.258675 ], [ -68.250643, 44.257556 ], [ -68.238997, 44.24002 ], [ -68.274427, 44.237099 ], [ -68.274719, 44.258675 ] ] ], [ [ [ -68.302933, 44.276959 ], [ -68.293425, 44.27866 ], [ -68.291049, 44.275938 ], [ -68.302933, 44.276959 ] ] ], [ [ [ -68.336445, 44.190277 ], [ -68.333356, 44.20868 ], [ -68.314341, 44.197605 ], [ -68.336445, 44.190277 ] ] ], [ [ [ -68.341674, 44.428556 ], [ -68.337159, 44.435685 ], [ -68.334544, 44.43263 ], [ -68.341674, 44.428556 ] ] ], [ [ [ -68.348805, 44.167436 ], [ -68.338822, 44.184653 ], [ -68.339773, 44.170334 ], [ -68.348805, 44.167436 ] ] ], [ [ [ -68.372573, 44.143222 ], [ -68.368532, 44.139128 ], [ -68.37186, 44.137934 ], [ -68.372573, 44.143222 ] ] ], [ [ [ -68.368295, 44.097323 ], [ -68.349993, 44.128722 ], [ -68.32979, 44.110465 ], [ -68.368295, 44.097323 ] ] ], [ [ [ -68.370434, 44.180221 ], [ -68.360338, 44.198816 ], [ -68.349756, 44.19539 ], [ -68.370434, 44.180221 ] ] ], [ [ [ -68.383391, 44.141759 ], [ -68.377089, 44.144757 ], [ -68.380892, 44.139128 ], [ -68.383391, 44.141759 ] ] ], [ [ [ -68.390636, 44.403261 ], [ -68.38921, 44.413278 ], [ -68.384219, 44.406317 ], [ -68.390636, 44.403261 ] ] ], [ [ [ -68.403709, 44.107735 ], [ -68.404556, 44.111418 ], [ -68.401332, 44.111318 ], [ -68.403709, 44.107735 ] ] ], [ [ [ -68.436594, 44.291948 ], [ -68.430091, 44.288189 ], [ -68.432053, 44.285902 ], [ -68.436594, 44.291948 ] ] ], [ [ [ -68.455761, 44.299757 ], [ -68.448155, 44.312004 ], [ -68.448868, 44.297546 ], [ -68.455761, 44.299757 ] ] ], [ [ [ -68.431755, 44.324248 ], [ -68.450094, 44.357323 ], [ -68.420822, 44.375236 ], [ -68.431755, 44.324248 ] ] ], [ [ [ -68.458375, 44.254151 ], [ -68.455048, 44.258918 ], [ -68.453384, 44.256194 ], [ -68.458375, 44.254151 ] ] ], [ [ [ -68.469784, 44.213109 ], [ -68.467882, 44.216176 ], [ -68.46503, 44.209873 ], [ -68.469784, 44.213109 ] ] ], [ [ [ -68.459182, 44.197681 ], [ -68.464793, 44.206976 ], [ -68.453843, 44.201683 ], [ -68.459182, 44.197681 ] ] ], [ [ [ -68.473011, 44.0982 ], [ -68.472728, 44.102956 ], [ -68.469784, 44.10142 ], [ -68.473011, 44.0982 ] ] ], [ [ [ -68.479529, 44.219753 ], [ -68.475963, 44.231165 ], [ -68.468833, 44.222478 ], [ -68.479529, 44.219753 ] ] ], [ [ [ -68.472398, 44.203057 ], [ -68.486118, 44.213428 ], [ -68.476677, 44.214983 ], [ -68.472398, 44.203057 ] ] ], [ [ [ -68.493314, 44.282574 ], [ -68.469308, 44.270492 ], [ -68.468833, 44.263514 ], [ -68.486568, 44.269097 ], [ -68.493314, 44.282574 ] ] ], [ [ [ -68.503772, 44.145609 ], [ -68.49783, 44.143051 ], [ -68.50095, 44.14156 ], [ -68.503772, 44.145609 ] ] ], [ [ [ -68.501158, 44.153966 ], [ -68.451482, 44.191641 ], [ -68.448155, 44.172891 ], [ -68.424441, 44.190753 ], [ -68.383268, 44.155842 ], [ -68.438518, 44.11618 ], [ -68.455761, 44.160275 ], [ -68.484026, 44.14263 ], [ -68.501158, 44.153966 ] ] ], [ [ [ -68.503611, 44.096567 ], [ -68.506979, 44.127237 ], [ -68.49093, 44.123439 ], [ -68.503611, 44.096567 ] ] ], [ [ [ -68.530394, 44.333583 ], [ -68.518573, 44.381022 ], [ -68.50766, 44.385219 ], [ -68.478785, 44.319563 ], [ -68.530394, 44.333583 ] ] ], [ [ [ -68.544891, 44.220264 ], [ -68.549882, 44.22844 ], [ -68.528284, 44.225204 ], [ -68.544891, 44.220264 ] ] ], [ [ [ -68.55919, 44.040617 ], [ -68.555043, 44.049235 ], [ -68.555957, 44.03947 ], [ -68.55919, 44.040617 ] ] ], [ [ [ -68.564618, 44.211917 ], [ -68.567946, 44.217709 ], [ -68.559627, 44.213109 ], [ -68.564618, 44.211917 ] ] ], [ [ [ -68.576502, 44.09519 ], [ -68.575736, 44.101517 ], [ -68.571273, 44.099969 ], [ -68.576502, 44.09519 ] ] ], [ [ [ -68.585058, 44.142454 ], [ -68.582452, 44.149544 ], [ -68.578663, 44.148194 ], [ -68.585058, 44.142454 ] ] ], [ [ [ -68.587198, 44.226396 ], [ -68.581493, 44.232357 ], [ -68.576027, 44.229291 ], [ -68.587198, 44.226396 ] ] ], [ [ [ -68.59314, 44.063431 ], [ -68.584101, 44.071589 ], [ -68.590554, 44.058659 ], [ -68.59314, 44.063431 ] ] ], [ [ [ -68.598844, 44.144671 ], [ -68.593377, 44.145183 ], [ -68.595041, 44.142283 ], [ -68.598844, 44.144671 ] ] ], [ [ [ -68.606925, 44.176045 ], [ -68.596705, 44.177579 ], [ -68.596824, 44.175563 ], [ -68.606925, 44.176045 ] ] ], [ [ [ -68.608589, 44.137166 ], [ -68.602409, 44.142113 ], [ -68.605499, 44.135461 ], [ -68.608589, 44.137166 ] ] ], [ [ [ -68.609562, 44.148195 ], [ -68.617383, 44.156438 ], [ -68.613342, 44.157632 ], [ -68.609562, 44.148195 ] ] ], [ [ [ -68.623563, 44.140578 ], [ -68.617621, 44.142283 ], [ -68.617145, 44.136655 ], [ -68.623563, 44.140578 ] ] ], [ [ [ -68.618979, 44.11955 ], [ -68.618809, 44.130343 ], [ -68.608113, 44.128637 ], [ -68.618979, 44.11955 ] ] ], [ [ [ -68.634496, 44.136143 ], [ -68.62689, 44.13529 ], [ -68.62689, 44.133755 ], [ -68.634496, 44.136143 ] ] ], [ [ [ -68.633783, 44.145012 ], [ -68.630931, 44.152857 ], [ -68.6238, 44.147912 ], [ -68.633783, 44.145012 ] ] ], [ [ [ -68.639826, 44.123602 ], [ -68.633783, 44.130002 ], [ -68.629742, 44.128808 ], [ -68.639826, 44.123602 ] ] ], [ [ [ -68.644478, 44.131025 ], [ -68.644716, 44.135972 ], [ -68.641151, 44.135461 ], [ -68.644478, 44.131025 ] ] ], [ [ [ -68.644003, 44.148594 ], [ -68.647806, 44.152005 ], [ -68.640676, 44.152687 ], [ -68.644003, 44.148594 ] ] ], [ [ [ -68.65256, 44.14109 ], [ -68.648519, 44.145524 ], [ -68.648994, 44.142966 ], [ -68.65256, 44.14109 ] ] ], [ [ [ -68.651609, 44.126419 ], [ -68.651371, 44.129661 ], [ -68.65042, 44.128125 ], [ -68.651609, 44.126419 ] ] ], [ [ [ -68.651267, 44.101422 ], [ -68.641231, 44.10858 ], [ -68.637174, 44.099408 ], [ -68.651267, 44.101422 ] ] ], [ [ [ -68.671099, 44.075898 ], [ -68.608589, 44.094336 ], [ -68.601696, 44.012514 ], [ -68.657031, 44.003823 ], [ -68.640913, 44.050621 ], [ -68.671099, 44.075898 ] ] ], [ [ [ -68.731618, 44.22269 ], [ -68.695104, 44.235592 ], [ -68.670623, 44.279852 ], [ -68.564143, 44.191641 ], [ -68.600983, 44.191981 ], [ -68.602409, 44.210384 ], [ -68.666236, 44.134953 ], [ -68.720646, 44.166805 ], [ -68.731618, 44.22269 ] ] ], [ [ [ -68.743618, 44.301422 ], [ -68.682032, 44.288019 ], [ -68.682745, 44.273215 ], [ -68.711287, 44.274175 ], [ -68.743618, 44.301422 ] ] ], [ [ [ -68.749768, 44.300209 ], [ -68.747346, 44.300728 ], [ -68.747825, 44.298661 ], [ -68.749768, 44.300209 ] ] ], [ [ [ -68.741836, 43.88301 ], [ -68.743691, 43.885634 ], [ -68.731733, 43.893489 ], [ -68.741836, 43.88301 ] ] ], [ [ [ -68.753963, 44.262592 ], [ -68.739313, 44.26896 ], [ -68.730518, 44.262663 ], [ -68.753963, 44.262592 ] ] ], [ [ [ -68.760704, 44.239849 ], [ -68.759991, 44.247682 ], [ -68.749771, 44.242914 ], [ -68.760704, 44.239849 ] ] ], [ [ [ -68.779956, 44.201013 ], [ -68.77442, 44.2194 ], [ -68.768366, 44.218438 ], [ -68.779956, 44.201013 ] ] ], [ [ [ -68.792221, 44.136835 ], [ -68.786374, 44.144117 ], [ -68.781144, 44.144927 ], [ -68.792221, 44.136835 ] ] ], [ [ [ -68.79523, 44.280487 ], [ -68.793741, 44.286998 ], [ -68.785185, 44.284106 ], [ -68.79523, 44.280487 ] ] ], [ [ [ -68.797059, 44.223819 ], [ -68.787959, 44.234817 ], [ -68.781189, 44.226262 ], [ -68.797059, 44.223819 ] ] ], [ [ [ -68.802535, 44.137422 ], [ -68.800872, 44.144074 ], [ -68.791364, 44.146974 ], [ -68.802535, 44.137422 ] ] ], [ [ [ -68.813469, 44.294654 ], [ -68.804396, 44.293546 ], [ -68.800396, 44.288699 ], [ -68.813469, 44.294654 ] ] ], [ [ [ -68.819173, 44.290401 ], [ -68.822831, 44.293111 ], [ -68.817509, 44.293293 ], [ -68.819173, 44.290401 ] ] ], [ [ [ -68.808002, 44.137252 ], [ -68.823927, 44.13964 ], [ -68.805625, 44.14288 ], [ -68.808002, 44.137252 ] ] ], [ [ [ -68.826541, 43.847674 ], [ -68.815845, 43.861557 ], [ -68.811157, 43.860213 ], [ -68.809666, 43.856929 ], [ -68.826541, 43.847674 ] ] ], [ [ [ -68.823903, 44.257134 ], [ -68.824384, 44.262171 ], [ -68.816321, 44.258407 ], [ -68.823903, 44.257134 ] ] ], [ [ [ -68.822263, 44.21822 ], [ -68.826022, 44.220185 ], [ -68.824877, 44.226055 ], [ -68.822263, 44.21822 ] ] ], [ [ [ -68.818698, 44.226396 ], [ -68.827624, 44.240352 ], [ -68.818222, 44.243255 ], [ -68.818698, 44.226396 ] ] ], [ [ [ -68.851285, 44.233097 ], [ -68.850683, 44.236711 ], [ -68.852331, 44.228661 ], [ -68.851285, 44.233097 ] ] ], [ [ [ -68.863051, 44.257775 ], [ -68.858866, 44.26062 ], [ -68.862086, 44.255209 ], [ -68.863051, 44.257775 ] ] ], [ [ [ -68.891428, 44.029862 ], [ -68.889051, 44.03943 ], [ -68.884309, 44.030778 ], [ -68.891428, 44.029862 ] ] ], [ [ [ -68.886725, 43.822195 ], [ -68.891091, 43.835522 ], [ -68.877642, 43.838417 ], [ -68.886725, 43.822195 ] ] ], [ [ [ -68.905926, 43.853844 ], [ -68.902377, 43.869169 ], [ -68.890073, 43.875496 ], [ -68.878831, 43.8583 ], [ -68.905926, 43.853844 ] ] ], [ [ [ -68.908541, 44.058051 ], [ -68.89428, 44.064883 ], [ -68.895231, 44.049339 ], [ -68.908541, 44.058051 ] ] ], [ [ [ -68.911847, 44.096399 ], [ -68.899033, 44.123433 ], [ -68.863619, 44.119338 ], [ -68.865996, 44.100737 ], [ -68.839613, 44.131964 ], [ -68.774489, 44.064371 ], [ -68.862845, 44.025037 ], [ -68.911847, 44.096399 ] ] ], [ [ [ -68.912106, 44.041481 ], [ -68.910442, 44.053098 ], [ -68.906334, 44.044866 ], [ -68.912106, 44.041481 ] ] ], [ [ [ -68.942291, 44.284361 ], [ -68.902599, 44.324503 ], [ -68.911634, 44.365027 ], [ -68.880085, 44.39309 ], [ -68.86044, 44.364907 ], [ -68.930244, 44.230956 ], [ -68.921613, 44.272279 ], [ -68.942291, 44.284361 ] ] ], [ [ [ -68.944269, 44.112697 ], [ -68.915909, 44.14902 ], [ -68.824712, 44.186133 ], [ -68.804675, 44.147997 ], [ -68.903549, 44.127357 ], [ -68.8881, 44.144927 ], [ -68.944269, 44.112697 ] ] ], [ [ [ -68.939677, 44.226481 ], [ -68.94039, 44.244872 ], [ -68.931833, 44.248618 ], [ -68.939677, 44.226481 ] ] ], [ [ [ -68.961543, 44.18951 ], [ -68.964395, 44.200757 ], [ -68.953462, 44.208254 ], [ -68.961543, 44.18951 ] ] ], [ [ [ -68.965584, 44.255428 ], [ -68.948096, 44.277676 ], [ -68.936349, 44.275682 ], [ -68.945856, 44.248278 ], [ -68.965584, 44.255428 ] ] ], [ [ [ -68.984096, 44.172095 ], [ -68.979607, 44.175534 ], [ -68.982433, 44.171429 ], [ -68.984096, 44.172095 ] ] ], [ [ [ -69.012882, 43.900959 ], [ -69.007802, 43.907278 ], [ -69.004801, 43.901301 ], [ -69.012882, 43.900959 ] ] ], [ [ [ -69.035462, 43.911405 ], [ -69.031659, 43.916884 ], [ -69.029757, 43.915343 ], [ -69.035462, 43.911405 ] ] ], [ [ [ -69.036175, 44.074361 ], [ -69.04378, 44.082044 ], [ -69.038094, 44.085838 ], [ -69.036175, 44.074361 ] ] ], [ [ [ -69.051588, 44.063007 ], [ -69.04283, 44.068213 ], [ -69.048059, 44.060357 ], [ -69.051588, 44.063007 ] ] ], [ [ [ -69.054714, 43.992853 ], [ -69.049044, 44.011127 ], [ -69.042592, 44.007044 ], [ -69.054714, 43.992853 ] ] ], [ [ [ -69.071589, 44.004821 ], [ -69.062649, 44.014931 ], [ -69.05614, 44.012172 ], [ -69.071589, 44.004821 ] ] ], [ [ [ -69.072285, 44.036616 ], [ -69.071351, 44.042933 ], [ -69.066835, 44.040541 ], [ -69.072285, 44.036616 ] ] ], [ [ [ -69.083126, 43.981522 ], [ -69.072798, 43.98121 ], [ -69.078482, 43.973015 ], [ -69.083126, 43.981522 ] ] ], [ [ [ -69.069635, 43.985912 ], [ -69.080858, 43.98892 ], [ -69.066598, 43.996957 ], [ -69.069635, 43.985912 ] ] ], [ [ [ -69.120551, 43.871667 ], [ -69.127919, 43.894965 ], [ -69.118938, 43.898262 ], [ -69.120551, 43.871667 ] ] ], [ [ [ -69.220195, 43.914937 ], [ -69.222516, 43.925444 ], [ -69.212939, 43.921404 ], [ -69.220195, 43.914937 ] ] ], [ [ [ -69.295364, 43.862585 ], [ -69.28348, 43.873723 ], [ -69.282501, 43.864579 ], [ -69.295364, 43.862585 ] ] ], [ [ [ -69.299336, 43.932915 ], [ -69.292988, 43.942389 ], [ -69.285857, 43.931435 ], [ -69.299336, 43.932915 ] ] ], [ [ [ -69.31552, 43.913613 ], [ -69.307401, 43.91811 ], [ -69.309863, 43.906268 ], [ -69.31552, 43.913613 ] ] ], [ [ [ -69.313666, 43.891196 ], [ -69.314101, 43.902272 ], [ -69.307961, 43.891025 ], [ -69.313666, 43.891196 ] ] ], [ [ [ -69.310829, 43.859486 ], [ -69.318565, 43.879711 ], [ -69.315245, 43.882835 ], [ -69.310829, 43.859486 ] ] ], [ [ [ -69.314325, 43.756707 ], [ -69.313631, 43.772762 ], [ -69.302995, 43.774591 ], [ -69.314325, 43.756707 ] ] ], [ [ [ -69.346465, 43.922533 ], [ -69.343138, 43.934858 ], [ -69.340576, 43.933846 ], [ -69.346465, 43.922533 ] ] ], [ [ [ -69.383068, 43.90113 ], [ -69.37166, 43.914487 ], [ -69.383544, 43.89565 ], [ -69.383068, 43.90113 ] ] ], [ [ [ -69.393288, 43.95642 ], [ -69.394828, 43.964867 ], [ -69.387346, 43.967199 ], [ -69.393288, 43.95642 ] ] ], [ [ [ -69.42894, 43.916541 ], [ -69.422048, 43.923047 ], [ -69.427277, 43.912261 ], [ -69.42894, 43.916541 ] ] ], [ [ [ -69.441894, 43.916331 ], [ -69.439398, 43.939137 ], [ -69.432981, 43.952143 ], [ -69.420146, 43.935885 ], [ -69.441894, 43.916331 ] ] ], [ [ [ -69.581531, 43.771862 ], [ -69.586238, 43.779873 ], [ -69.582924, 43.779096 ], [ -69.581531, 43.771862 ] ] ], [ [ [ -69.603025, 43.790295 ], [ -69.599602, 43.803263 ], [ -69.59389, 43.80412 ], [ -69.603025, 43.790295 ] ] ], [ [ [ -69.613956, 43.751084 ], [ -69.610765, 43.778899 ], [ -69.605299, 43.780271 ], [ -69.613956, 43.751084 ] ] ], [ [ [ -69.634127, 43.803491 ], [ -69.628735, 43.814386 ], [ -69.624807, 43.807327 ], [ -69.634127, 43.803491 ] ] ], [ [ [ -69.760028, 43.705577 ], [ -69.754324, 43.710044 ], [ -69.757176, 43.703343 ], [ -69.760028, 43.705577 ] ] ], [ [ [ -69.939009, 43.723825 ], [ -69.937337, 43.730829 ], [ -69.931158, 43.72413 ], [ -69.939009, 43.723825 ] ] ], [ [ [ -69.99034, 43.831902 ], [ -69.99034, 43.842531 ], [ -69.986537, 43.84356 ], [ -69.99034, 43.831902 ] ] ], [ [ [ -70.004125, 43.814925 ], [ -70.014346, 43.823157 ], [ -69.999847, 43.829502 ], [ -70.004125, 43.814925 ] ] ], [ [ [ -70.031221, 43.714683 ], [ -70.028844, 43.726363 ], [ -70.021001, 43.724646 ], [ -70.031221, 43.714683 ] ] ], [ [ [ -70.042392, 43.782502 ], [ -70.036925, 43.801375 ], [ -70.029808, 43.811123 ], [ -70.042392, 43.782502 ] ] ], [ [ [ -70.04667, 43.72018 ], [ -70.042867, 43.728253 ], [ -70.040015, 43.728768 ], [ -70.04667, 43.72018 ] ] ], [ [ [ -70.061325, 43.7421 ], [ -70.049997, 43.761049 ], [ -70.044769, 43.764825 ], [ -70.061325, 43.7421 ] ] ], [ [ [ -70.053325, 43.765168 ], [ -70.060218, 43.767228 ], [ -70.054989, 43.770661 ], [ -70.053325, 43.765168 ] ] ], [ [ [ -70.074478, 43.779928 ], [ -70.071626, 43.787478 ], [ -70.063545, 43.789023 ], [ -70.074478, 43.779928 ] ] ], [ [ [ -70.069963, 43.796743 ], [ -70.070913, 43.803262 ], [ -70.066635, 43.804291 ], [ -70.069963, 43.796743 ] ] ], [ [ [ -70.079285, 43.706989 ], [ -70.078757, 43.715198 ], [ -70.072098, 43.718956 ], [ -70.079285, 43.706989 ] ] ], [ [ [ -70.084223, 43.714167 ], [ -70.083748, 43.720523 ], [ -70.079707, 43.720867 ], [ -70.084223, 43.714167 ] ] ], [ [ [ -70.09587, 43.721554 ], [ -70.090403, 43.731344 ], [ -70.086362, 43.732375 ], [ -70.09587, 43.721554 ] ] ], [ [ [ -70.096039, 43.672276 ], [ -70.09285, 43.687836 ], [ -70.087257, 43.691029 ], [ -70.096039, 43.672276 ] ] ], [ [ [ -70.10202, 43.77681 ], [ -70.096039, 43.78838 ], [ -70.089653, 43.785187 ], [ -70.10202, 43.77681 ] ] ], [ [ [ -70.118174, 43.686375 ], [ -70.100683, 43.705962 ], [ -70.093113, 43.710524 ], [ -70.093704, 43.6918 ], [ -70.118174, 43.686375 ] ] ], [ [ [ -70.122252, 43.700078 ], [ -70.115835, 43.7097 ], [ -70.111794, 43.710044 ], [ -70.122252, 43.700078 ] ] ], [ [ [ -70.156463, 43.710482 ], [ -70.127592, 43.745858 ], [ -70.094687, 43.759912 ], [ -70.124185, 43.708927 ], [ -70.156463, 43.710482 ] ] ], [ [ [ -70.160281, 43.749718 ], [ -70.145545, 43.775809 ], [ -70.12653, 43.779585 ], [ -70.118212, 43.762079 ], [ -70.160281, 43.749718 ] ] ], [ [ [ -70.173571, 43.683734 ], [ -70.140553, 43.707639 ], [ -70.133661, 43.702312 ], [ -70.151724, 43.681689 ], [ -70.173571, 43.683734 ] ] ], [ [ [ -70.179771, 43.739244 ], [ -70.184287, 43.742506 ], [ -70.176681, 43.745426 ], [ -70.179771, 43.739244 ] ] ], [ [ [ -70.197121, 43.711247 ], [ -70.190466, 43.722241 ], [ -70.186663, 43.723272 ], [ -70.197121, 43.711247 ] ] ], [ [ [ -70.179592, 43.655384 ], [ -70.200686, 43.662951 ], [ -70.183098, 43.675157 ], [ -70.179592, 43.655384 ] ] ], [ [ [ -70.205934, 43.633633 ], [ -70.203426, 43.647186 ], [ -70.190704, 43.645582 ], [ -70.205934, 43.633633 ] ] ], [ [ [ -70.213948, 43.666161 ], [ -70.201893, 43.685483 ], [ -70.182147, 43.694923 ], [ -70.193081, 43.673438 ], [ -70.213948, 43.666161 ] ] ], [ [ [ -70.245499, 43.539635 ], [ -70.224401, 43.547199 ], [ -70.227842, 43.538261 ], [ -70.245499, 43.539635 ] ] ], [ [ [ -70.607834, 42.977764 ], [ -70.61243, 42.991814 ], [ -70.601349, 42.981083 ], [ -70.607834, 42.977764 ] ] ], [ [ [ -71.080003, 45.306987 ], [ -71.00905, 45.319022 ], [ -71.01081, 45.34725 ], [ -70.952377, 45.339097 ], [ -70.896898, 45.242031 ], [ -70.857042, 45.22916 ], [ -70.808613, 45.311606 ], [ -70.826033, 45.398408 ], [ -70.798028, 45.426706 ], [ -70.753977, 45.427789 ], [ -70.712286, 45.390611 ], [ -70.634661, 45.383608 ], [ -70.627459, 45.421633 ], [ -70.722845, 45.512772 ], [ -70.677166, 45.552166 ], [ -70.68772, 45.569355 ], [ -70.5584, 45.666671 ], [ -70.400404, 45.719834 ], [ -70.383552, 45.734869 ], [ -70.417674, 45.79457 ], [ -70.259117, 45.890755 ], [ -70.240177, 45.943729 ], [ -70.276249, 45.966873 ], [ -70.316936, 45.963456 ], [ -70.284571, 45.995384 ], [ -70.317596, 46.019492 ], [ -70.278334, 46.057019 ], [ -70.308967, 46.062464 ], [ -70.301076, 46.083254 ], [ -70.252413, 46.100625 ], [ -70.236714, 46.144937 ], [ -70.292736, 46.191599 ], [ -70.191498, 46.349961 ], [ -70.05695, 46.415155 ], [ -69.997086, 46.69523 ], [ -69.22442, 47.459686 ], [ -69.042702, 47.426651 ], [ -69.050252, 47.255876 ], [ -68.900085, 47.177719 ], [ -68.717867, 47.240919 ], [ -68.612411, 47.244803 ], [ -68.578551, 47.287551 ], [ -68.378678, 47.287561 ], [ -68.361559, 47.355605 ], [ -68.234604, 47.355035 ], [ -67.956783, 47.199248 ], [ -67.883844, 47.105834 ], [ -67.790515, 47.067921 ], [ -67.781095, 45.943032 ], [ -67.750422, 45.917898 ], [ -67.803908, 45.882895 ], [ -67.755068, 45.82367 ], [ -67.806598, 45.794723 ], [ -67.781892, 45.731189 ], [ -67.809833, 45.729274 ], [ -67.817892, 45.693705 ], [ -67.73035, 45.663239 ], [ -67.734605, 45.688987 ], [ -67.709466, 45.68138 ], [ -67.64581, 45.613597 ], [ -67.499444, 45.587014 ], [ -67.455406, 45.604665 ], [ -67.429716, 45.583773 ], [ -67.416462, 45.502147 ], [ -67.462882, 45.508691 ], [ -67.503771, 45.488522 ], [ -67.418747, 45.37726 ], [ -67.489333, 45.281282 ], [ -67.404629, 45.159926 ], [ -67.345585, 45.126392 ], [ -67.296174, 45.147952 ], [ -67.283619, 45.192022 ], [ -67.227324, 45.163652 ], [ -67.157919, 45.161004 ], [ -67.090786, 45.068721 ], [ -67.117688, 45.05673 ], [ -67.106234, 45.033107 ], [ -66.984466, 44.912557 ], [ -66.982403, 44.811466 ], [ -66.950569, 44.814539 ], [ -67.019719, 44.769634 ], [ -67.068919, 44.768959 ], [ -67.189427, 44.645533 ], [ -67.234275, 44.637201 ], [ -67.240761, 44.665766 ], [ -67.272848, 44.664075 ], [ -67.246373, 44.626384 ], [ -67.287346, 44.623997 ], [ -67.298449, 44.654377 ], [ -67.326182, 44.656715 ], [ -67.299176, 44.705705 ], [ -67.394777, 44.695003 ], [ -67.368269, 44.624672 ], [ -67.39145, 44.625351 ], [ -67.405492, 44.594236 ], [ -67.42734, 44.64108 ], [ -67.458448, 44.596694 ], [ -67.505804, 44.636837 ], [ -67.532632, 44.614354 ], [ -67.543368, 44.626554 ], [ -67.564718, 44.532068 ], [ -67.688055, 44.537254 ], [ -67.713077, 44.493553 ], [ -67.743353, 44.497418 ], [ -67.754843, 44.54691 ], [ -67.774001, 44.547438 ], [ -67.782363, 44.51497 ], [ -67.804518, 44.542675 ], [ -67.847776, 44.563 ], [ -67.851648, 44.484901 ], [ -67.868692, 44.465038 ], [ -67.891509, 44.48098 ], [ -67.899571, 44.394078 ], [ -67.916941, 44.461306 ], [ -67.937381, 44.409883 ], [ -67.970419, 44.470805 ], [ -67.992761, 44.460797 ], [ -68.027462, 44.482507 ], [ -67.958772, 44.398846 ], [ -67.983729, 44.384409 ], [ -68.023184, 44.408185 ], [ -68.049334, 44.33073 ], [ -68.077612, 44.388486 ], [ -68.092983, 44.370949 ], [ -68.11229, 44.401588 ], [ -68.121345, 44.478945 ], [ -68.161751, 44.501157 ], [ -68.154383, 44.478776 ], [ -68.194554, 44.47189 ], [ -68.180528, 44.475045 ], [ -68.211426, 44.52014 ], [ -68.223785, 44.465546 ], [ -68.260863, 44.488102 ], [ -68.294138, 44.471653 ], [ -68.280572, 44.451573 ], [ -68.354984, 44.458082 ], [ -68.36568, 44.435345 ], [ -68.337872, 44.421936 ], [ -68.318857, 44.444339 ], [ -68.247438, 44.433276 ], [ -68.174496, 44.345181 ], [ -68.188931, 44.307315 ], [ -68.230916, 44.287849 ], [ -68.317193, 44.294314 ], [ -68.28986, 44.250917 ], [ -68.333831, 44.221286 ], [ -68.404544, 44.253869 ], [ -68.430946, 44.298624 ], [ -68.398035, 44.376191 ], [ -68.354271, 44.400544 ], [ -68.392776, 44.435345 ], [ -68.430804, 44.396978 ], [ -68.425338, 44.498275 ], [ -68.473111, 44.486746 ], [ -68.462152, 44.379396 ], [ -68.483317, 44.388157 ], [ -68.479766, 44.45418 ], [ -68.499686, 44.414179 ], [ -68.565161, 44.39907 ], [ -68.545434, 44.355 ], [ -68.566203, 44.313007 ], [ -68.55012, 44.291932 ], [ -68.530867, 44.300438 ], [ -68.518984, 44.265216 ], [ -68.552734, 44.274917 ], [ -68.555111, 44.261301 ], [ -68.522786, 44.228099 ], [ -68.739313, 44.333174 ], [ -68.827197, 44.31216 ], [ -68.821767, 44.40894 ], [ -68.777817, 44.484965 ], [ -68.805863, 44.524292 ], [ -68.835098, 44.481404 ], [ -68.811092, 44.46614 ], [ -68.875153, 44.429898 ], [ -68.921613, 44.45664 ], [ -68.943733, 44.428367 ], [ -68.998384, 44.425586 ], [ -68.949883, 44.339993 ], [ -69.05923, 44.207913 ], [ -69.06124, 44.165498 ], [ -69.074203, 44.183545 ], [ -69.103438, 44.077947 ], [ -69.043403, 44.092164 ], [ -69.128052, 44.017309 ], [ -69.125281, 43.977915 ], [ -69.162559, 43.999003 ], [ -69.212058, 43.931093 ], [ -69.273949, 43.914215 ], [ -69.267515, 43.943667 ], [ -69.283998, 43.958569 ], [ -69.317469, 43.940506 ], [ -69.304301, 43.962068 ], [ -69.325334, 43.970941 ], [ -69.327689, 43.945811 ], [ -69.375225, 43.924588 ], [ -69.330066, 43.971817 ], [ -69.350506, 43.983448 ], [ -69.366702, 43.964755 ], [ -69.36239, 43.993879 ], [ -69.428227, 43.957276 ], [ -69.437734, 43.975751 ], [ -69.50329, 43.837673 ], [ -69.543912, 43.881615 ], [ -69.551703, 43.834628 ], [ -69.572697, 43.844012 ], [ -69.592916, 43.811382 ], [ -69.594705, 43.858878 ], [ -69.621086, 43.826814 ], [ -69.638812, 43.847845 ], [ -69.655611, 43.781039 ], [ -69.690388, 43.825386 ], [ -69.677078, 43.926984 ], [ -69.721559, 43.782 ], [ -69.836799, 43.699735 ], [ -69.848683, 43.742163 ], [ -69.870787, 43.726707 ], [ -69.873401, 43.778384 ], [ -69.955639, 43.771862 ], [ -70.001273, 43.710388 ], [ -69.994618, 43.743537 ], [ -70.045006, 43.736668 ], [ -69.950647, 43.86327 ], [ -69.992717, 43.84836 ], [ -70.026193, 43.822587 ], [ -69.988438, 43.866355 ], [ -70.019197, 43.858733 ], [ -70.070676, 43.808408 ], [ -70.075192, 43.827787 ], [ -70.176023, 43.76079 ], [ -70.17544, 43.777113 ], [ -70.194269, 43.768601 ], [ -70.21471, 43.697329 ], [ -70.23199, 43.704822 ], [ -70.252961, 43.67501 ], [ -70.207491, 43.623483 ], [ -70.196911, 43.565146 ], [ -70.272497, 43.562616 ], [ -70.307405, 43.529032 ], [ -70.361214, 43.52919 ], [ -70.382928, 43.469674 ], [ -70.332836, 43.446432 ], [ -70.427672, 43.389254 ], [ -70.416311, 43.361059 ], [ -70.553854, 43.321886 ], [ -70.593907, 43.249295 ], [ -70.590391, 43.165168 ], [ -70.618973, 43.163625 ], [ -70.665958, 43.076234 ], [ -70.703819, 43.059825 ], [ -70.8268, 43.127086 ], [ -70.80964, 43.225407 ], [ -70.906005, 43.291682 ], [ -70.932735, 43.33676 ], [ -70.967229, 43.343777 ], [ -70.987649, 43.389521 ], [ -70.950838, 43.551026 ], [ -70.972716, 43.570255 ], [ -70.989067, 43.79244 ], [ -71.080003, 45.306987 ] ] ], [ [ [ -67.308027, 44.597161 ], [ -67.301401, 44.623611 ], [ -67.260985, 44.608656 ], [ -67.308027, 44.597161 ] ] ], [ [ [ -67.334407, 44.648521 ], [ -67.327235, 44.651274 ], [ -67.330146, 44.647671 ], [ -67.334407, 44.648521 ] ] ], [ [ [ -67.333931, 44.677936 ], [ -67.332981, 44.682837 ], [ -67.330129, 44.683851 ], [ -67.333931, 44.677936 ] ] ] ] } },
{ "type": "Feature", "properties": { "map_id": "DE" }, "geometry": { "type": "MultiPolygon", "coordinates": [ [ [ [ -75.565546, 39.51485 ], [ -75.561743, 39.520534 ], [ -75.567447, 39.508616 ], [ -75.565546, 39.51485 ] ] ], [ [ [ -75.561934, 39.605216 ], [ -75.559446, 39.629812 ], [ -75.55587, 39.605824 ], [ -75.561934, 39.605216 ] ] ], [ [ [ -75.575426, 39.58812 ], [ -75.564604, 39.589337 ], [ -75.568646, 39.585156 ], [ -75.575426, 39.58812 ] ] ], [ [ [ -75.69367, 38.46008 ], [ -75.788596, 39.722199 ], [ -75.662822, 39.82115 ], [ -75.539346, 39.838211 ], [ -75.423416, 39.806615 ], [ -75.468502, 39.786474 ], [ -75.613153, 39.62096 ], [ -75.563034, 39.56224 ], [ -75.592329, 39.467578 ], [ -75.404688, 39.257835 ], [ -75.402035, 39.066885 ], [ -75.318354, 38.988191 ], [ -75.304078, 38.91316 ], [ -75.159022, 38.790193 ], [ -75.113331, 38.782998 ], [ -75.092014, 38.803902 ], [ -75.048939, 38.451263 ], [ -75.69367, 38.46008 ] ] ] ] } },
{ "type": "Feature", "properties": { "map_id": "RI" }, "geometry": { "type": "MultiPolygon", "coordinates": [ [ [ [ -71.285346, 41.636853 ], [ -71.278171, 41.647309 ], [ -71.272129, 41.637064 ], [ -71.285346, 41.636853 ] ] ], [ [ [ -71.300812, 41.58061 ], [ -71.298562, 41.584922 ], [ -71.297156, 41.579768 ], [ -71.300812, 41.58061 ] ] ], [ [ [ -71.329002, 41.48713 ], [ -71.325365, 41.487601 ], [ -71.327822, 41.482985 ], [ -71.329002, 41.48713 ] ] ], [ [ [ -71.343126, 41.494926 ], [ -71.341267, 41.500494 ], [ -71.338665, 41.494926 ], [ -71.343126, 41.494926 ] ] ], [ [ [ -71.345913, 41.529577 ], [ -71.343126, 41.535837 ], [ -71.342568, 41.52902 ], [ -71.345913, 41.529577 ] ] ], [ [ [ -71.353819, 41.647466 ], [ -71.344821, 41.667005 ], [ -71.343666, 41.6399 ], [ -71.304046, 41.618777 ], [ -71.326103, 41.578583 ], [ -71.325558, 41.624137 ], [ -71.353819, 41.647466 ] ] ], [ [ [ -71.36152, 41.464831 ], [ -71.316519, 41.47756 ], [ -71.330831, 41.518364 ], [ -71.271862, 41.623986 ], [ -71.220331, 41.655572 ], [ -71.211822, 41.639103 ], [ -71.19564, 41.67509 ], [ -71.132888, 41.660102 ], [ -71.12057, 41.497448 ], [ -71.193979, 41.456396 ], [ -71.21616, 41.62549 ], [ -71.240709, 41.619225 ], [ -71.24071, 41.474872 ], [ -71.290969, 41.487586 ], [ -71.311394, 41.450802 ], [ -71.36152, 41.464831 ] ] ], [ [ [ -71.362537, 41.651143 ], [ -71.353398, 41.657866 ], [ -71.360006, 41.649882 ], [ -71.362537, 41.651143 ] ] ], [ [ [ -71.364786, 41.601431 ], [ -71.367317, 41.605952 ], [ -71.36338, 41.606688 ], [ -71.364786, 41.601431 ] ] ], [ [ [ -71.40056, 41.46094 ], [ -71.378914, 41.504948 ], [ -71.370194, 41.573963 ], [ -71.354315, 41.478891 ], [ -71.38624, 41.487687 ], [ -71.40056, 41.46094 ] ] ], [ [ [ -71.402966, 41.502999 ], [ -71.396276, 41.503695 ], [ -71.404081, 41.496318 ], [ -71.402966, 41.502999 ] ] ], [ [ [ -71.613133, 41.160281 ], [ -71.580634, 41.203374 ], [ -71.577691, 41.231232 ], [ -71.547051, 41.153684 ], [ -71.613133, 41.160281 ] ] ], [ [ [ -71.862667742234507, 41.310863612696984 ], [ -71.829384, 41.342413 ], [ -71.842563, 41.409855 ], [ -71.797683, 41.416709 ], [ -71.799242, 42.008065 ], [ -71.381401, 42.018798 ], [ -71.3817, 41.893199 ], [ -71.338698, 41.898399 ], [ -71.340697, 41.7983 ], [ -71.224798, 41.710498 ], [ -71.238442, 41.665565 ], [ -71.263161, 41.643011 ], [ -71.285502, 41.68243 ], [ -71.301396, 41.649978 ], [ -71.291217, 41.702666 ], [ -71.390557, 41.783708 ], [ -71.357282, 41.716592 ], [ -71.37791, 41.666646 ], [ -71.449318, 41.687401 ], [ -71.444468, 41.664409 ], [ -71.408621, 41.663168 ], [ -71.40377, 41.589321 ], [ -71.446412, 41.583215 ], [ -71.418404, 41.472652 ], [ -71.480875, 41.360248 ], [ -71.551566, 41.374423 ], [ -71.862667742234507, 41.310863612696984 ] ] ] ] } },
{ "type": "Feature", "properties": { "map_id": "KY" }, "geometry": { "type": "MultiPolygon", "coordinates": [ [ [ [ -89.417275, 36.499011 ], [ -89.365548, 36.625059 ], [ -89.326731, 36.632186 ], [ -89.27171, 36.571387 ], [ -89.236542, 36.566824 ], [ -89.15908, 36.666352 ], [ -89.199798, 36.734217 ], [ -89.169106, 36.759473 ], [ -89.119198, 36.759802 ], [ -89.178888, 36.831368 ], [ -89.137969, 36.847349 ], [ -89.099007, 36.961389 ], [ -89.17112, 37.008072 ], [ -89.181369, 37.046305 ], [ -89.029981, 37.211144 ], [ -88.916934, 37.224291 ], [ -88.625889, 37.119458 ], [ -88.566061, 37.075204 ], [ -88.458948, 37.073796 ], [ -88.424403, 37.152428 ], [ -88.515939, 37.284043 ], [ -88.476592, 37.386875 ], [ -88.413108, 37.424468 ], [ -88.365471, 37.401663 ], [ -88.281667, 37.452596 ], [ -88.067844, 37.485867 ], [ -88.063311, 37.515755 ], [ -88.133393, 37.574235 ], [ -88.159372, 37.661847 ], [ -88.059588, 37.742608 ], [ -88.02803, 37.799224 ], [ -87.95259, 37.771742 ], [ -87.90681, 37.807624 ], [ -87.941021, 37.879168 ], [ -87.904789, 37.924892 ], [ -87.830578, 37.876516 ], [ -87.67573, 37.90193 ], [ -87.679188, 37.836321 ], [ -87.645858, 37.825899 ], [ -87.583925, 37.872485 ], [ -87.627892, 37.922253 ], [ -87.596171, 37.97486 ], [ -87.511499, 37.906426 ], [ -87.413325, 37.944714 ], [ -87.162319, 37.840159 ], [ -87.111008, 37.782354 ], [ -87.065908, 37.807588 ], [ -87.034166, 37.906265 ], [ -86.917949, 37.93724 ], [ -86.820071, 37.999392 ], [ -86.73146, 37.89434 ], [ -86.647081, 37.908621 ], [ -86.661637, 37.849714 ], [ -86.638265, 37.842718 ], [ -86.598108, 37.867382 ], [ -86.588581, 37.921159 ], [ -86.50662, 37.930719 ], [ -86.521825, 38.038327 ], [ -86.452192, 38.05049 ], [ -86.430091, 38.078638 ], [ -86.463248, 38.119278 ], [ -86.401879, 38.104329 ], [ -86.323847, 38.138412 ], [ -86.377434, 38.171379 ], [ -86.357717, 38.198807 ], [ -86.272847, 38.140835 ], [ -86.267203, 38.056798 ], [ -86.176557, 38.01023 ], [ -86.104167, 38.012627 ], [ -86.03819, 37.959588 ], [ -86.029509, 37.99264 ], [ -85.925654, 38.021784 ], [ -85.903873, 38.174142 ], [ -85.829216, 38.276508 ], [ -85.781027, 38.288476 ], [ -85.745077, 38.26719 ], [ -85.683561, 38.295469 ], [ -85.604457, 38.44082 ], [ -85.498866, 38.468242 ], [ -85.422441, 38.532931 ], [ -85.456481, 38.685069 ], [ -85.436299, 38.728484 ], [ -85.268495, 38.740165 ], [ -85.173048, 38.688022 ], [ -84.991927, 38.778537 ], [ -84.812877, 38.786087 ], [ -84.829958, 38.830632 ], [ -84.785234, 38.880439 ], [ -84.877029, 38.909016 ], [ -84.829857, 38.969385 ], [ -84.896911, 39.057474 ], [ -84.750749, 39.147358 ], [ -84.620112, 39.073457 ], [ -84.449793, 39.117754 ], [ -84.42573, 39.053059 ], [ -84.304698, 39.006455 ], [ -84.212904, 38.805707 ], [ -84.071491, 38.770475 ], [ -83.962123, 38.787384 ], [ -83.873168, 38.762418 ], [ -83.787113, 38.699489 ], [ -83.769347, 38.65522 ], [ -83.679484, 38.630036 ], [ -83.649737, 38.632753 ], [ -83.626922, 38.679387 ], [ -83.520953, 38.703045 ], [ -83.356445, 38.654009 ], [ -83.294193, 38.596588 ], [ -83.245572, 38.627936 ], [ -83.142836, 38.625076 ], [ -83.027917, 38.727143 ], [ -82.879492, 38.751476 ], [ -82.844306, 38.590862 ], [ -82.700045, 38.544336 ], [ -82.604089, 38.459841 ], [ -82.574656, 38.263873 ], [ -82.61226, 38.236087 ], [ -82.611343, 38.171548 ], [ -82.644739, 38.165487 ], [ -82.551259, 38.070799 ], [ -82.519193, 38.001131 ], [ -82.464257, 37.983412 ], [ -82.502198, 37.933052 ], [ -82.419929, 37.88487 ], [ -82.401652, 37.810091 ], [ -82.312363, 37.764774 ], [ -82.334035, 37.743227 ], [ -82.296634, 37.702403 ], [ -82.303953, 37.67576 ], [ -82.24041, 37.661567 ], [ -82.213443, 37.62522 ], [ -82.175264, 37.647971 ], [ -82.18143, 37.621842 ], [ -82.127321, 37.586667 ], [ -82.133247, 37.552832 ], [ -82.07503, 37.555824 ], [ -82.046653, 37.528193 ], [ -82.042825, 37.548361 ], [ -81.964971, 37.543026 ], [ -82.350948, 37.267077 ], [ -82.498858, 37.227044 ], [ -82.722097, 37.120168 ], [ -82.722472, 37.045101 ], [ -82.867535, 36.977518 ], [ -82.878569, 36.889585 ], [ -83.009222, 36.847295 ], [ -83.07259, 36.854589 ], [ -83.133231, 36.784585 ], [ -83.136395, 36.743088 ], [ -83.423707, 36.667385 ], [ -83.529612, 36.666184 ], [ -83.648314, 36.622683 ], [ -83.690714, 36.582581 ], [ -86.507771, 36.652445 ], [ -86.564143, 36.633472 ], [ -86.589906, 36.652486 ], [ -87.853204, 36.633247 ], [ -87.849567, 36.663701 ], [ -88.070532, 36.678118 ], [ -88.032489, 36.540662 ], [ -88.053205, 36.497129 ], [ -89.417275, 36.499011 ] ] ], [ [ [ -89.571509, 36.552569 ], [ -89.546113, 36.579989 ], [ -89.484836, 36.571821 ], [ -89.47246, 36.513741 ], [ -89.539232, 36.497934 ], [ -89.571509, 36.552569 ] ] ] ] } },
{ "type": "Feature", "properties": { "map_id": "OH" }, "geometry": { "type": "MultiPolygon", "coordinates": [ [ [ [ -82.735707, 41.603361 ], [ -82.718802, 41.619629 ], [ -82.673285, 41.624158 ], [ -82.688744, 41.585896 ], [ -82.735707, 41.603361 ] ] ], [ [ [ -82.737082, 41.489406 ], [ -82.733279, 41.502757 ], [ -82.727337, 41.502579 ], [ -82.737082, 41.489406 ] ] ], [ [ [ -82.786688, 41.676779 ], [ -82.785403, 41.67908 ], [ -82.78387, 41.678605 ], [ -82.786688, 41.676779 ] ] ], [ [ [ -82.808624, 41.670664 ], [ -82.812805, 41.692002 ], [ -82.780815, 41.697645 ], [ -82.808624, 41.670664 ] ] ], [ [ [ -82.829643, 41.69081 ], [ -82.826111, 41.693487 ], [ -82.8225, 41.691826 ], [ -82.829643, 41.69081 ] ] ], [ [ [ -82.834041, 41.590399 ], [ -82.831366, 41.592121 ], [ -82.830538, 41.591635 ], [ -82.834041, 41.590399 ] ] ], [ [ [ -82.835577, 41.710823 ], [ -82.82572, 41.72281 ], [ -82.810487, 41.720524 ], [ -82.808869, 41.708333 ], [ -82.835577, 41.710823 ] ] ], [ [ [ -82.834662, 41.629331 ], [ -82.834092, 41.657121 ], [ -82.793069, 41.664692 ], [ -82.834662, 41.629331 ] ] ], [ [ [ -82.850301, 41.677524 ], [ -82.847966, 41.680406 ], [ -82.844615, 41.678449 ], [ -82.850301, 41.677524 ] ] ], [ [ [ -82.86833, 41.644507 ], [ -82.863276, 41.646706 ], [ -82.862065, 41.645127 ], [ -82.86833, 41.644507 ] ] ], [ [ [ -83.105837, 41.736496 ], [ -83.105003, 41.742728 ], [ -83.101284, 41.741963 ], [ -83.105837, 41.736496 ] ] ], [ [ [ -84.820157, 39.10548 ], [ -84.805972, 41.696118 ], [ -83.453832, 41.732647 ], [ -83.472489, 41.693009 ], [ -83.428017, 41.712107 ], [ -83.430156, 41.690812 ], [ -83.356951, 41.686729 ], [ -83.335609, 41.706022 ], [ -83.222745, 41.638451 ], [ -83.086036, 41.60668 ], [ -82.934369, 41.514353 ], [ -82.875229, 41.529684 ], [ -82.834101, 41.587587 ], [ -82.785496, 41.540675 ], [ -82.710935, 41.536648 ], [ -82.714237, 41.485722 ], [ -82.720779, 41.508932 ], [ -82.746352, 41.512013 ], [ -82.959042, 41.487495 ], [ -82.993095, 41.459527 ], [ -83.038198, 41.46314 ], [ -83.003525, 41.448683 ], [ -83.024893, 41.448747 ], [ -83.00957, 41.428752 ], [ -82.977096, 41.454159 ], [ -82.923185, 41.41922 ], [ -82.811714, 41.475339 ], [ -82.754671, 41.443989 ], [ -82.730659, 41.46204 ], [ -82.664586, 41.455372 ], [ -82.659748, 41.434707 ], [ -82.481214, 41.381342 ], [ -82.011966, 41.515639 ], [ -81.87736, 41.483445 ], [ -81.738755, 41.48855 ], [ -81.284129, 41.763519 ], [ -80.519425, 41.977523 ], [ -80.518991, 40.638801 ], [ -80.576736, 40.614224 ], [ -80.627171, 40.619936 ], [ -80.667957, 40.582496 ], [ -80.595494, 40.475266 ], [ -80.633596, 40.390467 ], [ -80.599895, 40.317669 ], [ -80.738604, 40.075672 ], [ -80.756432, 39.91393 ], [ -80.806018, 39.91713 ], [ -80.790761, 39.86728 ], [ -80.869092, 39.766364 ], [ -80.831871, 39.705655 ], [ -80.863698, 39.691724 ], [ -80.88036, 39.620706 ], [ -80.970436, 39.590127 ], [ -81.217315, 39.38759 ], [ -81.375961, 39.341697 ], [ -81.412706, 39.394618 ], [ -81.456143, 39.409274 ], [ -81.557547, 39.338774 ], [ -81.570247, 39.267675 ], [ -81.689483, 39.266043 ], [ -81.692395, 39.226443 ], [ -81.755754, 39.180976 ], [ -81.745453, 39.098078 ], [ -81.813855, 39.079278 ], [ -81.764253, 39.015279 ], [ -81.78182, 38.964935 ], [ -81.762659, 38.924121 ], [ -81.827354, 38.945898 ], [ -81.855971, 38.892734 ], [ -81.898541, 38.874582 ], [ -81.928, 38.893492 ], [ -81.89847, 38.929603 ], [ -81.933186, 38.987659 ], [ -82.035963, 39.025478 ], [ -82.143167, 38.898079 ], [ -82.144867, 38.84048 ], [ -82.221566, 38.787187 ], [ -82.182467, 38.708782 ], [ -82.177267, 38.603784 ], [ -82.291271, 38.578983 ], [ -82.330335, 38.4445 ], [ -82.578999, 38.407783 ], [ -82.610458, 38.471457 ], [ -82.696621, 38.542112 ], [ -82.844306, 38.590862 ], [ -82.889193, 38.756076 ], [ -83.030702, 38.72572 ], [ -83.142836, 38.625076 ], [ -83.245572, 38.627936 ], [ -83.294193, 38.596588 ], [ -83.356445, 38.654009 ], [ -83.520953, 38.703045 ], [ -83.626922, 38.679387 ], [ -83.659304, 38.628592 ], [ -83.76509, 38.652881 ], [ -83.86653, 38.7602 ], [ -83.962123, 38.787384 ], [ -84.071491, 38.770475 ], [ -84.212904, 38.805707 ], [ -84.304698, 39.006455 ], [ -84.42573, 39.053059 ], [ -84.455342, 39.12036 ], [ -84.607928, 39.073238 ], [ -84.744149, 39.147458 ], [ -84.820157, 39.10548 ] ] ] ] } },
{ "type": "Feature", "properties": { "map_id": "WI" }, "geometry": { "type": "MultiPolygon", "coordinates": [ [ [ [ -86.956167, 45.355489 ], [ -86.937393, 45.420966 ], [ -86.923498, 45.397302 ], [ -86.810055, 45.422619 ], [ -86.866455, 45.335684 ], [ -86.903169, 45.333112 ], [ -86.897074, 45.296061 ], [ -86.956167, 45.355489 ] ] ], [ [ [ -86.957222, 45.304756 ], [ -86.947601, 45.312321 ], [ -86.94416, 45.300632 ], [ -86.957222, 45.304756 ] ] ], [ [ [ -87.213853, 45.178643 ], [ -87.206693, 45.180507 ], [ -87.207882, 45.176151 ], [ -87.213853, 45.178643 ] ] ], [ [ [ -87.263261, 45.156712 ], [ -87.267777, 45.173973 ], [ -87.257794, 45.179837 ], [ -87.263261, 45.156712 ] ] ], [ [ [ -87.376778, 45.177299 ], [ -87.33416, 45.21167 ], [ -87.327286, 45.157364 ], [ -87.376778, 45.177299 ] ] ], [ [ [ -87.498379, 45.057733 ], [ -87.496415, 45.061072 ], [ -87.490151, 45.055039 ], [ -87.498379, 45.057733 ] ] ], [ [ [ -90.465465, 47.002593 ], [ -90.449075, 47.066013 ], [ -90.395367, 47.077175 ], [ -90.408817, 47.017333 ], [ -90.465465, 47.002593 ] ] ], [ [ [ -90.517057, 46.875972 ], [ -90.458535, 46.897322 ], [ -90.447731, 46.89621 ], [ -90.474417, 46.87503 ], [ -90.517057, 46.875972 ] ] ], [ [ [ -90.575506, 47.033864 ], [ -90.544876, 47.017384 ], [ -90.558674, 46.996182 ], [ -90.563316, 46.996563 ], [ -90.575506, 47.033864 ] ] ], [ [ [ -90.589431, 47.058945 ], [ -90.58958, 47.072401 ], [ -90.586517, 47.07568 ], [ -90.589431, 47.058945 ] ] ], [ [ [ -90.617447, 46.989426 ], [ -90.605972, 47.007042 ], [ -90.603172, 46.995373 ], [ -90.617447, 46.989426 ] ] ], [ [ [ -90.646378, 47.025677 ], [ -90.637077, 47.038204 ], [ -90.639723, 47.026325 ], [ -90.646378, 47.025677 ] ] ], [ [ [ -90.654263, 46.92234 ], [ -90.576465, 46.958464 ], [ -90.507098, 46.957748 ], [ -90.544515, 46.908593 ], [ -90.568894, 46.923183 ], [ -90.639087, 46.906487 ], [ -90.654263, 46.92234 ] ] ], [ [ [ -90.661202, 46.953241 ], [ -90.654922, 46.976933 ], [ -90.634122, 46.979629 ], [ -90.661202, 46.953241 ] ] ], [ [ [ -90.679314, 47.018574 ], [ -90.688679, 47.043222 ], [ -90.64678, 47.054499 ], [ -90.679314, 47.018574 ] ] ], [ [ [ -90.689674, 46.878967 ], [ -90.677906, 46.895858 ], [ -90.667441, 46.891355 ], [ -90.689674, 46.878967 ] ] ], [ [ [ -90.694778, 46.98288 ], [ -90.696564, 47.008461 ], [ -90.669205, 47.00013 ], [ -90.694778, 46.98288 ] ] ], [ [ [ -90.730039, 47.065614 ], [ -90.720772, 47.07329 ], [ -90.726738, 47.06213 ], [ -90.730039, 47.065614 ] ] ], [ [ [ -90.7632498184404, 46.833292113227387 ], [ -90.749481, 46.862469 ], [ -90.72663, 46.872355 ], [ -90.732769, 46.847562 ], [ -90.7632498184404, 46.833292113227387 ] ] ], [ [ [ -90.765289, 46.947021 ], [ -90.715645, 46.958363 ], [ -90.688988, 46.917461 ], [ -90.736696, 46.913442 ], [ -90.765289, 46.947021 ] ] ], [ [ [ -90.776924, 47.024323 ], [ -90.745651, 47.026409 ], [ -90.748734, 46.99889 ], [ -90.767982, 47.002327 ], [ -90.776924, 47.024323 ] ] ], [ [ [ -90.791562, 46.784983 ], [ -90.622048, 46.872872 ], [ -90.570006, 46.849696 ], [ -90.673847, 46.81967 ], [ -90.657179, 46.7888 ], [ -90.716456, 46.785418 ], [ -90.763647, 46.754927 ], [ -90.787894, 46.752773 ], [ -90.791562, 46.784983 ] ] ], [ [ [ -90.789719, 46.969971 ], [ -90.797223, 46.979957 ], [ -90.784496, 46.978234 ], [ -90.789719, 46.969971 ] ] ], [ [ [ -90.876335, 46.984962 ], [ -90.851267, 46.985388 ], [ -90.856346, 46.976395 ], [ -90.876335, 46.984962 ] ] ], [ [ [ -90.982101, 46.985855 ], [ -90.930896, 47.002097 ], [ -90.931956, 46.963117 ], [ -90.965827, 46.962191 ], [ -90.982101, 46.985855 ] ] ], [ [ [ -91.038074, 46.942172 ], [ -91.034271, 46.944282 ], [ -91.03641, 46.940874 ], [ -91.038074, 46.942172 ] ] ], [ [ [ -92.881136, 45.573409 ], [ -92.869193, 45.717568 ], [ -92.784621, 45.764196 ], [ -92.712503, 45.891705 ], [ -92.638824, 45.934166 ], [ -92.551933, 45.951651 ], [ -92.527052, 45.983245 ], [ -92.469354, 45.973811 ], [ -92.428555, 46.024241 ], [ -92.35176, 46.015685 ], [ -92.332912, 46.062697 ], [ -92.294033, 46.074377 ], [ -92.291292, 46.668142 ], [ -92.270592, 46.650741 ], [ -92.207092, 46.651941 ], [ -92.176091, 46.686341 ], [ -92.204691, 46.704041 ], [ -92.146291, 46.71594 ], [ -92.10819, 46.74914 ], [ -91.952588, 46.680871 ], [ -91.790132, 46.694675 ], [ -91.368819, 46.793836 ], [ -91.186561, 46.885732 ], [ -91.190259, 46.84841 ], [ -91.140165, 46.873201 ], [ -91.10549, 46.85762 ], [ -90.968419, 46.94391 ], [ -90.921811, 46.931322 ], [ -90.855874, 46.962232 ], [ -90.751031, 46.887963 ], [ -90.885021, 46.756341 ], [ -90.853829, 46.693457 ], [ -90.911281, 46.663083 ], [ -90.945063, 46.588974 ], [ -90.905572, 46.583524 ], [ -90.770192, 46.636127 ], [ -90.737648, 46.655323 ], [ -90.74809, 46.669817 ], [ -90.712216, 46.665926 ], [ -90.808685, 46.729386 ], [ -90.784425, 46.729375 ], [ -90.558141, 46.586384 ], [ -90.418136, 46.566094 ], [ -90.39332, 46.532615 ], [ -90.331887, 46.553278 ], [ -90.316983, 46.517319 ], [ -90.277131, 46.524487 ], [ -90.272976, 46.505139 ], [ -90.216594, 46.501759 ], [ -90.120489, 46.336852 ], [ -89.09163, 46.138505 ], [ -88.816026, 46.020586 ], [ -88.796182, 46.033712 ], [ -88.780156, 46.015395 ], [ -88.739994, 46.027308 ], [ -88.679132, 46.013538 ], [ -88.670827, 45.988547 ], [ -88.616405, 45.9877 ], [ -88.60144, 46.017599 ], [ -88.589, 46.005077 ], [ -88.514601, 46.019926 ], [ -88.492495, 45.992157 ], [ -88.458658, 45.999391 ], [ -88.416914, 45.975323 ], [ -88.380183, 45.991654 ], [ -88.326953, 45.955071 ], [ -88.189789, 45.952208 ], [ -88.102908, 45.921869 ], [ -88.101814, 45.883504 ], [ -88.070001, 45.87381 ], [ -88.135067, 45.821694 ], [ -88.103247, 45.791361 ], [ -88.070555, 45.779937 ], [ -87.991447, 45.795393 ], [ -87.963452, 45.75822 ], [ -87.877583, 45.754488 ], [ -87.805867, 45.706841 ], [ -87.781007, 45.673934 ], [ -87.824102, 45.647138 ], [ -87.777199, 45.588499 ], [ -87.792372, 45.563055 ], [ -87.833591, 45.562529 ], [ -87.792769, 45.499967 ], [ -87.861697, 45.434473 ], [ -87.849322, 45.403872 ], [ -87.888052, 45.354697 ], [ -87.870238, 45.366436 ], [ -87.850133, 45.340435 ], [ -87.754104, 45.349442 ], [ -87.693956, 45.389893 ], [ -87.657349, 45.368752 ], [ -87.648126, 45.339396 ], [ -87.71045, 45.259324 ], [ -87.736509, 45.173389 ], [ -87.575283, 45.070454 ], [ -87.610395, 45.075617 ], [ -87.630298, 44.976865 ], [ -87.766872, 44.965254 ], [ -87.839028, 44.931718 ], [ -87.832764, 44.880939 ], [ -87.983494, 44.720196 ], [ -87.977033, 44.653319 ], [ -87.995433, 44.673319 ], [ -88.009766, 44.637081 ], [ -87.983103, 44.600092 ], [ -87.98046, 44.586377 ], [ -88.013497, 44.61447 ], [ -88.043445, 44.569786 ], [ -88.008702, 44.541714 ], [ -87.943801, 44.529693 ], [ -87.863996, 44.615485 ], [ -87.765774, 44.642023 ], [ -87.720889, 44.724548 ], [ -87.578305, 44.853383 ], [ -87.550288, 44.85129 ], [ -87.556677, 44.8249 ], [ -87.533953, 44.857253 ], [ -87.504149, 44.856247 ], [ -87.518842, 44.872031 ], [ -87.48561, 44.854562 ], [ -87.433128, 44.892741 ], [ -87.385547, 44.831137 ], [ -87.405005, 44.911806 ], [ -87.321351, 45.038215 ], [ -87.284058, 45.04649 ], [ -87.236997, 45.169449 ], [ -87.172586, 45.151349 ], [ -87.167179, 45.183594 ], [ -87.119972, 45.191103 ], [ -87.108743, 45.257003 ], [ -87.077514, 45.252669 ], [ -87.067443, 45.29582 ], [ -86.983355, 45.295368 ], [ -86.981379, 45.217749 ], [ -87.035207, 45.229574 ], [ -87.028847, 45.14637 ], [ -87.081317, 45.141794 ], [ -87.048027, 45.087758 ], [ -87.092726, 45.092651 ], [ -87.07894, 45.05774 ], [ -87.123149, 45.065966 ], [ -87.139384, 45.012565 ], [ -87.189407, 44.968632 ], [ -87.1717, 44.931476 ], [ -87.215977, 44.906597 ], [ -87.204545, 44.875593 ], [ -87.267441, 44.846851 ], [ -87.318539, 44.788504 ], [ -87.468093, 44.551925 ], [ -87.545382, 44.321385 ], [ -87.512903, 44.192808 ], [ -87.646583, 44.104694 ], [ -87.736178, 43.880421 ], [ -87.695881, 43.765388 ], [ -87.702685, 43.687596 ], [ -87.790135, 43.563054 ], [ -87.79169, 43.492244 ], [ -87.872504, 43.380178 ], [ -87.911787, 43.250406 ], [ -87.881085, 43.170609 ], [ -87.900485, 43.12591 ], [ -87.863806, 43.070622 ], [ -87.89748, 43.020091 ], [ -87.845018, 42.961132 ], [ -87.824481, 42.834744 ], [ -87.757913, 42.782136 ], [ -87.817125, 42.635452 ], [ -87.802091, 42.492576 ], [ -90.642843, 42.508481 ], [ -90.709204, 42.636078 ], [ -90.949213, 42.685573 ], [ -91.053733, 42.738238 ], [ -91.100565, 42.883078 ], [ -91.14556, 42.90798 ], [ -91.179457, 43.067427 ], [ -91.175253, 43.134665 ], [ -91.057918, 43.255366 ], [ -91.107237, 43.313645 ], [ -91.21477, 43.365874 ], [ -91.217353, 43.512474 ], [ -91.273252, 43.666623 ], [ -91.244135, 43.774667 ], [ -91.284138, 43.847065 ], [ -91.43738, 43.999962 ], [ -91.59207, 44.031372 ], [ -91.721552, 44.130342 ], [ -91.875158, 44.200575 ], [ -91.918625, 44.322671 ], [ -91.9636, 44.362112 ], [ -92.232472, 44.445434 ], [ -92.336114, 44.554004 ], [ -92.54806, 44.567792 ], [ -92.569434, 44.603539 ], [ -92.621456, 44.615017 ], [ -92.632105, 44.649027 ], [ -92.807317, 44.750364 ], [ -92.750645, 44.937299 ], [ -92.76206, 45.02432 ], [ -92.803079, 45.060978 ], [ -92.739584, 45.115598 ], [ -92.766808, 45.185466 ], [ -92.761868, 45.287013 ], [ -92.650422, 45.398507 ], [ -92.646602, 45.441635 ], [ -92.770223, 45.566939 ], [ -92.881136, 45.573409 ] ] ] ] } },
{ "type": "Feature", "properties": { "map_id": "OR" }, "geometry": { "type": "MultiPolygon", "coordinates": [ [ [ [ -123.583745, 46.248998 ], [ -123.591393, 46.25235 ], [ -123.572962, 46.249807 ], [ -123.583745, 46.248998 ] ] ], [ [ [ -123.650637, 46.244072 ], [ -123.644819, 46.249477 ], [ -123.641506, 46.24886 ], [ -123.650637, 46.244072 ] ] ], [ [ [ -123.97831, 46.261204 ], [ -123.967684, 46.265605 ], [ -123.964669, 46.263983 ], [ -123.97831, 46.261204 ] ] ], [ [ [ -124.028331, 46.273967 ], [ -124.023815, 46.292035 ], [ -124.002899, 46.265916 ], [ -124.028331, 46.273967 ] ] ], [ [ [ -124.323765, 42.064438 ], [ -124.321769, 42.067305 ], [ -124.322087, 42.064226 ], [ -124.323765, 42.064438 ] ] ], [ [ [ -124.42693, 42.312846 ], [ -124.425349, 42.315299 ], [ -124.425038, 42.312826 ], [ -124.42693, 42.312846 ] ] ], [ [ [ -124.476971, 42.666151 ], [ -124.474892, 42.668029 ], [ -124.475862, 42.665495 ], [ -124.476971, 42.666151 ] ] ], [ [ [ -124.564595, 42.840876 ], [ -124.446875, 43.031808 ], [ -124.38246, 43.270167 ], [ -124.402814, 43.305872 ], [ -124.315012, 43.388389 ], [ -124.232025, 43.562393 ], [ -124.150267, 43.91085 ], [ -124.058281, 44.658866 ], [ -124.079249, 44.6772 ], [ -124.057901, 44.735163 ], [ -124.074066, 44.798107 ], [ -124.025136, 44.928175 ], [ -123.962887, 45.280218 ], [ -123.972899, 45.33689 ], [ -124.007756, 45.336813 ], [ -123.965728, 45.386242 ], [ -123.97865, 45.486854 ], [ -123.939653, 45.688975 ], [ -123.946027, 45.733249 ], [ -123.982578, 45.761815 ], [ -123.962736, 45.869974 ], [ -123.993703, 45.946431 ], [ -123.937471, 45.977306 ], [ -123.92933, 46.041978 ], [ -124.012634, 46.23685 ], [ -123.989817, 46.209224 ], [ -123.854801, 46.157342 ], [ -123.838415, 46.171051 ], [ -123.864209, 46.189527 ], [ -123.757589, 46.213001 ], [ -123.69343, 46.189812 ], [ -123.666751, 46.218228 ], [ -123.619512, 46.21531 ], [ -123.501245, 46.271004 ], [ -123.447592, 46.249832 ], [ -123.430987, 46.181571 ], [ -123.371433, 46.146372 ], [ -123.280166, 46.144843 ], [ -123.166414, 46.188973 ], [ -123.115904, 46.185268 ], [ -122.904119, 46.083734 ], [ -122.813998, 45.960984 ], [ -122.795605, 45.81 ], [ -122.761451, 45.759163 ], [ -122.76381, 45.657138 ], [ -122.643907, 45.609739 ], [ -122.438674, 45.563585 ], [ -122.380302, 45.575941 ], [ -122.294901, 45.543541 ], [ -121.983038, 45.622812 ], [ -121.811304, 45.706761 ], [ -121.707358, 45.694809 ], [ -121.533106, 45.726541 ], [ -121.423592, 45.69399 ], [ -121.33777, 45.704949 ], [ -121.215779, 45.671238 ], [ -121.196556, 45.616689 ], [ -121.167852, 45.606098 ], [ -121.06437, 45.652549 ], [ -120.895575, 45.642945 ], [ -120.634968, 45.745847 ], [ -120.559465, 45.738348 ], [ -120.482362, 45.694449 ], [ -120.40396, 45.699249 ], [ -120.210754, 45.725951 ], [ -120.170453, 45.761951 ], [ -119.965744, 45.824365 ], [ -119.669877, 45.856867 ], [ -119.600549, 45.919581 ], [ -119.487829, 45.906307 ], [ -119.25715, 45.939926 ], [ -119.12612, 45.932859 ], [ -118.987129, 45.999855 ], [ -116.915989, 45.995413 ], [ -116.782676, 45.825376 ], [ -116.711822, 45.826267 ], [ -116.665344, 45.781998 ], [ -116.593004, 45.778541 ], [ -116.546643, 45.750972 ], [ -116.535396, 45.691734 ], [ -116.463635, 45.602785 ], [ -116.528558, 45.551078 ], [ -116.554829, 45.46293 ], [ -116.673793, 45.321511 ], [ -116.729607, 45.142091 ], [ -116.847944, 45.022602 ], [ -116.856964, 44.975173 ], [ -116.826271, 44.982493 ], [ -116.852427, 44.887577 ], [ -116.9347, 44.783881 ], [ -117.062273, 44.727143 ], [ -117.149242, 44.536151 ], [ -117.225076, 44.482346 ], [ -117.215072, 44.427162 ], [ -117.242675, 44.396548 ], [ -117.189769, 44.336585 ], [ -117.222647, 44.297578 ], [ -117.198147, 44.273828 ], [ -117.143394, 44.258262 ], [ -117.104208, 44.27994 ], [ -117.05303, 44.229076 ], [ -117.031862, 44.248635 ], [ -116.975905, 44.242844 ], [ -116.971675, 44.197256 ], [ -116.925392, 44.191544 ], [ -116.894083, 44.160191 ], [ -116.933704, 44.100039 ], [ -116.977351, 44.085364 ], [ -116.935584, 43.986874 ], [ -116.97618, 43.974719 ], [ -116.958752, 43.923246 ], [ -117.032881, 43.830025 ], [ -117.026197, 41.99989 ], [ -124.211605, 41.99846 ], [ -124.354027, 42.103539 ], [ -124.361009, 42.180752 ], [ -124.414149, 42.252164 ], [ -124.411815, 42.307393 ], [ -124.433063, 42.323976 ], [ -124.401177, 42.627192 ], [ -124.473864, 42.732671 ], [ -124.513663, 42.732949 ], [ -124.564595, 42.840876 ] ] ] ] } },
{ "type": "Feature", "properties": { "map_id": "ND" }, "geometry": { "type": "Polygon", "coordinates": [ [ [ -104.045443, 45.94531 ], [ -104.048736, 48.999877 ], [ -97.228722, 49.000562 ], [ -97.234054, 48.947611 ], [ -97.17779, 48.875312 ], [ -97.190313, 48.815714 ], [ -97.15876, 48.810931 ], [ -97.18123, 48.79789 ], [ -97.147281, 48.78114 ], [ -97.152997, 48.752844 ], [ -97.090328, 48.684512 ], [ -97.120408, 48.618017 ], [ -97.149798, 48.612724 ], [ -97.14917, 48.570014 ], [ -97.175329, 48.562461 ], [ -97.138345, 48.554395 ], [ -97.166027, 48.549185 ], [ -97.154058, 48.521926 ], [ -97.126864, 48.519758 ], [ -97.149949, 48.511986 ], [ -97.13224, 48.488436 ], [ -97.162668, 48.477783 ], [ -97.128115, 48.473596 ], [ -97.150542, 48.441203 ], [ -97.126572, 48.443131 ], [ -97.145751, 48.43027 ], [ -97.122453, 48.418276 ], [ -97.140377, 48.421574 ], [ -97.154845, 48.417463 ], [ -97.131479, 48.406586 ], [ -97.16329, 48.391987 ], [ -97.133377, 48.382026 ], [ -97.156276, 48.366198 ], [ -97.112231, 48.296472 ], [ -97.145112, 48.267743 ], [ -97.122954, 48.261666 ], [ -97.144423, 48.233187 ], [ -97.120749, 48.225826 ], [ -97.137191, 48.226951 ], [ -97.151746, 48.218932 ], [ -97.135056, 48.220648 ], [ -97.117838, 48.209764 ], [ -97.138953, 48.217075 ], [ -97.146331, 48.168583 ], [ -97.12102, 48.159086 ], [ -97.146667, 48.143203 ], [ -97.122326, 48.138597 ], [ -97.072257, 48.048068 ], [ -97.054554, 47.946279 ], [ -97.017754, 47.919778 ], [ -97.023156, 47.873978 ], [ -96.974184, 47.822978 ], [ -96.991007, 47.807672 ], [ -96.935174, 47.767466 ], [ -96.930853, 47.715387 ], [ -96.851051, 47.59794 ], [ -96.868372, 47.565768 ], [ -96.847499, 47.566226 ], [ -96.845383, 47.539563 ], [ -96.871026, 47.527867 ], [ -96.84228, 47.508636 ], [ -96.871663, 47.419392 ], [ -96.837444, 47.389274 ], [ -96.858211, 47.367602 ], [ -96.8288, 47.328138 ], [ -96.844711, 47.192902 ], [ -96.821555, 47.184314 ], [ -96.841101, 47.151401 ], [ -96.812726, 47.038271 ], [ -96.839548, 47.006728 ], [ -96.791758, 46.928465 ], [ -96.753257, 46.924563 ], [ -96.802544, 46.811521 ], [ -96.775686, 46.766043 ], [ -96.797941, 46.629113 ], [ -96.741887, 46.56423 ], [ -96.721897, 46.440077 ], [ -96.645372, 46.350847 ], [ -96.599761, 46.330386 ], [ -96.592682, 46.175211 ], [ -96.554507, 46.083978 ], [ -96.57794, 46.026874 ], [ -96.563672, 45.935239 ], [ -104.045443, 45.94531 ] ] ] } },
{ "type": "Feature", "properties": { "map_id": "AR" }, "geometry": { "type": "Polygon", "coordinates": [ [ [ -94.617832966601298, 36.499414120328503 ], [ -90.152481, 36.497952 ], [ -90.138512, 36.413952 ], [ -90.064514, 36.382085 ], [ -90.06398, 36.303038 ], [ -90.126366, 36.229367 ], [ -90.220425, 36.184764 ], [ -90.235585, 36.139474 ], [ -90.319168, 36.089976 ], [ -90.37789, 35.995683 ], [ -89.733095, 36.000608 ], [ -89.645346, 35.891419 ], [ -89.741241, 35.906749 ], [ -89.772467, 35.865098 ], [ -89.706085, 35.81826 ], [ -89.781793, 35.805084 ], [ -89.821216, 35.756716 ], [ -89.877256, 35.741369 ], [ -89.909996, 35.759396 ], [ -89.956254, 35.733386 ], [ -89.931036, 35.660044 ], [ -89.851176, 35.657432 ], [ -89.856619, 35.634444 ], [ -89.956749, 35.590511 ], [ -89.909022, 35.520548 ], [ -89.94801, 35.52009 ], [ -89.989363, 35.560043 ], [ -90.032938, 35.55344 ], [ -90.050277, 35.515275 ], [ -90.018842, 35.464816 ], [ -90.041563, 35.39662 ], [ -90.069283, 35.408306 ], [ -90.067798, 35.466224 ], [ -90.098719, 35.478595 ], [ -90.179265, 35.385194 ], [ -90.13551, 35.376668 ], [ -90.130475, 35.413745 ], [ -90.074992, 35.384152 ], [ -90.109093, 35.304987 ], [ -90.158913, 35.300637 ], [ -90.168794, 35.279088 ], [ -90.07875, 35.227806 ], [ -90.117393, 35.18789 ], [ -90.065392, 35.137691 ], [ -90.100593, 35.116691 ], [ -90.165328, 35.125228 ], [ -90.209397, 35.026546 ], [ -90.295596, 35.040093 ], [ -90.309297, 34.995694 ], [ -90.244725, 34.921031 ], [ -90.313476, 34.871698 ], [ -90.307384, 34.846195 ], [ -90.34038, 34.860357 ], [ -90.414864, 34.831846 ], [ -90.438313, 34.884581 ], [ -90.479872, 34.883264 ], [ -90.452479, 34.739898 ], [ -90.520181, 34.731902 ], [ -90.500994, 34.771187 ], [ -90.522892, 34.802265 ], [ -90.568081, 34.724802 ], [ -90.538974, 34.698783 ], [ -90.471185, 34.699066 ], [ -90.466041, 34.674312 ], [ -90.532188, 34.627487 ], [ -90.554129, 34.640871 ], [ -90.549856, 34.695478 ], [ -90.588419, 34.670963 ], [ -90.587224, 34.615732 ], [ -90.540736, 34.548085 ], [ -90.588942, 34.491097 ], [ -90.571145, 34.420319 ], [ -90.658542, 34.375705 ], [ -90.661395, 34.315398 ], [ -90.693129, 34.32257 ], [ -90.676245, 34.371111 ], [ -90.765764, 34.362109 ], [ -90.743082, 34.302257 ], [ -90.828267, 34.27365 ], [ -90.847808, 34.20653 ], [ -90.929015, 34.244541 ], [ -90.916048, 34.196916 ], [ -90.816572, 34.183023 ], [ -90.810884, 34.155903 ], [ -90.847168, 34.136884 ], [ -90.91001, 34.165508 ], [ -90.9543, 34.138498 ], [ -90.946323, 34.109374 ], [ -90.870528, 34.080516 ], [ -90.89242, 34.02686 ], [ -90.987948, 34.019038 ], [ -90.967632, 33.963324 ], [ -91.000108, 33.966428 ], [ -91.01889, 34.003151 ], [ -91.087921, 33.975335 ], [ -91.010318, 33.929352 ], [ -91.073011, 33.857449 ], [ -90.988466, 33.78453 ], [ -91.023285, 33.762991 ], [ -91.132185, 33.78342 ], [ -91.146618, 33.732456 ], [ -91.117733, 33.705342 ], [ -91.059891, 33.714816 ], [ -91.03146, 33.678142 ], [ -91.09404, 33.658351 ], [ -91.160866, 33.707096 ], [ -91.229015, 33.677543 ], [ -91.130445, 33.606034 ], [ -91.231418, 33.560593 ], [ -91.182901, 33.502379 ], [ -91.235181, 33.438972 ], [ -91.177293, 33.443638 ], [ -91.167403, 33.498304 ], [ -91.117975, 33.453807 ], [ -91.208113, 33.402007 ], [ -91.140938, 33.380477 ], [ -91.086498, 33.451576 ], [ -91.057621, 33.445341 ], [ -91.142219, 33.348989 ], [ -91.106142, 33.241799 ], [ -91.07853, 33.283306 ], [ -91.043624, 33.274636 ], [ -91.091711, 33.220813 ], [ -91.089862, 33.139655 ], [ -91.20178, 33.125121 ], [ -91.121195, 33.059166 ], [ -91.166073, 33.004106 ], [ -94.042964, 33.019219 ], [ -94.04345, 33.552253 ], [ -94.082641, 33.575492 ], [ -94.128658, 33.550952 ], [ -94.183913, 33.594682 ], [ -94.217198, 33.580737 ], [ -94.194399, 33.573678 ], [ -94.196395, 33.555123 ], [ -94.250197, 33.556765 ], [ -94.242777, 33.589709 ], [ -94.275601, 33.557964 ], [ -94.289129, 33.582144 ], [ -94.309582, 33.551673 ], [ -94.344023, 33.567824 ], [ -94.381667, 33.544035 ], [ -94.401616, 33.559378 ], [ -94.382887, 33.583268 ], [ -94.412175, 33.568691 ], [ -94.471974, 33.602665 ], [ -94.448637, 33.642766 ], [ -94.485875, 33.637867 ], [ -94.430662, 35.392478 ], [ -94.617832966601298, 36.499414120328503 ] ] ] } },
{ "type": "Feature", "properties": { "map_id": "IN" }, "geometry": { "type": "Polygon", "coordinates": [ [ [ -88.09776, 37.904026 ], [ -88.015155, 37.890792 ], [ -88.022513, 37.914756 ], [ -88.069613, 37.926848 ], [ -88.035345, 37.925528 ], [ -88.012929, 37.966544 ], [ -88.007631, 38.029145 ], [ -88.042132, 38.046345 ], [ -87.967226, 38.067105 ], [ -87.960463, 38.099086 ], [ -88.004697, 38.083965 ], [ -88.013118, 38.103527 ], [ -87.911428, 38.16174 ], [ -87.934299, 38.156459 ], [ -87.975819, 38.197834 ], [ -87.987618, 38.257381 ], [ -87.960225, 38.237118 ], [ -87.933556, 38.295896 ], [ -87.909536, 38.296061 ], [ -87.91111, 38.268031 ], [ -87.870537, 38.31222 ], [ -87.859651, 38.276711 ], [ -87.838979, 38.282327 ], [ -87.823411, 38.345968 ], [ -87.745254, 38.408996 ], [ -87.730369, 38.447884 ], [ -87.755355, 38.46396 ], [ -87.650092, 38.504606 ], [ -87.670071, 38.545237 ], [ -87.637627, 38.592654 ], [ -87.61196, 38.589248 ], [ -87.62012, 38.639489 ], [ -87.531231, 38.684036 ], [ -87.496076, 38.742113 ], [ -87.525893, 38.848795 ], [ -87.553394, 38.86241 ], [ -87.512187, 38.954417 ], [ -87.576531, 38.986711 ], [ -87.572588, 39.057286 ], [ -87.614881, 39.102655 ], [ -87.652796, 39.106839 ], [ -87.6351, 39.122298 ], [ -87.658745, 39.135997 ], [ -87.574558, 39.218404 ], [ -87.571333, 39.251381 ], [ -87.604947, 39.260212 ], [ -87.597323, 39.296957 ], [ -87.620485, 39.307133 ], [ -87.531646, 39.348062 ], [ -87.524165, 41.708314 ], [ -87.470742, 41.672835 ], [ -87.415816, 41.688183 ], [ -87.420765, 41.641011 ], [ -87.299023, 41.619093 ], [ -87.09905, 41.65177 ], [ -86.824828, 41.76024 ], [ -84.805883, 41.760216 ], [ -84.820157, 39.10548 ], [ -84.896911, 39.057474 ], [ -84.829857, 38.969385 ], [ -84.877029, 38.909016 ], [ -84.785234, 38.880439 ], [ -84.829958, 38.830632 ], [ -84.812877, 38.786087 ], [ -84.991927, 38.778537 ], [ -85.173048, 38.688022 ], [ -85.268495, 38.740165 ], [ -85.436299, 38.728484 ], [ -85.456481, 38.685069 ], [ -85.422441, 38.532931 ], [ -85.498866, 38.468242 ], [ -85.604457, 38.44082 ], [ -85.683561, 38.295469 ], [ -85.745077, 38.26719 ], [ -85.781027, 38.288476 ], [ -85.829216, 38.276508 ], [ -85.903873, 38.174142 ], [ -85.925654, 38.021784 ], [ -86.029509, 37.99264 ], [ -86.042307, 37.958171 ], [ -86.086341, 38.004931 ], [ -86.176557, 38.01023 ], [ -86.267203, 38.056798 ], [ -86.272847, 38.140835 ], [ -86.357717, 38.198807 ], [ -86.377434, 38.171379 ], [ -86.323847, 38.138412 ], [ -86.401879, 38.104329 ], [ -86.463248, 38.119278 ], [ -86.430091, 38.078638 ], [ -86.452192, 38.05049 ], [ -86.521825, 38.038327 ], [ -86.50662, 37.930719 ], [ -86.588581, 37.921159 ], [ -86.598108, 37.867382 ], [ -86.638265, 37.842718 ], [ -86.661637, 37.849714 ], [ -86.647081, 37.908621 ], [ -86.73146, 37.89434 ], [ -86.820071, 37.999392 ], [ -86.917949, 37.93724 ], [ -87.034166, 37.906265 ], [ -87.065908, 37.807588 ], [ -87.111008, 37.782354 ], [ -87.162319, 37.840159 ], [ -87.220342, 37.849081 ], [ -87.385434, 37.93767 ], [ -87.447786, 37.942427 ], [ -87.511499, 37.906426 ], [ -87.590023, 37.975472 ], [ -87.628389, 37.927563 ], [ -87.583737, 37.87808 ], [ -87.615399, 37.831974 ], [ -87.675538, 37.831732 ], [ -87.67573, 37.90193 ], [ -87.830578, 37.876516 ], [ -87.898062, 37.927514 ], [ -87.940839, 37.883338 ], [ -87.904595, 37.812526 ], [ -87.95259, 37.771742 ], [ -88.090039, 37.816771 ], [ -88.025921, 37.832694 ], [ -88.09776, 37.904026 ] ] ] } },
{ "type": "Feature", "properties": { "map_id": "MN" }, "geometry": { "type": "MultiPolygon", "coordinates": [ [ [ [ -89.586394, 47.958782 ], [ -89.574896, 47.980676 ], [ -89.553486, 47.973339 ], [ -89.586394, 47.958782 ] ] ], [ [ [ -89.660247, 47.950726 ], [ -89.661642, 47.954964 ], [ -89.654832, 47.952594 ], [ -89.660247, 47.950726 ] ] ], [ [ [ -91.553193, 47.087631 ], [ -91.551738, 47.090585 ], [ -91.551579, 47.087343 ], [ -91.553193, 47.087631 ] ] ], [ [ [ -91.772224, 46.945952 ], [ -91.77249, 46.947012 ], [ -91.771683, 46.946839 ], [ -91.772224, 46.945952 ] ] ], [ [ [ -97.239209, 48.968684 ], [ -97.228439, 49.000674 ], [ -95.153711, 48.998903 ], [ -95.153314, 49.384358 ], [ -95.058404, 49.35317 ], [ -94.957465, 49.370186 ], [ -94.816222, 49.320987 ], [ -94.798083, 49.197871 ], [ -94.684347, 48.883958 ], [ -94.694347, 48.782184 ], [ -94.645387, 48.744079 ], [ -94.533323, 48.701232 ], [ -94.452332, 48.692444 ], [ -94.416191, 48.710948 ], [ -94.290737, 48.707747 ], [ -94.224276, 48.649527 ], [ -93.840754, 48.628548 ], [ -93.794454, 48.516021 ], [ -93.656652, 48.515731 ], [ -93.467504, 48.545664 ], [ -93.464308, 48.591792 ], [ -93.254854, 48.642784 ], [ -93.178095, 48.623339 ], [ -92.954876, 48.631493 ], [ -92.949839, 48.608269 ], [ -92.728046, 48.53929 ], [ -92.634931, 48.542873 ], [ -92.627237, 48.503383 ], [ -92.698824, 48.494892 ], [ -92.712562, 48.463013 ], [ -92.656027, 48.436709 ], [ -92.507285, 48.447875 ], [ -92.456325, 48.414204 ], [ -92.469948, 48.351836 ], [ -92.369174, 48.220268 ], [ -92.269742, 48.248241 ], [ -92.306309, 48.316442 ], [ -92.26228, 48.354933 ], [ -92.055228, 48.359213 ], [ -92.046562, 48.33474 ], [ -92.000133, 48.321355 ], [ -92.006577, 48.265421 ], [ -91.976903, 48.244626 ], [ -91.954432, 48.251678 ], [ -91.957798, 48.232989 ], [ -91.89347, 48.237699 ], [ -91.864382, 48.207031 ], [ -91.714931, 48.19913 ], [ -91.711986, 48.114713 ], [ -91.682845, 48.122118 ], [ -91.640175, 48.096926 ], [ -91.559272, 48.108268 ], [ -91.567254, 48.043719 ], [ -91.488646, 48.068065 ], [ -91.429642, 48.048608 ], [ -91.26638, 48.078713 ], [ -91.082731, 48.180756 ], [ -90.88548, 48.245784 ], [ -90.839176, 48.239511 ], [ -90.836313, 48.176963 ], [ -90.777917, 48.163801 ], [ -90.79797, 48.136894 ], [ -90.751608, 48.090968 ], [ -90.579897, 48.123922 ], [ -90.556838, 48.096008 ], [ -90.467712, 48.108818 ], [ -90.374542, 48.090942 ], [ -90.136191, 48.112136 ], [ -90.023595, 48.084708 ], [ -89.99305, 48.028404 ], [ -89.897414, 47.987599 ], [ -89.763967, 48.022969 ], [ -89.651065, 48.003625 ], [ -89.610351, 48.01778 ], [ -89.581007, 47.995899 ], [ -89.491739, 48.005212 ], [ -89.589689, 47.980583 ], [ -89.623772, 47.994709 ], [ -89.649591, 47.97929 ], [ -89.639545, 47.95359 ], [ -89.676109, 47.965403 ], [ -89.756814, 47.904388 ], [ -89.923649, 47.862062 ], [ -89.974296, 47.830514 ], [ -90.437712, 47.731612 ], [ -90.777003, 47.60623 ], [ -91.045646, 47.456525 ], [ -91.465005, 47.1319 ], [ -91.573817, 47.089917 ], [ -91.636671, 47.027363 ], [ -91.704649, 47.005246 ], [ -91.779957, 46.943374 ], [ -92.08534, 46.795767 ], [ -92.076861, 46.758951 ], [ -92.01529, 46.706469 ], [ -92.11659, 46.74864 ], [ -92.146291, 46.71594 ], [ -92.204691, 46.704041 ], [ -92.176091, 46.686341 ], [ -92.207092, 46.651941 ], [ -92.270592, 46.650741 ], [ -92.291292, 46.668142 ], [ -92.294033, 46.074377 ], [ -92.332912, 46.062697 ], [ -92.35176, 46.015685 ], [ -92.428555, 46.024241 ], [ -92.469354, 45.973811 ], [ -92.527052, 45.983245 ], [ -92.551933, 45.951651 ], [ -92.638824, 45.934166 ], [ -92.707702, 45.894901 ], [ -92.784621, 45.764196 ], [ -92.869193, 45.717568 ], [ -92.883749, 45.575483 ], [ -92.770223, 45.566939 ], [ -92.646602, 45.441635 ], [ -92.650422, 45.398507 ], [ -92.761868, 45.287013 ], [ -92.766808, 45.185466 ], [ -92.739584, 45.115598 ], [ -92.803079, 45.060978 ], [ -92.76206, 45.02432 ], [ -92.750645, 44.937299 ], [ -92.807317, 44.750364 ], [ -92.632105, 44.649027 ], [ -92.621456, 44.615017 ], [ -92.569434, 44.603539 ], [ -92.54806, 44.567792 ], [ -92.336114, 44.554004 ], [ -92.232472, 44.445434 ], [ -91.970266, 44.365842 ], [ -91.918625, 44.322671 ], [ -91.875158, 44.200575 ], [ -91.721552, 44.130342 ], [ -91.59207, 44.031372 ], [ -91.432522, 43.996827 ], [ -91.284138, 43.847065 ], [ -91.244135, 43.774667 ], [ -91.268748, 43.615348 ], [ -91.231865, 43.581822 ], [ -91.243183, 43.540309 ], [ -91.217706, 43.50055 ], [ -96.45326, 43.50039 ], [ -96.453067, 45.298115 ], [ -96.521787, 45.375645 ], [ -96.692541, 45.417338 ], [ -96.857751, 45.605962 ], [ -96.835769, 45.649648 ], [ -96.662595, 45.738682 ], [ -96.583085, 45.820024 ], [ -96.554507, 46.083978 ], [ -96.592682, 46.175211 ], [ -96.599761, 46.330386 ], [ -96.645372, 46.350847 ], [ -96.721897, 46.440077 ], [ -96.741887, 46.56423 ], [ -96.797941, 46.629113 ], [ -96.775686, 46.766043 ], [ -96.802544, 46.811521 ], [ -96.753257, 46.924563 ], [ -96.791758, 46.928465 ], [ -96.839548, 47.006728 ], [ -96.812726, 47.038271 ], [ -96.841101, 47.151401 ], [ -96.821555, 47.184314 ], [ -96.844711, 47.192902 ], [ -96.8288, 47.328138 ], [ -96.858211, 47.367602 ], [ -96.837444, 47.389274 ], [ -96.871663, 47.419392 ], [ -96.84228, 47.508636 ], [ -96.871026, 47.527867 ], [ -96.845383, 47.539563 ], [ -96.847499, 47.566226 ], [ -96.868372, 47.565768 ], [ -96.851051, 47.59794 ], [ -96.930853, 47.715387 ], [ -96.935174, 47.767466 ], [ -96.991007, 47.807672 ], [ -96.974184, 47.822978 ], [ -97.023156, 47.873978 ], [ -97.017754, 47.919778 ], [ -97.054554, 47.946279 ], [ -97.072257, 48.048068 ], [ -97.122326, 48.138597 ], [ -97.146667, 48.143203 ], [ -97.12102, 48.159086 ], [ -97.146331, 48.168583 ], [ -97.138953, 48.217075 ], [ -97.117838, 48.209764 ], [ -97.135056, 48.220648 ], [ -97.151746, 48.218932 ], [ -97.120749, 48.225826 ], [ -97.144423, 48.233187 ], [ -97.122954, 48.261666 ], [ -97.145112, 48.267743 ], [ -97.112231, 48.296472 ], [ -97.156276, 48.366198 ], [ -97.133377, 48.382026 ], [ -97.16329, 48.391987 ], [ -97.131479, 48.406586 ], [ -97.154845, 48.417463 ], [ -97.122453, 48.418276 ], [ -97.145751, 48.43027 ], [ -97.126572, 48.443131 ], [ -97.150542, 48.441203 ], [ -97.128115, 48.473596 ], [ -97.162668, 48.477783 ], [ -97.13224, 48.488436 ], [ -97.149949, 48.511986 ], [ -97.126864, 48.519758 ], [ -97.154058, 48.521926 ], [ -97.166027, 48.549185 ], [ -97.138345, 48.554395 ], [ -97.175329, 48.562461 ], [ -97.14917, 48.570014 ], [ -97.149798, 48.612724 ], [ -97.120408, 48.618017 ], [ -97.090328, 48.684512 ], [ -97.152997, 48.752844 ], [ -97.147281, 48.78114 ], [ -97.18123, 48.79789 ], [ -97.157546, 48.808704 ], [ -97.190313, 48.815714 ], [ -97.17779, 48.875312 ], [ -97.239209, 48.968684 ] ] ] ] } },
{ "type": "Feature", "properties": { "map_id": "CT" }, "geometry": { "type": "MultiPolygon", "coordinates": [ [ [ [ -72.741058, 41.252691 ], [ -72.75886, 41.253843 ], [ -72.740299, 41.256454 ], [ -72.741058, 41.252691 ] ] ], [ [ [ -72.763115, 41.258037 ], [ -72.762344, 41.260356 ], [ -72.761187, 41.258996 ], [ -72.763115, 41.258037 ] ] ], [ [ [ -73.217629, 41.142354 ], [ -73.214987, 41.144473 ], [ -73.216689, 41.141968 ], [ -73.217629, 41.142354 ] ] ], [ [ [ -73.369775, 41.088802 ], [ -73.353754, 41.087508 ], [ -73.355089, 41.083483 ], [ -73.369775, 41.088802 ] ] ], [ [ [ -73.395238, 41.064431 ], [ -73.381887, 41.072196 ], [ -73.386178, 41.058391 ], [ -73.395238, 41.064431 ] ] ], [ [ [ -73.422165, 41.047562 ], [ -73.404774, 41.06213 ], [ -73.399815, 41.062418 ], [ -73.422165, 41.047562 ] ] ], [ [ [ -73.612528, 40.987474 ], [ -73.609727, 40.990786 ], [ -73.607569, 40.990397 ], [ -73.612528, 40.987474 ] ] ], [ [ [ -73.621865, 40.98247 ], [ -73.62948, 40.983646 ], [ -73.622717, 40.984559 ], [ -73.621865, 40.98247 ] ] ], [ [ [ -73.640819, 40.989236 ], [ -73.638435, 40.994092 ], [ -73.639147, 40.989542 ], [ -73.640819, 40.989236 ] ] ], [ [ [ -73.727775, 41.100696 ], [ -73.482709, 41.21276 ], [ -73.550961, 41.295422 ], [ -73.487314, 42.049638 ], [ -72.813541, 42.036494 ], [ -72.816741, 41.997595 ], [ -72.766739, 42.002995 ], [ -72.755838, 42.036195 ], [ -71.80065, 42.023569 ], [ -71.797683, 41.416709 ], [ -71.842563, 41.409855 ], [ -71.829384, 41.342413 ], [ -71.857458, 41.320789 ], [ -71.945652, 41.337799 ], [ -72.005143, 41.306687 ], [ -72.074104, 41.318993 ], [ -72.11182, 41.299098 ], [ -72.184122, 41.323997 ], [ -72.205109, 41.285187 ], [ -72.241173, 41.300153 ], [ -72.31776, 41.277782 ], [ -72.350504, 41.31175 ], [ -72.34261, 41.268846 ], [ -72.367617, 41.263529 ], [ -72.451925, 41.278885 ], [ -72.543941, 41.248704 ], [ -72.583336, 41.271698 ], [ -72.665667, 41.270139 ], [ -72.710595, 41.24448 ], [ -72.706446, 41.259868 ], [ -72.757477, 41.266913 ], [ -72.895445, 41.243697 ], [ -72.913087, 41.296737 ], [ -73.01455, 41.204735 ], [ -73.082045, 41.192964 ], [ -73.10302, 41.151412 ], [ -73.177774, 41.166697 ], [ -73.262388, 41.118193 ], [ -73.368249, 41.107194 ], [ -73.43325, 41.055808 ], [ -73.522978, 41.037313 ], [ -73.528866, 41.016397 ], [ -73.535338, 41.03192 ], [ -73.570068, 41.001597 ], [ -73.603952, 41.015054 ], [ -73.639885, 41.003118 ], [ -73.657336, 40.985171 ], [ -73.727775, 41.100696 ] ] ] ] } },
{ "type": "Feature", "properties": { "map_id": "NL" }, "geometry": { "type": "MultiPolygon", "coordinates": [ [ [ [ -58.08866857271429, 49.032882675516269 ], [ -58.150726821583802, 49.12310949407351 ], [ -57.850057517982783, 49.175647600664703 ], [ -58.105221187197763, 49.153618092115828 ], [ -57.92588198815897, 49.249999996171312 ], [ -58.204045406119285, 49.230437310965094 ], [ -58.234807798111234, 49.394065596358111 ], [ -57.990642492599996, 49.559622499691336 ], [ -57.889235388398745, 49.43518599225758 ], [ -57.874627508367482, 49.512067704481225 ], [ -57.70487150019418, 49.454619314881597 ], [ -57.833400891188738, 49.564003694341508 ], [ -57.88600849774727, 49.520318007778322 ], [ -57.965717281152322, 49.683362396374079 ], [ -57.824392376977954, 49.866828000844116 ], [ -57.660303578844761, 49.824217200880931 ], [ -57.832982318870556, 49.914768099332981 ], [ -57.374585389568097, 50.600156194377107 ], [ -57.156527681409436, 50.61991950008197 ], [ -57.410381819383275, 50.702377503546103 ], [ -57.096079594305643, 50.782805288340001 ], [ -56.980582692452003, 50.918218287559093 ], [ -56.832913309082592, 50.916343008569172 ], [ -57.098160183358274, 51.022493606223534 ], [ -56.939816904733163, 50.992609295020294 ], [ -56.98670159409842, 51.049469402530264 ], [ -56.799700516888414, 51.135854101174324 ], [ -56.723909298295638, 51.326350313820647 ], [ -55.909164504452548, 51.628547602246989 ], [ -55.901226493782204, 51.500434592875841 ], [ -55.653501585518363, 51.466471999647105 ], [ -55.740802999007371, 51.587698709029176 ], [ -55.423645301964555, 51.584985095615146 ], [ -55.60325479863711, 51.299592084624557 ], [ -56.085753397469134, 51.364712014532721 ], [ -56.004575088881012, 51.189230391735109 ], [ -56.100556890774079, 51.132526285130844 ], [ -55.861404313411157, 51.230753810814186 ], [ -55.722653011741862, 51.18999270820273 ], [ -55.728525503484065, 51.093633204963297 ], [ -56.093592901713301, 50.721800804986174 ], [ -56.117853398895193, 50.911751088228442 ], [ -56.168311779576683, 50.868276827360276 ], [ -56.110494487384102, 50.67217670152376 ], [ -56.265009408509528, 50.617382801634143 ], [ -56.253890379728205, 50.522749907436769 ], [ -56.363028787458241, 50.531151588771579 ], [ -56.27661398581408, 50.499934107835919 ], [ -56.410368284328896, 50.376872594099247 ], [ -56.511360911613814, 50.420860800575795 ], [ -56.433428221547125, 50.331607402467341 ], [ -56.596891706250574, 50.139657294305586 ], [ -56.749204597260039, 50.13409360963189 ], [ -56.636905984657325, 50.110096001031941 ], [ -56.764190687358145, 50.025518291348391 ], [ -56.773040004152783, 49.829956210737471 ], [ -56.92346620536194, 49.7547478161881 ], [ -56.785303821955317, 49.699791398722553 ], [ -56.875291380662418, 49.536933906073592 ], [ -56.618976904757147, 49.814826608505257 ], [ -56.510358780576055, 49.822614104796109 ], [ -56.581709902644647, 49.847130491656472 ], [ -56.375168498500727, 49.891597885910208 ], [ -56.159654296097322, 50.158056987557949 ], [ -56.072373320526211, 50.074291797939715 ], [ -56.216826388778713, 49.923189790534792 ], [ -56.019964094015336, 50.038960585078556 ], [ -56.043790386803643, 49.975979806438509 ], [ -55.92903449380394, 50.038618494607732 ], [ -55.778061787425557, 49.91711959246765 ], [ -55.531741017812912, 50.004360106480135 ], [ -55.473988787639428, 49.966782191798309 ], [ -56.144962295392851, 49.69973838770823 ], [ -56.045295493862582, 49.691269091008422 ], [ -56.18576448872075, 49.573738701375007 ], [ -55.999712014251969, 49.664374388998148 ], [ -55.846511018582497, 49.6904193974474 ], [ -56.004125580226436, 49.566396907173299 ], [ -55.8226194834265, 49.606463000748889 ], [ -56.141562314904185, 49.430162991674464 ], [ -55.848323105523527, 49.531334814786696 ], [ -55.730350487149764, 49.480044295400752 ], [ -55.808294419766646, 49.440080394681992 ], [ -55.668844692780382, 49.470711286589726 ], [ -55.686304304402384, 49.380640698066998 ], [ -55.543406190898047, 49.492339889277666 ], [ -55.582259392386128, 49.356156804684488 ], [ -55.403502101768517, 49.507609903668296 ], [ -55.458150180073311, 49.421028103210922 ], [ -55.332990906078415, 49.452268502613826 ], [ -55.466723302243217, 49.351610114853251 ], [ -55.399105310911182, 49.383543598876997 ], [ -55.398635804249956, 49.322088514980592 ], [ -55.315630582293196, 49.410012295364609 ], [ -55.32488420151828, 49.302875598192259 ], [ -55.247535576266287, 49.404975803775301 ], [ -55.338363678804583, 49.535903598517642 ], [ -55.159404598647804, 49.544308294371589 ], [ -55.243447604207809, 49.256995412231952 ], [ -55.392674799694518, 49.161441690113087 ], [ -55.309260013430325, 49.071983108348533 ], [ -55.183160093512825, 49.130798592593379 ], [ -55.287772088428859, 49.096535596618011 ], [ -55.311493699391725, 49.19035479508706 ], [ -55.079668107377813, 49.268486302849119 ], [ -55.097873481592501, 49.360913206500008 ], [ -55.044990396059845, 49.217874400966387 ], [ -54.891078404419048, 49.292639102196482 ], [ -54.854239508386769, 49.41587301069282 ], [ -54.837703910314403, 49.269756809038789 ], [ -54.472111480848831, 49.569664101275706 ], [ -54.568149388072499, 49.423689606141018 ], [ -54.448533511607117, 49.481779590938125 ], [ -54.515757402846795, 49.261105803194937 ], [ -54.376128995207857, 49.43964760510228 ], [ -54.200108600862116, 49.372822397658155 ], [ -54.064683092368107, 49.482951798378565 ], [ -53.464525690046194, 49.255517789609328 ], [ -53.705190900869411, 49.090324888179168 ], [ -53.613436208324678, 49.115964407661821 ], [ -53.603852493136841, 49.035710605283491 ], [ -53.871915799361837, 49.039026802696689 ], [ -53.747116611261035, 49.008122906315066 ], [ -53.908594417078774, 48.991622994371163 ], [ -53.815477895549577, 48.934915707991074 ], [ -54.003805207068176, 48.903279211629297 ], [ -53.895073490599124, 48.893002992822566 ], [ -54.000179592798091, 48.823160711945718 ], [ -54.207502689798545, 48.805431188025565 ], [ -54.197194915821413, 48.759157793145775 ], [ -54.016368084517183, 48.815097992453417 ], [ -54.010899197623957, 48.765641288919603 ], [ -53.946388500235535, 48.840930700377179 ], [ -53.826872915027366, 48.827691506977409 ], [ -53.941641097706992, 48.800221390981648 ], [ -53.917254822284022, 48.730739996501413 ], [ -54.051713410372095, 48.740564102821487 ], [ -53.956617696751117, 48.718620695199064 ], [ -54.028250014677909, 48.672545694629285 ], [ -53.941626301357275, 48.709351797561062 ], [ -53.94960630776626, 48.67630436936021 ], [ -53.848575606676192, 48.755334607856184 ], [ -53.884568609893385, 48.700106207507154 ], [ -53.760246016712095, 48.719819204920739 ], [ -53.748598619198333, 48.650644596196642 ], [ -53.616994204405657, 48.681183505102915 ], [ -53.954503010068812, 48.580275611092816 ], [ -53.969859419018015, 48.535949303473899 ], [ -53.720905184534232, 48.566203096351622 ], [ -53.782170120021824, 48.507136399095529 ], [ -54.197075986653836, 48.384657204923947 ], [ -54.151585606966542, 48.334627607656472 ], [ -53.83034811145049, 48.476095310312772 ], [ -53.849204305426603, 48.368732106588823 ], [ -53.652577194349249, 48.540794304863155 ], [ -53.74599109759194, 48.417927408314327 ], [ -53.597766299620361, 48.532507801247633 ], [ -53.650737299443975, 48.387135296913613 ], [ -53.450202495552581, 48.625499104573834 ], [ -53.261570910622247, 48.521604799697592 ], [ -53.086982194784518, 48.703136212242399 ], [ -53.000508681394265, 48.608487300898219 ], [ -53.20665788140834, 48.349929805763288 ], [ -53.373853203640103, 48.398897189583053 ], [ -53.389712091720412, 48.274962704655664 ], [ -53.592449953644675, 48.193949100182884 ], [ -53.527253716068564, 48.197453196317639 ], [ -53.640600804378849, 48.075866907750935 ], [ -53.857667805688756, 48.090104904830802 ], [ -53.946708303106242, 48.174117993810469 ], [ -53.704266455670542, 48.187834021548916 ], [ -53.936013217928547, 48.238418701626479 ], [ -53.986314803562912, 48.182642608073422 ], [ -53.934610191035219, 48.076542603072205 ], [ -53.675239918878646, 48.06079689306479 ], [ -53.935579192148907, 48.012366090521347 ], [ -53.61306419844351, 48.05341120876637 ], [ -53.756372993967659, 47.92932739374843 ], [ -53.699511718189186, 47.893354899641984 ], [ -53.814076198502171, 47.907374588858843 ], [ -53.726563677439536, 47.888603700914175 ], [ -53.799116906358392, 47.770892612240218 ], [ -53.94343109768419, 47.854423913228345 ], [ -53.769159396010018, 47.606650403146098 ], [ -53.681411982574318, 47.687713197625889 ], [ -53.664574705630756, 47.51418271757435 ], [ -53.625178903498536, 47.563383689891602 ], [ -53.556401401511039, 47.517765013840268 ], [ -53.300730684909169, 48.008288708781862 ], [ -53.068729215303499, 48.049693392419513 ], [ -52.945055899702844, 48.173081290159963 ], [ -52.848960207158854, 48.101804995667386 ], [ -53.078554189978441, 47.938259293793784 ], [ -53.288142417352077, 47.604623592264751 ], [ -53.174517310149646, 47.606630697006899 ], [ -53.282114293901678, 47.548406799644873 ], [ -53.18540329849472, 47.571585303700715 ], [ -53.225222717577253, 47.454164793632565 ], [ -53.168627198682529, 47.508962000571309 ], [ -53.125468302663691, 47.386753715007934 ], [ -52.919731277055362, 47.540526501551057 ], [ -52.785664494219112, 47.809927010578065 ], [ -52.651892605886879, 47.620171114746022 ], [ -52.712042293628159, 47.555010607401549 ], [ -52.619366289675767, 47.523294192975357 ], [ -52.813716819593154, 47.317185403223178 ], [ -52.867936719061248, 47.099317193987808 ], [ -52.954196705303666, 47.095441009328511 ], [ -52.850676784245564, 47.069348107396976 ], [ -52.975025899409523, 47.010022388747466 ], [ -52.889718405346564, 46.975773310111407 ], [ -52.958863592528004, 46.975422687639565 ], [ -52.891509798052581, 46.941274306810854 ], [ -52.951730723482868, 46.785810297722811 ], [ -53.162213992468416, 46.624658996005074 ], [ -53.28109030741961, 46.772512514779287 ], [ -53.53259408912529, 46.613666301439046 ], [ -53.621067899589463, 46.639659900924734 ], [ -53.661681318280927, 46.821432699890515 ], [ -53.510601809893473, 46.980322892379 ], [ -53.618016895603255, 46.939747497242806 ], [ -53.656308111164101, 46.987752499154325 ], [ -53.402988718494704, 47.178761702230567 ], [ -53.553250397457298, 47.127305096521454 ], [ -53.550911709657932, 47.218884901233864 ], [ -53.960454096438689, 46.849713296817932 ], [ -54.062160094686902, 46.789301101617987 ], [ -54.198234886184487, 46.821166593910981 ], [ -54.015627094745682, 47.238331900797512 ], [ -53.840235500694156, 47.268430213759125 ], [ -53.988883520004073, 47.251948095469459 ], [ -54.005033582532349, 47.315055503266883 ], [ -53.868213696070477, 47.305174182815541 ], [ -53.92995909310131, 47.382740388299197 ], [ -53.785465981123714, 47.441599300718345 ], [ -53.923666394841412, 47.425252707849772 ], [ -53.977743594013702, 47.859502011964992 ], [ -54.044438908057131, 47.793562194368015 ], [ -54.077760992025297, 47.881445710333125 ], [ -54.099349486476804, 47.820129007905066 ], [ -54.273406206821591, 47.904646209353828 ], [ -54.21142071396347, 47.783058301759134 ], [ -54.519655279591525, 47.365121704693593 ], [ -54.613435807298686, 47.362168294168256 ], [ -54.405472384372175, 47.6158452027206 ], [ -54.631318187661385, 47.389281202556766 ], [ -54.649371603179318, 47.442932687206671 ], [ -54.828045396009536, 47.364113401780841 ], [ -54.840058076521743, 47.432842401041192 ], [ -55.060177194038246, 47.145338391348758 ], [ -55.074261898748603, 47.200671896020438 ], [ -55.246878378587176, 47.169243303106121 ], [ -55.224173904864848, 47.111923089987336 ], [ -55.090696803707935, 47.166355593374767 ], [ -55.07022229573959, 47.100758597862075 ], [ -55.171943698353267, 47.007309095288164 ], [ -55.21765588916022, 47.088661702285187 ], [ -55.264003611386073, 46.917352698536597 ], [ -55.477084322259898, 46.87668729898482 ], [ -55.541887093629597, 46.947416791852689 ], [ -55.744544995847967, 46.847070502961309 ], [ -55.968805201156307, 46.908884790863134 ], [ -55.974527684646496, 46.995183295629253 ], [ -55.772931003541942, 47.110032114478294 ], [ -55.482801915070866, 47.133173493871915 ], [ -55.197042612327635, 47.458569892003723 ], [ -54.856079489069494, 47.545349605433131 ], [ -54.874798683408073, 47.603789898797373 ], [ -54.700490803678157, 47.675534602498168 ], [ -55.092533903429128, 47.592506513059561 ], [ -54.937710002685506, 47.794597986816818 ], [ -55.118339511089616, 47.577029394792021 ], [ -55.117625592459817, 47.699369111760056 ], [ -55.182733892944306, 47.632209886548495 ], [ -55.307317102879217, 47.70129130416084 ], [ -55.384460811757428, 47.645889793456696 ], [ -55.355781496401526, 47.728559201430159 ], [ -55.409537191219798, 47.690558886474818 ], [ -55.442170986395553, 47.749999998099796 ], [ -55.409799788083589, 47.490327004889835 ], [ -55.608299492045255, 47.399136210019272 ], [ -55.593543989328843, 47.461732496297323 ], [ -55.670859790672488, 47.431098188297085 ], [ -55.580461492604236, 47.582369486053281 ], [ -55.777399300663483, 47.449364693967503 ], [ -55.71672870906599, 47.59307679310708 ], [ -55.806509514645093, 47.457088293858533 ], [ -55.939054402107061, 47.438450505810984 ], [ -55.722200201385078, 47.618588286903488 ], [ -55.983915094372144, 47.498173900100788 ], [ -56.188174893222971, 47.494672504136666 ], [ -55.62150819610271, 47.684787693831943 ], [ -55.863793997999778, 47.614982207675908 ], [ -55.904268569787163, 47.639524874656679 ], [ -55.886615200200268, 47.607400204076967 ], [ -56.103278700788017, 47.630027506729334 ], [ -55.938787214801188, 47.702204002948314 ], [ -55.919171717157674, 47.666608146546778 ], [ -55.664455595933447, 47.868160688391448 ], [ -55.81710157613719, 47.776129302564158 ], [ -55.712777447175078, 47.880784310474134 ], [ -55.806839525844211, 47.879191679668665 ], [ -55.841166494154869, 47.790457411340078 ], [ -56.050718608978663, 47.700411994644163 ], [ -56.123623410489834, 47.728197702879605 ], [ -56.018720492041695, 47.804296285531287 ], [ -56.110552402908837, 47.748932497965427 ], [ -56.170561802951653, 47.873943610570159 ], [ -56.16603978840503, 47.635989987935389 ], [ -56.312375808967182, 47.628207307669534 ], [ -56.325641301863314, 47.793935113468955 ], [ -56.352742599999218, 47.612819205921461 ], [ -56.513020187655293, 47.614400199014604 ], [ -56.596165010209283, 47.750000000471474 ], [ -56.525530985329432, 47.61605229179046 ], [ -56.706299294065431, 47.658903408507712 ], [ -56.682479983885742, 47.578944102599145 ], [ -56.774232002406684, 47.651563707202492 ], [ -56.711134894830465, 47.570688895593996 ], [ -56.806802511523358, 47.53236929850943 ], [ -56.813558407176643, 47.595823489007437 ], [ -56.854274101793393, 47.527783197816547 ], [ -56.867858892782138, 47.636217900475437 ], [ -56.869040487394514, 47.536016190848464 ], [ -57.140197417395562, 47.576180494957164 ], [ -57.181920190805158, 47.699268086365848 ], [ -57.177092393697393, 47.616297397201066 ], [ -57.342339284361827, 47.588811794949649 ], [ -57.268177674950472, 47.784627604305918 ], [ -57.346875419276877, 47.643667097194246 ], [ -57.660806293908479, 47.596512612129516 ], [ -57.729600396320109, 47.662982694415476 ], [ -57.913084886266923, 47.651844308560712 ], [ -57.908327405179094, 47.749610098340426 ], [ -57.956156178553208, 47.661627698964587 ], [ -58.047697782890985, 47.715046401659166 ], [ -58.362144501247521, 47.651351011475967 ], [ -58.249290795789918, 47.767056907324474 ], [ -58.337652193739096, 47.749495311800963 ], [ -58.325713796026356, 47.800852108609703 ], [ -58.422905705762034, 47.640031090117645 ], [ -58.527845098989133, 47.654457790838613 ], [ -58.538226604937407, 47.750000003948472 ], [ -58.541480898841378, 47.641060111410951 ], [ -58.644159401932903, 47.618948596163087 ], [ -58.603610785895313, 47.676427591921311 ], [ -58.694572677431381, 47.601137400692927 ], [ -58.938493392579289, 47.587445787561151 ], [ -58.93703739751426, 47.632856799418093 ], [ -59.166786713317997, 47.564745708196654 ], [ -59.311528900698036, 47.624245502425332 ], [ -59.40088229701793, 47.918525604720479 ], [ -58.426034610807115, 48.487026603422173 ], [ -58.723223594546027, 48.555554891040529 ], [ -59.266392603105693, 48.463616905069323 ], [ -59.216132694904232, 48.546046003075382 ], [ -58.764088714696946, 48.789146802806343 ], [ -58.968561181972781, 48.626672201043085 ], [ -58.907884711671429, 48.557728207111573 ], [ -58.842115589530515, 48.645870495273122 ], [ -58.713319603777052, 48.561629599636177 ], [ -58.369956493167727, 49.147209182858617 ], [ -58.364966307945629, 49.05437068781734 ], [ -58.164204997680812, 49.061937089218056 ], [ -58.08866857271429, 49.032882675516269 ] ], [ [ -53.951237172193501, 48.669544544329582 ], [ -53.962544010734497, 48.622622711646628 ], [ -53.800578496670894, 48.684231203056285 ], [ -53.951237172193501, 48.669544544329582 ] ] ], [ [ [ -54.124126688155329, 47.678989508035983 ], [ -54.244228295992464, 47.40226888721817 ], [ -54.36570430928397, 47.405196709329495 ], [ -54.124126688155329, 47.678989508035983 ] ] ], [ [ [ -54.103622097808611, 49.743760486510553 ], [ -53.997432285942729, 49.648054199217334 ], [ -54.319405683682056, 49.576371295680531 ], [ -54.285031386656236, 49.715652597786082 ], [ -54.208384908554436, 49.675408710270105 ], [ -54.103622097808611, 49.743760486510553 ] ] ], [ [ [ -54.680854895851027, 49.494081109038405 ], [ -54.717808882471097, 49.383969199240035 ], [ -54.789809408535035, 49.431677911228881 ], [ -54.680854895851027, 49.494081109038405 ] ] ], [ [ [ -54.551142915455934, 49.648307496420131 ], [ -54.589145621886011, 49.558560495490084 ], [ -54.889778787772485, 49.480012707808712 ], [ -54.819749616906535, 49.526549792000615 ], [ -54.900908185910758, 49.597144195400304 ], [ -54.800920604629958, 49.607766208992913 ], [ -54.769092903917361, 49.526868095071279 ], [ -54.551142915455934, 49.648307496420131 ] ] ], [ [ [ -55.580329292804571, 49.598489699645043 ], [ -55.74467509807311, 49.570694484607664 ], [ -55.697341296864138, 49.628316610294917 ], [ -55.580329292804571, 49.598489699645043 ] ] ], [ [ [ -55.473714801200515, 50.800052697929459 ], [ -55.563786912159948, 50.691580191573415 ], [ -55.66411441217749, 50.715261994975712 ], [ -55.635179787451314, 50.791030305364771 ], [ -55.473714801200515, 50.800052697929459 ] ] ], [ [ [ -55.550581678474018, 50.986550397098867 ], [ -55.593740678411535, 50.880926001292991 ], [ -55.638274589516556, 50.965837899846541 ], [ -55.550581678474018, 50.986550397098867 ] ] ], [ [ [ -64.667047051060052, 60.274658672920694 ], [ -64.752547301608246, 60.239249612083015 ], [ -64.567025278475882, 60.279193103445373 ], [ -64.437744794984908, 60.23108840358605 ], [ -64.562298707452257, 60.16962800008411 ], [ -64.387400110525974, 60.225847897562119 ], [ -64.361262112393831, 60.172530697423994 ], [ -64.699799371351304, 60.021372405434512 ], [ -64.363248082612159, 60.129768504137786 ], [ -64.391184606716806, 60.011146988458911 ], [ -64.611408702499475, 60.002032206750179 ], [ -64.396970090405091, 59.982732203752299 ], [ -64.483463119715026, 59.891025594133488 ], [ -64.220544431091866, 60.004882547785861 ], [ -64.304858813715967, 59.947941209158415 ], [ -64.12796252598379, 59.904706694674054 ], [ -64.173236883128311, 59.783589291733342 ], [ -64.061697423561057, 59.873985298417374 ], [ -64.095793906916683, 59.79081889518551 ], [ -63.944310686116751, 59.757173398501024 ], [ -64.133693400439313, 59.694299390873837 ], [ -64.250804887703595, 59.803745983635636 ], [ -64.299244811853228, 59.677230105111448 ], [ -63.913304007018105, 59.670120300256634 ], [ -63.980909421154237, 59.621557624866256 ], [ -63.723892414588867, 59.512833211284061 ], [ -63.819610694875806, 59.405469712499325 ], [ -64.116771892428218, 59.365155590996217 ], [ -63.703496572953085, 59.370117703177485 ], [ -63.83822688777574, 59.234688083992921 ], [ -63.643519487465014, 59.36122909984411 ], [ -63.514023998158208, 59.321875298113845 ], [ -63.637973085558485, 59.214336887394261 ], [ -63.378574295813721, 59.27448709531977 ], [ -63.449095695816403, 59.100451991741352 ], [ -63.950011193547134, 59.082761797043837 ], [ -64.074044592606029, 59.017328008723752 ], [ -63.904869901439575, 59.059001796002789 ], [ -63.87895469508139, 58.916548785541096 ], [ -63.84764481028953, 59.048110411934651 ], [ -63.140359878198005, 59.053817501010386 ], [ -63.354327307357458, 59.028814287111935 ], [ -63.218926693692829, 59.006013310305825 ], [ -63.304226295261245, 58.938122986421085 ], [ -63.174710910447253, 58.988620099884081 ], [ -63.137809879932568, 58.928464905962663 ], [ -63.341417116168778, 58.859426294736963 ], [ -63.147915092050532, 58.877467704882235 ], [ -63.177628783269427, 58.763232396279498 ], [ -63.023709605081464, 58.896102192235276 ], [ -62.899649599417316, 58.784221988065859 ], [ -63.08971358481466, 58.664018107410918 ], [ -62.851453792892492, 58.701427793060908 ], [ -63.163689185555818, 58.507608402517569 ], [ -63.462660500025805, 58.549046290815092 ], [ -63.53187901985229, 58.463143404804931 ], [ -63.335378187799236, 58.462845602929107 ], [ -63.608133605695762, 58.288018509650797 ], [ -63.281087780511051, 58.465226096532383 ], [ -63.093465382718136, 58.461132396706525 ], [ -63.166987303521537, 58.357429792724943 ], [ -63.053293508658733, 58.452257904934186 ], [ -62.556649111430971, 58.47980171294649 ], [ -62.705541014948565, 58.405929296150212 ], [ -62.608949394516195, 58.311182194750785 ], [ -62.918977697209549, 58.198052000006363 ], [ -62.655734677438645, 58.267341107034618 ], [ -62.58790940294773, 58.202619691170085 ], [ -63.056823306716602, 58.157568910804258 ], [ -63.224463080733571, 58.054940206057026 ], [ -63.188030942747361, 58.03262909393554 ], [ -62.950003204396303, 58.123530387579962 ], [ -62.57248479993099, 58.168008397560484 ], [ -62.542624503496469, 58.11170730958716 ], [ -62.446812897754434, 58.172381086543929 ], [ -62.502621689871773, 58.064524598425209 ], [ -62.378592678561496, 58.106866500290209 ], [ -62.319204802999408, 58.021632801907089 ], [ -62.674837279615282, 57.928747803564967 ], [ -62.423187592876324, 57.961769598930459 ], [ -62.426203905828586, 57.858005591234942 ], [ -62.349354193395605, 57.975181202224896 ], [ -62.358111996210681, 57.894148691228096 ], [ -62.284416822335835, 57.947653895074247 ], [ -62.183515889967232, 57.892210806835607 ], [ -62.132045688362005, 57.977235788325736 ], [ -62.093529514329674, 57.866608100836224 ], [ -61.940443798548593, 57.914740603847058 ], [ -61.944835999247559, 57.78227810018037 ], [ -62.125426869313728, 57.811235604641986 ], [ -62.099178030280889, 57.871223495022967 ], [ -62.166270983045699, 57.834593192468681 ], [ -61.892350611396076, 57.632356388934532 ], [ -62.288183381751928, 57.537181002654805 ], [ -62.361750383371977, 57.448568600633756 ], [ -62.552905995853209, 57.499999990143699 ], [ -62.499999991999424, 57.4443780021384 ], [ -61.958439801837848, 57.429784404744694 ], [ -61.806189516031552, 57.37630420860615 ], [ -61.932491701482768, 57.363745008847303 ], [ -61.787300110734954, 57.237978290492642 ], [ -62.039068380402114, 57.264860498628536 ], [ -61.984390808201049, 57.209812303167929 ], [ -61.790739319628791, 57.152263193076521 ], [ -61.638050305016222, 57.236776805139655 ], [ -61.732562681825385, 57.156022100893786 ], [ -61.485308181228199, 57.165179494556945 ], [ -61.36158518453874, 57.097026498556353 ], [ -61.356716187753264, 56.949287185592766 ], [ -61.544385522488206, 56.968634494089791 ], [ -61.694412491348047, 56.795873909648428 ], [ -61.932998798369717, 56.805188207669261 ], [ -61.915274905243422, 56.699868486810892 ], [ -61.742640701837388, 56.75085399596783 ], [ -61.716339121801752, 56.699182795239224 ], [ -61.831523487555614, 56.706884607269878 ], [ -61.671153296022325, 56.618597406548602 ], [ -62.519351723131592, 56.755555599893079 ], [ -61.90394850969664, 56.612163591525118 ], [ -62.225676116441072, 56.60460179889813 ], [ -61.647532906230659, 56.538265200343631 ], [ -62.154492991420724, 56.499999984130419 ], [ -61.934466919368568, 56.455338804297426 ], [ -62.225089695007462, 56.470599503571812 ], [ -61.916757879275735, 56.436239907469343 ], [ -61.772632709134029, 56.35687699102148 ], [ -61.922742607326093, 56.341869994240675 ], [ -61.577087878060837, 56.281279307632857 ], [ -62.116944583994879, 56.299440097495648 ], [ -62.047476016295356, 56.220919092399832 ], [ -61.774928501334109, 56.2245544900724 ], [ -61.769016884152499, 56.157405988238359 ], [ -61.693984598984478, 56.223257212116721 ], [ -61.332089924135126, 56.233069398017953 ], [ -61.435854311551758, 56.146212608508542 ], [ -61.325352007163467, 56.10529068797095 ], [ -61.493843093269078, 56.068718796252988 ], [ -61.245207303237073, 56.055445312964515 ], [ -61.502083800578532, 56.031633002798678 ], [ -61.38760762414114, 55.988989792825997 ], [ -61.470768817008867, 55.973472190137066 ], [ -61.142548093741013, 55.977567788937904 ], [ -61.073314616048343, 55.887254997983113 ], [ -61.223232016800608, 55.879215393334071 ], [ -61.114267408030678, 55.840588098575225 ], [ -60.726511681874143, 55.836603108938107 ], [ -60.958034496882703, 55.72654010762303 ], [ -60.765898019600115, 55.722209792392839 ], [ -60.597797799701404, 55.811471010336923 ], [ -60.683221384493187, 55.566375292401439 ], [ -60.490652795773428, 55.805768096660181 ], [ -60.327271082375802, 55.776659596365512 ], [ -60.529929982221695, 55.602553207661856 ], [ -60.398489516609942, 55.609427093775999 ], [ -60.457161405556036, 55.496330590139145 ], [ -60.309078408495616, 55.574860497721183 ], [ -60.519385892453251, 55.33665159091457 ], [ -60.338384509412862, 55.493927114653481 ], [ -60.370835806879271, 55.418928800114649 ], [ -60.276322609841387, 55.507311191973095 ], [ -60.195202484703522, 55.426638893156387 ], [ -60.356672883760027, 55.42055380513446 ], [ -60.389762887097, 55.289657892330041 ], [ -60.622836126844668, 55.152475097314621 ], [ -60.363294306870912, 55.239790802737915 ], [ -60.694660291951578, 54.986522211474934 ], [ -60.252402405527334, 55.273242305573874 ], [ -60.137040397076703, 55.267861907992447 ], [ -60.297753991197411, 55.106669200964348 ], [ -60.032958396397184, 55.265384398261403 ], [ -60.288597385418321, 55.017923491902337 ], [ -59.780776586438904, 55.333122499404901 ], [ -59.737201811118773, 55.205976510196315 ], [ -59.964370283722666, 55.167751700397339 ], [ -59.963722993611299, 55.089434897210118 ], [ -59.92125401001573, 55.139232099268362 ], [ -59.669566985597363, 55.112785192756846 ], [ -59.515814226038103, 55.219201294954857 ], [ -59.564513308654035, 55.067610006669113 ], [ -59.415282309784693, 55.158326597392666 ], [ -59.931912088435823, 54.742314510646054 ], [ -59.149963090641421, 55.234684784009382 ], [ -59.398793204850307, 54.971026812951337 ], [ -59.067203205936842, 55.146861009670509 ], [ -58.953931499182531, 55.131269199517845 ], [ -59.053927403749888, 55.001528014798112 ], [ -58.898372687002599, 54.943622701830435 ], [ -59.034208619184064, 54.894433396953715 ], [ -58.89692669339739, 54.911910500334557 ], [ -58.960439778694365, 54.778047796550858 ], [ -58.811781102201067, 54.852924789001165 ], [ -58.776197013290947, 54.781982610179092 ], [ -58.692691409339275, 54.841414596459941 ], [ -58.39786352125634, 54.733585501928843 ], [ -58.408642827746789, 54.786383096120701 ], [ -58.223800912504245, 54.785640092220895 ], [ -58.2247367763296, 54.879653899325412 ], [ -57.942064480854043, 54.930875504001662 ], [ -57.999748316272388, 54.786533406771419 ], [ -57.843466674484247, 54.810299902026756 ], [ -58.19534850129223, 54.745237896117821 ], [ -57.839560190996409, 54.740458889835267 ], [ -57.681015583414087, 54.627883098299591 ], [ -57.464782315144795, 54.659473798755883 ], [ -57.334944083751097, 54.580597102314577 ], [ -57.40405321680803, 54.494368005895723 ], [ -57.706619093454279, 54.481544400755894 ], [ -57.411548688444398, 54.462408199592495 ], [ -57.600747592474519, 54.384041090604796 ], [ -58.08395751001931, 54.383894502731394 ], [ -58.287647316093015, 54.307751308262716 ], [ -58.090602992941029, 54.322051685353806 ], [ -58.232132102964009, 54.249591400617113 ], [ -59.58256179462137, 54.033828006968264 ], [ -59.386547812113527, 53.995877290101753 ], [ -58.379052787634521, 54.226845390850727 ], [ -58.615406300416971, 54.038592791247453 ], [ -58.979425313768935, 54.044059605782373 ], [ -59.064583181636664, 54.024867296210083 ], [ -58.936987690307859, 54.01868001066201 ], [ -58.981522306780803, 53.964891094065905 ], [ -59.489574594687021, 53.831193692810047 ], [ -59.852619190158705, 53.848771297939557 ], [ -59.813407011241814, 53.789867791137773 ], [ -60.111617595247459, 53.766218497279056 ], [ -60.01520319516149, 53.712107003952347 ], [ -60.153076284374336, 53.525673997330586 ], [ -60.028244299869641, 53.437490206924323 ], [ -60.137981599032088, 53.465112591559496 ], [ -60.409368098407448, 53.349014088727998 ], [ -60.059941693270886, 53.341675686660757 ], [ -59.899796184278813, 53.490429096768352 ], [ -59.790752708506751, 53.486260902385737 ], [ -59.909190023275663, 53.529728399166736 ], [ -59.592480390314613, 53.52877939403448 ], [ -59.316111691191253, 53.696673184859712 ], [ -59.100316605967514, 53.677297591457453 ], [ -58.850502711231826, 53.949617308693526 ], [ -58.116978245777055, 54.103998333975255 ], [ -58.414152311214551, 54.131452389465458 ], [ -58.362036189305641, 54.204177994724489 ], [ -58.054022616400594, 54.238333103550076 ], [ -57.420449596258607, 54.188040901758143 ], [ -57.126443105800938, 53.940221598325593 ], [ -57.224334005912695, 53.915979900119794 ], [ -57.073789518613914, 53.822097892137002 ], [ -57.114646213550728, 53.739822400054642 ], [ -57.499999992559474, 53.602057985766976 ], [ -57.302624316659092, 53.569539808666505 ], [ -57.373448018760783, 53.425491498878067 ], [ -57.144063511752613, 53.535570390551399 ], [ -57.021311999138362, 53.713712386673777 ], [ -56.709433313736263, 53.760846104144804 ], [ -56.597747391574828, 53.704766390444512 ], [ -56.476355406857429, 53.786509387239335 ], [ -56.401892812624141, 53.715801100451294 ], [ -56.726216519955308, 53.68104809467151 ], [ -56.024661318147764, 53.577916707831612 ], [ -56.00930731377678, 53.499159102797734 ], [ -56.287645309861368, 53.559732396739612 ], [ -56.035791092372413, 53.471918391879989 ], [ -56.034259215016412, 53.370060002638517 ], [ -55.798629887450325, 53.335535208547746 ], [ -55.922719101745358, 53.300613304398134 ], [ -55.858083103956432, 53.249290898176781 ], [ -55.740072397316666, 53.250441006368085 ], [ -55.85847399344533, 53.203498494726126 ], [ -55.75032730312536, 53.137674492768951 ], [ -55.966584905872637, 53.106428592796206 ], [ -55.864761018546787, 53.093965304969693 ], [ -55.891817509219962, 53.020410996389998 ], [ -56.148421202044993, 52.989933599866731 ], [ -56.149854308646397, 52.936144902842663 ], [ -55.881349509160849, 53.009026201642868 ], [ -55.805028097858802, 52.837425387185327 ], [ -56.017064997317163, 52.778377490943058 ], [ -56.19417181142493, 52.832213790470938 ], [ -55.967616500556019, 52.67973389941217 ], [ -55.774243177370167, 52.693186102697787 ], [ -55.922975999924518, 52.639277392827353 ], [ -55.770849081967313, 52.667156706321663 ], [ -55.761006191106389, 52.61018669419218 ], [ -56.118076897321636, 52.662288188208237 ], [ -55.96886930109774, 52.62207530951386 ], [ -56.057803097470803, 52.575304885100579 ], [ -55.842290888313499, 52.581722009341824 ], [ -56.220349345693997, 52.546729142003194 ], [ -55.631377999142117, 52.446834291322439 ], [ -55.647776407203331, 52.353421694404936 ], [ -55.846929586148178, 52.386088205569258 ], [ -55.811491205941358, 52.338543105569215 ], [ -56.235295603071378, 52.451099100264521 ], [ -55.710669390435534, 52.288799104846824 ], [ -55.815657994757004, 52.234890291292423 ], [ -55.620567611746253, 52.217514993818874 ], [ -55.788186901496239, 52.202289787171871 ], [ -55.699153585510565, 52.088683798042979 ], [ -55.803512308395035, 52.094441906885862 ], [ -55.829051085507714, 52.003744499606469 ], [ -55.985414504905151, 52.026133415475037 ], [ -55.930336010684258, 51.934959795956367 ], [ -56.700204478208839, 51.630961603510308 ], [ -56.960817384663088, 51.424054692094721 ], [ -57.108542975084511, 51.415634902907229 ], [ -57.107759373026589, 51.998494772030554 ], [ -63.801462640077439, 51.997843676943027 ], [ -63.827149802228888, 52.085528311381388 ], [ -63.642376876495383, 52.047046405469963 ], [ -63.835951488867835, 52.313607987747268 ], [ -63.744486214689296, 52.315232695628154 ], [ -64.013034490627348, 52.362964810412997 ], [ -64.097303894488675, 52.473057411085719 ], [ -63.950194542284734, 52.606862714855971 ], [ -63.380291282164364, 52.662224296123497 ], [ -63.617517035664086, 52.771134858648097 ], [ -63.614367996165775, 52.877528580155207 ], [ -63.721485613442042, 52.770311801117586 ], [ -64.140493297967041, 52.726705480058492 ], [ -64.225699423508885, 52.58198236665568 ], [ -64.109229088467984, 52.39405671887593 ], [ -64.246561354190973, 52.275396656758019 ], [ -64.166359852245662, 52.116057446998717 ], [ -64.249926162705719, 52.144723943747898 ], [ -64.291866020442384, 52.077649160059103 ], [ -64.237105053850897, 51.977959925684694 ], [ -64.361045884136956, 52.005492093812343 ], [ -64.274037106892209, 51.742293760269632 ], [ -64.548503534559259, 51.573896846920505 ], [ -64.7097506015253, 51.755954097903427 ], [ -64.924675344962807, 51.777858459753567 ], [ -64.950894013352993, 51.715402141951373 ], [ -65.180418010889341, 51.765619534655471 ], [ -65.283535944917716, 51.873846859623278 ], [ -65.359759893117172, 51.822752717417018 ], [ -65.359086923174942, 51.981101596264608 ], [ -65.499325417615452, 52.110453360407668 ], [ -65.650175193945643, 51.986808768552393 ], [ -65.668256083910521, 52.11727471329813 ], [ -65.996196161933412, 52.05473739141474 ], [ -66.266696432110393, 52.310078428538326 ], [ -66.267942093599743, 52.150368800324017 ], [ -66.37636585958208, 52.15281604479712 ], [ -66.49051725452405, 52.341637463698866 ], [ -66.344042175334792, 52.360415401905129 ], [ -66.440275917272032, 52.636400427297517 ], [ -66.388657382873546, 52.682284201810361 ], [ -66.279907347445416, 52.617397162683126 ], [ -66.416279327003494, 52.858323105480856 ], [ -66.257817625821133, 52.869097630968696 ], [ -66.370270252903595, 53.024757753588673 ], [ -66.459216249472433, 53.055171749428567 ], [ -66.500773640094408, 52.946355589442938 ], [ -66.62555377300113, 52.95424326388855 ], [ -66.647096809139924, 52.78364248459755 ], [ -66.786795354279505, 52.797418933157196 ], [ -66.764676008212362, 52.666235004747826 ], [ -66.859864945758218, 52.768362788465168 ], [ -66.850879084871991, 52.67477247124512 ], [ -67.034304082226384, 52.747015631952173 ], [ -67.063150780209725, 52.875456792801685 ], [ -67.161129120139407, 52.817460379789317 ], [ -67.32458005539803, 52.877825527547976 ], [ -67.244521371847583, 52.979518849728713 ], [ -67.363425361084651, 52.996191469397743 ], [ -67.385378958146475, 53.131979434183506 ], [ -67.262968346246609, 53.181290569000566 ], [ -66.989531428492128, 53.084356754143172 ], [ -67.027050616945914, 53.334646127655581 ], [ -66.890090887941184, 53.413061460161003 ], [ -67.035928051842674, 53.52875828254782 ], [ -67.318660773121692, 53.552965329973809 ], [ -67.417790980858371, 53.725137864920931 ], [ -67.60330621827616, 53.762698560511339 ], [ -67.497790033732215, 53.836690725284647 ], [ -67.820628479932438, 54.020008822151873 ], [ -67.810252416245632, 54.128132909634097 ], [ -67.615618101007684, 54.195755535384251 ], [ -67.772258248662226, 54.44171900134068 ], [ -67.648056282620999, 54.509565897775346 ], [ -67.50040551931599, 54.481506553984879 ], [ -67.491748754824343, 54.58490951460562 ], [ -67.272574381124855, 54.486629172930812 ], [ -67.280326995472677, 54.591792260638648 ], [ -67.062900813836308, 54.692933110182764 ], [ -67.463703871885187, 55.062856917233596 ], [ -67.272811816180294, 55.076427253658039 ], [ -67.033043043851521, 54.86194778245018 ], [ -66.669112980857349, 54.709672749215748 ], [ -66.737380603309518, 54.81320040347822 ], [ -66.602651097902822, 54.813506310708277 ], [ -66.765990371571093, 55.000016916120956 ], [ -66.627057514302336, 54.984860158733092 ], [ -66.788672991692451, 55.118413793051502 ], [ -66.755201534386629, 55.214994276929893 ], [ -66.670363298285082, 55.177485029367489 ], [ -66.807842930484398, 55.356744027771292 ], [ -66.246416016960339, 54.975469042015661 ], [ -65.849845423742096, 54.927210876406477 ], [ -65.693172801035828, 54.708164034476368 ], [ -65.455530319273848, 54.72858324603181 ], [ -65.487294642737552, 54.834376793204754 ], [ -65.296312758822907, 54.81758319854135 ], [ -65.085814686510929, 54.969562791858692 ], [ -64.761114250687967, 54.829528144476811 ], [ -64.769672105149468, 54.730095628636626 ], [ -64.556882472605864, 54.713662282260245 ], [ -64.397474582481308, 54.790492953034416 ], [ -64.107328934861158, 54.613186614272841 ], [ -63.897863423540031, 54.600703821961567 ], [ -63.712625413683199, 54.624950763384092 ], [ -63.924009339873088, 54.778407386682403 ], [ -63.817161538485344, 54.816921865073844 ], [ -63.829816889480561, 54.942052304203216 ], [ -63.591443709030415, 54.896592141718862 ], [ -63.60229646506621, 55.12873327806863 ], [ -63.402834442563822, 55.249006458074653 ], [ -63.679475057745634, 55.266886879473397 ], [ -63.324848694712379, 55.366046935465356 ], [ -63.792682824977305, 55.467238604705827 ], [ -63.643690095459903, 55.641579438017921 ], [ -63.764615776663597, 55.651587948637648 ], [ -63.66653047155895, 55.787789765117239 ], [ -63.854441670694008, 55.910012438457755 ], [ -63.443545120013809, 56.029516404171368 ], [ -63.837873760763649, 56.045044939115463 ], [ -63.856178766729776, 56.137136179081509 ], [ -64.034666931361301, 56.070144579092464 ], [ -64.035963316365127, 56.154881042165513 ], [ -63.862933320828191, 56.212589089261634 ], [ -64.087377182106678, 56.256889260876576 ], [ -64.177984873100996, 56.425243570470535 ], [ -63.874230194245627, 56.441960445134214 ], [ -64.145314397046789, 56.699754843029766 ], [ -64.003478675416318, 56.861743737536841 ], [ -63.859156243078743, 56.868740028449885 ], [ -63.890083399987162, 57.086083059136584 ], [ -63.737137403557398, 57.221595581717985 ], [ -63.809136377052027, 57.262159708211072 ], [ -63.884074871340559, 57.196255856753503 ], [ -63.883373482795925, 57.277620959587907 ], [ -63.701301159437136, 57.368333581978476 ], [ -63.771915905788902, 57.592449771601011 ], [ -63.697395591108354, 57.655945747644871 ], [ -63.912355576813127, 57.801122540941797 ], [ -64.072001289891958, 57.770020343219286 ], [ -64.218507640733847, 58.036983293854561 ], [ -64.435394879177991, 58.098375319749458 ], [ -64.158507128190152, 58.371033758658442 ], [ -63.807850050262225, 58.489746102828185 ], [ -63.887129115793634, 58.571654476711331 ], [ -64.1049434675394, 58.563230008487238 ], [ -64.047222191266215, 58.702628471308572 ], [ -63.467504073521852, 58.762047079371925 ], [ -63.709996841301979, 58.887053192440433 ], [ -64.137792863163526, 58.746166875645855 ], [ -64.287612622043724, 58.896753130303445 ], [ -64.889111464189156, 58.938382156386474 ], [ -64.779238807886486, 59.074957441028786 ], [ -64.460301091119788, 58.981514253258005 ], [ -64.261791154519429, 59.012956565535141 ], [ -64.498048755474372, 59.106415977747325 ], [ -64.543536274825712, 59.310435058792038 ], [ -64.324069310403061, 59.512774127207777 ], [ -64.433766212402674, 59.541973597712179 ], [ -64.679834930435277, 59.446905143389856 ], [ -64.939439237306587, 59.567046009438876 ], [ -64.749431897202399, 59.717239373938121 ], [ -64.825224529208612, 59.825607978669311 ], [ -64.626798187966742, 59.930294630084703 ], [ -64.923643294535751, 60.061465122897239 ], [ -64.593715864458972, 60.11703127318323 ], [ -64.862258547095877, 60.258468521629837 ], [ -64.667047051060052, 60.274658672920694 ] ] ], [ [ [ -64.220184782939299, 60.005124886818749 ], [ -64.319180012750991, 60.055573110131789 ], [ -64.172901690287773, 60.036944906582463 ], [ -64.220184782939299, 60.005124886818749 ] ] ], [ [ [ -64.573509651972614, 60.282305160929603 ], [ -64.47772929586543, 60.290060486707915 ], [ -64.383126578277057, 60.2339076017957 ], [ -64.573509651972614, 60.282305160929603 ] ] ], [ [ [ -55.770488511828304, 53.476751195615321 ], [ -55.866752881646782, 53.442603896673972 ], [ -55.789364580893142, 53.391988301982622 ], [ -55.995464693758066, 53.467285506337106 ], [ -55.770488511828304, 53.476751195615321 ] ] ], [ [ [ -56.8231629793897, 53.800031105359707 ], [ -57.007382508115477, 53.756454409584578 ], [ -57.000615381188439, 53.812918307104546 ], [ -56.8231629793897, 53.800031105359707 ] ] ], [ [ [ -58.682428591430906, 55.005168308005743 ], [ -58.665109584227835, 54.911456290894016 ], [ -58.753946118532902, 54.91414849064693 ], [ -58.682428591430906, 55.005168308005743 ] ] ], [ [ [ -60.893414117991526, 55.880886558851415 ], [ -60.862662392981115, 55.943602502492325 ], [ -60.69840939740542, 55.895189604325132 ], [ -60.899603983240603, 55.868236103821751 ], [ -60.893890194575611, 55.879913901414369 ], [ -61.026807708500591, 55.869194200998805 ], [ -61.063429502121778, 55.9419401992376 ], [ -60.893414117991526, 55.880886558851415 ] ] ], [ [ [ -61.08367458528415, 56.18179040416409 ], [ -61.134549803461113, 56.111477293903206 ], [ -60.951697203249651, 56.098999107487479 ], [ -61.031675086084185, 56.036601998262434 ], [ -60.938186586946181, 56.013546687171505 ], [ -61.22580360928194, 56.057734000088288 ], [ -61.08367458528415, 56.18179040416409 ] ] ], [ [ [ -61.328708514699464, 56.518882800166324 ], [ -61.381407215207616, 56.470978507598744 ], [ -61.143399090635647, 56.439993692135815 ], [ -61.644740003474006, 56.492591293733362 ], [ -61.407164004215716, 56.481978610099063 ], [ -61.63404377710367, 56.501075006304788 ], [ -61.595244506908941, 56.558250287363578 ], [ -61.328708514699464, 56.518882800166324 ] ] ], [ [ [ -61.460689922682903, 56.404136092553195 ], [ -61.47180651586234, 56.310599407964148 ], [ -61.783626592802889, 56.405590900509701 ], [ -61.460689922682903, 56.404136092553195 ] ] ], [ [ [ -61.35972019172479, 56.941376804556533 ], [ -61.519550904766326, 56.788723393741584 ], [ -61.346321299138658, 56.749712593384139 ], [ -61.390812809937245, 56.600649110527364 ], [ -61.562207806534154, 56.69342411605669 ], [ -61.715064872858122, 56.666253205175238 ], [ -61.545400086983662, 56.948067887101821 ], [ -61.35972019172479, 56.941376804556533 ] ] ], [ [ [ -61.647977606475827, 57.363639915677425 ], [ -61.741137184855702, 57.29574539997499 ], [ -61.749470792051589, 57.376969585334656 ], [ -61.647977606475827, 57.363639915677425 ] ] ], [ [ [ -61.656127095448305, 57.528380711118409 ], [ -61.830032625100166, 57.434099492883881 ], [ -61.648900612922183, 57.387586593288852 ], [ -61.919585505487952, 57.436280907026692 ], [ -61.656127095448305, 57.528380711118409 ] ] ], [ [ [ -61.851283508399341, 57.583846590819732 ], [ -61.789165208629825, 57.50796808831884 ], [ -61.962571714262154, 57.452469194098903 ], [ -62.050811202338757, 57.542857289500255 ], [ -61.851283508399341, 57.583846590819732 ] ] ], [ [ [ -61.711293086797632, 57.831955409989448 ], [ -61.693409598894057, 57.708659112292857 ], [ -61.817759390548325, 57.785932989769776 ], [ -61.905259602671485, 57.753291013056625 ], [ -61.711293086797632, 57.831955409989448 ] ] ], [ [ [ -64.434969865945973, 60.375911004461834 ], [ -64.403603085490246, 60.283629299809 ], [ -64.535031901030493, 60.334308256990049 ], [ -64.434969865945973, 60.375911004461834 ] ] ] ] } },
{ "type": "Feature", "properties": { "map_id": "PE" }, "geometry": { "type": "Polygon", "coordinates": [ [ [ -63.210199887811854, 46.211112127496058 ], [ -63.14213308004161, 46.207336804823484 ], [ -63.252612880184245, 46.129153500578816 ], [ -63.700585995080985, 46.244506990410329 ], [ -63.815179901968804, 46.322915789762099 ], [ -63.809744903434542, 46.372231612363393 ], [ -63.653498107297409, 46.341466305956011 ], [ -63.747803894443479, 46.396269088919105 ], [ -64.135096821826991, 46.40166829328448 ], [ -64.067257492069544, 46.643110090252506 ], [ -64.110462893007167, 46.584554002767952 ], [ -64.381886709317214, 46.615014113624476 ], [ -64.409987884839467, 46.706701794487046 ], [ -63.996564493731796, 47.058926199899176 ], [ -63.974882819188871, 46.880552001553113 ], [ -64.032759710452368, 46.804033092008567 ], [ -64.078892118977109, 46.880514894471048 ], [ -64.057263884747584, 46.781946900569174 ], [ -64.177563590786804, 46.744855506779317 ], [ -64.076770898459486, 46.763766295597776 ], [ -64.11895130990581, 46.674229992782301 ], [ -64.012541214076791, 46.692133504140692 ], [ -64.065673883722653, 46.748766704135051 ], [ -63.98432889955911, 46.729429906308049 ], [ -63.878658279807688, 46.638186900303189 ], [ -63.928078191946511, 46.576703403955726 ], [ -63.832712804457834, 46.579840010729207 ], [ -63.970748588955402, 46.464322189549655 ], [ -63.828950819725499, 46.51803130089074 ], [ -63.852375891611544, 46.452797702967416 ], [ -63.732857895871142, 46.429669912736351 ], [ -63.667477296689846, 46.567898488838125 ], [ -63.504979112172094, 46.534909410258592 ], [ -63.595565581445634, 46.477163000138837 ], [ -63.480612600758207, 46.496027912013083 ], [ -63.472349792573127, 46.440381585564509 ], [ -63.471389680687238, 46.509567700928045 ], [ -63.312146692653265, 46.489803409617373 ], [ -63.291233110546955, 46.376643800251848 ], [ -63.209434794551328, 46.410978991497942 ], [ -63.269161584199374, 46.445873605411599 ], [ -62.978620390908581, 46.354485511397634 ], [ -63.036730193763077, 46.415305895801033 ], [ -61.986060886982244, 46.462855694951799 ], [ -62.182797295235439, 46.347502400743309 ], [ -62.373450579706905, 46.356975299928926 ], [ -62.376635209046363, 46.251561491591261 ], [ -62.533133311718494, 46.320200490639884 ], [ -62.40819699876306, 46.213009305006047 ], [ -62.63183468941066, 46.236676002800131 ], [ -62.496088985917062, 46.175741798176091 ], [ -62.67445490282833, 46.158951211319255 ], [ -62.466420608476319, 46.14546100055653 ], [ -62.481552909655306, 46.039399814174466 ], [ -62.612595393183632, 46.012209898964066 ], [ -62.457148083851081, 46.00346989878642 ], [ -62.75611352018057, 45.94817249764926 ], [ -63.04004191949489, 46.049568294424255 ], [ -62.864093109377556, 46.111004899623772 ], [ -62.879585708122953, 46.173863909790263 ], [ -62.949206682930409, 46.120847697998386 ], [ -62.963705307074754, 46.20339801254881 ], [ -63.126101591556498, 46.20713190514671 ], [ -62.827286121292609, 46.377057095443682 ], [ -63.123048104009285, 46.229584508321295 ], [ -63.214981193455777, 46.283617109102927 ], [ -63.210199887811854, 46.211112127496058 ] ] ] } },
{ "type": "Feature", "properties": { "map_id": "NS" }, "geometry": { "type": "MultiPolygon", "coordinates": [ [ [ [ -59.973439202008471, 43.925362795492859 ], [ -60.165264893374577, 43.977113097273779 ], [ -59.924164683633094, 43.94308973997353 ], [ -59.973439202008471, 43.925362795492859 ] ] ], [ [ [ -65.974298671211983, 43.805441107853568 ], [ -65.978830682714715, 43.69486540650994 ], [ -66.094345378879055, 43.782267404894071 ], [ -66.120470480486517, 43.734792301464672 ], [ -66.213037207125652, 44.108796914257411 ], [ -66.118387108228418, 44.345586605018745 ], [ -65.859974112781643, 44.591489992637939 ], [ -66.206143712346289, 44.405211409663892 ], [ -65.951823914316151, 44.608550393377165 ], [ -65.78577739564588, 44.692352506478855 ], [ -65.754131395873912, 44.583297490636674 ], [ -65.600257697658805, 44.696167195677639 ], [ -65.742426880334477, 44.711471003496321 ], [ -64.949754903461155, 45.103327611644943 ], [ -64.459554009515074, 45.242764603148899 ], [ -64.397593205301021, 45.299244992142668 ], [ -64.496421790919001, 45.334806985120146 ], [ -64.333403004191979, 45.298680002291498 ], [ -64.411132482235757, 45.147123901535302 ], [ -64.282437790184233, 45.089527888806764 ], [ -63.803299415724389, 45.313175192490483 ], [ -63.350192204850572, 45.371517009454152 ], [ -63.778544514321169, 45.402899797171415 ], [ -63.886554500217727, 45.348619398703178 ], [ -64.104123095082358, 45.416881598470376 ], [ -64.392261210455018, 45.364437793116409 ], [ -64.552549295151579, 45.41374070409254 ], [ -64.774795884309327, 45.289471004828329 ], [ -64.834747313493864, 45.353141005036576 ], [ -64.944707487022498, 45.327864997213474 ], [ -64.849483096379728, 45.479036505293742 ], [ -64.575669920895194, 45.596358894554214 ], [ -64.317518499953508, 45.824254003212523 ], [ -64.30514841996839, 45.766818394599909 ], [ -64.159145143542688, 45.975307695792985 ], [ -63.909607505942901, 45.982841406350516 ], [ -63.677824691143407, 45.826836195556488 ], [ -63.670743198666585, 45.875958388679528 ], [ -63.43196560985735, 45.868602101461946 ], [ -63.431900321897643, 45.820268796668898 ], [ -63.605485292068856, 45.823325303696691 ], [ -63.249041906701763, 45.809262210795282 ], [ -63.384279307066727, 45.758206093247502 ], [ -63.305435115884229, 45.728062995036396 ], [ -63.070737095115462, 45.756918211894444 ], [ -63.109510204471817, 45.807561207142378 ], [ -62.680440088410265, 45.764822091637882 ], [ -62.778072289218585, 45.760417591962778 ], [ -62.639174591328839, 45.713152996044442 ], [ -62.731639339342195, 45.647038285611941 ], [ -62.650047678949399, 45.55931760312491 ], [ -62.664328009520275, 45.687295009150688 ], [ -62.47895561220016, 45.652201896460497 ], [ -62.500689607319103, 45.587349089952035 ], [ -61.935457904742862, 45.887599108340765 ], [ -61.889621198857768, 45.691835995468331 ], [ -61.964341383296919, 45.621237199832713 ], [ -61.887572192138784, 45.691789898348283 ], [ -61.810618180569442, 45.599391705728628 ], [ -61.756624789485933, 45.649342303230448 ], [ -61.6165503124815, 45.610169509985049 ], [ -61.568656298915059, 45.692260307002442 ], [ -61.424347302204353, 45.64157888716116 ], [ -61.552679913599924, 46.041243194930026 ], [ -61.395359002467387, 46.069668909421573 ], [ -61.484366596809117, 46.094756211820204 ], [ -61.427046417333166, 46.184633904297769 ], [ -61.128191198398952, 46.441462614015144 ], [ -61.076307617016141, 46.408653993180515 ], [ -61.052792699712214, 46.618017692067752 ], [ -60.615665794738142, 47.032431490331902 ], [ -60.392078879846707, 47.02977520616674 ], [ -60.52131641067507, 46.901347310575396 ], [ -60.302873898890276, 46.850475088185945 ], [ -60.349375107745431, 46.653564509369943 ], [ -60.433404690522018, 46.632770899747932 ], [ -60.35124731702075, 46.615078794550492 ], [ -60.621167414648788, 46.206595804964458 ], [ -60.447916699093611, 46.345649886358871 ], [ -60.416886990894824, 46.292344507768362 ], [ -60.648567205658843, 46.116246490656494 ], [ -60.882186597658041, 46.094408900016298 ], [ -61.131361911443264, 45.968523508427097 ], [ -61.073313308497077, 45.927561715671594 ], [ -60.737069295316523, 46.069183802002435 ], [ -60.813460809525488, 45.946083208584959 ], [ -61.1113270123113, 45.891922303655363 ], [ -60.991739582996694, 45.878370996241166 ], [ -60.931549083521183, 45.844653899432579 ], [ -61.169369000994877, 45.710135187595355 ], [ -60.940415982048052, 45.771707199901407 ], [ -60.810020184169353, 45.734675802051513 ], [ -60.857785086654822, 45.652290496904982 ], [ -60.739977517222968, 45.688641098593671 ], [ -60.744809994338638, 45.792989805810365 ], [ -60.356393007748373, 46.029763895079817 ], [ -60.69898228509193, 45.900800394225115 ], [ -60.796053013458149, 45.959494605835474 ], [ -60.326400092509694, 46.204911987100608 ], [ -60.27900561408164, 46.314528292764088 ], [ -60.205199796209477, 46.251525992176248 ], [ -60.327266610864839, 46.157675589457725 ], [ -60.228528185988914, 46.1875111915503 ], [ -60.244346398399834, 46.103435300656884 ], [ -60.126616294046428, 46.267536598395992 ], [ -60.027575819828549, 46.242697400188256 ], [ -60.086729319225299, 46.206138695117531 ], [ -59.953047809362822, 46.217164797540491 ], [ -59.955113686782795, 46.154176503354392 ], [ -59.816505993331987, 46.18095470647436 ], [ -59.968387104734205, 46.034794602269805 ], [ -59.788164110896503, 45.95121439243006 ], [ -60.150537181197969, 45.878370803482682 ], [ -60.116014887895325, 45.782350306208016 ], [ -60.686108818203387, 45.566107493109499 ], [ -60.918390101329877, 45.664106093548106 ], [ -61.166138378642081, 45.564793303746661 ], [ -61.239620112315109, 45.626659898179057 ], [ -61.28827920218334, 45.547997205502845 ], [ -61.424733078641083, 45.641079505974545 ], [ -61.229311791482004, 45.482726398500915 ], [ -61.492806395527218, 45.367897184726942 ], [ -60.984241901693892, 45.337302503576367 ], [ -60.97839308256092, 45.272263705592259 ], [ -61.052828707064307, 45.303960697470544 ], [ -61.044654793140566, 45.238278892743047 ], [ -61.152692008538729, 45.211017413275655 ], [ -61.167046784011966, 45.314586101789551 ], [ -61.191292009612049, 45.208932514009064 ], [ -61.276964681215006, 45.265719803813518 ], [ -61.470193788261454, 45.14862680613281 ], [ -61.684195709527508, 45.16163940242464 ], [ -61.802846308078784, 45.246387997512528 ], [ -61.645490606456562, 45.123400492472683 ], [ -61.769820900389107, 45.112635805607461 ], [ -61.744231608233378, 45.070417500248716 ], [ -61.842986113635199, 45.10717240091153 ], [ -61.852844995988278, 45.036283311518837 ], [ -61.999999986767428, 45.193661997437815 ], [ -61.88395271878187, 45.027288993480916 ], [ -62.105171216334341, 45.031956500441076 ], [ -61.980260584661515, 44.976997600854901 ], [ -62.25578168888179, 44.973580503612652 ], [ -62.438903311321084, 44.854263605759961 ], [ -62.545104301242404, 44.926101107395574 ], [ -62.545053698874064, 44.787888889787638 ], [ -62.618315401685393, 44.847333202854578 ], [ -62.762977817632319, 44.771529203340059 ], [ -62.884773492999095, 44.815600593937184 ], [ -62.798231209235631, 44.765781503824712 ], [ -62.83704270431371, 44.703895892569307 ], [ -62.999127616344168, 44.696728896704663 ], [ -63.006858811216318, 44.793046695542053 ], [ -63.084790110913197, 44.79843940106727 ], [ -63.039553602027958, 44.676396200961115 ], [ -63.12509168209521, 44.790481204432723 ], [ -63.092602597789991, 44.685628799088832 ], [ -63.170081519027647, 44.682581997371059 ], [ -63.154686322762096, 44.779839495672441 ], [ -63.281738891381003, 44.627855699726517 ], [ -63.454255987507693, 44.682008100339921 ], [ -63.451915010926264, 44.589047689783754 ], [ -63.662269288767213, 44.730292988053009 ], [ -63.518766495118115, 44.501995997874779 ], [ -63.647483184631156, 44.432600898918587 ], [ -63.763870199809382, 44.52594009699142 ], [ -63.815973399807028, 44.480844897990252 ], [ -63.78761620002355, 44.542014009325058 ], [ -63.938432102029765, 44.505538203691977 ], [ -63.889866496016431, 44.691728898664692 ], [ -64.064995178192916, 44.636528904059489 ], [ -64.006000697093825, 44.50755939205893 ], [ -64.075926001323907, 44.471318188481256 ], [ -64.166974384144908, 44.592334795746247 ], [ -64.219507487367338, 44.532837195277423 ], [ -64.304359796754966, 44.568743495694207 ], [ -64.380681585905819, 44.449002898927546 ], [ -64.215553196764731, 44.369788507077537 ], [ -64.343840988014207, 44.364219307183319 ], [ -64.244200689922721, 44.260623200101719 ], [ -64.351219491125221, 44.288408386758839 ], [ -64.492359691995162, 44.139508309484981 ], [ -64.613943690695862, 44.156008597648885 ], [ -64.552690506282516, 44.069664597808732 ], [ -64.827054199755423, 43.95172108612374 ], [ -64.83435939172594, 43.813450397178563 ], [ -64.917124885559133, 43.880117706459409 ], [ -64.909526484499366, 43.789929201606348 ], [ -64.972057593059958, 43.871885397498176 ], [ -64.9784978094374, 43.744053690088869 ], [ -65.054309808669714, 43.832364603377563 ], [ -65.027787308299537, 43.695163506327056 ], [ -65.091543303198179, 43.750236200827558 ], [ -65.130547210398063, 43.652663601464553 ], [ -65.233843100859204, 43.814309103083524 ], [ -65.23599838876882, 43.657029302864153 ], [ -65.378197010739115, 43.748482206422274 ], [ -65.34023099131231, 43.536582004650334 ], [ -65.468030392748048, 43.605075293613332 ], [ -65.470906395535977, 43.449027899546422 ], [ -65.575273288965832, 43.567057005617229 ], [ -65.730839095907527, 43.492166909156609 ], [ -65.858145595992369, 43.812985391778682 ], [ -65.868864485400181, 43.752793009150857 ], [ -65.937079987992846, 43.841358498535499 ], [ -65.974298671211983, 43.805441107853568 ] ] ], [ [ [ -60.286551400637165, 46.30963781055695 ], [ -60.665476379944003, 46.073209804215551 ], [ -60.361944995511884, 46.324735002093036 ], [ -60.286551400637165, 46.30963781055695 ] ] ], [ [ [ -60.890609893286005, 45.576858598311688 ], [ -61.007800703494141, 45.466846094967956 ], [ -61.136960803280246, 45.554134096687726 ], [ -60.890609893286005, 45.576858598311688 ] ] ] ] } },
{ "type": "Feature", "properties": { "map_id": "NB" }, "geometry": { "type": "MultiPolygon", "coordinates": [ [ [ [ -68.149528354818642, 47.31687024168739 ], [ -68.287921107563818, 47.379474997059987 ], [ -68.379279894381668, 47.287895410540827 ], [ -68.902873099245213, 47.180362188020339 ], [ -69.052944303267097, 47.297780705949066 ], [ -68.568107007230367, 47.427146240763363 ], [ -68.383549334905268, 47.553092290918151 ], [ -68.382334183210631, 47.916116945536658 ], [ -68.122792929735994, 47.916442195760879 ], [ -68.122605028314609, 47.999892420044517 ], [ -67.598005725483205, 47.999815905406493 ], [ -67.592942646145673, 47.924406535082227 ], [ -67.374261162320209, 47.843826661071738 ], [ -66.361802692046069, 48.072093099676145 ], [ -66.419618608494844, 48.012146490507533 ], [ -65.764778150682346, 47.864139812409398 ], [ -65.668196694188964, 47.599470787063694 ], [ -65.190307113585078, 47.81763339381623 ], [ -64.97820932264807, 47.831851993015974 ], [ -65.066684387050259, 47.76478589833517 ], [ -64.802584913606907, 47.803958702520383 ], [ -64.889357994698315, 47.754077605603278 ], [ -64.666130559818228, 47.717792830455217 ], [ -64.857445503833091, 47.688452414344376 ], [ -64.779216217298185, 47.656725901106796 ], [ -64.905259400390776, 47.554243710854671 ], [ -64.96993937560039, 47.280097209459377 ], [ -65.348967420275841, 47.08967697055143 ], [ -65.471457115516756, 47.262753192693914 ], [ -65.354283420436673, 47.093997895979044 ], [ -65.561998002429675, 47.00000000306877 ], [ -65.205495683931787, 47.082144408018245 ], [ -65.306014092354928, 46.982372885086434 ], [ -65.144608685530002, 47.043850667320164 ], [ -65.116931679381352, 46.996147962315895 ], [ -65.101491205361015, 47.074259498861743 ], [ -65.010617101711688, 47.083772526443013 ], [ -65.008061114873087, 47.009612602854951 ], [ -64.796912404707925, 47.073142006035262 ], [ -64.910351110292581, 46.841690399688879 ], [ -65.156981015918518, 46.750000002674504 ], [ -64.917673800478909, 46.833064897341636 ], [ -64.999999987486817, 46.721882009242805 ], [ -64.887409511149556, 46.778820691703302 ], [ -64.823485697594009, 46.71002729235132 ], [ -64.911270901423791, 46.743178590323645 ], [ -64.982633399066827, 46.662766398281605 ], [ -64.902325788047548, 46.720107291623158 ], [ -64.873045687246034, 46.656058191017451 ], [ -64.834725419478232, 46.690869699868202 ], [ -64.75878431255417, 46.654085555282919 ], [ -64.759010688007663, 46.565547906322259 ], [ -64.700534495074322, 46.524853898523588 ], [ -64.985791699701423, 46.339176812830623 ], [ -64.900504389870406, 46.366915504759568 ], [ -64.901970218769179, 46.299399693136756 ], [ -64.714797401115149, 46.471585006987269 ], [ -64.612344083201734, 46.347867927062623 ], [ -64.560467306284664, 46.36767100981838 ], [ -64.532494586824996, 46.28983339095187 ], [ -64.717041404956859, 46.234049587984998 ], [ -64.265787792852791, 46.236031196985884 ], [ -64.132194398387782, 46.138058290228841 ], [ -63.979194404030324, 46.182848607650037 ], [ -63.772553400266247, 46.10196689165705 ], [ -64.086322587105514, 46.051097989240674 ], [ -64.046803529199664, 45.976818011643175 ], [ -64.159145143542688, 45.975307695792985 ], [ -64.274886854795014, 45.83850492659122 ], [ -64.327481815416405, 45.956710504346404 ], [ -64.516568904218531, 45.720543109163863 ], [ -64.525830503287665, 46.092349092279171 ], [ -64.560526280657044, 45.868650705031655 ], [ -64.736966100503295, 46.088191595270871 ], [ -64.996358213195123, 46.051002901467406 ], [ -64.712500898578895, 46.047799893350863 ], [ -64.568088195211899, 45.834766789396504 ], [ -64.750960917671037, 45.714774799760882 ], [ -64.643555614788795, 45.717183497594668 ], [ -64.779290602332679, 45.593393300234119 ], [ -64.956998197860457, 45.608841495718792 ], [ -65.908715684739306, 45.194007498403806 ], [ -66.067364606214355, 45.274556103665553 ], [ -66.218308803378775, 45.141593490838908 ], [ -66.325154894170197, 45.197646985867124 ], [ -66.251159890814549, 45.142606692124112 ], [ -66.457315307424182, 45.058270101272555 ], [ -66.499999995259884, 45.193821009730286 ], [ -66.520477588398336, 45.118036103336514 ], [ -66.784214400007116, 45.040470310605158 ], [ -66.766006993110608, 45.125678699538682 ], [ -66.920367395192926, 45.071663993302408 ], [ -66.777901106897417, 45.14873979183406 ], [ -66.820360011337428, 45.250000004287834 ], [ -66.893519282837502, 45.112713100776539 ], [ -66.95714529726672, 45.196099922865272 ], [ -67.068651500834221, 45.131207309676846 ], [ -67.038104391978251, 45.069133906433777 ], [ -67.189970996164575, 45.236997792958782 ], [ -67.160820784305358, 45.168724807562953 ], [ -67.264871584530937, 45.203767596560098 ], [ -67.345605618715283, 45.126989893077983 ], [ -67.486460606554971, 45.285228700566769 ], [ -67.35145169500349, 45.379165992656951 ], [ -67.503385205761532, 45.486992895762555 ], [ -67.400552097255996, 45.498863705207988 ], [ -67.449158919793092, 45.615880997950072 ], [ -67.339950893560641, 45.601909207838858 ], [ -67.498606095773056, 45.698441304313185 ], [ -67.565918214416897, 45.598925190459454 ], [ -67.729770299279949, 45.744297307393964 ], [ -67.720289005714164, 45.662357908696343 ], [ -67.803303492881156, 45.723730687685553 ], [ -67.718253916373271, 45.828133304262451 ], [ -67.804692088054352, 45.874990995795891 ], [ -67.790195924249048, 47.066234191930526 ], [ -67.678834607211641, 46.961039315520701 ], [ -67.714785706354519, 46.809762808362919 ], [ -67.50649850865733, 47.113251809022792 ], [ -67.678362813266375, 46.956368311067628 ], [ -67.678464914864307, 47.129987291014452 ], [ -67.746229516407638, 47.050156996710854 ], [ -68.149528354818642, 47.31687024168739 ] ], [ [ -68.251528895966416, 47.612221393613304 ], [ -68.250874992417735, 47.611808110893975 ], [ -68.116376513491318, 47.780140402502958 ], [ -68.251528895966416, 47.612221393613304 ] ], [ [ -67.846588795775702, 47.293935876658864 ], [ -67.832481497367851, 47.309265792649548 ], [ -67.716271988670968, 47.313876604586831 ], [ -67.832649907076444, 47.309445510993463 ], [ -67.846588795775702, 47.293935876658864 ] ], [ [ -64.895006588057058, 46.63607828282553 ], [ -65.228227083081279, 46.501549403042738 ], [ -64.919577096092809, 46.59807329859165 ], [ -64.906200900640229, 46.526926191038342 ], [ -64.91683568829356, 46.616196705789186 ], [ -64.895006588057058, 46.63607828282553 ] ], [ [ -65.124856548745569, 46.95595666863862 ], [ -65.236784208716188, 46.875556002689429 ], [ -65.135095503359253, 46.90392831199474 ], [ -65.124856548745569, 46.95595666863862 ] ] ], [ [ [ -64.502751811851041, 47.882504703590598 ], [ -64.663729415052444, 47.718790390699915 ], [ -64.687860701096767, 47.857632913413696 ], [ -64.502751811851041, 47.882504703590598 ] ] ], [ [ [ -64.517876916070733, 48.019842002844449 ], [ -64.467877519257911, 47.942429393961078 ], [ -64.577665398924154, 47.889155300610412 ], [ -64.517876916070733, 48.019842002844449 ] ] ], [ [ [ -66.775636310488352, 44.799574704143026 ], [ -66.737520286062733, 44.681669295343376 ], [ -66.904532788418933, 44.597957306477966 ], [ -66.775636310488352, 44.799574704143026 ] ] ] ] } },
{ "type": "Feature", "properties": { "map_id": "QC" }, "geometry": { "type": "MultiPolygon", "coordinates": [ [ [ [ -78.123454874215597, 62.290346888909525 ], [ -77.511903205041207, 62.581853002743621 ], [ -77.369529908829364, 62.499999988623834 ], [ -77.366166689280661, 62.559728194449136 ], [ -76.797345094996189, 62.522465092916448 ], [ -76.02647159089409, 62.304871292866736 ], [ -75.9483239720292, 62.352580607663128 ], [ -75.561926914827353, 62.273122812924228 ], [ -75.885089825179037, 62.165993196371105 ], [ -75.453117886857939, 62.303687707323277 ], [ -75.378493085768454, 62.250000001726427 ], [ -75.342002783435632, 62.316912900492632 ], [ -74.536463819305638, 62.102106302341298 ], [ -74.712452125738906, 62.252675596100197 ], [ -74.352833181569821, 62.255800008901488 ], [ -73.671813106013843, 62.480220497445707 ], [ -72.88180559002177, 62.15200291075854 ], [ -72.999041120298088, 62.117370491328536 ], [ -72.611890090269867, 62.111107989707634 ], [ -72.581932005895283, 61.971413394637132 ], [ -72.797721680817162, 61.823560587422143 ], [ -72.646357600659769, 61.884898002671271 ], [ -72.59346788103511, 61.784297384680841 ], [ -72.581669193044476, 61.952004211660594 ], [ -72.19606160839507, 61.866835387964208 ], [ -72.110015372811276, 61.79504639769722 ], [ -72.266355334422329, 61.785212293191826 ], [ -71.979829307616555, 61.66430928787625 ], [ -72.268923177110395, 61.555601392232376 ], [ -71.960006274357426, 61.599411805675388 ], [ -71.939658689160083, 61.707461498788597 ], [ -71.550868286283176, 61.617339884891933 ], [ -71.539878914263042, 61.564859800615132 ], [ -71.836733190044541, 61.539582711022113 ], [ -71.710894168777301, 61.467358608364989 ], [ -72.000000014591208, 61.448687007625452 ], [ -71.567641781955075, 61.409228386419365 ], [ -71.916455604921879, 61.393649096586437 ], [ -71.641001722894131, 61.326401804011624 ], [ -71.842867487345202, 61.271425387309648 ], [ -71.579297886504989, 61.254026790597344 ], [ -71.579084495785679, 61.163663091460009 ], [ -71.438420875400183, 61.22415949767376 ], [ -71.434671619119385, 61.118954894579289 ], [ -70.98946142375965, 61.128161905419766 ], [ -70.722736177460462, 60.999653201093899 ], [ -70.760912904028331, 61.083389193919416 ], [ -70.417028925731415, 61.006636299605404 ], [ -70.405176690838729, 61.089960898236924 ], [ -70.130048697809798, 61.090792604394885 ], [ -70.143993330201027, 60.881406192992031 ], [ -69.90047207000471, 60.799971101879628 ], [ -69.761611102363787, 60.918537195974707 ], [ -69.644297582876263, 60.876946290364899 ], [ -69.676105403050286, 61.023331986641864 ], [ -69.50276588120812, 61.067679403469313 ], [ -69.356653990125807, 60.814335408013541 ], [ -69.697290598972643, 60.701629185885778 ], [ -69.625862387759639, 60.580552911595461 ], [ -69.827455892416694, 60.50339310889585 ], [ -69.661673008067709, 60.356173908775432 ], [ -69.823922104826536, 60.288500894138842 ], [ -69.583813714164847, 60.221523209780187 ], [ -69.618129303299995, 60.071253993856836 ], [ -69.841817499639788, 60.030402297112488 ], [ -69.726292577982221, 59.896834706550514 ], [ -69.544323616910987, 59.869599114676156 ], [ -69.661155594810936, 59.693198699890814 ], [ -69.499037976131916, 59.670517803342733 ], [ -69.746758619687682, 59.508996795730035 ], [ -69.620629597199823, 59.390454293470746 ], [ -69.760973568633375, 59.322082507063428 ], [ -69.247212009888429, 59.334938506500379 ], [ -69.226862072562355, 59.229956004218238 ], [ -69.537616519596924, 59.153704108017614 ], [ -69.34655934023472, 59.107905624689131 ], [ -69.347357404167241, 59.134638105936723 ], [ -69.237545724624596, 59.162542297133129 ], [ -69.089790014289662, 59.059246303279338 ], [ -69.341587693905581, 58.940403507822886 ], [ -69.346447981809902, 59.104172085148228 ], [ -69.435917324139766, 59.021302797864799 ], [ -69.492879730744079, 59.079234193937722 ], [ -69.436841607449594, 58.903826789999229 ], [ -69.546397689546154, 58.809524888044692 ], [ -69.680012810357155, 58.8091409134286 ], [ -69.658065424748273, 58.94653449346103 ], [ -69.687740408289059, 58.896282205914076 ], [ -69.845446994574999, 59.061304502900867 ], [ -69.87855763178122, 58.973679119148322 ], [ -69.809383086615441, 58.958091700114288 ], [ -69.788718495232658, 58.828025411185727 ], [ -69.88691858283147, 58.884009409092165 ], [ -69.878302109141885, 58.826143611745493 ], [ -70.258070096808211, 58.780371394143849 ], [ -70.014446792213107, 58.730873393227931 ], [ -69.907505488020689, 58.78387060972603 ], [ -69.927594469791501, 58.689322708045687 ], [ -69.779723388457001, 58.707713184196507 ], [ -69.812682698194877, 58.582834299689345 ], [ -69.385998684453668, 58.87318589420002 ], [ -68.581182598618895, 58.898148002464453 ], [ -68.348240681091553, 58.781099003316506 ], [ -68.2697603023461, 58.570051112414255 ], [ -68.310920732534413, 58.520005771366534 ], [ -68.191054685200839, 58.556834088662427 ], [ -68.16948227786429, 58.454653009113542 ], [ -67.982860184937678, 58.576229190437147 ], [ -67.851792078785437, 58.312728899968313 ], [ -67.789147082551551, 58.463931994508151 ], [ -67.68253848275765, 58.422764397792591 ], [ -67.694613301360405, 58.101683195001257 ], [ -67.474910182197178, 58.28417899208921 ], [ -67.384322181104835, 58.259348795390473 ], [ -67.178120016359912, 58.400250207438219 ], [ -67.08975888987365, 58.33980199751813 ], [ -66.936757093920704, 58.513224008982242 ], [ -66.852982193045975, 58.423997392883749 ], [ -66.732091513080178, 58.510706215167851 ], [ -66.500000010125092, 58.430475000731008 ], [ -66.661002288270026, 58.546769510954526 ], [ -66.444108109655318, 58.713569114099769 ], [ -66.45424740787216, 58.83131098968677 ], [ -66.341639090873883, 58.847963804276517 ], [ -66.012402409234952, 58.64023620319427 ], [ -66.069642379221079, 58.834145397014808 ], [ -65.86668028894465, 58.840678208832003 ], [ -65.825785510876841, 58.778316309909599 ], [ -65.773025690691156, 58.858606897338049 ], [ -66.000297699980521, 58.913807590005455 ], [ -65.858969600429518, 58.991258509978465 ], [ -65.660941087427787, 58.936462892181744 ], [ -65.783589390179685, 59.017385886405322 ], [ -65.685864604011243, 59.060728102510616 ], [ -65.49999999623779, 58.993969511883343 ], [ -65.747435100524001, 59.270581897871054 ], [ -65.557084105314303, 59.146939590575414 ], [ -65.583182695400069, 59.260526713391997 ], [ -65.469353097666385, 59.141051306251683 ], [ -65.55318297637406, 59.386574194796466 ], [ -65.30468240920078, 59.238619610356764 ], [ -65.516705281434639, 59.482488603459061 ], [ -65.25675688926151, 59.402260086170052 ], [ -65.39150220918475, 59.492334690724043 ], [ -65.36158247480931, 59.492621199370163 ], [ -65.38713937458067, 59.499999999731166 ], [ -65.537497175541759, 59.747770703194902 ], [ -65.405257403009998, 59.816229509522095 ], [ -65.312069684882886, 59.753622604436259 ], [ -65.327873682533351, 59.861481801568338 ], [ -64.978340703316135, 59.763088098658791 ], [ -65.275291096569021, 59.877135495403969 ], [ -65.119986912111671, 59.862136098980635 ], [ -65.231264522195687, 59.921666805737992 ], [ -65.14412717484727, 59.964755301085766 ], [ -64.998347524347338, 59.897582094659803 ], [ -65.138430225413856, 60.051682001476735 ], [ -65.009107395762172, 60.039869589451968 ], [ -65.030466579133702, 60.125399401862246 ], [ -64.925436707615603, 60.050911807426608 ], [ -65.007500788413651, 60.158527489723056 ], [ -64.944218915568854, 60.109884092141954 ], [ -64.964206691797628, 60.188135106035091 ], [ -64.834806001503438, 60.203086012116231 ], [ -64.958535491763385, 60.253372004926966 ], [ -64.778829002861556, 60.287710394694997 ], [ -64.845383908981105, 60.371461413881143 ], [ -64.525382001055817, 60.304482008756423 ], [ -64.862258547095877, 60.258468521629837 ], [ -64.593715864458972, 60.11703127318323 ], [ -64.923643294535751, 60.061465122897239 ], [ -64.626798187966742, 59.930294630084703 ], [ -64.825224529208612, 59.825607978669311 ], [ -64.749431897202399, 59.717239373938121 ], [ -64.939439237306587, 59.567046009438876 ], [ -64.679834930435277, 59.446905143389856 ], [ -64.433766212402674, 59.541973597712179 ], [ -64.324069310403061, 59.512774127207777 ], [ -64.543536274825712, 59.310435058792038 ], [ -64.498048755474372, 59.106415977747325 ], [ -64.261791154519429, 59.012956565535141 ], [ -64.460301091119788, 58.981514253258005 ], [ -64.779238807886486, 59.074957441028786 ], [ -64.889111464189156, 58.938382156386474 ], [ -64.287612622043724, 58.896753130303445 ], [ -64.137792863163526, 58.746166875645855 ], [ -63.709996841301979, 58.887053192440433 ], [ -63.467504073521852, 58.762047079371925 ], [ -64.047222191266215, 58.702628471308572 ], [ -64.1049434675394, 58.563230008487238 ], [ -63.887129115793634, 58.571654476711331 ], [ -63.807850050262225, 58.489746102828185 ], [ -64.158507128190152, 58.371033758658442 ], [ -64.435394879177991, 58.098375319749458 ], [ -64.218507640733847, 58.036983293854561 ], [ -64.072001289891958, 57.770020343219286 ], [ -63.912355576813127, 57.801122540941797 ], [ -63.697395591108354, 57.655945747644871 ], [ -63.771915905788902, 57.592449771601011 ], [ -63.701301159437136, 57.368333581978476 ], [ -63.883373482795925, 57.277620959587907 ], [ -63.884074871340559, 57.196255856753503 ], [ -63.809136377052027, 57.262159708211072 ], [ -63.737137403557398, 57.221595581717985 ], [ -63.890083399987162, 57.086083059136584 ], [ -63.859156243078743, 56.868740028449885 ], [ -64.003478675416318, 56.861743737536841 ], [ -64.145314397046789, 56.699754843029766 ], [ -63.874230194245627, 56.441960445134214 ], [ -64.177984873100996, 56.425243570470535 ], [ -64.087377182106678, 56.256889260876576 ], [ -63.862933320828191, 56.212589089261634 ], [ -64.035963316365127, 56.154881042165513 ], [ -64.034666931361301, 56.070144579092464 ], [ -63.856178766729776, 56.137136179081509 ], [ -63.837873760763649, 56.045044939115463 ], [ -63.443545120013809, 56.029516404171368 ], [ -63.854441670694008, 55.910012438457755 ], [ -63.66653047155895, 55.787789765117239 ], [ -63.764615776663597, 55.651587948637648 ], [ -63.643690095459903, 55.641579438017921 ], [ -63.792682824977305, 55.467238604705827 ], [ -63.324848694712379, 55.366046935465356 ], [ -63.679475057745634, 55.266886879473397 ], [ -63.402834442563822, 55.249006458074653 ], [ -63.60229646506621, 55.12873327806863 ], [ -63.591443709030415, 54.896592141718862 ], [ -63.829816889480561, 54.942052304203216 ], [ -63.817161538485344, 54.816921865073844 ], [ -63.924009339873088, 54.778407386682403 ], [ -63.712625413683199, 54.624950763384092 ], [ -63.897863423540031, 54.600703821961567 ], [ -64.107328934861158, 54.613186614272841 ], [ -64.397474582481308, 54.790492953034416 ], [ -64.556882472605864, 54.713662282260245 ], [ -64.769672105149468, 54.730095628636626 ], [ -64.761114250687967, 54.829528144476811 ], [ -65.085814686510929, 54.969562791858692 ], [ -65.296312758822907, 54.81758319854135 ], [ -65.487294642737552, 54.834376793204754 ], [ -65.455530319273848, 54.72858324603181 ], [ -65.693172801035828, 54.708164034476368 ], [ -65.849845423742096, 54.927210876406477 ], [ -66.246416016960339, 54.975469042015661 ], [ -66.807842930484398, 55.356744027771292 ], [ -66.670363298285082, 55.177485029367489 ], [ -66.755201534386629, 55.214994276929893 ], [ -66.788672991692451, 55.118413793051502 ], [ -66.627057514302336, 54.984860158733092 ], [ -66.765990371571093, 55.000016916120956 ], [ -66.602651097902822, 54.813506310708277 ], [ -66.737380603309518, 54.81320040347822 ], [ -66.669112980857349, 54.709672749215748 ], [ -67.033043043851521, 54.86194778245018 ], [ -67.272811816180294, 55.076427253658039 ], [ -67.468755948752246, 55.057267401924058 ], [ -67.062900813836308, 54.692933110182764 ], [ -67.280326995472677, 54.591792260638648 ], [ -67.272574381124855, 54.486629172930812 ], [ -67.491748754824343, 54.58490951460562 ], [ -67.50040551931599, 54.481506553984879 ], [ -67.648056282620999, 54.509565897775346 ], [ -67.772258248662226, 54.44171900134068 ], [ -67.615618101007684, 54.195755535384251 ], [ -67.810252416245632, 54.128132909634097 ], [ -67.820628479932438, 54.020008822151873 ], [ -67.497790033732215, 53.836690725284647 ], [ -67.60330621827616, 53.762698560511339 ], [ -67.417790980858371, 53.725137864920931 ], [ -67.318660773121692, 53.552965329973809 ], [ -67.035928051842674, 53.52875828254782 ], [ -66.890090887941184, 53.413061460161003 ], [ -67.027050616945914, 53.334646127655581 ], [ -66.989531428492128, 53.084356754143172 ], [ -67.262968346246609, 53.181290569000566 ], [ -67.385378958146475, 53.131979434183506 ], [ -67.363425361084651, 52.996191469397743 ], [ -67.244521371847583, 52.979518849728713 ], [ -67.32458005539803, 52.877825527547976 ], [ -67.161129120139407, 52.817460379789317 ], [ -67.063150780209725, 52.875456792801685 ], [ -67.034304082226384, 52.747015631952173 ], [ -66.850879084871991, 52.67477247124512 ], [ -66.859864945758218, 52.768362788465168 ], [ -66.764676008212362, 52.666235004747826 ], [ -66.786795354279505, 52.797418933157196 ], [ -66.647096809139924, 52.78364248459755 ], [ -66.62555377300113, 52.95424326388855 ], [ -66.500773640094408, 52.946355589442938 ], [ -66.459216249472433, 53.055171749428567 ], [ -66.326682739470598, 52.972628908165277 ], [ -66.275017844962576, 52.840305233671614 ], [ -66.416279327003494, 52.858323105480856 ], [ -66.284572225225247, 52.604219326342957 ], [ -66.388657382873546, 52.682284201810361 ], [ -66.440275917272032, 52.636400427297517 ], [ -66.344042175334792, 52.360415401905129 ], [ -66.49051725452405, 52.341637463698866 ], [ -66.37636585958208, 52.15281604479712 ], [ -66.267942093599743, 52.150368800324017 ], [ -66.266696432110393, 52.310078428538326 ], [ -65.996196161933412, 52.05473739141474 ], [ -65.668256083910521, 52.11727471329813 ], [ -65.650175193945643, 51.986808768552393 ], [ -65.499325417615452, 52.110453360407668 ], [ -65.359086923174942, 51.981101596264608 ], [ -65.359759893117172, 51.822752717417018 ], [ -65.283535944917716, 51.873846859623278 ], [ -65.180418010889341, 51.765619534655471 ], [ -64.950894013352993, 51.715402141951373 ], [ -64.924675344962807, 51.777858459753567 ], [ -64.7097506015253, 51.755954097903427 ], [ -64.548503534559259, 51.573896846920505 ], [ -64.274037106892209, 51.742293760269632 ], [ -64.361045884136956, 52.005492093812343 ], [ -64.237105053850897, 51.977959925684694 ], [ -64.291866020442384, 52.077649160059103 ], [ -64.249926162705719, 52.144723943747898 ], [ -64.166359852245662, 52.116057446998717 ], [ -64.246561354190973, 52.275396656758019 ], [ -64.109229088467984, 52.39405671887593 ], [ -64.225699423508885, 52.58198236665568 ], [ -64.140493297967041, 52.726705480058492 ], [ -63.721485613442042, 52.770311801117586 ], [ -63.614367996165775, 52.877528580155207 ], [ -63.617517035664086, 52.771134858648097 ], [ -63.380291282164364, 52.662224296123497 ], [ -63.950194542284734, 52.606862714855971 ], [ -64.097303894488675, 52.473057411085719 ], [ -64.013034490627348, 52.362964810412997 ], [ -63.744486214689296, 52.315232695628154 ], [ -63.835951488867835, 52.313607987747268 ], [ -63.642376876495383, 52.047046405469963 ], [ -63.827149802228888, 52.085528311381388 ], [ -63.801462640077439, 51.997843676943027 ], [ -57.107759373026589, 51.998494772030554 ], [ -57.108542975084511, 51.415634902907229 ], [ -57.207532825617243, 51.411311596290403 ], [ -57.24266258184398, 51.505158299847139 ], [ -57.609489801769485, 51.41774278749859 ], [ -57.579992294855522, 51.472673692822447 ], [ -57.691346616386795, 51.419612598130499 ], [ -57.744032486108523, 51.472299905046079 ], [ -58.024640001223247, 51.304334306904792 ], [ -58.045439796588809, 51.364735396128914 ], [ -58.145549196272889, 51.278261894544542 ], [ -58.10770778355635, 51.357607197015639 ], [ -58.233104902687373, 51.26403931460905 ], [ -58.269117906886017, 51.394325993986016 ], [ -58.286508104233071, 51.263771213139982 ], [ -58.428881495305717, 51.314824088967967 ], [ -58.590133590601042, 51.231470387067496 ], [ -58.637223713603092, 51.273899707399806 ], [ -58.564616709981777, 51.179168504552152 ], [ -58.85587041808386, 51.090717591399944 ], [ -58.894934793942305, 50.945757090177679 ], [ -58.900049802256561, 51.059137689701316 ], [ -59.046433421552059, 50.99684769992443 ], [ -58.948785380344049, 50.988894007794222 ], [ -59.013869107521955, 50.737316911797393 ], [ -59.100867208368804, 50.817876194430148 ], [ -59.207756304177344, 50.722851790002295 ], [ -59.26272941412801, 50.757279807324039 ], [ -59.230709683895512, 50.682469098711351 ], [ -59.430363515071228, 50.656682100084225 ], [ -59.580357712645103, 50.474817199497174 ], [ -59.785699599886392, 50.455907613985019 ], [ -59.902714791290741, 50.371396093196878 ], [ -59.817045918061019, 50.32582309707032 ], [ -60.150249519035157, 50.195081696257112 ], [ -60.149668290968776, 50.286625687780891 ], [ -60.294437601474584, 50.222167194130193 ], [ -60.28748050765337, 50.344448203479544 ], [ -60.342145213246084, 50.208167397574307 ], [ -60.757752296534655, 50.243664288181918 ], [ -60.810030300355685, 50.192458293592402 ], [ -60.791182291862192, 50.250849186344041 ], [ -60.738323812734308, 50.284762708167122 ], [ -60.865118401869246, 50.302895008063345 ], [ -60.797416212926798, 50.257001910136452 ], [ -60.943481196426376, 50.182142003582982 ], [ -60.912266775751405, 50.240583405152691 ], [ -61.028163516553207, 50.260640200910878 ], [ -60.972268785042935, 50.197489397184292 ], [ -61.085106085099333, 50.25000000211638 ], [ -61.062089607880772, 50.175025210209995 ], [ -61.298125389862555, 50.193270700636091 ], [ -61.73891398152545, 50.085504497886404 ], [ -61.814387695337246, 50.111111501118515 ], [ -61.588470688275628, 50.154463098216816 ], [ -61.567149716426108, 50.248586594746293 ], [ -61.62728801433159, 50.153545899605668 ], [ -61.809554775692277, 50.127038904328863 ], [ -61.798852588358024, 50.198411386456876 ], [ -62.307160802768372, 50.252708212510804 ], [ -62.346121778362956, 50.337639500175669 ], [ -62.364485294687803, 50.263435900310206 ], [ -63.001596988336722, 50.311281890196184 ], [ -63.401888491146707, 50.201302604631245 ], [ -63.819437400183332, 50.303041093823815 ], [ -64.165436716622352, 50.255479094560258 ], [ -64.454892480620629, 50.3227093045166 ], [ -64.875336309720552, 50.259832011982908 ], [ -65.950314091668972, 50.291013804217762 ], [ -66.116736491804346, 50.186666996748777 ], [ -66.364760994654702, 50.185003988529175 ], [ -66.452749502356525, 50.285894400320181 ], [ -66.549953311793246, 50.223278606938301 ], [ -66.452420397689778, 50.126835191183901 ], [ -66.711047198382346, 50.111230485913318 ], [ -67.148598418694718, 49.8092343992477 ], [ -67.225390588340815, 49.484608701516507 ], [ -67.381169985598007, 49.316043206248288 ], [ -67.791434888555401, 49.319378795929723 ], [ -67.817714318635907, 49.268879691557153 ], [ -67.872893897412141, 49.373449788657823 ], [ -67.871908878670666, 49.29761990528494 ], [ -68.325028009384582, 49.195364603811257 ], [ -68.192894590239717, 49.098553310761091 ], [ -68.46022860012755, 49.042762093891142 ], [ -68.389078318943405, 49.144646492352457 ], [ -68.585453211512046, 49.060321705029907 ], [ -68.6374947776211, 48.900578006398881 ], [ -69.00892030908193, 48.761221198580522 ], [ -69.066856590413835, 48.843429388995311 ], [ -69.106942614098543, 48.605291204816929 ], [ -69.232054320864108, 48.572488293487964 ], [ -69.466638786188753, 48.270377088495785 ], [ -69.611001305390758, 48.249835798695983 ], [ -69.905741999609916, 47.769927286987283 ], [ -70.148488714613535, 47.651843190424202 ], [ -70.231198309053653, 47.488138688941717 ], [ -70.499999992761218, 47.441183400552219 ], [ -70.742901009180244, 47.08763980155662 ], [ -71.055234020601205, 46.892029850892058 ], [ -70.796888016644445, 47.023380190798349 ], [ -70.968716869274473, 46.885812164093444 ], [ -70.499999991678422, 47.009965101685772 ], [ -69.438562405071082, 47.993973811763738 ], [ -68.165549483328391, 48.644557696065903 ], [ -66.238779784453754, 49.196982299115128 ], [ -65.555217108201191, 49.256844991447487 ], [ -64.850623697404146, 49.187006003611053 ], [ -64.201712005669307, 48.858102805807853 ], [ -64.163139709466392, 48.748575708511062 ], [ -64.50000000214493, 48.868596893576566 ], [ -64.167917704134922, 48.62601819679923 ], [ -64.330510089463829, 48.610687498979267 ], [ -64.204689794991396, 48.52480549649151 ], [ -64.317328787302074, 48.418229599410246 ], [ -64.73577180529638, 48.339634200912698 ], [ -64.772981784762891, 48.206241898264039 ], [ -64.980163588367517, 48.198628598583973 ], [ -64.948646010491089, 48.151266404249057 ], [ -65.331460394152586, 48.002164987909858 ], [ -65.907113210310897, 48.20304490087468 ], [ -66.125331289490404, 48.085114210293412 ], [ -66.475157690720465, 48.12109330378253 ], [ -66.921270855963712, 47.984605091048017 ], [ -66.957952521555526, 47.892063749892159 ], [ -67.05896192791171, 47.935615221770334 ], [ -67.374261162320209, 47.843826661071738 ], [ -67.592942646145673, 47.924406535082227 ], [ -67.604234816170788, 47.999951328526848 ], [ -68.122605028314609, 47.999892420044517 ], [ -68.122792929735994, 47.916442195760879 ], [ -68.382334183210631, 47.916116945536658 ], [ -68.383549334905268, 47.553092290918151 ], [ -68.568107007230367, 47.427146240763363 ], [ -69.0505646734225, 47.300168249561288 ], [ -69.06549260375094, 47.429145519687246 ], [ -69.225087818678503, 47.460046601200602 ], [ -69.998880391483638, 46.701545489803749 ], [ -70.019261312853814, 46.591889726386569 ], [ -70.06899453953352, 46.561290898409112 ], [ -70.019383086636452, 46.591342024502794 ], [ -70.056661280483084, 46.415641601754878 ], [ -70.29253232178057, 46.191464492922705 ], [ -70.259270078015703, 45.889534804627282 ], [ -70.687398113083688, 45.568509525536307 ], [ -70.621838088745392, 45.403079691682315 ], [ -70.796174643369326, 45.427677126734778 ], [ -70.83870689030411, 45.233908267947513 ], [ -71.009633495284731, 45.347559616329093 ], [ -71.146997914631143, 45.239555841879842 ], [ -71.296619086592102, 45.299128479925798 ], [ -71.442248685147163, 45.238499772050943 ], [ -71.505284532212954, 45.013399863366814 ], [ -72.210973865357275, 45.00528339599088 ], [ -72.158380395400684, 45.116659206819236 ], [ -72.234277700725144, 45.059427593862402 ], [ -72.271954598843692, 45.101324908873274 ], [ -72.164127498546421, 45.279175195838825 ], [ -72.30417490581145, 45.179949192268964 ], [ -72.255360584870658, 45.00442537690806 ], [ -73.090800143267074, 45.015327291167615 ], [ -73.145258809955465, 45.085086115379042 ], [ -73.19114439907348, 45.013802199319706 ], [ -73.335220991271655, 45.01083923918867 ], [ -73.225464649720479, 45.103121673073794 ], [ -73.243971105320171, 45.250000010598242 ], [ -73.352786804538184, 45.0105881934238 ], [ -74.637368155808943, 44.999314506880204 ], [ -74.465621711910202, 45.03442621557469 ], [ -74.322066787895423, 45.167287184666677 ], [ -73.992609188620605, 45.228675298813478 ], [ -73.755807283533045, 45.402163707469569 ], [ -73.511701701710777, 45.406543892765832 ], [ -73.432577489098477, 45.714924686415159 ], [ -73.148179090323353, 46.041699401194066 ], [ -72.666240790924562, 46.193245896642473 ], [ -72.448212422483749, 46.376277051706417 ], [ -72.583734911576641, 46.300123094766747 ], [ -73.009627395443957, 46.191239796543321 ], [ -73.469879303908485, 45.714166907394223 ], [ -73.727555589834765, 45.682441696173463 ], [ -74.049309417327166, 45.458738093214848 ], [ -74.362328104220722, 45.555325713864342 ], [ -74.007795105481875, 45.423511891366857 ], [ -73.91624818672534, 45.324159296104696 ], [ -73.995307199245943, 45.238715387024286 ], [ -74.180802517284448, 45.281791503103584 ], [ -74.322691310679005, 45.197411113478566 ], [ -74.471911279194998, 45.302734210570009 ], [ -74.379532849709619, 45.560592330163985 ], [ -74.635892319746546, 45.638549140569161 ], [ -74.928307498194414, 45.645693085701943 ], [ -75.817825325524907, 45.372698709368251 ], [ -76.089877186837469, 45.5138524453874 ], [ -76.365955999400114, 45.457831786102467 ], [ -76.659274946648537, 45.560726059016844 ], [ -76.780161606450804, 45.872371978676476 ], [ -76.927575154073409, 45.892254878220704 ], [ -76.987683335309285, 45.786634757203188 ], [ -77.566082710630667, 46.159220591111421 ], [ -78.697272556702828, 46.319741542680447 ], [ -78.917096712167165, 46.482165803967519 ], [ -79.434985940458247, 47.084229941989051 ], [ -79.42684265020965, 47.250069240176096 ], [ -79.586878084194296, 47.433114959059623 ], [ -79.510486022109347, 47.543582422943757 ], [ -79.548966181098734, 51.514165394518102 ], [ -79.361182297988634, 51.657274910994744 ], [ -79.226932508689742, 51.644570912257201 ], [ -79.245052806026152, 51.54501500742667 ], [ -78.980638686219791, 51.460518206607276 ], [ -78.925079787051757, 51.250000003546312 ], [ -78.763393717014139, 51.483112794793421 ], [ -78.871670499873346, 51.631336395820803 ], [ -78.762638418062537, 51.670502789182912 ], [ -78.927705984039136, 51.645884908340612 ], [ -79.044430114449867, 51.763528312773786 ], [ -78.853063703255614, 51.823711895402759 ], [ -78.899666616387961, 51.90577890559711 ], [ -78.678571788754084, 51.999999987811677 ], [ -78.715420389912211, 52.050742309799027 ], [ -78.500000011383477, 52.075855497007176 ], [ -78.582165605225327, 52.103621999557028 ], [ -78.500000017147826, 52.477217590281917 ], [ -78.769131307148555, 52.545728210457902 ], [ -78.736245002449266, 52.688175790664054 ], [ -78.871655298300013, 52.742093787954097 ], [ -78.715027818384314, 52.775932391698596 ], [ -78.793453215478749, 52.813873511704763 ], [ -78.707067790078298, 52.869222400917295 ], [ -78.8711753016796, 52.859498710094819 ], [ -78.802201989523766, 53.000000003788131 ], [ -78.99235769971088, 53.017134401222592 ], [ -78.931108012907131, 53.405000004692781 ], [ -79.065292299095063, 53.407744392934752 ], [ -78.986153189725812, 53.442018694937424 ], [ -79.136489781351614, 53.502582609552299 ], [ -78.883956107299696, 53.556498107292668 ], [ -79.070593579780763, 53.588726000891583 ], [ -78.999999987486873, 53.844088993049951 ], [ -79.11442630775754, 53.89172498919045 ], [ -78.985174104741446, 53.899920691059023 ], [ -79.132066118860024, 53.94507149777867 ], [ -78.961544888351625, 53.997728895157685 ], [ -79.177280523047145, 54.083176195516842 ], [ -79.057206693532891, 54.092242086896285 ], [ -79.058491504877267, 54.168793588169876 ], [ -79.393267399602351, 54.176438612659325 ], [ -79.281919318612893, 54.234972488873133 ], [ -79.482766300363352, 54.29162998941306 ], [ -79.400776699122616, 54.336024289369973 ], [ -79.591009905856311, 54.553293089306678 ], [ -79.502472884429892, 54.588603989337706 ], [ -79.762901905241847, 54.632428989370901 ], [ -78.316573315475523, 55.042015889943428 ], [ -77.784310505992863, 55.264515789217249 ], [ -77.115288590797377, 55.667306612307144 ], [ -77.080452801621504, 55.720897907839664 ], [ -77.19755318163017, 55.667658507501258 ], [ -76.690713214008582, 56.048042914329024 ], [ -76.52720720414527, 56.379513209137713 ], [ -76.661555590355547, 57.406875790881998 ], [ -77.200340314258582, 58.000996914993202 ], [ -76.999999983977318, 58.021286009107023 ], [ -77.23742630085421, 58.030237611252026 ], [ -77.527464789181522, 58.160724203934429 ], [ -77.500000022750243, 58.283203997782373 ], [ -77.577765106163952, 58.224242400770983 ], [ -77.978056486376346, 58.344019496417438 ], [ -78.21105920127404, 58.558708402632185 ], [ -78.308561803363332, 58.512678911941734 ], [ -78.336199408974863, 58.625554413023238 ], [ -78.476713913026785, 58.631607914918064 ], [ -78.362570781206671, 58.530657002406969 ], [ -78.59753359103253, 58.675343606493378 ], [ -78.485551683610723, 58.657059889670265 ], [ -78.557358208678096, 58.793116696942135 ], [ -78.538431184043787, 58.785147602553927 ], [ -78.576363311510462, 58.919425689636924 ], [ -78.513492511948655, 58.83568100896494 ], [ -78.468199216122983, 58.916316113085216 ], [ -78.253367702523704, 58.926726206210361 ], [ -78.316808480225262, 59.049982809851301 ], [ -78.072932197111584, 59.085210309024276 ], [ -78.151816410185319, 59.198311711188332 ], [ -77.935038419560769, 59.20780859532433 ], [ -78.024224892529816, 59.244706709868531 ], [ -77.788149215508298, 59.300915889486397 ], [ -77.8474984200042, 59.36307241351453 ], [ -77.641106376435616, 59.370385596671667 ], [ -77.951953713617399, 59.40505260971954 ], [ -77.710773290671483, 59.54364891181168 ], [ -77.809600006551321, 59.707227693867296 ], [ -77.500000015530048, 59.636800003705801 ], [ -77.569939679321337, 59.755852788881946 ], [ -77.277233824546755, 59.799575691822426 ], [ -77.459820285559218, 59.920391191046846 ], [ -77.190468480503057, 60.045185797782018 ], [ -77.636375501090129, 60.057496695367519 ], [ -77.438373590378902, 60.117811391473445 ], [ -77.579941297537047, 60.199336407878583 ], [ -77.463214083525543, 60.200198701797042 ], [ -77.775617812159766, 60.385557100903156 ], [ -77.580890423975291, 60.539491588988625 ], [ -77.419618891327644, 60.537310887636451 ], [ -77.675765091423358, 60.542163099866663 ], [ -77.83756079154756, 60.638898504384457 ], [ -77.608324380022935, 60.763811988267072 ], [ -77.773495695822405, 60.759594187630576 ], [ -77.510944071363369, 60.842558205364135 ], [ -77.87160578697015, 60.760177308611155 ], [ -78.22785690639077, 60.789295502392982 ], [ -77.708896389407798, 61.17605808738184 ], [ -77.812713698437719, 61.463126588702323 ], [ -77.639422120008291, 61.386159894057407 ], [ -77.720136803247797, 61.466915909468121 ], [ -77.551729619934861, 61.481118110774432 ], [ -77.710604676006895, 61.544026306024087 ], [ -77.495301803697217, 61.547701088703541 ], [ -78.004333811026711, 61.705877389100067 ], [ -78.123454874215597, 62.290346888909525 ] ], [ [ -70.157379649422893, 46.507594491686035 ], [ -70.250409311876552, 46.614680704355678 ], [ -70.170982790051056, 46.499312086781039 ], [ -70.157379649422893, 46.507594491686035 ] ], [ [ -71.096251770017574, 46.85150863862291 ], [ -71.122426522653655, 46.849600637440282 ], [ -71.136670700143895, 46.8405901405309 ], [ -71.096251770017574, 46.85150863862291 ] ], [ [ -71.291680578282254, 46.752890287734203 ], [ -71.88168900629536, 46.689918993320127 ], [ -72.132323684061404, 46.552091503054577 ], [ -71.846438091557218, 46.670870392773764 ], [ -71.69299489137417, 46.629038294083529 ], [ -71.346611490844936, 46.718232791783514 ], [ -71.291680578282254, 46.752890287734203 ] ], [ [ -72.169279479326747, 46.53164460910881 ], [ -72.447943752210364, 46.376427590233973 ], [ -72.247743003197726, 46.417948687666929 ], [ -72.169279479326747, 46.53164460910881 ] ] ], [ [ [ -61.922752850025894, 47.305023368907406 ], [ -61.935955185950505, 47.405497195447523 ], [ -61.408980007665576, 47.631045302647102 ], [ -61.862200993991394, 47.424239600321783 ], [ -61.922752850025894, 47.305023368907406 ] ] ], [ [ [ -61.919659277395233, 47.281418362856918 ], [ -61.815995609220529, 47.229181597840039 ], [ -62.005747406061317, 47.215952202830259 ], [ -61.984121707274035, 47.279798090454655 ], [ -61.915546507883086, 47.249999996969009 ], [ -61.919659277395233, 47.281418362856918 ] ] ], [ [ [ -62.687439020554777, 49.642725100168498 ], [ -62.253428279269663, 49.455063405534425 ], [ -62.208331190919566, 49.345569302817715 ], [ -62.0891364910402, 49.377567802620895 ], [ -62.135924198620543, 49.289148711824062 ], [ -62.061768815497452, 49.387047193531579 ], [ -61.895566319947136, 49.35178379257713 ], [ -61.700177619366173, 49.084802794110807 ], [ -62.249472385170435, 49.062408107111985 ], [ -63.100215624180727, 49.232724596936642 ], [ -63.596020912130811, 49.391361399315286 ], [ -63.823537203062976, 49.636632397285958 ], [ -64.524398192284096, 49.863912112002367 ], [ -64.149483116102573, 49.952077197351741 ], [ -62.687439020554777, 49.642725100168498 ] ] ], [ [ [ -73.526169275367437, 45.521397400613964 ], [ -73.515267903415477, 45.414534305245311 ], [ -73.720666983019584, 45.408797008520374 ], [ -73.51589409644933, 45.414876199268228 ], [ -73.526169275367437, 45.521397400613964 ] ] ], [ [ [ -73.78118494655665, 45.514214303635008 ], [ -73.885730119332123, 45.526050197151058 ], [ -73.733023688951974, 45.676104998874472 ], [ -73.529135999360662, 45.697970504279375 ], [ -73.703901845312245, 45.562099142803227 ], [ -73.478246309464438, 45.701013491952629 ], [ -73.595646908300566, 45.423043903671008 ], [ -73.691726302155431, 45.430040894335853 ], [ -73.627171576729836, 45.462421880467225 ], [ -73.956683897644012, 45.404884697360721 ], [ -73.78118494655665, 45.514214303635008 ] ] ] ] } },
{ "type": "Feature", "properties": { "map_id": "ON" }, "geometry": { "type": "MultiPolygon", "coordinates": [ [ [ [ -94.579686577465665, 49.689721101096765 ], [ -94.588763259291241, 49.6558309249776 ], [ -94.680497171113601, 49.654472335075972 ], [ -94.579686577465665, 49.689721101096765 ] ] ], [ [ [ -94.576090950750157, 49.703131833704511 ], [ -94.63977144831361, 49.726433432291572 ], [ -94.929997749138835, 49.676999138518894 ], [ -94.77177764996955, 49.627401729762418 ], [ -94.932125346401065, 49.558429941426368 ], [ -94.957094345958367, 49.629227921027343 ], [ -95.153433059239688, 49.646064672042144 ], [ -95.153151096198798, 52.840573106080271 ], [ -93.629553531617006, 53.750202696300121 ], [ -88.979576904002755, 56.851148447080099 ], [ -87.979109882124902, 56.473071301637745 ], [ -87.656759285030091, 56.10668499535214 ], [ -87.361324799663365, 55.954552522496165 ], [ -86.901245495276171, 55.914072292153044 ], [ -85.895506281086625, 55.655755508645534 ], [ -85.360139990005251, 55.377894592899125 ], [ -85.122051684313035, 55.335573592578847 ], [ -85.125471418499188, 55.26119612089164 ], [ -84.543961815763538, 55.224307010184248 ], [ -83.892810713362223, 55.294962397187625 ], [ -83.695681119951999, 55.223423223267091 ], [ -83.672901085568412, 55.269504503734105 ], [ -83.337546692585789, 55.19870892081893 ], [ -82.954178690225561, 55.223701390658704 ], [ -82.797086305072668, 55.128000515534758 ], [ -82.673585179632553, 55.182477804265289 ], [ -82.306508498386336, 55.053258385679619 ], [ -82.331175598190896, 55.149914237562477 ], [ -82.252468304478398, 55.109626610086956 ], [ -82.195360197780616, 54.804312392163524 ], [ -82.499999815294672, 54.204156015333631 ], [ -82.34611757632608, 54.127575209340847 ], [ -82.499999805906995, 54.095487013812217 ], [ -82.332740691212024, 54.121059591791798 ], [ -82.185969378606188, 53.979754796533278 ], [ -82.108065793636726, 53.274108687364375 ], [ -82.283712032484374, 53.134630513511119 ], [ -82.257625400061386, 52.973523303157087 ], [ -82.352801813143159, 52.937821024143567 ], [ -82.234769108280688, 52.930453691692406 ], [ -82.334630024307799, 52.910177224637152 ], [ -82.159432789625825, 52.902488102787267 ], [ -82.208146505112893, 52.847379408657531 ], [ -82.109670611280634, 52.891110899435084 ], [ -81.942533913276492, 52.774217289543728 ], [ -82.204164298371865, 52.774177102309963 ], [ -81.938375713141383, 52.768912465563737 ], [ -81.531979281132294, 52.44259399442555 ], [ -81.561483071546547, 52.295489298836159 ], [ -81.436045416226222, 52.230863912795321 ], [ -81.607595091896272, 52.22748400589925 ], [ -80.687994408420877, 51.847912601761408 ], [ -80.396546907484506, 51.329327198687928 ], [ -79.784034594929651, 51.152426305982999 ], [ -79.672435182547119, 51.255895796694865 ], [ -79.732273816345426, 51.371333912015956 ], [ -79.676707502585003, 51.338394900297104 ], [ -79.681237112289793, 51.408217509205208 ], [ -79.515848713215746, 51.460677607714352 ], [ -79.510486022109347, 47.543582422943757 ], [ -79.586878084194296, 47.433114959059623 ], [ -79.42684265020965, 47.250069240176096 ], [ -79.434985940458247, 47.084229941989051 ], [ -78.969309739414072, 46.528836078515994 ], [ -78.697272556702828, 46.319741542680447 ], [ -77.566082710630667, 46.159220591111421 ], [ -76.987683335309285, 45.786634757203188 ], [ -76.927575154073409, 45.892254878220704 ], [ -76.780161606450804, 45.872371978676476 ], [ -76.659274946648537, 45.560726059016844 ], [ -76.365955999400114, 45.457831786102467 ], [ -76.089877186837469, 45.5138524453874 ], [ -75.817825325524907, 45.372698709368251 ], [ -74.93677495271038, 45.644994713824701 ], [ -74.381602245646263, 45.563712768926841 ], [ -74.471911279194998, 45.302734210570009 ], [ -74.343471671736282, 45.205402224180837 ], [ -74.615578085250533, 45.035842897050088 ], [ -74.947007487558196, 45.024549495625237 ], [ -75.290330017918805, 44.856699194331568 ], [ -75.937384330126321, 44.375554075790582 ], [ -76.609179528949909, 44.240959291178243 ], [ -77.004987702309734, 44.058216026210033 ], [ -76.851220131952289, 44.114939603771518 ], [ -77.052545343707351, 43.918989799608305 ], [ -76.85912354089669, 43.933879704028946 ], [ -77.151031646196046, 43.8393882962296 ], [ -77.337455657557086, 43.947123315056274 ], [ -77.489544638070015, 43.92541709694143 ], [ -77.570513034589183, 44.031977696026964 ], [ -77.703695462823617, 43.988738997230797 ], [ -78.935279338809039, 43.851102702760116 ], [ -79.322738258111372, 43.62618749645754 ], [ -79.468150263214568, 43.633938802598841 ], [ -79.886328463783244, 43.274006900777231 ], [ -79.345341561944622, 43.180692304399791 ], [ -79.063650809447779, 43.257049285003994 ], [ -79.079031622903543, 43.075173297419994 ], [ -78.93185264898608, 42.884115792728736 ], [ -80.219562533898426, 42.782604604955992 ], [ -80.453764742801653, 42.616268088545787 ], [ -80.333545846685283, 42.569945102731069 ], [ -81.318513752768112, 42.651957007756458 ], [ -81.804406543797739, 42.39213069501173 ], [ -81.851818671192675, 42.255848693591204 ], [ -81.859281546883423, 42.339218094251137 ], [ -81.909380050959513, 42.253478498827853 ], [ -82.411123845944559, 42.110392498009169 ], [ -82.509029151010125, 41.909384609243162 ], [ -82.611711763056988, 42.032033908700377 ], [ -82.923576247286618, 41.980722107840585 ], [ -83.108595143699148, 42.047404301530783 ], [ -83.061464746330884, 42.314762400582389 ], [ -82.459316548810179, 42.307905995655112 ], [ -82.40599575432006, 42.489788010064601 ], [ -82.583135964383473, 42.547499493419913 ], [ -82.42203584954612, 42.998671500221604 ], [ -82.170724158192996, 43.05892539921534 ], [ -81.716943952991471, 43.374810396272551 ], [ -81.758866338517834, 44.07369919967492 ], [ -81.271101837728096, 44.63201709918269 ], [ -81.343638048811869, 44.965262895581667 ], [ -81.436651461296037, 44.970777801293885 ], [ -81.689545758724293, 45.255654317840772 ], [ -81.29064414375739, 45.245132106476497 ], [ -81.335780061390281, 45.141839095918712 ], [ -81.25171714375341, 44.988142799322503 ], [ -81.119757247328252, 44.960415313826147 ], [ -81.158759234563021, 44.905626705799456 ], [ -80.960119153911009, 44.956693211230679 ], [ -81.139982359363927, 44.747428903283748 ], [ -80.905712934389612, 44.794091105292949 ], [ -80.944683162369373, 44.578074695588327 ], [ -80.795559060297862, 44.704319109003052 ], [ -80.646299536089444, 44.721753307024876 ], [ -80.589388555504172, 44.607664399578731 ], [ -80.101369756845003, 44.470474999978379 ], [ -79.979208242425983, 44.665894886985427 ], [ -80.124034260867234, 44.809308211982831 ], [ -79.95062065552699, 44.867081402700265 ], [ -79.890019943305816, 44.771642892631839 ], [ -79.666999839329861, 44.749999986880816 ], [ -79.696795844316924, 44.831860403872248 ], [ -79.796334829816118, 44.81297709417332 ], [ -79.777535629819312, 44.916706194226919 ], [ -79.926513840107006, 44.933939786653383 ], [ -79.887397838839973, 45.014815996072663 ], [ -80.008897329927748, 45.028338699706843 ], [ -79.937128739733581, 45.062340204964407 ], [ -80.097704729123578, 45.085625096656976 ], [ -79.92124056259776, 45.082332399397067 ], [ -80.110025043905708, 45.113772502577156 ], [ -79.923418433004073, 45.105186092063839 ], [ -80.133974028711094, 45.20060210307193 ], [ -80.075920469711818, 45.336291895172259 ], [ -80.178045644407007, 45.222553901101065 ], [ -80.216548841643757, 45.312692589801124 ], [ -80.073138975319239, 45.34277373990507 ], [ -80.057166761620039, 45.379960301350188 ], [ -80.300352551502783, 45.356245303201185 ], [ -80.376019945642838, 45.596181210835731 ], [ -80.504690233264043, 45.559287190502026 ], [ -80.656863439150612, 45.731997207672869 ], [ -80.499999839385183, 45.774234096070529 ], [ -80.714153058173039, 45.81722201198243 ], [ -80.746462144226442, 45.966035695270072 ], [ -80.79804833734876, 45.894699811996574 ], [ -80.806557753880398, 45.958025801623748 ], [ -81.197686760392116, 45.930190307014144 ], [ -81.144355956906196, 45.98644300162529 ], [ -81.165681308400465, 45.99237270877547 ], [ -81.214537352248129, 45.949087098213319 ], [ -81.396224355656244, 45.979852013801676 ], [ -81.185112659825663, 45.997770186722335 ], [ -81.219350744453948, 46.00726760366576 ], [ -81.514747626552563, 46.010160914620656 ], [ -81.674157149870894, 45.940009514428162 ], [ -81.556534733206064, 45.998606312630713 ], [ -81.671476755224319, 46.009644204277116 ], [ -81.473286230853091, 46.043722914440181 ], [ -81.716892730081582, 46.007667213640893 ], [ -81.524776729287211, 46.062596595224996 ], [ -81.617259830007796, 46.115956111035743 ], [ -81.767454067927218, 46.007168951980894 ], [ -81.735851659909869, 45.972417812672319 ], [ -81.966048162532076, 46.006786200467403 ], [ -81.818459154751764, 46.063129303594955 ], [ -81.770337591114384, 46.010336784442735 ], [ -81.722877254639599, 46.108992004774223 ], [ -82.148893032942553, 46.0997865046809 ], [ -82.451420162782028, 46.200656906375812 ], [ -82.704853742968325, 46.167286699170951 ], [ -82.626515945672296, 46.20970321701347 ], [ -83.056760937367827, 46.174964315428568 ], [ -83.921559030121955, 46.344302618972463 ], [ -84.046174303044339, 46.314578824850607 ], [ -83.9462586575128, 46.317604204838588 ], [ -83.773108137661524, 46.213815310637543 ], [ -83.945070449321818, 46.061507012966771 ], [ -84.114624548383048, 46.312443199131678 ], [ -84.048968530050331, 46.314492648804055 ], [ -84.133333937416978, 46.368523006067029 ], [ -84.076660259166459, 46.494493712346873 ], [ -84.181873455596559, 46.549960402245311 ], [ -84.523317841807597, 46.472975506220472 ], [ -84.598408751862124, 46.570365019013316 ], [ -84.421315966258959, 46.689707905534803 ], [ -84.482041158571704, 46.761928203831609 ], [ -84.564975437485614, 46.688528698693673 ], [ -84.559735558767954, 46.821506208681143 ], [ -84.35429842932291, 46.875030503113031 ], [ -84.567488358813122, 46.945621699612516 ], [ -84.617088952154788, 46.889061709358664 ], [ -84.77910472790991, 46.973837818072958 ], [ -84.584642725184935, 47.298930117208108 ], [ -85.036872441823135, 47.598656604274588 ], [ -84.845720159284397, 47.946844406746905 ], [ -85.565150752068419, 47.916891822558632 ], [ -85.873233663598526, 47.982617808743626 ], [ -86.143913739502892, 48.243150423990087 ], [ -86.251164732681943, 48.578878306086814 ], [ -86.428717132676837, 48.774160005771719 ], [ -86.636284733093262, 48.730101726345033 ], [ -86.704197350859985, 48.811143228486159 ], [ -86.864607525881354, 48.745087510827432 ], [ -86.95824183426565, 48.818819012473412 ], [ -87.26962485925948, 48.75890301867917 ], [ -87.933511426014121, 48.929987921065411 ], [ -88.039796729076116, 49.020432310173867 ], [ -88.25936793667627, 48.962316515478818 ], [ -88.09153443458257, 48.776413313928479 ], [ -88.195449562540006, 48.589974131815438 ], [ -88.340076853953292, 48.645608812369424 ], [ -88.303558928309059, 48.566650821635676 ], [ -88.426838239979318, 48.568355508426919 ], [ -88.560373254670978, 48.4098959220035 ], [ -88.551808145253318, 48.538911231660769 ], [ -88.30113903087809, 48.756865017852434 ], [ -88.479314962223881, 48.845731413562426 ], [ -88.746518253118182, 48.349701128410942 ], [ -88.938369567735251, 48.301748516549942 ], [ -88.766648367220711, 48.573114618770788 ], [ -89.140365145795215, 48.481604009548022 ], [ -89.345076532154394, 48.09408803320391 ], [ -89.573110891492846, 47.997901095394397 ], [ -89.872536607305875, 47.985512098601525 ], [ -90.064656109226036, 48.108537893822827 ], [ -90.761090019152888, 48.098392008410713 ], [ -90.806992301542024, 48.297213403464866 ], [ -91.429741387637335, 48.049131693351548 ], [ -91.571123693570868, 48.065121494032596 ], [ -91.47631240509574, 48.163864205252921 ], [ -91.638789918945847, 48.097677110659475 ], [ -91.704734193518263, 48.21226480792496 ], [ -91.977217785987179, 48.245691810998451 ], [ -92.020437200383057, 48.349767192977659 ], [ -91.904560012734038, 48.363566511788704 ], [ -92.014304786601116, 48.394096092877021 ], [ -92.360600297689743, 48.350009001453827 ], [ -92.27378600364213, 48.24997981053081 ], [ -92.369361708184087, 48.22056530904198 ], [ -92.447300201662813, 48.461808803960437 ], [ -92.70218170988683, 48.481533696849205 ], [ -92.548925192767172, 48.492785311948303 ], [ -92.54761028808359, 48.556762994637346 ], [ -92.91169621318457, 48.615759287318227 ], [ -92.774885914589234, 48.68702161206901 ], [ -93.128629799915089, 48.656663403183366 ], [ -93.040193903176927, 48.712180610375647 ], [ -93.189091316424751, 48.684090592669577 ], [ -93.110738315763427, 48.751789300455151 ], [ -93.283329798575934, 48.665356307012686 ], [ -93.099609006996602, 48.785786489880302 ], [ -93.308545291837603, 48.837809090156327 ], [ -93.335325018070904, 48.972536901429692 ], [ -93.349587388002675, 48.903631894193623 ], [ -93.489329165348451, 48.905966222524114 ], [ -93.35823838710445, 48.884480087153243 ], [ -93.467682010873133, 48.869380001576481 ], [ -93.402077983386519, 48.817945690977055 ], [ -93.529617802166172, 48.876659602767596 ], [ -93.635265792861034, 48.841464498321393 ], [ -93.335419306952957, 48.782651701645854 ], [ -93.452529428424896, 48.694566331996498 ], [ -93.315870011377768, 48.647891034021235 ], [ -93.544286203541915, 48.530687309377726 ], [ -93.7916862886443, 48.517267510317772 ], [ -93.843090909968154, 48.631056895560775 ], [ -94.533464091772302, 48.702669704150075 ], [ -94.686950208402521, 48.777062191320617 ], [ -94.58402426643876, 48.954381441248522 ], [ -94.366294372756869, 48.94916222573579 ], [ -94.462668777129593, 48.985759640305488 ], [ -94.37611985740115, 49.092026529234772 ], [ -94.228412875315485, 49.047380718033089 ], [ -94.306470274352151, 49.138588717690766 ], [ -94.029194452271966, 49.096694423179549 ], [ -93.996159849322368, 49.030676532036651 ], [ -93.926509568978304, 49.115295339595193 ], [ -93.940711863571025, 49.174992934375993 ], [ -93.961253556044227, 49.099178626101356 ], [ -94.064720842035584, 49.103289829913003 ], [ -93.95569266656274, 49.17059702589733 ], [ -94.074782573344507, 49.173336721833785 ], [ -93.964814240955505, 49.188188621420025 ], [ -94.213381551238058, 49.175965926344773 ], [ -94.308262174593537, 49.285307640948382 ], [ -94.529576642141748, 49.245516421588931 ], [ -94.648349964747027, 49.318133723337006 ], [ -94.558735162306306, 49.365570331444033 ], [ -94.700573676348313, 49.360547440159557 ], [ -94.655257165146551, 49.463062937360917 ], [ -94.591200373612608, 49.418516837667326 ], [ -94.327952263913616, 49.458808479185898 ], [ -94.26702176010906, 49.414187220743713 ], [ -94.364074163933935, 49.369913125906351 ], [ -94.216018456720917, 49.422938726939826 ], [ -94.227802541835061, 49.319223037414055 ], [ -94.058545837843411, 49.256877027053072 ], [ -94.122345075970685, 49.197403226556496 ], [ -94.036035141501102, 49.238505241517906 ], [ -94.067305354866804, 49.370498534379628 ], [ -93.980356367763463, 49.339893029034442 ], [ -94.124912848676018, 49.410970837352188 ], [ -93.828172745933699, 49.425234022537751 ], [ -94.334031761686347, 49.514459820639111 ], [ -94.422271747952195, 49.609666032040423 ], [ -94.218016474646461, 49.591991235417453 ], [ -94.415269343931882, 49.628371836037012 ], [ -94.29502765953572, 49.67214643080429 ], [ -94.445824555043913, 49.702941124402642 ], [ -94.444031471062402, 49.768267042102089 ], [ -94.547221332215173, 49.765031311737857 ], [ -94.503691955890616, 49.77316544084016 ], [ -94.534806038999022, 49.977830845530022 ], [ -94.566199762480792, 49.932185434139797 ], [ -94.660448372344689, 49.990912021528096 ], [ -94.701544847638132, 49.904750530361923 ], [ -94.586996570511062, 49.869127638978576 ], [ -94.692891567577036, 49.804673142239409 ], [ -94.591820666969213, 49.838487743393237 ], [ -94.516962350390969, 49.783597439731821 ], [ -94.616257558053007, 49.752085137221179 ], [ -94.560115300192322, 49.762617599909831 ], [ -94.576090950750157, 49.703131833704511 ] ], [ [ -77.022375651350387, 44.051777007107546 ], [ -77.076896531241815, 44.084463193025321 ], [ -76.886500543281997, 44.176205684656601 ], [ -77.062743031917677, 44.103824496635156 ], [ -77.023330360360291, 44.198791685522039 ], [ -77.334740928913916, 44.16805460314022 ], [ -77.385461065128851, 44.143569317910789 ], [ -77.297479456939357, 44.140990791848942 ], [ -77.30727555185193, 44.077293706968455 ], [ -77.065379748386192, 44.173425699412633 ], [ -77.137026848648247, 44.009193688435282 ], [ -77.022375651350387, 44.051777007107546 ] ], [ [ -77.337454159503025, 43.947123527475767 ], [ -77.273773461171018, 43.910567995891647 ], [ -77.246887860787524, 43.959915795026845 ], [ -77.337454159503025, 43.947123527475767 ] ] ], [ [ [ -76.183931507810257, 44.238713305580639 ], [ -76.398265327561191, 44.201646701271841 ], [ -76.353909724612251, 44.135430614031776 ], [ -76.490880897568829, 44.104877991870076 ], [ -76.398003324688304, 44.232377717217155 ], [ -76.183931507810257, 44.238713305580639 ] ] ], [ [ [ -76.641526154780252, 44.191783089918651 ], [ -76.702873558335199, 44.103355696019449 ], [ -76.812569535682968, 44.128074598283604 ], [ -76.641526154780252, 44.191783089918651 ] ] ], [ [ [ -81.93536234401904, 45.987042394812718 ], [ -81.798724861393026, 45.723099197095323 ], [ -81.686334833744354, 45.901324316074337 ], [ -81.710016830670142, 45.790012106704744 ], [ -81.579094941211949, 45.802721706952653 ], [ -81.844669945488903, 45.514987694769189 ], [ -82.013275835179073, 45.554220601766197 ], [ -81.755282835535041, 45.697814194201293 ], [ -82.077087433530991, 45.553258696742084 ], [ -82.520104454561107, 45.749367512945973 ], [ -83.225951046837665, 45.884809503169166 ], [ -83.177530445235604, 45.96024289943319 ], [ -82.990645235585447, 45.921304796593361 ], [ -82.80970365395099, 45.997680219021319 ], [ -82.757596438496876, 45.833646095711124 ], [ -82.59060595341434, 45.848658397934614 ], [ -82.53969883073195, 45.779770914492062 ], [ -82.502284550340605, 45.850349109455827 ], [ -82.728105957640025, 45.907911199238875 ], [ -82.693572431632973, 45.958139301032126 ], [ -82.573521562606885, 45.958793203234237 ], [ -82.581402859658795, 45.899262118125513 ], [ -82.290235241141616, 45.99075889526582 ], [ -82.158144461758056, 45.826770404730588 ], [ -81.93536234401904, 45.987042394812718 ] ] ], [ [ [ -81.702417128931458, 45.530731907371056 ], [ -81.80777864812967, 45.43587281231688 ], [ -81.822966031787658, 45.497251900768809 ], [ -81.702417128931458, 45.530731907371056 ] ] ], [ [ [ -83.355436059048799, 45.992827506086265 ], [ -83.264513330133227, 45.905437211559629 ], [ -83.476576560849367, 45.873235120406683 ], [ -83.355436059048799, 45.992827506086265 ] ] ], [ [ [ -85.743113859480118, 47.797856214927336 ], [ -85.597248859056421, 47.741792312494212 ], [ -85.955450326792956, 47.720652215033738 ], [ -85.743113859480118, 47.797856214927336 ] ] ], [ [ [ -87.70016215496257, 48.842752008303385 ], [ -87.595184546297816, 48.748046916679826 ], [ -87.756357135572117, 48.755890526139041 ], [ -87.70016215496257, 48.842752008303385 ] ] ], [ [ [ -87.924549240918907, 48.857921219456934 ], [ -87.752689535139325, 48.78269602660523 ], [ -88.044735355462976, 48.688341513826465 ], [ -88.090033926555151, 48.803919925139368 ], [ -87.924549240918907, 48.857921219456934 ] ] ], [ [ [ -94.579242868551248, 49.111717921275485 ], [ -94.501684946342436, 49.066918443820342 ], [ -94.561520368725482, 49.012066638941029 ], [ -94.646967470062066, 49.049301224026607 ], [ -94.579242868551248, 49.111717921275485 ] ] ], [ [ [ -94.655519540135757, 49.984139839826554 ], [ -94.565804572146817, 49.870513235429492 ], [ -94.688827357775523, 49.92064163176412 ], [ -94.655519540135757, 49.984139839826554 ] ] ], [ [ [ -94.646305045516598, 49.20925073179788 ], [ -94.654398154623109, 49.161699639553582 ], [ -94.524738851571612, 49.179425225952464 ], [ -94.72165187403661, 49.079733737480758 ], [ -94.795008765622939, 49.194152818763776 ], [ -94.646305045516598, 49.20925073179788 ] ] ], [ [ [ -94.759099651476291, 49.641421142382349 ], [ -94.604012863213811, 49.645545936485426 ], [ -94.642574165060054, 49.565486334212828 ], [ -94.889594354468088, 49.517635944300515 ], [ -94.816882148661733, 49.50585653268233 ], [ -94.954517043246284, 49.439373835838872 ], [ -94.911407145150264, 49.392471427882803 ], [ -95.144433055521048, 49.379502133314318 ], [ -95.152674563011004, 49.45203464875258 ], [ -94.72863427055897, 49.579047523772623 ], [ -94.759099651476291, 49.641421142382349 ] ] ], [ [ [ -94.726095856147765, 49.425513622910714 ], [ -94.718353371387565, 49.343093644152617 ], [ -94.838971548028084, 49.34267674500132 ], [ -94.726095856147765, 49.425513622910714 ] ] ] ] } },
{ "type": "Feature", "properties": { "map_id": "MB" }, "geometry": { "type": "Polygon", "coordinates": [ [ [ -94.828079052695315, 60.000000135007255 ], [ -94.708454590731634, 59.32101514129873 ], [ -94.99999998481961, 59.38258399847183 ], [ -94.744931117902397, 59.31046584289524 ], [ -94.798332509787414, 59.010499047947455 ], [ -94.663086096498205, 58.934658591701535 ], [ -94.999999980516307, 58.884315700793969 ], [ -94.740208988014615, 58.8580452873003 ], [ -94.604522252235739, 58.917800990479435 ], [ -94.427911289576059, 58.70289884103412 ], [ -94.213665032851083, 58.799964354210047 ], [ -93.535915200094507, 58.780939439098276 ], [ -93.418095499502229, 58.7135126511983 ], [ -93.210182085388581, 58.762822237007093 ], [ -92.459345600091893, 57.460007334624621 ], [ -92.570002422312882, 57.074143544136454 ], [ -92.706672727447597, 56.960892318051549 ], [ -90.881982737823535, 57.26759444110089 ], [ -89.948888406205072, 56.999542648376519 ], [ -88.979576904002755, 56.851148447080099 ], [ -93.629553531617006, 53.750202696300121 ], [ -95.153151096198798, 52.840573106080271 ], [ -95.153275359219464, 49.175737127281643 ], [ -95.282852960365076, 49.132196443421876 ], [ -95.232412968698995, 48.999490535149484 ], [ -101.361989800416268, 48.9994741026009 ], [ -102.004129388529037, 55.809350075127959 ], [ -102.000000012738724, 59.999999998089919 ], [ -94.828079052695315, 60.000000135007255 ] ] ] } },
{ "type": "Feature", "properties": { "map_id": "SK" }, "geometry": { "type": "Polygon", "coordinates": [ [ [ -110.000000017965007, 59.99999999930553 ], [ -102.000000012738724, 59.999999998089919 ], [ -102.004129388529037, 55.809350075127959 ], [ -101.361989800416268, 48.9994741026009 ], [ -110.005022630371329, 48.999698741742066 ], [ -110.000000017965007, 59.99999999930553 ] ] ] } },
{ "type": "Feature", "properties": { "map_id": "AB" }, "geometry": { "type": "Polygon", "coordinates": [ [ [ -110.005022630371329, 48.999698741742066 ], [ -114.068332109893333, 48.998850496581937 ], [ -114.161249784992933, 49.154831358139376 ], [ -114.398957296930774, 49.21036520220423 ], [ -114.590590237150877, 49.396108247377342 ], [ -114.573603880101274, 49.55746290640716 ], [ -114.752401355101441, 49.608796656026747 ], [ -114.633648210733057, 49.730361077411487 ], [ -114.662468974447762, 50.064906453628289 ], [ -114.768629421484746, 50.358787261269306 ], [ -115.015112789123506, 50.582395589385719 ], [ -115.208132957773842, 50.527821980077761 ], [ -115.312297732033514, 50.723926321948539 ], [ -115.63935348327179, 50.837966620871995 ], [ -115.562082764297415, 50.894251125348397 ], [ -115.628276874064781, 50.980873971658788 ], [ -116.268017395051345, 51.311933170836049 ], [ -116.284003540163596, 51.456490052157292 ], [ -116.595015672698878, 51.661830095188144 ], [ -116.659060566066898, 51.805188057800734 ], [ -116.920567907916038, 51.709803269333982 ], [ -117.010777525280957, 51.889680338298625 ], [ -117.305063525838733, 52.074313395393247 ], [ -117.317302872106865, 52.194042016403969 ], [ -117.611263812833613, 52.144258899482374 ], [ -117.818317495667628, 52.226354814743722 ], [ -117.70579503120716, 52.365344875422061 ], [ -117.987984903405575, 52.500238490630196 ], [ -118.044168783041059, 52.398459361407212 ], [ -118.219339394484564, 52.37417463648621 ], [ -118.386984835824961, 52.847124445929346 ], [ -118.613829749139398, 52.883721694611161 ], [ -118.786521658887196, 53.159224180538949 ], [ -118.975189995573146, 53.241656156184703 ], [ -119.024564463496617, 53.126711115284259 ], [ -119.257116172350905, 53.17662106036957 ], [ -119.390738094351562, 53.360801659018783 ], [ -119.668900205257387, 53.367828192621523 ], [ -119.899477010221474, 53.519127807053373 ], [ -119.925889937606684, 53.614538590676972 ], [ -119.713408541219295, 53.614579925522612 ], [ -119.999999978428932, 53.806219763873735 ], [ -119.99999998322923, 60.000000000171056 ], [ -110.000000017965007, 59.99999999930553 ], [ -110.005022630371329, 48.999698741742066 ] ] ] } },
{ "type": "Feature", "properties": { "map_id": "BC" }, "geometry": { "type": "MultiPolygon", "coordinates": [ [ [ [ -127.315412887493736, 51.039939793105205 ], [ -127.467306551705477, 51.090255672547691 ], [ -127.14283122776925, 51.060998173301947 ], [ -127.554400758465121, 51.125007862993577 ], [ -126.908957344721046, 51.097833969855827 ], [ -127.134106556795345, 51.121826172450099 ], [ -126.915832043841732, 51.187838281272597 ], [ -127.401321052286818, 51.132422265488984 ], [ -127.403177256323076, 51.201638865123464 ], [ -127.245679063418365, 51.207881163929784 ], [ -127.41509084900062, 51.209463456164386 ], [ -127.431894345236771, 51.134508768405183 ], [ -127.614133240815278, 51.145119070089869 ], [ -127.506895029540345, 51.097630271170353 ], [ -127.657238468556557, 51.086980068249098 ], [ -127.797348553330195, 51.197253658193922 ], [ -127.677027827599758, 51.272375070795867 ], [ -127.323865055155963, 51.318530421594581 ], [ -127.540384846014973, 51.320049060778672 ], [ -127.356993674959668, 51.4085266099666 ], [ -127.234617738169064, 51.412592762146389 ], [ -127.563355452900282, 51.477585060160472 ], [ -127.504654133110321, 51.623335876137908 ], [ -127.250202054527435, 51.678449759455653 ], [ -127.349074643482368, 51.719213683850903 ], [ -127.45117923410713, 51.664485674123739 ], [ -127.356219430797921, 51.871739361515417 ], [ -127.457361640462224, 51.695319872355981 ], [ -127.661484663693528, 51.707308663656988 ], [ -127.458037952488297, 51.685203768890581 ], [ -127.661540858522855, 51.51682067641768 ], [ -127.801235230689841, 51.533006767866851 ], [ -127.686748739524802, 51.634507370902064 ], [ -127.889577463110399, 51.692619360792357 ], [ -127.882379333673924, 51.897057472953449 ], [ -127.667868129823589, 51.951203069043302 ], [ -127.607225931625194, 52.121655276878165 ], [ -127.463587143055008, 52.127016476324897 ], [ -127.611901768839672, 52.031309174875545 ], [ -127.375467240586573, 52.100723683579808 ], [ -127.471760344063341, 52.188274558241524 ], [ -127.03050985664224, 52.310300363243456 ], [ -126.666402967119126, 51.964411174650124 ], [ -126.964862344708337, 52.309636682913471 ], [ -126.774559954669883, 52.394021169112449 ], [ -127.108421432151047, 52.333765682822772 ], [ -127.242262654254645, 52.450384164314464 ], [ -126.918919538150305, 52.71149446788796 ], [ -126.963053145049244, 52.83437096453698 ], [ -127.084121338384648, 52.884067373435201 ], [ -126.96287193740946, 52.716348160173368 ], [ -127.243528140042599, 52.582322973091017 ], [ -127.344068154925509, 52.417893776949093 ], [ -127.632810021824952, 52.60713836658546 ], [ -127.418325324990946, 52.409784272601009 ], [ -127.541406132094664, 52.399804864443119 ], [ -127.48987476814176, 52.337666571370519 ], [ -127.753001966040841, 52.269671966291163 ], [ -127.722754239659778, 52.360365686083092 ], [ -127.882523844826551, 52.199274766519167 ], [ -127.924397293171765, 52.428544537301391 ], [ -127.977188270164405, 52.314165677155856 ], [ -127.96206665133117, 52.479399656846589 ], [ -128.025678964248641, 52.319285764559758 ], [ -128.0508508383069, 52.653363962641293 ], [ -128.105586433641008, 52.471563670280887 ], [ -128.207041343169038, 52.463179287449897 ], [ -128.151686849218777, 52.409274357108359 ], [ -128.358285943823063, 52.266196867332461 ], [ -128.115275464908535, 52.758013473312502 ], [ -127.820196345631061, 52.732564262170072 ], [ -128.130538444018725, 52.768464275135059 ], [ -128.032992645536325, 52.920881761171024 ], [ -128.134635046929077, 52.928640873904698 ], [ -128.240821146306473, 52.799580388805744 ], [ -128.442734248279095, 52.821728260350184 ], [ -128.550694462262953, 53.067457062074439 ], [ -128.41184113146511, 53.08581087575093 ], [ -128.556548039389838, 53.087408884101414 ], [ -128.477502240213511, 53.146606067817302 ], [ -128.579231933784939, 53.128320677319479 ], [ -128.683554956125164, 53.250000070587461 ], [ -128.65627564366244, 53.180795660163049 ], [ -128.851042560482227, 53.270478173638097 ], [ -128.834890732419524, 53.469497172127497 ], [ -128.922745652185569, 53.445245779163344 ], [ -128.986342347628778, 53.542859562582208 ], [ -128.814241539186781, 53.568297485806703 ], [ -128.784569233869121, 53.470576677106536 ], [ -128.657426243545302, 53.475305065741914 ], [ -128.470457245214618, 53.316876081161048 ], [ -128.481574644367726, 53.429844378398542 ], [ -128.160800842322828, 53.455366169207032 ], [ -128.122677424418271, 53.336515872683854 ], [ -128.037448054095535, 53.371132662840246 ], [ -127.874231347839299, 53.247907280540247 ], [ -128.122843757690447, 53.483425979801432 ], [ -128.367751161492038, 53.511544068316638 ], [ -128.538338033993966, 53.427972969363992 ], [ -128.768198344103411, 53.552199566899596 ], [ -128.806469555733031, 53.771909482230569 ], [ -128.668365040308458, 53.85481987962384 ], [ -128.484827840104373, 53.826965177489441 ], [ -128.712983346314786, 53.884199862534544 ], [ -128.609101159474136, 54.031193977568073 ], [ -128.947624368915541, 53.77083137883411 ], [ -128.914893843876513, 53.85574278453565 ], [ -128.961331568952914, 53.798160575880082 ], [ -129.033816457468589, 53.898587269211525 ], [ -128.969729548679737, 53.772654386625973 ], [ -129.084672554752871, 53.836319385927233 ], [ -129.030908768138943, 53.753545769366248 ], [ -129.304026254139984, 53.64921248324184 ], [ -129.273421942463187, 53.363239776382009 ], [ -130.071253964930179, 53.890548982616117 ], [ -130.052552431680141, 54.148654177938674 ], [ -129.954012151955254, 54.161437865418442 ], [ -129.752558925462353, 54.000000073652522 ], [ -129.954808366909788, 54.181402469283277 ], [ -129.612917076110307, 54.174505078166341 ], [ -129.499999946602003, 54.237958084103802 ], [ -129.623322777126759, 54.186864280929498 ], [ -129.860236774209966, 54.236070781281803 ], [ -130.128900872267508, 54.148429177317759 ], [ -130.278385831950146, 54.204064474456253 ], [ -130.14576406455646, 54.284908263108306 ], [ -130.231685853108388, 54.267981579830675 ], [ -130.324756849646434, 54.438326968195071 ], [ -130.288082531841098, 54.347099275220117 ], [ -130.463519060372562, 54.33708138652419 ], [ -130.457120440958732, 54.62015006936219 ], [ -129.979627436625549, 54.301705472239398 ], [ -130.103620331477032, 54.405172780573196 ], [ -129.984402968876083, 54.509301077893689 ], [ -130.114608260174691, 54.418365280015898 ], [ -130.387420728132156, 54.647366773048326 ], [ -130.228288352709285, 54.716419577308734 ], [ -129.897898636595187, 54.616538269016893 ], [ -130.217027341767647, 54.724010579414418 ], [ -130.056454136967517, 54.892534385158164 ], [ -130.175854057323619, 54.849044785090229 ], [ -130.019419041079175, 54.97446207328759 ], [ -129.980613026984827, 54.913652574209891 ], [ -129.616399126847369, 55.000000070636943 ], [ -130.005566369178922, 55.010309375051975 ], [ -129.680327321294328, 55.412564640702534 ], [ -129.700665247756774, 55.407316369995385 ], [ -129.812404564399685, 55.634041881690905 ], [ -129.776423368112802, 55.362845378625337 ], [ -130.105282229541132, 54.983400371268587 ], [ -130.163629464661312, 55.08848998622301 ], [ -129.943657575394241, 55.288151283361557 ], [ -130.110091245177102, 55.563280088524024 ], [ -130.134031244199434, 55.764439683680727 ], [ -129.987095636826155, 55.917483772685934 ], [ -130.103701106431458, 56.122023729625958 ], [ -130.419724240220376, 56.138876626539947 ], [ -130.465112269623916, 56.241474172830671 ], [ -131.581754816227345, 56.612371511285232 ], [ -131.833631679736754, 56.598775162286536 ], [ -131.870758259989998, 56.806249786352588 ], [ -132.121146937252263, 56.866901154958519 ], [ -132.045926560102259, 57.044043652660683 ], [ -132.369307587935594, 57.091422051222551 ], [ -132.244620751629611, 57.212012754638536 ], [ -133.461274398424734, 58.389872672523872 ], [ -133.381797696906148, 58.432551604952586 ], [ -133.841333084918574, 58.730148972416963 ], [ -134.2564337579106, 58.859072453475136 ], [ -134.699299698593592, 59.248388766464615 ], [ -134.95893515335581, 59.281086350257731 ], [ -135.097527625842872, 59.427003110851885 ], [ -135.027708062328287, 59.563918071821718 ], [ -135.47900520794397, 59.798612597904132 ], [ -136.355712475590906, 59.600673039148226 ], [ -136.236285017546038, 59.526711404277997 ], [ -136.476248052256352, 59.46419270875252 ], [ -136.581992148074448, 59.165541194215621 ], [ -136.824670038730432, 59.159801425260376 ], [ -137.526728864392538, 58.906598793582091 ], [ -137.602069213001926, 59.240725055700821 ], [ -138.605425508111949, 59.757690149008909 ], [ -138.705785230378979, 59.906239996532221 ], [ -139.052201041184105, 60.00004064829352 ], [ -119.99999998322923, 60.000000000171056 ], [ -119.999999978428932, 53.806219763873735 ], [ -119.713408541219295, 53.614579925522612 ], [ -119.925889937606684, 53.614538590676972 ], [ -119.899477010221474, 53.519127807053373 ], [ -119.668900205257387, 53.367828192621523 ], [ -119.390738094351562, 53.360801659018783 ], [ -119.257116172350905, 53.17662106036957 ], [ -119.024564463496617, 53.126711115284259 ], [ -118.975189995573146, 53.241656156184703 ], [ -118.786521658887196, 53.159224180538949 ], [ -118.613829749139398, 52.883721694611161 ], [ -118.386984835824961, 52.847124445929346 ], [ -118.219339394484564, 52.37417463648621 ], [ -118.044168783041059, 52.398459361407212 ], [ -117.987984903405575, 52.500238490630196 ], [ -117.70579503120716, 52.365344875422061 ], [ -117.818317495667628, 52.226354814743722 ], [ -117.611263812833613, 52.144258899482374 ], [ -117.317302872106865, 52.194042016403969 ], [ -117.305063525838733, 52.074313395393247 ], [ -117.010777525280957, 51.889680338298625 ], [ -116.920567907916038, 51.709803269333982 ], [ -116.659060566066898, 51.805188057800734 ], [ -116.595015672698878, 51.661830095188144 ], [ -116.284003540163596, 51.456490052157292 ], [ -116.268017395051345, 51.311933170836049 ], [ -115.628276874064781, 50.980873971658788 ], [ -115.562082764297415, 50.894251125348397 ], [ -115.63935348327179, 50.837966620871995 ], [ -115.312297732033514, 50.723926321948539 ], [ -115.208132957773842, 50.527821980077761 ], [ -115.015112789123506, 50.582395589385719 ], [ -114.768629421484746, 50.358787261269306 ], [ -114.662468974447762, 50.064906453628289 ], [ -114.633648210733057, 49.730361077411487 ], [ -114.752401355101441, 49.608796656026747 ], [ -114.573603880101274, 49.55746290640716 ], [ -114.590590237150877, 49.396108247377342 ], [ -114.398957296930774, 49.21036520220423 ], [ -114.161249784992933, 49.154831358139376 ], [ -114.068332109893333, 48.998850496581937 ], [ -122.751603382886159, 49.002145996052981 ], [ -122.890875435601785, 49.09147047603404 ], [ -123.132684654377144, 49.004530969192778 ], [ -123.157931453712976, 49.066784563070129 ], [ -122.999999942145536, 49.157585059940743 ], [ -123.143628824110181, 49.110701460959255 ], [ -123.199857850318708, 49.174161454143288 ], [ -122.918038652363691, 49.197945762325524 ], [ -123.262408227222977, 49.270781266048964 ], [ -122.83487192287707, 49.284084759196496 ], [ -122.929225249841267, 49.304285063483178 ], [ -122.882029155394449, 49.471157467629141 ], [ -122.9558049434238, 49.300619260798513 ], [ -123.267619642011056, 49.331774461411008 ], [ -123.143565449075751, 49.708255664647986 ], [ -123.270039951967973, 49.585182564518909 ], [ -123.489867051385104, 49.529132765453376 ], [ -123.533859844558833, 49.383696866129725 ], [ -123.964645242148237, 49.50922097233083 ], [ -123.984948445489167, 49.639026271131804 ], [ -124.072638346545133, 49.637221767634784 ], [ -124.049207184366637, 49.700747950726488 ], [ -124.093419914602364, 49.645536259463626 ], [ -124.205557324849238, 49.672640364722199 ], [ -123.991243244812537, 49.772894763265391 ], [ -124.015744806948646, 49.742430790279137 ], [ -123.912324015276027, 49.746869276886692 ], [ -123.946987824147286, 49.775360064308757 ], [ -123.865846146816253, 49.917029063290727 ], [ -123.974358339899112, 49.980513162811022 ], [ -123.742761628551946, 50.087197854325161 ], [ -123.850842611851931, 50.163454259727111 ], [ -123.770247939671364, 50.205964065084181 ], [ -123.856753244105406, 50.16206996296777 ], [ -123.999999944041591, 50.224683749334091 ], [ -123.802287757170248, 50.093188069405123 ], [ -124.015579824299536, 50.000000056815381 ], [ -123.921549057372445, 49.827671268134125 ], [ -124.001171829034774, 49.812566167208168 ], [ -124.038923852922238, 49.931904864471264 ], [ -124.078746337215577, 49.799456258922675 ], [ -124.269037055609346, 49.740781661136864 ], [ -124.526387446999891, 49.804265871521274 ], [ -124.806162649705044, 50.010669354913801 ], [ -124.841686132764664, 50.064386258747781 ], [ -124.674626630130575, 49.964116273072122 ], [ -124.652824639218565, 50.079848957275374 ], [ -124.806087129673244, 50.075288656621204 ], [ -124.590085453252641, 50.24162627139512 ], [ -124.735682649598786, 50.325871157410049 ], [ -124.363538433082596, 50.485220279219106 ], [ -124.674744339181188, 50.433974368681369 ], [ -124.830035745875833, 50.30672265425374 ], [ -124.961612539205134, 50.337316063594542 ], [ -124.976770355039022, 50.372556817439573 ], [ -125.080508658312581, 50.325462360238888 ], [ -125.052138222238881, 50.479782566829535 ], [ -124.858802537054871, 50.591823776012276 ], [ -124.916950658224053, 50.800728168188229 ], [ -124.822085523066491, 50.930695868316583 ], [ -124.982417031114025, 50.810085268976863 ], [ -124.906638641062301, 50.613023059410487 ], [ -125.175584027183689, 50.40689585975413 ], [ -125.269577945326574, 50.459940455706345 ], [ -125.138681533713765, 50.514003479282557 ], [ -125.310015831002687, 50.45528476549498 ], [ -125.36501192760926, 50.568566370823682 ], [ -125.397528228841352, 50.467636958437986 ], [ -125.59370814587966, 50.449458368397387 ], [ -125.421797631336503, 50.720090862138775 ], [ -125.657153344582497, 50.428703365877787 ], [ -125.817285858491999, 50.489971372055102 ], [ -125.779023558167751, 50.536397760310642 ], [ -126.083977936925834, 50.484982363522938 ], [ -125.938882552169972, 50.561562173024008 ], [ -126.095205450445718, 50.484921170275463 ], [ -126.28340235278651, 50.515033179102133 ], [ -125.938214428685001, 50.636824465085162 ], [ -126.19905445367489, 50.578816471399506 ], [ -126.29951264408524, 50.630861269462741 ], [ -125.728232520850071, 50.654977465185873 ], [ -125.590910837428055, 50.795948561257042 ], [ -125.634207534202389, 50.841430492169238 ], [ -125.646125230583181, 50.775972569672106 ], [ -125.946380039007224, 50.685912670679777 ], [ -126.185112719285442, 50.668746662426649 ], [ -126.0086791505002, 50.793053062634527 ], [ -126.188675342591353, 50.781641533447221 ], [ -126.155860649312032, 50.750053380299271 ], [ -126.270597844181992, 50.654410558723427 ], [ -126.619554639910106, 50.659519260834649 ], [ -126.418462934786362, 50.807651261654271 ], [ -126.231934044327971, 50.823196476396888 ], [ -126.192263866482463, 50.78509247565129 ], [ -126.164570055742274, 50.878175269585988 ], [ -126.56584785217386, 50.833118953361293 ], [ -126.495393646109065, 50.924971981054085 ], [ -126.415211646830855, 50.89630255186006 ], [ -126.482895262903881, 50.872831675324477 ], [ -126.186582144099006, 50.926695265568171 ], [ -126.461607148656981, 50.944091965110204 ], [ -126.529130729824871, 51.043920465030688 ], [ -126.51156675145846, 50.941390273726981 ], [ -126.664025342552279, 50.865130970349163 ], [ -126.840732651535831, 50.912003068051114 ], [ -126.635426551262526, 50.933937357478172 ], [ -126.805357156147792, 50.945736865610577 ], [ -126.783333751450826, 51.020779966856352 ], [ -126.902234651583214, 50.894255973316589 ], [ -127.133816612287362, 50.936252374902182 ], [ -127.199947435036563, 50.919210974612639 ], [ -126.900726342024271, 50.889219956552552 ], [ -127.014854556376363, 50.817493968498347 ], [ -127.258322449541538, 50.902469460617439 ], [ -127.219161948162125, 50.943231758364895 ], [ -127.407107624722642, 50.925729567347062 ], [ -127.499454065346256, 51.098533170028524 ], [ -127.208808447227455, 50.950761481901658 ], [ -127.190445940795897, 51.02096935827133 ], [ -127.315412887493736, 51.039939793105205 ] ], [ [ -127.259833986475499, 51.04441014432728 ], [ -126.766081651708433, 51.068163359935909 ], [ -126.741402467525376, 50.985448169131892 ], [ -126.644149766690546, 51.052150968470215 ], [ -126.775047318957476, 51.072021564475179 ], [ -126.662231940833721, 51.201228660933907 ], [ -126.797461742947007, 51.0803787590106 ], [ -127.259833986475499, 51.04441014432728 ] ], [ [ -123.903481830331103, 49.739593919669304 ], [ -123.755936532257934, 49.480594364832982 ], [ -123.79007402675937, 49.602066561166545 ], [ -123.528362339248375, 49.699045248953958 ], [ -123.804713843577289, 49.624543474575766 ], [ -123.715823130031296, 49.786158472113385 ], [ -123.838895323078845, 49.686355570658584 ], [ -123.903481830331103, 49.739593919669304 ] ], [ [ -127.194199060993583, 51.335143488455699 ], [ -127.056394862231045, 51.352603676493345 ], [ -127.116715127797576, 51.399893067817686 ], [ -127.194199060993583, 51.335143488455699 ] ], [ [ -127.909186336193741, 52.461378829756647 ], [ -127.871557247459535, 52.495347974542952 ], [ -127.713113543549866, 52.450502358251043 ], [ -127.89017594062436, 52.502337974385341 ], [ -127.909186336193741, 52.461378829756647 ] ], [ [ -125.630098814249095, 50.86395133455013 ], [ -125.495649833761092, 50.938718362915651 ], [ -125.587710438557878, 51.094915755706062 ], [ -125.630098814249095, 50.86395133455013 ] ] ], [ [ [ -127.359228295901445, 51.408450984577804 ], [ -127.780562530010968, 51.320574573720982 ], [ -127.565676759702868, 51.47290087637036 ], [ -127.466051840234016, 51.434178074715405 ], [ -127.556363864931598, 51.401585071390592 ], [ -127.359228295901445, 51.408450984577804 ] ] ], [ [ [ -123.424223039922921, 49.527107560343786 ], [ -123.316546929219427, 49.447317662482376 ], [ -123.447146129867136, 49.434428571493996 ], [ -123.424223039922921, 49.527107560343786 ] ] ], [ [ [ -123.594866530236374, 48.944836653136605 ], [ -123.366541340205814, 48.775451151152261 ], [ -123.473816830926637, 48.71556037688903 ], [ -123.594866530236374, 48.944836653136605 ] ] ], [ [ [ -124.919281541320885, 50.304824168939973 ], [ -124.786420453241121, 50.285867963022355 ], [ -124.790973869940771, 50.257177873294701 ], [ -124.741082532482309, 50.307917568726616 ], [ -124.70973649896824, 50.284415484014019 ], [ -124.793093354031981, 50.243810570542145 ], [ -124.813792857262442, 50.112829366766618 ], [ -124.979087529563259, 50.243736972306081 ], [ -124.919281541320885, 50.304824168939973 ] ] ], [ [ [ -124.705441149610948, 50.281192254077034 ], [ -124.642553363907922, 50.233925570368427 ], [ -124.714368651849739, 50.161273868161516 ], [ -124.705441149610948, 50.281192254077034 ] ] ], [ [ [ -128.429801534434603, 50.786290961658786 ], [ -127.906141270443882, 50.874797069868301 ], [ -126.867219223217091, 50.527980668496859 ], [ -125.438871154029627, 50.330781774907678 ], [ -125.385935937348037, 50.122619368837682 ], [ -124.862402455643945, 49.707546361073703 ], [ -124.979268538678483, 49.673529167552097 ], [ -124.791823328773404, 49.461897266102689 ], [ -123.948255841903816, 49.228893772215628 ], [ -123.746973633830933, 49.041483557186602 ], [ -123.769292125729393, 48.981172556327422 ], [ -123.860112624461905, 49.021084562429849 ], [ -123.562514136788451, 48.7989677707616 ], [ -123.656099951534216, 48.750000065161714 ], [ -123.534913647409354, 48.693908067977318 ], [ -123.552042932469959, 48.485563352983839 ], [ -123.439196448179189, 48.699045151435953 ], [ -123.293729226595744, 48.411562855056651 ], [ -123.463518942659078, 48.456768663610276 ], [ -123.540447922858306, 48.320044564011937 ], [ -123.654314541726322, 48.31381225657487 ], [ -123.71712723226014, 48.365771656592933 ], [ -123.632794317882116, 48.389595860260258 ], [ -123.921111949156924, 48.376564266736047 ], [ -124.446327337934164, 48.525436974465144 ], [ -124.413811229747935, 48.576627256508644 ], [ -124.603756660956947, 48.56412416416471 ], [ -125.099705944743903, 48.721113348566703 ], [ -125.105497137094773, 48.809562378229025 ], [ -125.212515245694121, 48.78128756286501 ], [ -124.8582085354832, 49.001417672120319 ], [ -124.812481151020535, 49.250000062562869 ], [ -124.911464852825077, 48.984929551700489 ], [ -125.185444232383659, 48.990157871120203 ], [ -125.200606963257812, 49.097782467407654 ], [ -125.208912751723659, 49.040034910574626 ], [ -125.358513343046397, 49.041627366882636 ], [ -125.48016944583847, 48.921261760960277 ], [ -125.586439047387486, 48.975939965314467 ], [ -125.541797452957638, 48.920756173463531 ], [ -125.915019254287159, 49.13919855523541 ], [ -125.733158747095203, 49.07327755636679 ], [ -125.600130739419129, 49.205518272741806 ], [ -125.790854376135016, 49.140471186268307 ], [ -125.79429552447084, 49.121187964266078 ], [ -125.845665046118512, 49.231340569211532 ], [ -125.925827459609437, 49.177630773517798 ], [ -125.888350447478956, 49.241482362006423 ], [ -125.785245324563988, 49.23024370436849 ], [ -125.776428224632895, 49.370641064430536 ], [ -125.97343824324534, 49.226868578810631 ], [ -126.032445159035362, 49.284556161458397 ], [ -125.895901044034204, 49.411584265151909 ], [ -126.023373143380724, 49.320967566643382 ], [ -126.028768544195557, 49.456149160378068 ], [ -126.214327068426698, 49.401564969202539 ], [ -126.301271237740295, 49.515346455978943 ], [ -126.2579150660344, 49.348132868333373 ], [ -126.405193130102703, 49.475099765531247 ], [ -126.54165802686137, 49.380888264726536 ], [ -126.570304732711506, 49.577222660401532 ], [ -126.478060051429011, 49.644193276652224 ], [ -126.104848253920991, 49.65844246017793 ], [ -126.046159335685402, 49.607595361371267 ], [ -126.103687349055917, 49.6774955753963 ], [ -126.441304144260513, 49.65294075305286 ], [ -126.498875760029776, 49.689994366311772 ], [ -126.384043543805646, 49.755052265640998 ], [ -126.496114663006082, 49.802122371577568 ], [ -126.468802832699481, 49.730721072848432 ], [ -126.587250341876072, 49.694650171371883 ], [ -126.651703128994399, 49.921315970803875 ], [ -126.751547945046141, 49.873334261862063 ], [ -126.85662513548624, 49.986245664701471 ], [ -126.825480831716362, 49.880798558978867 ], [ -126.910083545282916, 49.868736961405922 ], [ -126.94417975173468, 49.988955859991279 ], [ -126.943086755361264, 49.860107663129291 ], [ -127.044716351973719, 49.943821268493629 ], [ -126.997719556172527, 49.852213268951353 ], [ -127.151771542273636, 49.859458263797379 ], [ -127.255231845548423, 49.965708575076164 ], [ -127.077240049298808, 50.022792275588834 ], [ -127.196647039831561, 50.022847769389465 ], [ -127.09397926535766, 50.146801070636982 ], [ -127.21288522717029, 50.093176662072096 ], [ -127.308441451365397, 50.196119977583599 ], [ -127.344148445378963, 50.019594855936489 ], [ -127.484740133185568, 50.092743768771612 ], [ -127.419686343484003, 50.138611865828231 ], [ -127.514695337700942, 50.121877364893471 ], [ -127.433476343059027, 50.189383454165629 ], [ -127.604556133729858, 50.107756359147011 ], [ -127.63074215959432, 50.208956354504572 ], [ -127.795646853402005, 50.08053825596285 ], [ -127.915010134709902, 50.11285357394307 ], [ -127.722629248232664, 50.241357158114539 ], [ -127.86399503547797, 50.28902686684679 ], [ -127.717510631436383, 50.296182061520739 ], [ -127.976436666663048, 50.32459787287101 ], [ -127.936831852335544, 50.464311373114477 ], [ -127.585606472519345, 50.490701969848985 ], [ -127.434892448592223, 50.342152679514747 ], [ -127.608952346909334, 50.5243418821711 ], [ -127.418953759345726, 50.603697355881934 ], [ -127.554406724852043, 50.568744368184788 ], [ -128.008613640475886, 50.653744072522251 ], [ -127.559156653432723, 50.554251655516232 ], [ -127.991587241747183, 50.466894961119053 ], [ -128.009550540431491, 50.527701565553393 ], [ -127.895139961016909, 50.519916759968105 ], [ -127.991231845377584, 50.543813658365998 ], [ -128.095082270481981, 50.504609370021406 ], [ -128.047110348001155, 50.443502276422748 ], [ -128.429801534434603, 50.786290961658786 ] ] ], [ [ [ -125.209255401376055, 49.037649393349831 ], [ -125.221658139715416, 48.95113167876211 ], [ -125.323587959008435, 49.01224307025403 ], [ -125.209255401376055, 49.037649393349831 ] ] ], [ [ [ -124.632982424740419, 49.800112863691545 ], [ -124.357498024271933, 49.708709972493025 ], [ -124.125444926481094, 49.492097654602162 ], [ -124.620294343390896, 49.721791262541231 ], [ -124.632982424740419, 49.800112863691545 ] ] ], [ [ [ -125.000473553870293, 50.238954460829461 ], [ -124.882023641969667, 50.064628378711589 ], [ -124.987055738801217, 50.011669171375708 ], [ -125.071602856142832, 50.113903168694762 ], [ -124.982676931418482, 50.182169872786424 ], [ -124.942730232381038, 50.14048897733754 ], [ -125.000473553870293, 50.238954460829461 ] ] ], [ [ [ -125.281862751660185, 50.444687276223377 ], [ -125.128767925409676, 50.331694770156268 ], [ -125.379760544226599, 50.28986566189694 ], [ -125.281862751660185, 50.444687276223377 ] ] ], [ [ [ -125.100922063008454, 50.2500000767049 ], [ -125.209591036799864, 50.298839658619457 ], [ -125.125859532276223, 50.327259760857253 ], [ -125.100922063008454, 50.2500000767049 ] ] ], [ [ [ -125.100922063008454, 50.2500000767049 ], [ -125.033093960422079, 50.207967966117799 ], [ -125.130329531948718, 50.12724947651121 ], [ -125.100922063008454, 50.2500000767049 ] ] ], [ [ [ -125.322756646576636, 50.445335271615448 ], [ -125.45189493237207, 50.348192768743473 ], [ -125.551147749225407, 50.377386150204288 ], [ -125.322756646576636, 50.445335271615448 ] ] ], [ [ [ -127.234918961973378, 52.422446877273266 ], [ -127.212056948988376, 52.32369076081789 ], [ -127.637889728733754, 52.142603967637235 ], [ -127.70955432896325, 51.96607187620549 ], [ -127.895251426272196, 51.931004968866297 ], [ -127.771093359017414, 52.241944072898555 ], [ -127.597263757312376, 52.22395766321835 ], [ -127.234918961973378, 52.422446877273266 ] ] ], [ [ [ -125.380544842009314, 50.279406279995925 ], [ -125.238806446469866, 50.306187178046926 ], [ -125.149301850709108, 50.219286161428357 ], [ -125.239248148006041, 50.12971475618275 ], [ -125.166737463110309, 49.99824316864683 ], [ -125.348075866043047, 50.130613466674518 ], [ -125.370189843133673, 50.244456159085686 ], [ -125.270513039625655, 50.262107854868603 ], [ -125.380544842009314, 50.279406279995925 ] ] ], [ [ [ -124.689347934124825, 49.549644254722295 ], [ -124.584239354384323, 49.516561261746951 ], [ -124.669822951090666, 49.491933858917115 ], [ -124.689347934124825, 49.549644254722295 ] ] ], [ [ [ -130.201007966414636, 55.030232666033271 ], [ -130.153644954148405, 54.956529869072824 ], [ -130.423104645605122, 54.768575474196645 ], [ -130.489318963259393, 54.828887983028615 ], [ -130.413935159097406, 54.787332370689363 ], [ -130.456290145989669, 54.843749573385701 ], [ -130.201007966414636, 55.030232666033271 ] ] ], [ [ [ -128.828027365795435, 53.706300474542097 ], [ -128.890217766172753, 53.559151174334836 ], [ -129.02447027367603, 53.557167278694571 ], [ -129.165851344060883, 53.381720282009425 ], [ -129.181022964157762, 53.618973679040216 ], [ -128.828027365795435, 53.706300474542097 ] ] ], [ [ [ -130.227037946965112, 54.800383772227917 ], [ -130.231544857837406, 54.722453859214788 ], [ -130.379475756292834, 54.692414468032396 ], [ -130.227037946965112, 54.800383772227917 ] ] ], [ [ [ -128.343780728946768, 52.784310076700017 ], [ -128.20333855313288, 52.775304760040683 ], [ -128.146028556499402, 52.844048463422446 ], [ -128.28644635019316, 52.587149559654804 ], [ -128.343780728946768, 52.784310076700017 ] ] ], [ [ [ -130.629037349918406, 54.774487391562616 ], [ -130.492684181757625, 54.825952680635645 ], [ -130.474258749492691, 54.705121280071154 ], [ -130.629037349918406, 54.774487391562616 ] ] ], [ [ [ -129.022960232853677, 53.530219768087591 ], [ -128.927988837901182, 53.327799769163256 ], [ -129.123421441351098, 53.311963974487455 ], [ -129.022960232853677, 53.530219768087591 ] ] ], [ [ [ -129.086068849662098, 53.292932258626017 ], [ -128.908321755917967, 53.299003683083924 ], [ -128.575820349626213, 53.093978761121448 ], [ -128.569826364116494, 52.686005366879009 ], [ -128.680264345002001, 52.639257169759631 ], [ -128.576412258288968, 52.669020278068508 ], [ -128.596561344587911, 52.605440776516275 ], [ -128.759836051892307, 52.605444978249622 ], [ -128.658597040050694, 52.970882862287482 ], [ -128.813066943438116, 52.848617364796226 ], [ -128.762963654971657, 52.6687311668557 ], [ -128.806460430453626, 52.714308766052426 ], [ -128.892747870459061, 52.648934676393758 ], [ -129.113253445192356, 52.797207665413154 ], [ -129.133007348295223, 52.874409786864696 ], [ -129.002047646084378, 52.838408678507278 ], [ -129.095667954411823, 52.887659166854128 ], [ -128.898642147889262, 53.026650679638685 ], [ -129.126438164804824, 52.89954277374104 ], [ -129.183461948026263, 53.067220669616752 ], [ -129.09636683916969, 53.067969769700397 ], [ -129.055929839645358, 53.212363276197543 ], [ -128.980717276477662, 53.138330074494597 ], [ -128.890063846510543, 53.163047180349565 ], [ -129.086068849662098, 53.292932258626017 ] ] ], [ [ [ -128.390107642956593, 52.805116273777841 ], [ -128.293976425176822, 52.522689869971003 ], [ -128.442328928992254, 52.547998067523388 ], [ -128.390107642956593, 52.805116273777841 ] ] ], [ [ [ -126.677771247208767, 50.550080172992672 ], [ -126.295807051166463, 50.611651575489681 ], [ -126.205846840963133, 50.568113454056721 ], [ -126.433875038872941, 50.512666163868673 ], [ -126.677771247208767, 50.550080172992672 ] ] ], [ [ [ -128.107649547701214, 52.438070478326757 ], [ -128.046960347616363, 52.318911185032 ], [ -128.189949153132062, 52.27459266598057 ], [ -128.107649547701214, 52.438070478326757 ] ] ], [ [ [ -128.116071364098815, 52.159312868881564 ], [ -127.964889255991977, 52.175309761096656 ], [ -128.095737849190613, 52.20390626476474 ], [ -127.982491158939851, 52.301732362704875 ], [ -127.922503229159176, 52.179752863917308 ], [ -127.882997356583871, 52.183877568676245 ], [ -127.942489353202475, 52.075812881254031 ], [ -128.101009252693842, 52.089770161451504 ], [ -128.116071364098815, 52.159312868881564 ] ] ], [ [ [ -126.919163341177409, 50.832510884630196 ], [ -126.803294959363356, 50.795173766771256 ], [ -126.701433239779035, 50.860757164775855 ], [ -126.529979436867308, 50.788336158437026 ], [ -126.793311138953641, 50.767012880854452 ], [ -126.919163341177409, 50.832510884630196 ] ] ], [ [ [ -128.437564354404856, 52.544666865542666 ], [ -128.269055864484358, 52.493211566880603 ], [ -128.419668759647237, 52.462417375921049 ], [ -128.307669968065966, 52.499179071508159 ], [ -128.437564354404856, 52.544666865542666 ] ] ], [ [ [ -128.399488138176793, 52.458173177995029 ], [ -128.266024542263864, 52.45582897524308 ], [ -128.455962143996203, 52.361205879081943 ], [ -128.399488138176793, 52.458173177995029 ] ] ], [ [ [ -128.549276452872533, 52.677478665144584 ], [ -128.505725245184664, 52.430146177428831 ], [ -128.827925267531924, 52.514798376099336 ], [ -128.623354543635145, 52.549647374075718 ], [ -128.755106733006983, 52.59281227105599 ], [ -128.582818763152801, 52.598822470376703 ], [ -128.549276452872533, 52.677478665144584 ] ] ], [ [ [ -129.273559848476168, 53.326223174789853 ], [ -129.139923524605024, 53.116513972594149 ], [ -129.276811345403047, 53.078906382256349 ], [ -129.273559848476168, 53.326223174789853 ] ] ], [ [ [ -130.894930350478035, 54.634799565477287 ], [ -130.898725477734729, 54.581239280071273 ], [ -130.753026560306211, 54.586152776699365 ], [ -130.944454858378975, 54.466839666763619 ], [ -130.894930350478035, 54.634799565477287 ] ] ], [ [ [ -128.138863234848969, 51.933531515338807 ], [ -128.167955955146311, 51.846436855429438 ], [ -128.250593045513483, 51.889853886293778 ], [ -128.138863234848969, 51.933531515338807 ] ] ], [ [ [ -128.1369560968798, 51.939227970452677 ], [ -128.20453594956615, 51.964349979668128 ], [ -128.109656159048484, 52.071178460177393 ], [ -127.94959064440836, 52.061085180096697 ], [ -128.077571558307852, 51.786058872870413 ], [ -128.022139839861921, 51.94708995854473 ], [ -128.130952256484221, 51.957150557896902 ], [ -128.1369560968798, 51.939227970452677 ] ] ], [ [ [ -129.408652447303439, 53.408785977790657 ], [ -129.337893553171369, 53.301283765516033 ], [ -129.41546532588626, 53.294198369612253 ], [ -129.408652447303439, 53.408785977790657 ] ] ], [ [ [ -130.22052957738353, 53.906723778005073 ], [ -129.418899949124722, 53.413676670869414 ], [ -129.485044567786332, 53.281827681978001 ], [ -129.552963736177304, 53.341443677319155 ], [ -129.501119835994729, 53.20849937051959 ], [ -129.666021646929551, 53.277143465580018 ], [ -129.572829665759286, 53.318599365959066 ], [ -129.698777036778012, 53.318476868334777 ], [ -129.643280344669705, 53.364641183646853 ], [ -129.714226239167118, 53.323112670544738 ], [ -129.832581874163196, 53.387355879603298 ], [ -129.781688027518811, 53.459674372898917 ], [ -129.915683258062074, 53.463442865910665 ], [ -129.8136625480725, 53.513170561431636 ], [ -129.950896052051064, 53.551520280225624 ], [ -129.904745762721149, 53.608544163242982 ], [ -130.061921137370462, 53.598066268402846 ], [ -129.832094653144367, 53.621080067376333 ], [ -130.072552140325826, 53.630600876986342 ], [ -130.082670864386358, 53.72450757382115 ], [ -130.205863840465128, 53.721379980567107 ], [ -130.170626472649019, 53.815158476941896 ], [ -130.295195778850768, 53.845186474873437 ], [ -130.22052957738353, 53.906723778005073 ] ] ], [ [ [ -128.185792258939216, 52.211134174264053 ], [ -128.111508933789906, 52.185063963320729 ], [ -128.183447242885904, 52.009871978967709 ], [ -128.2326495386869, 52.14090638264274 ], [ -128.292742349276836, 52.112114580010903 ], [ -128.185792258939216, 52.211134174264053 ] ] ], [ [ [ -128.367880841670029, 52.237514783369711 ], [ -128.263917140987246, 52.228901177153872 ], [ -128.377323844930089, 52.151837165607922 ], [ -128.367880841670029, 52.237514783369711 ] ] ], [ [ [ -130.473887088948629, 53.892036577535578 ], [ -130.668608456035884, 53.957911281124808 ], [ -130.610738669020094, 53.856422083446397 ], [ -130.706887474598346, 53.847191782309473 ], [ -130.722516147451984, 53.940105782744318 ], [ -130.416092943235725, 54.102581085545566 ], [ -130.245515977837641, 53.992362878365896 ], [ -130.341468064422855, 53.828120169105361 ], [ -130.516383151945604, 53.87005606115541 ], [ -130.473887088948629, 53.892036577535578 ] ], [ [ -130.472634318856791, 53.892683930417732 ], [ -130.336387179506971, 53.962874677402169 ], [ -130.412230336497288, 54.03210118062519 ], [ -130.472634318856791, 53.892683930417732 ] ] ], [ [ [ -128.764902956279542, 52.472634655678476 ], [ -128.624331526139144, 52.457499565270169 ], [ -128.665579647468491, 52.279064682453637 ], [ -128.764902956279542, 52.472634655678476 ] ] ], [ [ [ -128.434383855423675, 52.237312465455148 ], [ -128.382465367711262, 52.174351074502127 ], [ -128.487447253514489, 52.147620084115978 ], [ -128.434383855423675, 52.237312465455148 ] ] ], [ [ [ -129.940918782113727, 53.547419977299 ], [ -129.946080061760796, 53.466198683505162 ], [ -130.026781267020795, 53.508644382593644 ], [ -129.940918782113727, 53.547419977299 ] ] ], [ [ [ -129.290370454366894, 52.821862177614982 ], [ -128.930955240191537, 52.612707085760839 ], [ -128.974424348049524, 52.453319458993981 ], [ -129.212008348489832, 52.628035772107062 ], [ -129.290370454366894, 52.821862177614982 ] ] ], [ [ [ -128.099792365837288, 51.687935172268332 ], [ -128.06920043100618, 51.674809263113659 ], [ -128.010281346235502, 51.731984467598167 ], [ -127.961483063621316, 51.655997275034174 ], [ -128.028201812962777, 51.657191023345391 ], [ -127.91471364809243, 51.608259182047512 ], [ -127.904210753158239, 51.417447865851884 ], [ -128.088065240714997, 51.481383477592516 ], [ -128.099792365837288, 51.687935172268332 ] ] ], [ [ [ -130.793463959939146, 54.216104772411754 ], [ -130.649599268729787, 54.114438977794499 ], [ -130.798747269583004, 54.14673007680333 ], [ -130.793463959939146, 54.216104772411754 ] ] ], [ [ [ -130.311756542169633, 53.796754872313748 ], [ -130.07572214317517, 53.563775580606929 ], [ -130.408751761436548, 53.673636165940778 ], [ -130.311756542169633, 53.796754872313748 ] ] ], [ [ [ -130.540107953246775, 53.627466186257799 ], [ -129.99325004510203, 53.452826762177949 ], [ -129.782617149627413, 53.165694767570045 ], [ -129.961756733268402, 53.170190967782105 ], [ -130.119497455902263, 53.344054279249036 ], [ -130.408230770725424, 53.457096582580128 ], [ -130.302066770104403, 53.512911372445537 ], [ -130.547231273655996, 53.550137370214834 ], [ -130.540107953246775, 53.627466186257799 ] ] ], [ [ [ -130.57735305292141, 53.847255866283739 ], [ -130.544970742311051, 53.78813266636736 ], [ -130.642711158941665, 53.810475683638231 ], [ -130.57735305292141, 53.847255866283739 ] ] ], [ [ [ -126.227449536863361, 49.39277615866375 ], [ -126.098860841763994, 49.38890657523018 ], [ -126.054871833221966, 49.260622362531677 ], [ -126.230752163762361, 49.283517971553337 ], [ -126.227449536863361, 49.39277615866375 ] ] ], [ [ [ -126.959172562823341, 49.83726475966121 ], [ -126.671264951325711, 49.855943265473577 ], [ -126.614550028799883, 49.589955069659609 ], [ -126.826678056513416, 49.618386553441795 ], [ -126.950968552806188, 49.732207957010836 ], [ -126.737729151678749, 49.799375068593619 ], [ -126.959172562823341, 49.83726475966121 ] ] ], [ [ [ -127.834220238596004, 50.890235471727941 ], [ -127.723947431086685, 50.915530863852588 ], [ -127.642858660965857, 50.843146866873568 ], [ -127.834220238596004, 50.890235471727941 ] ] ], [ [ [ -133.076296050477879, 54.181959370881415 ], [ -132.581452367385424, 54.120442058395263 ], [ -132.702770872500736, 53.910455168350211 ], [ -132.435092344380394, 54.100725274508449 ], [ -132.3142420731605, 54.114665474469895 ], [ -132.176457155334276, 54.015717088581553 ], [ -132.128267476101115, 53.843313678946878 ], [ -132.671694452979921, 53.680231763504231 ], [ -132.510231663475082, 53.631190490763316 ], [ -132.353065762535891, 53.674859584879087 ], [ -132.480693673666451, 53.563849571716936 ], [ -132.135860278518777, 53.699062675253352 ], [ -132.088296869073588, 53.902153470919572 ], [ -132.198889777071884, 54.049042177710795 ], [ -131.791520261826719, 54.071896489413938 ], [ -131.64172606255849, 54.19319488936123 ], [ -131.884711455898241, 53.77024176385747 ], [ -131.926270561695787, 53.35768678097137 ], [ -132.002266645566806, 53.244684270073961 ], [ -132.322482153336637, 53.234202088199019 ], [ -132.134756743016766, 53.194018078389391 ], [ -132.214267470239804, 53.147788173994485 ], [ -132.336696978682369, 53.189642876381278 ], [ -132.47240056308388, 53.135314977427527 ], [ -132.481965968955933, 53.223473577994874 ], [ -132.55554535812314, 53.16955586109917 ], [ -132.61956878029568, 53.248502574910624 ], [ -132.50269647390121, 53.285339769739885 ], [ -132.715946155230966, 53.254065571350765 ], [ -132.550552741997592, 53.326325667929751 ], [ -132.764500860175986, 53.31534216993068 ], [ -132.720695285815623, 53.376919274949884 ], [ -132.427635975917127, 53.291008176738984 ], [ -132.417568674055502, 53.33695306972195 ], [ -132.675571751404931, 53.432970487617403 ], [ -132.670079654036044, 53.499180578424955 ], [ -132.77558357864757, 53.461776577247882 ], [ -132.733450142381088, 53.537980276462477 ], [ -132.899048936564498, 53.46773397551231 ], [ -132.840455677754591, 53.519301771013033 ], [ -132.990733359313253, 53.561425582914545 ], [ -132.816888661080668, 53.601766371468173 ], [ -133.128267747922791, 53.795218080558577 ], [ -133.076296050477879, 54.181959370881415 ] ] ], [ [ [ -132.570553083397954, 53.096708975993749 ], [ -132.08084207898591, 53.148357871030967 ], [ -131.802698676706257, 53.253856173477587 ], [ -131.60638525449005, 53.034110663876334 ], [ -132.030381454530499, 53.056345367403047 ], [ -131.893627346511209, 52.912108583997451 ], [ -132.011830672647022, 52.877850674110086 ], [ -131.656679257679059, 52.810026989528055 ], [ -131.889243649609654, 52.755669178971978 ], [ -131.61944187864006, 52.568798675278828 ], [ -131.677354371760117, 52.531747868136712 ], [ -131.473366952028414, 52.503995664043629 ], [ -131.322984937156804, 52.27563797468882 ], [ -131.241268138406866, 52.245053071249934 ], [ -131.143430155880026, 52.318016774328967 ], [ -131.084957854872044, 52.248412785636255 ], [ -131.19028923039744, 52.224825069908071 ], [ -131.014376552956321, 52.180526465205958 ], [ -131.152964547036248, 52.205450062533835 ], [ -131.183510640917831, 52.118257165769954 ], [ -131.294244967042147, 52.243423763100715 ], [ -131.261822137335372, 52.118812570381195 ], [ -131.375516978104883, 52.273837775161532 ], [ -131.391627955011927, 52.195412288670447 ], [ -131.599605776502557, 52.377216868231699 ], [ -131.517354751809563, 52.415804371938115 ], [ -132.104845944695853, 52.728573566557799 ], [ -131.981421774395983, 52.717665577302704 ], [ -132.014538146298491, 52.783671981492937 ], [ -131.917090547643454, 52.714338684444385 ], [ -131.968942656860861, 52.795283576674564 ], [ -132.084250786985535, 52.858105476111021 ], [ -132.137915432737628, 52.744979071916958 ], [ -132.264169852988204, 52.839674788237211 ], [ -132.152018955453713, 52.844193762555086 ], [ -132.365228582769731, 52.927631071816315 ], [ -132.073846948186514, 52.967543067041113 ], [ -132.357362864981553, 53.020029477854116 ], [ -132.262164458592537, 53.060686376254367 ], [ -132.49759037026908, 53.027300065461922 ], [ -132.570553083397954, 53.096708975993749 ] ] ], [ [ [ -131.926959869545499, 53.015588772914114 ], [ -131.662793358086958, 52.99937417481248 ], [ -131.620492848328269, 52.9001523803677 ], [ -131.820367365388279, 52.867298682734571 ], [ -131.926959869545499, 53.015588772914114 ] ] ], [ [ [ -131.6899545613648, 52.73269807471727 ], [ -131.564927658003285, 52.68071588661968 ], [ -131.476716449248187, 52.735114975793074 ], [ -131.464862361393216, 52.623922665810042 ], [ -131.605433075968676, 52.656028676684045 ], [ -131.609648249345753, 52.585048881555025 ], [ -131.6899545613648, 52.73269807471727 ] ] ], [ [ [ -131.349343767847813, 52.428454258820111 ], [ -131.235824668355775, 52.44183327798924 ], [ -131.317686255700437, 52.324939866750945 ], [ -131.349343767847813, 52.428454258820111 ] ] ], [ [ [ -131.11460175482074, 52.15178588525265 ], [ -130.936598053722861, 52.093537178411232 ], [ -131.072685656687497, 52.076106262549381 ], [ -131.025805940639003, 51.941803266093579 ], [ -131.11460175482074, 52.15178588525265 ] ] ] ] } }
]
}
