"analysis_id","analysis_family","region","geography","geography_label","map_id","age_group","sex","frequency","analysis_end","source_root","model_path","observed_source_id","source_kind","status","error_message"
"europe__europe__am__20-39__female","europe","europe","AM","Armenia","AM","20-39","female","weekly",,"project","output/results/europe_corrected_psd_prior_20260830/fitted_model/AM_Y20-39_F.rda","eurostat_weekly","corrected_compact_prediction","available",
"europe__europe__am__20-39__male","europe","europe","AM","Armenia","AM","20-39","male","weekly",,"project","output/results/europe_corrected_psd_prior_20260830/fitted_model/AM_Y20-39_M.rda","eurostat_weekly","corrected_compact_prediction","available",
"europe__europe__am__20-39__total","europe","europe","AM","Armenia","AM","20-39","total","weekly",,"project","output/results/europe_corrected_psd_prior_20260830/fitted_model/AM_Y20-39_T.rda","eurostat_weekly","corrected_compact_prediction","available",
"europe__europe__am__40-59__female","europe","europe","AM","Armenia","AM","40-59","female","weekly",,"project","output/results/europe_corrected_psd_prior_20260830/fitted_model/AM_Y40-59_F.rda","eurostat_weekly","corrected_compact_prediction","available",
"europe__europe__am__40-59__male","europe","europe","AM","Armenia","AM","40-59","male","weekly",,"project","output/results/europe_corrected_psd_prior_20260830/fitted_model/AM_Y40-59_M.rda","eurostat_weekly","corrected_compact_prediction","available",
"europe__europe__am__40-59__total","europe","europe","AM","Armenia","AM","40-59","total","weekly",,"project","output/results/europe_corrected_psd_prior_20260830/fitted_model/AM_Y40-59_T.rda","eurostat_weekly","corrected_compact_prediction","available",
"europe__europe__am__60-79__female","europe","europe","AM","Armenia","AM","60-79","female","weekly",,"project","output/results/europe_corrected_psd_prior_20260830/fitted_model/AM_Y60-79_F.rda","eurostat_weekly","corrected_compact_prediction","available",
"europe__europe__am__60-79__male","europe","europe","AM","Armenia","AM","60-79","male","weekly",,"project","output/results/europe_corrected_psd_prior_20260830/fitted_model/AM_Y60-79_M.rda","eurostat_weekly","corrected_compact_prediction","available",
"europe__europe__am__60-79__total","europe","europe","AM","Armenia","AM","60-79","total","weekly",,"project","output/results/europe_corrected_psd_prior_20260830/fitted_model/AM_Y60-79_T.rda","eurostat_weekly","corrected_compact_prediction","available",
"europe__europe__am__ge80__female","europe","europe","AM","Armenia","AM","GE80","female","weekly",,"project","output/results/europe_corrected_psd_prior_20260830/fitted_model/AM_Y_GE80_F.rda","eurostat_weekly","corrected_compact_prediction","available",
"europe__europe__am__ge80__male","europe","europe","AM","Armenia","AM","GE80","male","weekly",,"project","output/results/europe_corrected_psd_prior_20260830/fitted_model/AM_Y_GE80_M.rda","eurostat_weekly","corrected_compact_prediction","available",
"europe__europe__am__ge80__total","europe","europe","AM","Armenia","AM","GE80","total","weekly",,"project","output/results/europe_corrected_psd_prior_20260830/fitted_model/AM_Y_GE80_T.rda","eurostat_weekly","corrected_compact_prediction","available",
"europe__europe__at__20-39__female","europe","europe","AT","Austria","AT","20-39","female","weekly",,"project","output/results/europe_corrected_psd_prior_20260830/fitted_model/AT_Y20-39_F.rda","eurostat_weekly","corrected_compact_prediction","available",
"europe__europe__at__20-39__male","europe","europe","AT","Austria","AT","20-39","male","weekly",,"project","output/results/europe_corrected_psd_prior_20260830/fitted_model/AT_Y20-39_M.rda","eurostat_weekly","corrected_compact_prediction","available",
"europe__europe__at__20-39__total","europe","europe","AT","Austria","AT","20-39","total","weekly",,"project","output/results/europe_corrected_psd_prior_20260830/fitted_model/AT_Y20-39_T.rda","eurostat_weekly","corrected_compact_prediction","available",
"europe__europe__at__40-59__female","europe","europe","AT","Austria","AT","40-59","female","weekly",,"project","output/results/europe_corrected_psd_prior_20260830/fitted_model/AT_Y40-59_F.rda","eurostat_weekly","corrected_compact_prediction","available",
"europe__europe__at__40-59__male","europe","europe","AT","Austria","AT","40-59","male","weekly",,"project","output/results/europe_corrected_psd_prior_20260830/fitted_model/AT_Y40-59_M.rda","eurostat_weekly","corrected_compact_prediction","available",
"europe__europe__at__40-59__total","europe","europe","AT","Austria","AT","40-59","total","weekly",,"project","output/results/europe_corrected_psd_prior_20260830/fitted_model/AT_Y40-59_T.rda","eurostat_weekly","corrected_compact_prediction","available",
"europe__europe__at__60-79__female","europe","europe","AT","Austria","AT","60-79","female","weekly",,"project","output/results/europe_corrected_psd_prior_20260830/fitted_model/AT_Y60-79_F.rda","eurostat_weekly","corrected_compact_prediction","available",
"europe__europe__at__60-79__male","europe","europe","AT","Austria","AT","60-79","male","weekly",,"project","output/results/europe_corrected_psd_prior_20260830/fitted_model/AT_Y60-79_M.rda","eurostat_weekly","corrected_compact_prediction","available",
"europe__europe__at__60-79__total","europe","europe","AT","Austria","AT","60-79","total","weekly",,"project","output/results/europe_corrected_psd_prior_20260830/fitted_model/AT_Y60-79_T.rda","eurostat_weekly","corrected_compact_prediction","available",
"europe__europe__at__ge80__female","europe","europe","AT","Austria","AT","GE80","female","weekly",,"project","output/results/europe_corrected_psd_prior_20260830/fitted_model/AT_Y_GE80_F.rda","eurostat_weekly","corrected_compact_prediction","available",
"europe__europe__at__ge80__male","europe","europe","AT","Austria","AT","GE80","male","weekly",,"project","output/results/europe_corrected_psd_prior_20260830/fitted_model/AT_Y_GE80_M.rda","eurostat_weekly","corrected_compact_prediction","available",
"europe__europe__at__ge80__total","europe","europe","AT","Austria","AT","GE80","total","weekly",,"project","output/results/europe_corrected_psd_prior_20260830/fitted_model/AT_Y_GE80_T.rda","eurostat_weekly","corrected_compact_prediction","available",
"europe__europe__be__20-39__female","europe","europe","BE","Belgium","BE","20-39","female","weekly",,"project","output/results/europe_corrected_psd_prior_20260830/fitted_model/BE_Y20-39_F.rda","eurostat_weekly","corrected_compact_prediction","available",
"europe__europe__be__20-39__male","europe","europe","BE","Belgium","BE","20-39","male","weekly",,"project","output/results/europe_corrected_psd_prior_20260830/fitted_model/BE_Y20-39_M.rda","eurostat_weekly","corrected_compact_prediction","available",
"europe__europe__be__20-39__total","europe","europe","BE","Belgium","BE","20-39","total","weekly",,"project","output/results/europe_corrected_psd_prior_20260830/fitted_model/BE_Y20-39_T.rda","eurostat_weekly","corrected_compact_prediction","available",
"europe__europe__be__40-59__female","europe","europe","BE","Belgium","BE","40-59","female","weekly",,"project","output/results/europe_corrected_psd_prior_20260830/fitted_model/BE_Y40-59_F.rda","eurostat_weekly","corrected_compact_prediction","available",
"europe__europe__be__40-59__male","europe","europe","BE","Belgium","BE","40-59","male","weekly",,"project","output/results/europe_corrected_psd_prior_20260830/fitted_model/BE_Y40-59_M.rda","eurostat_weekly","corrected_compact_prediction","available",
"europe__europe__be__40-59__total","europe","europe","BE","Belgium","BE","40-59","total","weekly",,"project","output/results/europe_corrected_psd_prior_20260830/fitted_model/BE_Y40-59_T.rda","eurostat_weekly","corrected_compact_prediction","available",
"europe__europe__be__60-79__female","europe","europe","BE","Belgium","BE","60-79","female","weekly",,"project","output/results/europe_corrected_psd_prior_20260830/fitted_model/BE_Y60-79_F.rda","eurostat_weekly","corrected_compact_prediction","available",
"europe__europe__be__60-79__male","europe","europe","BE","Belgium","BE","60-79","male","weekly",,"project","output/results/europe_corrected_psd_prior_20260830/fitted_model/BE_Y60-79_M.rda","eurostat_weekly","corrected_compact_prediction","available",
"europe__europe__be__60-79__total","europe","europe","BE","Belgium","BE","60-79","total","weekly",,"project","output/results/europe_corrected_psd_prior_20260830/fitted_model/BE_Y60-79_T.rda","eurostat_weekly","corrected_compact_prediction","available",
"europe__europe__be__ge80__female","europe","europe","BE","Belgium","BE","GE80","female","weekly",,"project","output/results/europe_corrected_psd_prior_20260830/fitted_model/BE_Y_GE80_F.rda","eurostat_weekly","corrected_compact_prediction","available",
"europe__europe__be__ge80__male","europe","europe","BE","Belgium","BE","GE80","male","weekly",,"project","output/results/europe_corrected_psd_prior_20260830/fitted_model/BE_Y_GE80_M.rda","eurostat_weekly","corrected_compact_prediction","available",
"europe__europe__be__ge80__total","europe","europe","BE","Belgium","BE","GE80","total","weekly",,"project","output/results/europe_corrected_psd_prior_20260830/fitted_model/BE_Y_GE80_T.rda","eurostat_weekly","corrected_compact_prediction","available",
"europe__europe__bg__20-39__female","europe","europe","BG","Bulgaria","BG","20-39","female","weekly",,"project","output/results/europe_corrected_psd_prior_20260830/fitted_model/BG_Y20-39_F.rda","eurostat_weekly","corrected_compact_prediction","available",
"europe__europe__bg__20-39__male","europe","europe","BG","Bulgaria","BG","20-39","male","weekly",,"project","output/results/europe_corrected_psd_prior_20260830/fitted_model/BG_Y20-39_M.rda","eurostat_weekly","corrected_compact_prediction","available",
"europe__europe__bg__20-39__total","europe","europe","BG","Bulgaria","BG","20-39","total","weekly",,"project","output/results/europe_corrected_psd_prior_20260830/fitted_model/BG_Y20-39_T.rda","eurostat_weekly","corrected_compact_prediction","available",
"europe__europe__bg__40-59__female","europe","europe","BG","Bulgaria","BG","40-59","female","weekly",,"project","output/results/europe_corrected_psd_prior_20260830/fitted_model/BG_Y40-59_F.rda","eurostat_weekly","corrected_compact_prediction","available",
"europe__europe__bg__40-59__male","europe","europe","BG","Bulgaria","BG","40-59","male","weekly",,"project","output/results/europe_corrected_psd_prior_20260830/fitted_model/BG_Y40-59_M.rda","eurostat_weekly","corrected_compact_prediction","available",
"europe__europe__bg__40-59__total","europe","europe","BG","Bulgaria","BG","40-59","total","weekly",,"project","output/results/europe_corrected_psd_prior_20260830/fitted_model/BG_Y40-59_T.rda","eurostat_weekly","corrected_compact_prediction","available",
"europe__europe__bg__60-79__female","europe","europe","BG","Bulgaria","BG","60-79","female","weekly",,"project","output/results/europe_corrected_psd_prior_20260830/fitted_model/BG_Y60-79_F.rda","eurostat_weekly","corrected_compact_prediction","available",
"europe__europe__bg__60-79__male","europe","europe","BG","Bulgaria","BG","60-79","male","weekly",,"project","output/results/europe_corrected_psd_prior_20260830/fitted_model/BG_Y60-79_M.rda","eurostat_weekly","corrected_compact_prediction","available",
"europe__europe__bg__60-79__total","europe","europe","BG","Bulgaria","BG","60-79","total","weekly",,"project","output/results/europe_corrected_psd_prior_20260830/fitted_model/BG_Y60-79_T.rda","eurostat_weekly","corrected_compact_prediction","available",
"europe__europe__bg__ge80__female","europe","europe","BG","Bulgaria","BG","GE80","female","weekly",,"project","output/results/europe_corrected_psd_prior_20260830/fitted_model/BG_Y_GE80_F.rda","eurostat_weekly","corrected_compact_prediction","available",
"europe__europe__bg__ge80__male","europe","europe","BG","Bulgaria","BG","GE80","male","weekly",,"project","output/results/europe_corrected_psd_prior_20260830/fitted_model/BG_Y_GE80_M.rda","eurostat_weekly","corrected_compact_prediction","available",
"europe__europe__bg__ge80__total","europe","europe","BG","Bulgaria","BG","GE80","total","weekly",,"project","output/results/europe_corrected_psd_prior_20260830/fitted_model/BG_Y_GE80_T.rda","eurostat_weekly","corrected_compact_prediction","available",
"europe__europe__hr__20-39__female","europe","europe","HR","Croatia","HR","20-39","female","weekly",,"project","output/results/europe_corrected_psd_prior_20260830/fitted_model/HR_Y20-39_F.rda","eurostat_weekly","corrected_compact_prediction","available",
"europe__europe__hr__20-39__male","europe","europe","HR","Croatia","HR","20-39","male","weekly",,"project","output/results/europe_corrected_psd_prior_20260830/fitted_model/HR_Y20-39_M.rda","eurostat_weekly","corrected_compact_prediction","available",
"europe__europe__hr__20-39__total","europe","europe","HR","Croatia","HR","20-39","total","weekly",,"project","output/results/europe_corrected_psd_prior_20260830/fitted_model/HR_Y20-39_T.rda","eurostat_weekly","corrected_compact_prediction","available",
"europe__europe__hr__40-59__female","europe","europe","HR","Croatia","HR","40-59","female","weekly",,"project","output/results/europe_corrected_psd_prior_20260830/fitted_model/HR_Y40-59_F.rda","eurostat_weekly","corrected_compact_prediction","available",
"europe__europe__hr__40-59__male","europe","europe","HR","Croatia","HR","40-59","male","weekly",,"project","output/results/europe_corrected_psd_prior_20260830/fitted_model/HR_Y40-59_M.rda","eurostat_weekly","corrected_compact_prediction","available",
"europe__europe__hr__40-59__total","europe","europe","HR","Croatia","HR","40-59","total","weekly",,"project","output/results/europe_corrected_psd_prior_20260830/fitted_model/HR_Y40-59_T.rda","eurostat_weekly","corrected_compact_prediction","available",
"europe__europe__hr__60-79__female","europe","europe","HR","Croatia","HR","60-79","female","weekly",,"project","output/results/europe_corrected_psd_prior_20260830/fitted_model/HR_Y60-79_F.rda","eurostat_weekly","corrected_compact_prediction","available",
"europe__europe__hr__60-79__male","europe","europe","HR","Croatia","HR","60-79","male","weekly",,"project","output/results/europe_corrected_psd_prior_20260830/fitted_model/HR_Y60-79_M.rda","eurostat_weekly","corrected_compact_prediction","available",
"europe__europe__hr__60-79__total","europe","europe","HR","Croatia","HR","60-79","total","weekly",,"project","output/results/europe_corrected_psd_prior_20260830/fitted_model/HR_Y60-79_T.rda","eurostat_weekly","corrected_compact_prediction","available",
"europe__europe__hr__ge80__female","europe","europe","HR","Croatia","HR","GE80","female","weekly",,"project","output/results/europe_corrected_psd_prior_20260830/fitted_model/HR_Y_GE80_F.rda","eurostat_weekly","corrected_compact_prediction","available",
"europe__europe__hr__ge80__male","europe","europe","HR","Croatia","HR","GE80","male","weekly",,"project","output/results/europe_corrected_psd_prior_20260830/fitted_model/HR_Y_GE80_M.rda","eurostat_weekly","corrected_compact_prediction","available",
"europe__europe__hr__ge80__total","europe","europe","HR","Croatia","HR","GE80","total","weekly",,"project","output/results/europe_corrected_psd_prior_20260830/fitted_model/HR_Y_GE80_T.rda","eurostat_weekly","corrected_compact_prediction","available",
"europe__europe__cy__20-39__female","europe","europe","CY","Cyprus","CY","20-39","female","weekly",,"project","output/results/europe_corrected_psd_prior_20260830/fitted_model/CY_Y20-39_F.rda","eurostat_weekly","corrected_compact_prediction","available",
"europe__europe__cy__20-39__male","europe","europe","CY","Cyprus","CY","20-39","male","weekly",,"project","output/results/europe_corrected_psd_prior_20260830/fitted_model/CY_Y20-39_M.rda","eurostat_weekly","corrected_compact_prediction","available",
"europe__europe__cy__20-39__total","europe","europe","CY","Cyprus","CY","20-39","total","weekly",,"project","output/results/europe_corrected_psd_prior_20260830/fitted_model/CY_Y20-39_T.rda","eurostat_weekly","corrected_compact_prediction","available",
"europe__europe__cy__40-59__female","europe","europe","CY","Cyprus","CY","40-59","female","weekly",,"project","output/results/europe_corrected_psd_prior_20260830/fitted_model/CY_Y40-59_F.rda","eurostat_weekly","corrected_compact_prediction","available",
"europe__europe__cy__40-59__male","europe","europe","CY","Cyprus","CY","40-59","male","weekly",,"project","output/results/europe_corrected_psd_prior_20260830/fitted_model/CY_Y40-59_M.rda","eurostat_weekly","corrected_compact_prediction","available",
"europe__europe__cy__40-59__total","europe","europe","CY","Cyprus","CY","40-59","total","weekly",,"project","output/results/europe_corrected_psd_prior_20260830/fitted_model/CY_Y40-59_T.rda","eurostat_weekly","corrected_compact_prediction","available",
"europe__europe__cy__60-79__female","europe","europe","CY","Cyprus","CY","60-79","female","weekly",,"project","output/results/europe_corrected_psd_prior_20260830/fitted_model/CY_Y60-79_F.rda","eurostat_weekly","corrected_compact_prediction","available",
"europe__europe__cy__60-79__male","europe","europe","CY","Cyprus","CY","60-79","male","weekly",,"project","output/results/europe_corrected_psd_prior_20260830/fitted_model/CY_Y60-79_M.rda","eurostat_weekly","corrected_compact_prediction","available",
"europe__europe__cy__60-79__total","europe","europe","CY","Cyprus","CY","60-79","total","weekly",,"project","output/results/europe_corrected_psd_prior_20260830/fitted_model/CY_Y60-79_T.rda","eurostat_weekly","corrected_compact_prediction","available",
"europe__europe__cy__ge80__female","europe","europe","CY","Cyprus","CY","GE80","female","weekly",,"project","output/results/europe_corrected_psd_prior_20260830/fitted_model/CY_Y_GE80_F.rda","eurostat_weekly","corrected_compact_prediction","available",
"europe__europe__cy__ge80__male","europe","europe","CY","Cyprus","CY","GE80","male","weekly",,"project","output/results/europe_corrected_psd_prior_20260830/fitted_model/CY_Y_GE80_M.rda","eurostat_weekly","corrected_compact_prediction","available",
"europe__europe__cy__ge80__total","europe","europe","CY","Cyprus","CY","GE80","total","weekly",,"project","output/results/europe_corrected_psd_prior_20260830/fitted_model/CY_Y_GE80_T.rda","eurostat_weekly","corrected_compact_prediction","available",
"europe__europe__cz__20-39__female","europe","europe","CZ","Czechia","CZ","20-39","female","weekly",,"project","output/results/europe_corrected_psd_prior_20260830/fitted_model/CZ_Y20-39_F.rda","eurostat_weekly","corrected_compact_prediction","available",
"europe__europe__cz__20-39__male","europe","europe","CZ","Czechia","CZ","20-39","male","weekly",,"project","output/results/europe_corrected_psd_prior_20260830/fitted_model/CZ_Y20-39_M.rda","eurostat_weekly","corrected_compact_prediction","available",
"europe__europe__cz__20-39__total","europe","europe","CZ","Czechia","CZ","20-39","total","weekly",,"project","output/results/europe_corrected_psd_prior_20260830/fitted_model/CZ_Y20-39_T.rda","eurostat_weekly","corrected_compact_prediction","available",
"europe__europe__cz__40-59__female","europe","europe","CZ","Czechia","CZ","40-59","female","weekly",,"project","output/results/europe_corrected_psd_prior_20260830/fitted_model/CZ_Y40-59_F.rda","eurostat_weekly","corrected_compact_prediction","available",
"europe__europe__cz__40-59__male","europe","europe","CZ","Czechia","CZ","40-59","male","weekly",,"project","output/results/europe_corrected_psd_prior_20260830/fitted_model/CZ_Y40-59_M.rda","eurostat_weekly","corrected_compact_prediction","available",
"europe__europe__cz__40-59__total","europe","europe","CZ","Czechia","CZ","40-59","total","weekly",,"project","output/results/europe_corrected_psd_prior_20260830/fitted_model/CZ_Y40-59_T.rda","eurostat_weekly","corrected_compact_prediction","available",
"europe__europe__cz__60-79__female","europe","europe","CZ","Czechia","CZ","60-79","female","weekly",,"project","output/results/europe_corrected_psd_prior_20260830/fitted_model/CZ_Y60-79_F.rda","eurostat_weekly","corrected_compact_prediction","available",
"europe__europe__cz__60-79__male","europe","europe","CZ","Czechia","CZ","60-79","male","weekly",,"project","output/results/europe_corrected_psd_prior_20260830/fitted_model/CZ_Y60-79_M.rda","eurostat_weekly","corrected_compact_prediction","available",
"europe__europe__cz__60-79__total","europe","europe","CZ","Czechia","CZ","60-79","total","weekly",,"project","output/results/europe_corrected_psd_prior_20260830/fitted_model/CZ_Y60-79_T.rda","eurostat_weekly","corrected_compact_prediction","available",
"europe__europe__cz__ge80__female","europe","europe","CZ","Czechia","CZ","GE80","female","weekly",,"project","output/results/europe_corrected_psd_prior_20260830/fitted_model/CZ_Y_GE80_F.rda","eurostat_weekly","corrected_compact_prediction","available",
"europe__europe__cz__ge80__male","europe","europe","CZ","Czechia","CZ","GE80","male","weekly",,"project","output/results/europe_corrected_psd_prior_20260830/fitted_model/CZ_Y_GE80_M.rda","eurostat_weekly","corrected_compact_prediction","available",
"europe__europe__cz__ge80__total","europe","europe","CZ","Czechia","CZ","GE80","total","weekly",,"project","output/results/europe_corrected_psd_prior_20260830/fitted_model/CZ_Y_GE80_T.rda","eurostat_weekly","corrected_compact_prediction","available",
"europe__europe__dk__20-39__female","europe","europe","DK","Denmark","DK","20-39","female","weekly",,"project","output/results/europe_corrected_psd_prior_20260830/fitted_model/DK_Y20-39_F.rda","eurostat_weekly","corrected_compact_prediction","available",
"europe__europe__dk__20-39__male","europe","europe","DK","Denmark","DK","20-39","male","weekly",,"project","output/results/europe_corrected_psd_prior_20260830/fitted_model/DK_Y20-39_M.rda","eurostat_weekly","corrected_compact_prediction","available",
"europe__europe__dk__20-39__total","europe","europe","DK","Denmark","DK","20-39","total","weekly",,"project","output/results/europe_corrected_psd_prior_20260830/fitted_model/DK_Y20-39_T.rda","eurostat_weekly","corrected_compact_prediction","available",
"europe__europe__dk__40-59__female","europe","europe","DK","Denmark","DK","40-59","female","weekly",,"project","output/results/europe_corrected_psd_prior_20260830/fitted_model/DK_Y40-59_F.rda","eurostat_weekly","corrected_compact_prediction","available",
"europe__europe__dk__40-59__male","europe","europe","DK","Denmark","DK","40-59","male","weekly",,"project","output/results/europe_corrected_psd_prior_20260830/fitted_model/DK_Y40-59_M.rda","eurostat_weekly","corrected_compact_prediction","available",
"europe__europe__dk__40-59__total","europe","europe","DK","Denmark","DK","40-59","total","weekly",,"project","output/results/europe_corrected_psd_prior_20260830/fitted_model/DK_Y40-59_T.rda","eurostat_weekly","corrected_compact_prediction","available",
"europe__europe__dk__60-79__female","europe","europe","DK","Denmark","DK","60-79","female","weekly",,"project","output/results/europe_corrected_psd_prior_20260830/fitted_model/DK_Y60-79_F.rda","eurostat_weekly","corrected_compact_prediction","available",
"europe__europe__dk__60-79__male","europe","europe","DK","Denmark","DK","60-79","male","weekly",,"project","output/results/europe_corrected_psd_prior_20260830/fitted_model/DK_Y60-79_M.rda","eurostat_weekly","corrected_compact_prediction","available",
"europe__europe__dk__60-79__total","europe","europe","DK","Denmark","DK","60-79","total","weekly",,"project","output/results/europe_corrected_psd_prior_20260830/fitted_model/DK_Y60-79_T.rda","eurostat_weekly","corrected_compact_prediction","available",
"europe__europe__dk__ge80__female","europe","europe","DK","Denmark","DK","GE80","female","weekly",,"project","output/results/europe_corrected_psd_prior_20260830/fitted_model/DK_Y_GE80_F.rda","eurostat_weekly","corrected_compact_prediction","available",
"europe__europe__dk__ge80__male","europe","europe","DK","Denmark","DK","GE80","male","weekly",,"project","output/results/europe_corrected_psd_prior_20260830/fitted_model/DK_Y_GE80_M.rda","eurostat_weekly","corrected_compact_prediction","available",
"europe__europe__dk__ge80__total","europe","europe","DK","Denmark","DK","GE80","total","weekly",,"project","output/results/europe_corrected_psd_prior_20260830/fitted_model/DK_Y_GE80_T.rda","eurostat_weekly","corrected_compact_prediction","available",
"europe__europe__ee__20-39__female","europe","europe","EE","Estonia","EE","20-39","female","weekly",,"project","output/results/europe_corrected_psd_prior_20260830/fitted_model/EE_Y20-39_F.rda","eurostat_weekly","corrected_compact_prediction","available",
"europe__europe__ee__20-39__male","europe","europe","EE","Estonia","EE","20-39","male","weekly",,"project","output/results/europe_corrected_psd_prior_20260830/fitted_model/EE_Y20-39_M.rda","eurostat_weekly","corrected_compact_prediction","available",
"europe__europe__ee__20-39__total","europe","europe","EE","Estonia","EE","20-39","total","weekly",,"project","output/results/europe_corrected_psd_prior_20260830/fitted_model/EE_Y20-39_T.rda","eurostat_weekly","corrected_compact_prediction","available",
"europe__europe__ee__40-59__female","europe","europe","EE","Estonia","EE","40-59","female","weekly",,"project","output/results/europe_corrected_psd_prior_20260830/fitted_model/EE_Y40-59_F.rda","eurostat_weekly","corrected_compact_prediction","available",
"europe__europe__ee__40-59__male","europe","europe","EE","Estonia","EE","40-59","male","weekly",,"project","output/results/europe_corrected_psd_prior_20260830/fitted_model/EE_Y40-59_M.rda","eurostat_weekly","corrected_compact_prediction","available",
"europe__europe__ee__40-59__total","europe","europe","EE","Estonia","EE","40-59","total","weekly",,"project","output/results/europe_corrected_psd_prior_20260830/fitted_model/EE_Y40-59_T.rda","eurostat_weekly","corrected_compact_prediction","available",
"europe__europe__ee__60-79__female","europe","europe","EE","Estonia","EE","60-79","female","weekly",,"project","output/results/europe_corrected_psd_prior_20260830/fitted_model/EE_Y60-79_F.rda","eurostat_weekly","corrected_compact_prediction","available",
"europe__europe__ee__60-79__male","europe","europe","EE","Estonia","EE","60-79","male","weekly",,"project","output/results/europe_corrected_psd_prior_20260830/fitted_model/EE_Y60-79_M.rda","eurostat_weekly","corrected_compact_prediction","available",
"europe__europe__ee__60-79__total","europe","europe","EE","Estonia","EE","60-79","total","weekly",,"project","output/results/europe_corrected_psd_prior_20260830/fitted_model/EE_Y60-79_T.rda","eurostat_weekly","corrected_compact_prediction","available",
"europe__europe__ee__ge80__female","europe","europe","EE","Estonia","EE","GE80","female","weekly",,"project","output/results/europe_corrected_psd_prior_20260830/fitted_model/EE_Y_GE80_F.rda","eurostat_weekly","corrected_compact_prediction","available",
"europe__europe__ee__ge80__male","europe","europe","EE","Estonia","EE","GE80","male","weekly",,"project","output/results/europe_corrected_psd_prior_20260830/fitted_model/EE_Y_GE80_M.rda","eurostat_weekly","corrected_compact_prediction","available",
"europe__europe__ee__ge80__total","europe","europe","EE","Estonia","EE","GE80","total","weekly",,"project","output/results/europe_corrected_psd_prior_20260830/fitted_model/EE_Y_GE80_T.rda","eurostat_weekly","corrected_compact_prediction","available",
"europe__europe__fi__20-39__female","europe","europe","FI","Finland","FI","20-39","female","weekly",,"project","output/results/europe_corrected_psd_prior_20260830/fitted_model/FI_Y20-39_F.rda","eurostat_weekly","corrected_compact_prediction","available",
"europe__europe__fi__20-39__male","europe","europe","FI","Finland","FI","20-39","male","weekly",,"project","output/results/europe_corrected_psd_prior_20260830/fitted_model/FI_Y20-39_M.rda","eurostat_weekly","corrected_compact_prediction","available",
"europe__europe__fi__20-39__total","europe","europe","FI","Finland","FI","20-39","total","weekly",,"project","output/results/europe_corrected_psd_prior_20260830/fitted_model/FI_Y20-39_T.rda","eurostat_weekly","corrected_compact_prediction","available",
"europe__europe__fi__40-59__female","europe","europe","FI","Finland","FI","40-59","female","weekly",,"project","output/results/europe_corrected_psd_prior_20260830/fitted_model/FI_Y40-59_F.rda","eurostat_weekly","corrected_compact_prediction","available",
"europe__europe__fi__40-59__male","europe","europe","FI","Finland","FI","40-59","male","weekly",,"project","output/results/europe_corrected_psd_prior_20260830/fitted_model/FI_Y40-59_M.rda","eurostat_weekly","corrected_compact_prediction","available",
"europe__europe__fi__40-59__total","europe","europe","FI","Finland","FI","40-59","total","weekly",,"project","output/results/europe_corrected_psd_prior_20260830/fitted_model/FI_Y40-59_T.rda","eurostat_weekly","corrected_compact_prediction","available",
"europe__europe__fi__60-79__female","europe","europe","FI","Finland","FI","60-79","female","weekly",,"project","output/results/europe_corrected_psd_prior_20260830/fitted_model/FI_Y60-79_F.rda","eurostat_weekly","corrected_compact_prediction","available",
"europe__europe__fi__60-79__male","europe","europe","FI","Finland","FI","60-79","male","weekly",,"project","output/results/europe_corrected_psd_prior_20260830/fitted_model/FI_Y60-79_M.rda","eurostat_weekly","corrected_compact_prediction","available",
"europe__europe__fi__60-79__total","europe","europe","FI","Finland","FI","60-79","total","weekly",,"project","output/results/europe_corrected_psd_prior_20260830/fitted_model/FI_Y60-79_T.rda","eurostat_weekly","corrected_compact_prediction","available",
"europe__europe__fi__ge80__female","europe","europe","FI","Finland","FI","GE80","female","weekly",,"project","output/results/europe_corrected_psd_prior_20260830/fitted_model/FI_Y_GE80_F.rda","eurostat_weekly","corrected_compact_prediction","available",
"europe__europe__fi__ge80__male","europe","europe","FI","Finland","FI","GE80","male","weekly",,"project","output/results/europe_corrected_psd_prior_20260830/fitted_model/FI_Y_GE80_M.rda","eurostat_weekly","corrected_compact_prediction","available",
"europe__europe__fi__ge80__total","europe","europe","FI","Finland","FI","GE80","total","weekly",,"project","output/results/europe_corrected_psd_prior_20260830/fitted_model/FI_Y_GE80_T.rda","eurostat_weekly","corrected_compact_prediction","available",
"europe__europe__fr__20-39__female","europe","europe","FR","France","FR","20-39","female","weekly",,"project","output/results/europe_corrected_psd_prior_20260830/fitted_model/FR_Y20-39_F.rda","eurostat_weekly","corrected_compact_prediction","available",
"europe__europe__fr__20-39__male","europe","europe","FR","France","FR","20-39","male","weekly",,"project","output/results/europe_corrected_psd_prior_20260830/fitted_model/FR_Y20-39_M.rda","eurostat_weekly","corrected_compact_prediction","available",
"europe__europe__fr__20-39__total","europe","europe","FR","France","FR","20-39","total","weekly",,"project","output/results/europe_corrected_psd_prior_20260830/fitted_model/FR_Y20-39_T.rda","eurostat_weekly","corrected_compact_prediction","available",
"europe__europe__fr__40-59__female","europe","europe","FR","France","FR","40-59","female","weekly",,"project","output/results/europe_corrected_psd_prior_20260830/fitted_model/FR_Y40-59_F.rda","eurostat_weekly","corrected_compact_prediction","available",
"europe__europe__fr__40-59__male","europe","europe","FR","France","FR","40-59","male","weekly",,"project","output/results/europe_corrected_psd_prior_20260830/fitted_model/FR_Y40-59_M.rda","eurostat_weekly","corrected_compact_prediction","available",
"europe__europe__fr__40-59__total","europe","europe","FR","France","FR","40-59","total","weekly",,"project","output/results/europe_corrected_psd_prior_20260830/fitted_model/FR_Y40-59_T.rda","eurostat_weekly","corrected_compact_prediction","available",
"europe__europe__fr__60-79__female","europe","europe","FR","France","FR","60-79","female","weekly",,"project","output/results/europe_corrected_psd_prior_20260830/fitted_model/FR_Y60-79_F.rda","eurostat_weekly","corrected_compact_prediction","available",
"europe__europe__fr__60-79__male","europe","europe","FR","France","FR","60-79","male","weekly",,"project","output/results/europe_corrected_psd_prior_20260830/fitted_model/FR_Y60-79_M.rda","eurostat_weekly","corrected_compact_prediction","available",
"europe__europe__fr__60-79__total","europe","europe","FR","France","FR","60-79","total","weekly",,"project","output/results/europe_corrected_psd_prior_20260830/fitted_model/FR_Y60-79_T.rda","eurostat_weekly","corrected_compact_prediction","available",
"europe__europe__fr__ge80__female","europe","europe","FR","France","FR","GE80","female","weekly",,"project","output/results/europe_corrected_psd_prior_20260830/fitted_model/FR_Y_GE80_F.rda","eurostat_weekly","corrected_compact_prediction","available",
"europe__europe__fr__ge80__male","europe","europe","FR","France","FR","GE80","male","weekly",,"project","output/results/europe_corrected_psd_prior_20260830/fitted_model/FR_Y_GE80_M.rda","eurostat_weekly","corrected_compact_prediction","available",
"europe__europe__fr__ge80__total","europe","europe","FR","France","FR","GE80","total","weekly",,"project","output/results/europe_corrected_psd_prior_20260830/fitted_model/FR_Y_GE80_T.rda","eurostat_weekly","corrected_compact_prediction","available",
"europe__europe__de__20-39__total","europe","europe","DE","Germany","DE","20-39","total","weekly",,"project","output/results/europe_corrected_psd_prior_20260830/fitted_model/DE_Y20-39_T.rda","eurostat_weekly","corrected_compact_prediction","available",
"europe__europe__de__40-59__total","europe","europe","DE","Germany","DE","40-59","total","weekly",,"project","output/results/europe_corrected_psd_prior_20260830/fitted_model/DE_Y40-59_T.rda","eurostat_weekly","corrected_compact_prediction","available",
"europe__europe__de__60-79__total","europe","europe","DE","Germany","DE","60-79","total","weekly",,"project","output/results/europe_corrected_psd_prior_20260830/fitted_model/DE_Y60-79_T.rda","eurostat_weekly","corrected_compact_prediction","available",
"europe__europe__de__ge80__total","europe","europe","DE","Germany","DE","GE80","total","weekly",,"project","output/results/europe_corrected_psd_prior_20260830/fitted_model/DE_Y_GE80_T.rda","eurostat_weekly","corrected_compact_prediction","available",
"europe__europe__el__20-39__female","europe","europe","EL","Greece","EL","20-39","female","weekly",,"project","output/results/europe_corrected_psd_prior_20260830/fitted_model/EL_Y20-39_F.rda","eurostat_weekly","corrected_compact_prediction","available",
"europe__europe__el__20-39__male","europe","europe","EL","Greece","EL","20-39","male","weekly",,"project","output/results/europe_corrected_psd_prior_20260830/fitted_model/EL_Y20-39_M.rda","eurostat_weekly","corrected_compact_prediction","available",
"europe__europe__el__20-39__total","europe","europe","EL","Greece","EL","20-39","total","weekly",,"project","output/results/europe_corrected_psd_prior_20260830/fitted_model/EL_Y20-39_T.rda","eurostat_weekly","corrected_compact_prediction","available",
"europe__europe__el__40-59__female","europe","europe","EL","Greece","EL","40-59","female","weekly",,"project","output/results/europe_corrected_psd_prior_20260830/fitted_model/EL_Y40-59_F.rda","eurostat_weekly","corrected_compact_prediction","available",
"europe__europe__el__40-59__male","europe","europe","EL","Greece","EL","40-59","male","weekly",,"project","output/results/europe_corrected_psd_prior_20260830/fitted_model/EL_Y40-59_M.rda","eurostat_weekly","corrected_compact_prediction","available",
"europe__europe__el__40-59__total","europe","europe","EL","Greece","EL","40-59","total","weekly",,"project","output/results/europe_corrected_psd_prior_20260830/fitted_model/EL_Y40-59_T.rda","eurostat_weekly","corrected_compact_prediction","available",
"europe__europe__el__60-79__female","europe","europe","EL","Greece","EL","60-79","female","weekly",,"project","output/results/europe_corrected_psd_prior_20260830/fitted_model/EL_Y60-79_F.rda","eurostat_weekly","corrected_compact_prediction","available",
"europe__europe__el__60-79__male","europe","europe","EL","Greece","EL","60-79","male","weekly",,"project","output/results/europe_corrected_psd_prior_20260830/fitted_model/EL_Y60-79_M.rda","eurostat_weekly","corrected_compact_prediction","available",
"europe__europe__el__60-79__total","europe","europe","EL","Greece","EL","60-79","total","weekly",,"project","output/results/europe_corrected_psd_prior_20260830/fitted_model/EL_Y60-79_T.rda","eurostat_weekly","corrected_compact_prediction","available",
"europe__europe__el__ge80__female","europe","europe","EL","Greece","EL","GE80","female","weekly",,"project","output/results/europe_corrected_psd_prior_20260830/fitted_model/EL_Y_GE80_F.rda","eurostat_weekly","corrected_compact_prediction","available",
"europe__europe__el__ge80__male","europe","europe","EL","Greece","EL","GE80","male","weekly",,"project","output/results/europe_corrected_psd_prior_20260830/fitted_model/EL_Y_GE80_M.rda","eurostat_weekly","corrected_compact_prediction","available",
"europe__europe__el__ge80__total","europe","europe","EL","Greece","EL","GE80","total","weekly",,"project","output/results/europe_corrected_psd_prior_20260830/fitted_model/EL_Y_GE80_T.rda","eurostat_weekly","corrected_compact_prediction","available",
"europe__europe__hu__20-39__female","europe","europe","HU","Hungary","HU","20-39","female","weekly",,"project","output/results/europe_corrected_psd_prior_20260830/fitted_model/HU_Y20-39_F.rda","eurostat_weekly","corrected_compact_prediction","available",
"europe__europe__hu__20-39__male","europe","europe","HU","Hungary","HU","20-39","male","weekly",,"project","output/results/europe_corrected_psd_prior_20260830/fitted_model/HU_Y20-39_M.rda","eurostat_weekly","corrected_compact_prediction","available",
"europe__europe__hu__20-39__total","europe","europe","HU","Hungary","HU","20-39","total","weekly",,"project","output/results/europe_corrected_psd_prior_20260830/fitted_model/HU_Y20-39_T.rda","eurostat_weekly","corrected_compact_prediction","available",
"europe__europe__hu__40-59__female","europe","europe","HU","Hungary","HU","40-59","female","weekly",,"project","output/results/europe_corrected_psd_prior_20260830/fitted_model/HU_Y40-59_F.rda","eurostat_weekly","corrected_compact_prediction","available",
"europe__europe__hu__40-59__male","europe","europe","HU","Hungary","HU","40-59","male","weekly",,"project","output/results/europe_corrected_psd_prior_20260830/fitted_model/HU_Y40-59_M.rda","eurostat_weekly","corrected_compact_prediction","available",
"europe__europe__hu__40-59__total","europe","europe","HU","Hungary","HU","40-59","total","weekly",,"project","output/results/europe_corrected_psd_prior_20260830/fitted_model/HU_Y40-59_T.rda","eurostat_weekly","corrected_compact_prediction","available",
"europe__europe__hu__60-79__female","europe","europe","HU","Hungary","HU","60-79","female","weekly",,"project","output/results/europe_corrected_psd_prior_20260830/fitted_model/HU_Y60-79_F.rda","eurostat_weekly","corrected_compact_prediction","available",
"europe__europe__hu__60-79__male","europe","europe","HU","Hungary","HU","60-79","male","weekly",,"project","output/results/europe_corrected_psd_prior_20260830/fitted_model/HU_Y60-79_M.rda","eurostat_weekly","corrected_compact_prediction","available",
"europe__europe__hu__60-79__total","europe","europe","HU","Hungary","HU","60-79","total","weekly",,"project","output/results/europe_corrected_psd_prior_20260830/fitted_model/HU_Y60-79_T.rda","eurostat_weekly","corrected_compact_prediction","available",
"europe__europe__hu__ge80__female","europe","europe","HU","Hungary","HU","GE80","female","weekly",,"project","output/results/europe_corrected_psd_prior_20260830/fitted_model/HU_Y_GE80_F.rda","eurostat_weekly","corrected_compact_prediction","available",
"europe__europe__hu__ge80__male","europe","europe","HU","Hungary","HU","GE80","male","weekly",,"project","output/results/europe_corrected_psd_prior_20260830/fitted_model/HU_Y_GE80_M.rda","eurostat_weekly","corrected_compact_prediction","available",
"europe__europe__hu__ge80__total","europe","europe","HU","Hungary","HU","GE80","total","weekly",,"project","output/results/europe_corrected_psd_prior_20260830/fitted_model/HU_Y_GE80_T.rda","eurostat_weekly","corrected_compact_prediction","available",
"europe__europe__is__20-39__female","europe","europe","IS","Iceland","IS","20-39","female","weekly",,"project","output/results/europe_corrected_psd_prior_20260830/fitted_model/IS_Y20-39_F.rda","eurostat_weekly","corrected_compact_prediction","available",
"europe__europe__is__20-39__male","europe","europe","IS","Iceland","IS","20-39","male","weekly",,"project","output/results/europe_corrected_psd_prior_20260830/fitted_model/IS_Y20-39_M.rda","eurostat_weekly","corrected_compact_prediction","available",
"europe__europe__is__20-39__total","europe","europe","IS","Iceland","IS","20-39","total","weekly",,"project","output/results/europe_corrected_psd_prior_20260830/fitted_model/IS_Y20-39_T.rda","eurostat_weekly","corrected_compact_prediction","available",
"europe__europe__is__40-59__female","europe","europe","IS","Iceland","IS","40-59","female","weekly",,"project","output/results/europe_corrected_psd_prior_20260830/fitted_model/IS_Y40-59_F.rda","eurostat_weekly","corrected_compact_prediction","available",
"europe__europe__is__40-59__male","europe","europe","IS","Iceland","IS","40-59","male","weekly",,"project","output/results/europe_corrected_psd_prior_20260830/fitted_model/IS_Y40-59_M.rda","eurostat_weekly","corrected_compact_prediction","available",
"europe__europe__is__40-59__total","europe","europe","IS","Iceland","IS","40-59","total","weekly",,"project","output/results/europe_corrected_psd_prior_20260830/fitted_model/IS_Y40-59_T.rda","eurostat_weekly","corrected_compact_prediction","available",
"europe__europe__is__60-79__female","europe","europe","IS","Iceland","IS","60-79","female","weekly",,"project","output/results/europe_corrected_psd_prior_20260830/fitted_model/IS_Y60-79_F.rda","eurostat_weekly","corrected_compact_prediction","available",
"europe__europe__is__60-79__male","europe","europe","IS","Iceland","IS","60-79","male","weekly",,"project","output/results/europe_corrected_psd_prior_20260830/fitted_model/IS_Y60-79_M.rda","eurostat_weekly","corrected_compact_prediction","available",
"europe__europe__is__60-79__total","europe","europe","IS","Iceland","IS","60-79","total","weekly",,"project","output/results/europe_corrected_psd_prior_20260830/fitted_model/IS_Y60-79_T.rda","eurostat_weekly","corrected_compact_prediction","available",
"europe__europe__is__ge80__female","europe","europe","IS","Iceland","IS","GE80","female","weekly",,"project","output/results/europe_corrected_psd_prior_20260830/fitted_model/IS_Y_GE80_F.rda","eurostat_weekly","corrected_compact_prediction","available",
"europe__europe__is__ge80__male","europe","europe","IS","Iceland","IS","GE80","male","weekly",,"project","output/results/europe_corrected_psd_prior_20260830/fitted_model/IS_Y_GE80_M.rda","eurostat_weekly","corrected_compact_prediction","available",
"europe__europe__is__ge80__total","europe","europe","IS","Iceland","IS","GE80","total","weekly",,"project","output/results/europe_corrected_psd_prior_20260830/fitted_model/IS_Y_GE80_T.rda","eurostat_weekly","corrected_compact_prediction","available",
"europe__europe__it__20-39__female","europe","europe","IT","Italy","IT","20-39","female","weekly",,"project","output/results/europe_corrected_psd_prior_20260830/fitted_model/IT_Y20-39_F.rda","eurostat_weekly","corrected_compact_prediction","available",
"europe__europe__it__20-39__male","europe","europe","IT","Italy","IT","20-39","male","weekly",,"project","output/results/europe_corrected_psd_prior_20260830/fitted_model/IT_Y20-39_M.rda","eurostat_weekly","corrected_compact_prediction","available",
"europe__europe__it__20-39__total","europe","europe","IT","Italy","IT","20-39","total","weekly",,"project","output/results/europe_corrected_psd_prior_20260830/fitted_model/IT_Y20-39_T.rda","eurostat_weekly","corrected_compact_prediction","available",
"europe__europe__it__40-59__female","europe","europe","IT","Italy","IT","40-59","female","weekly",,"project","output/results/europe_corrected_psd_prior_20260830/fitted_model/IT_Y40-59_F.rda","eurostat_weekly","corrected_compact_prediction","available",
"europe__europe__it__40-59__male","europe","europe","IT","Italy","IT","40-59","male","weekly",,"project","output/results/europe_corrected_psd_prior_20260830/fitted_model/IT_Y40-59_M.rda","eurostat_weekly","corrected_compact_prediction","available",
"europe__europe__it__40-59__total","europe","europe","IT","Italy","IT","40-59","total","weekly",,"project","output/results/europe_corrected_psd_prior_20260830/fitted_model/IT_Y40-59_T.rda","eurostat_weekly","corrected_compact_prediction","available",
"europe__europe__it__60-79__female","europe","europe","IT","Italy","IT","60-79","female","weekly",,"project","output/results/europe_corrected_psd_prior_20260830/fitted_model/IT_Y60-79_F.rda","eurostat_weekly","corrected_compact_prediction","available",
"europe__europe__it__60-79__male","europe","europe","IT","Italy","IT","60-79","male","weekly",,"project","output/results/europe_corrected_psd_prior_20260830/fitted_model/IT_Y60-79_M.rda","eurostat_weekly","corrected_compact_prediction","available",
"europe__europe__it__60-79__total","europe","europe","IT","Italy","IT","60-79","total","weekly",,"project","output/results/europe_corrected_psd_prior_20260830/fitted_model/IT_Y60-79_T.rda","eurostat_weekly","corrected_compact_prediction","available",
"europe__europe__it__ge80__female","europe","europe","IT","Italy","IT","GE80","female","weekly",,"project","output/results/europe_corrected_psd_prior_20260830/fitted_model/IT_Y_GE80_F.rda","eurostat_weekly","corrected_compact_prediction","available",
"europe__europe__it__ge80__male","europe","europe","IT","Italy","IT","GE80","male","weekly",,"project","output/results/europe_corrected_psd_prior_20260830/fitted_model/IT_Y_GE80_M.rda","eurostat_weekly","corrected_compact_prediction","available",
"europe__europe__it__ge80__total","europe","europe","IT","Italy","IT","GE80","total","weekly",,"project","output/results/europe_corrected_psd_prior_20260830/fitted_model/IT_Y_GE80_T.rda","eurostat_weekly","corrected_compact_prediction","available",
"europe__europe__lv__20-39__female","europe","europe","LV","Latvia","LV","20-39","female","weekly",,"project","output/results/europe_corrected_psd_prior_20260830/fitted_model/LV_Y20-39_F.rda","eurostat_weekly","corrected_compact_prediction","available",
"europe__europe__lv__20-39__male","europe","europe","LV","Latvia","LV","20-39","male","weekly",,"project","output/results/europe_corrected_psd_prior_20260830/fitted_model/LV_Y20-39_M.rda","eurostat_weekly","corrected_compact_prediction","available",
"europe__europe__lv__20-39__total","europe","europe","LV","Latvia","LV","20-39","total","weekly",,"project","output/results/europe_corrected_psd_prior_20260830/fitted_model/LV_Y20-39_T.rda","eurostat_weekly","corrected_compact_prediction","available",
"europe__europe__lv__40-59__female","europe","europe","LV","Latvia","LV","40-59","female","weekly",,"project","output/results/europe_corrected_psd_prior_20260830/fitted_model/LV_Y40-59_F.rda","eurostat_weekly","corrected_compact_prediction","available",
"europe__europe__lv__40-59__male","europe","europe","LV","Latvia","LV","40-59","male","weekly",,"project","output/results/europe_corrected_psd_prior_20260830/fitted_model/LV_Y40-59_M.rda","eurostat_weekly","corrected_compact_prediction","available",
"europe__europe__lv__40-59__total","europe","europe","LV","Latvia","LV","40-59","total","weekly",,"project","output/results/europe_corrected_psd_prior_20260830/fitted_model/LV_Y40-59_T.rda","eurostat_weekly","corrected_compact_prediction","available",
"europe__europe__lv__60-79__female","europe","europe","LV","Latvia","LV","60-79","female","weekly",,"project","output/results/europe_corrected_psd_prior_20260830/fitted_model/LV_Y60-79_F.rda","eurostat_weekly","corrected_compact_prediction","available",
"europe__europe__lv__60-79__male","europe","europe","LV","Latvia","LV","60-79","male","weekly",,"project","output/results/europe_corrected_psd_prior_20260830/fitted_model/LV_Y60-79_M.rda","eurostat_weekly","corrected_compact_prediction","available",
"europe__europe__lv__60-79__total","europe","europe","LV","Latvia","LV","60-79","total","weekly",,"project","output/results/europe_corrected_psd_prior_20260830/fitted_model/LV_Y60-79_T.rda","eurostat_weekly","corrected_compact_prediction","available",
"europe__europe__lv__ge80__female","europe","europe","LV","Latvia","LV","GE80","female","weekly",,"project","output/results/europe_corrected_psd_prior_20260830/fitted_model/LV_Y_GE80_F.rda","eurostat_weekly","corrected_compact_prediction","available",
"europe__europe__lv__ge80__male","europe","europe","LV","Latvia","LV","GE80","male","weekly",,"project","output/results/europe_corrected_psd_prior_20260830/fitted_model/LV_Y_GE80_M.rda","eurostat_weekly","corrected_compact_prediction","available",
"europe__europe__lv__ge80__total","europe","europe","LV","Latvia","LV","GE80","total","weekly",,"project","output/results/europe_corrected_psd_prior_20260830/fitted_model/LV_Y_GE80_T.rda","eurostat_weekly","corrected_compact_prediction","available",
"europe__europe__li__20-39__female","europe","europe","LI","Liechtenstein","LI","20-39","female","weekly",,"project","output/results/europe_corrected_psd_prior_20260830/fitted_model/LI_Y20-39_F.rda","eurostat_weekly","corrected_compact_prediction","available",
"europe__europe__li__20-39__male","europe","europe","LI","Liechtenstein","LI","20-39","male","weekly",,"project","output/results/europe_corrected_psd_prior_20260830/fitted_model/LI_Y20-39_M.rda","eurostat_weekly","corrected_compact_prediction","available",
"europe__europe__li__20-39__total","europe","europe","LI","Liechtenstein","LI","20-39","total","weekly",,"project","output/results/europe_corrected_psd_prior_20260830/fitted_model/LI_Y20-39_T.rda","eurostat_weekly","corrected_compact_prediction","available",
"europe__europe__li__40-59__female","europe","europe","LI","Liechtenstein","LI","40-59","female","weekly",,"project","output/results/europe_corrected_psd_prior_20260830/fitted_model/LI_Y40-59_F.rda","eurostat_weekly","corrected_compact_prediction","available",
"europe__europe__li__40-59__male","europe","europe","LI","Liechtenstein","LI","40-59","male","weekly",,"project","output/results/europe_corrected_psd_prior_20260830/fitted_model/LI_Y40-59_M.rda","eurostat_weekly","corrected_compact_prediction","available",
"europe__europe__li__40-59__total","europe","europe","LI","Liechtenstein","LI","40-59","total","weekly",,"project","output/results/europe_corrected_psd_prior_20260830/fitted_model/LI_Y40-59_T.rda","eurostat_weekly","corrected_compact_prediction","available",
"europe__europe__li__60-79__female","europe","europe","LI","Liechtenstein","LI","60-79","female","weekly",,"project","output/results/europe_corrected_psd_prior_20260830/fitted_model/LI_Y60-79_F.rda","eurostat_weekly","corrected_compact_prediction","available",
"europe__europe__li__60-79__male","europe","europe","LI","Liechtenstein","LI","60-79","male","weekly",,"project","output/results/europe_corrected_psd_prior_20260830/fitted_model/LI_Y60-79_M.rda","eurostat_weekly","corrected_compact_prediction","available",
"europe__europe__li__60-79__total","europe","europe","LI","Liechtenstein","LI","60-79","total","weekly",,"project","output/results/europe_corrected_psd_prior_20260830/fitted_model/LI_Y60-79_T.rda","eurostat_weekly","corrected_compact_prediction","available",
"europe__europe__li__ge80__female","europe","europe","LI","Liechtenstein","LI","GE80","female","weekly",,"project","output/results/europe_corrected_psd_prior_20260830/fitted_model/LI_Y_GE80_F.rda","eurostat_weekly","corrected_compact_prediction","available",
"europe__europe__li__ge80__male","europe","europe","LI","Liechtenstein","LI","GE80","male","weekly",,"project","output/results/europe_corrected_psd_prior_20260830/fitted_model/LI_Y_GE80_M.rda","eurostat_weekly","corrected_compact_prediction","available",
"europe__europe__li__ge80__total","europe","europe","LI","Liechtenstein","LI","GE80","total","weekly",,"project","output/results/europe_corrected_psd_prior_20260830/fitted_model/LI_Y_GE80_T.rda","eurostat_weekly","corrected_compact_prediction","available",
"europe__europe__lt__20-39__female","europe","europe","LT","Lithuania","LT","20-39","female","weekly",,"project","output/results/europe_corrected_psd_prior_20260830/fitted_model/LT_Y20-39_F.rda","eurostat_weekly","corrected_compact_prediction","available",
"europe__europe__lt__20-39__male","europe","europe","LT","Lithuania","LT","20-39","male","weekly",,"project","output/results/europe_corrected_psd_prior_20260830/fitted_model/LT_Y20-39_M.rda","eurostat_weekly","corrected_compact_prediction","available",
"europe__europe__lt__20-39__total","europe","europe","LT","Lithuania","LT","20-39","total","weekly",,"project","output/results/europe_corrected_psd_prior_20260830/fitted_model/LT_Y20-39_T.rda","eurostat_weekly","corrected_compact_prediction","available",
"europe__europe__lt__40-59__female","europe","europe","LT","Lithuania","LT","40-59","female","weekly",,"project","output/results/europe_corrected_psd_prior_20260830/fitted_model/LT_Y40-59_F.rda","eurostat_weekly","corrected_compact_prediction","available",
"europe__europe__lt__40-59__male","europe","europe","LT","Lithuania","LT","40-59","male","weekly",,"project","output/results/europe_corrected_psd_prior_20260830/fitted_model/LT_Y40-59_M.rda","eurostat_weekly","corrected_compact_prediction","available",
"europe__europe__lt__40-59__total","europe","europe","LT","Lithuania","LT","40-59","total","weekly",,"project","output/results/europe_corrected_psd_prior_20260830/fitted_model/LT_Y40-59_T.rda","eurostat_weekly","corrected_compact_prediction","available",
"europe__europe__lt__60-79__female","europe","europe","LT","Lithuania","LT","60-79","female","weekly",,"project","output/results/europe_corrected_psd_prior_20260830/fitted_model/LT_Y60-79_F.rda","eurostat_weekly","corrected_compact_prediction","available",
"europe__europe__lt__60-79__male","europe","europe","LT","Lithuania","LT","60-79","male","weekly",,"project","output/results/europe_corrected_psd_prior_20260830/fitted_model/LT_Y60-79_M.rda","eurostat_weekly","corrected_compact_prediction","available",
"europe__europe__lt__60-79__total","europe","europe","LT","Lithuania","LT","60-79","total","weekly",,"project","output/results/europe_corrected_psd_prior_20260830/fitted_model/LT_Y60-79_T.rda","eurostat_weekly","corrected_compact_prediction","available",
"europe__europe__lt__ge80__female","europe","europe","LT","Lithuania","LT","GE80","female","weekly",,"project","output/results/europe_corrected_psd_prior_20260830/fitted_model/LT_Y_GE80_F.rda","eurostat_weekly","corrected_compact_prediction","available",
"europe__europe__lt__ge80__male","europe","europe","LT","Lithuania","LT","GE80","male","weekly",,"project","output/results/europe_corrected_psd_prior_20260830/fitted_model/LT_Y_GE80_M.rda","eurostat_weekly","corrected_compact_prediction","available",
"europe__europe__lt__ge80__total","europe","europe","LT","Lithuania","LT","GE80","total","weekly",,"project","output/results/europe_corrected_psd_prior_20260830/fitted_model/LT_Y_GE80_T.rda","eurostat_weekly","corrected_compact_prediction","available",
"europe__europe__lu__20-39__female","europe","europe","LU","Luxembourg","LU","20-39","female","weekly",,"project","output/results/europe_corrected_psd_prior_20260830/fitted_model/LU_Y20-39_F.rda","eurostat_weekly","corrected_compact_prediction","available",
"europe__europe__lu__20-39__male","europe","europe","LU","Luxembourg","LU","20-39","male","weekly",,"project","output/results/europe_corrected_psd_prior_20260830/fitted_model/LU_Y20-39_M.rda","eurostat_weekly","corrected_compact_prediction","available",
"europe__europe__lu__20-39__total","europe","europe","LU","Luxembourg","LU","20-39","total","weekly",,"project","output/results/europe_corrected_psd_prior_20260830/fitted_model/LU_Y20-39_T.rda","eurostat_weekly","corrected_compact_prediction","available",
"europe__europe__lu__40-59__female","europe","europe","LU","Luxembourg","LU","40-59","female","weekly",,"project","output/results/europe_corrected_psd_prior_20260830/fitted_model/LU_Y40-59_F.rda","eurostat_weekly","corrected_compact_prediction","available",
"europe__europe__lu__40-59__male","europe","europe","LU","Luxembourg","LU","40-59","male","weekly",,"project","output/results/europe_corrected_psd_prior_20260830/fitted_model/LU_Y40-59_M.rda","eurostat_weekly","corrected_compact_prediction","available",
"europe__europe__lu__40-59__total","europe","europe","LU","Luxembourg","LU","40-59","total","weekly",,"project","output/results/europe_corrected_psd_prior_20260830/fitted_model/LU_Y40-59_T.rda","eurostat_weekly","corrected_compact_prediction","available",
"europe__europe__lu__60-79__female","europe","europe","LU","Luxembourg","LU","60-79","female","weekly",,"project","output/results/europe_corrected_psd_prior_20260830/fitted_model/LU_Y60-79_F.rda","eurostat_weekly","corrected_compact_prediction","available",
"europe__europe__lu__60-79__male","europe","europe","LU","Luxembourg","LU","60-79","male","weekly",,"project","output/results/europe_corrected_psd_prior_20260830/fitted_model/LU_Y60-79_M.rda","eurostat_weekly","corrected_compact_prediction","available",
"europe__europe__lu__60-79__total","europe","europe","LU","Luxembourg","LU","60-79","total","weekly",,"project","output/results/europe_corrected_psd_prior_20260830/fitted_model/LU_Y60-79_T.rda","eurostat_weekly","corrected_compact_prediction","available",
"europe__europe__lu__ge80__female","europe","europe","LU","Luxembourg","LU","GE80","female","weekly",,"project","output/results/europe_corrected_psd_prior_20260830/fitted_model/LU_Y_GE80_F.rda","eurostat_weekly","corrected_compact_prediction","available",
"europe__europe__lu__ge80__male","europe","europe","LU","Luxembourg","LU","GE80","male","weekly",,"project","output/results/europe_corrected_psd_prior_20260830/fitted_model/LU_Y_GE80_M.rda","eurostat_weekly","corrected_compact_prediction","available",
"europe__europe__lu__ge80__total","europe","europe","LU","Luxembourg","LU","GE80","total","weekly",,"project","output/results/europe_corrected_psd_prior_20260830/fitted_model/LU_Y_GE80_T.rda","eurostat_weekly","corrected_compact_prediction","available",
"europe__europe__mt__20-39__female","europe","europe","MT","Malta","MT","20-39","female","weekly",,"project","output/results/europe_corrected_psd_prior_20260830/fitted_model/MT_Y20-39_F.rda","eurostat_weekly","corrected_compact_prediction","available",
"europe__europe__mt__20-39__male","europe","europe","MT","Malta","MT","20-39","male","weekly",,"project","output/results/europe_corrected_psd_prior_20260830/fitted_model/MT_Y20-39_M.rda","eurostat_weekly","corrected_compact_prediction","available",
"europe__europe__mt__20-39__total","europe","europe","MT","Malta","MT","20-39","total","weekly",,"project","output/results/europe_corrected_psd_prior_20260830/fitted_model/MT_Y20-39_T.rda","eurostat_weekly","corrected_compact_prediction","available",
"europe__europe__mt__40-59__female","europe","europe","MT","Malta","MT","40-59","female","weekly",,"project","output/results/europe_corrected_psd_prior_20260830/fitted_model/MT_Y40-59_F.rda","eurostat_weekly","corrected_compact_prediction","available",
"europe__europe__mt__40-59__male","europe","europe","MT","Malta","MT","40-59","male","weekly",,"project","output/results/europe_corrected_psd_prior_20260830/fitted_model/MT_Y40-59_M.rda","eurostat_weekly","corrected_compact_prediction","available",
"europe__europe__mt__40-59__total","europe","europe","MT","Malta","MT","40-59","total","weekly",,"project","output/results/europe_corrected_psd_prior_20260830/fitted_model/MT_Y40-59_T.rda","eurostat_weekly","corrected_compact_prediction","available",
"europe__europe__mt__60-79__female","europe","europe","MT","Malta","MT","60-79","female","weekly",,"project","output/results/europe_corrected_psd_prior_20260830/fitted_model/MT_Y60-79_F.rda","eurostat_weekly","corrected_compact_prediction","available",
"europe__europe__mt__60-79__male","europe","europe","MT","Malta","MT","60-79","male","weekly",,"project","output/results/europe_corrected_psd_prior_20260830/fitted_model/MT_Y60-79_M.rda","eurostat_weekly","corrected_compact_prediction","available",
"europe__europe__mt__60-79__total","europe","europe","MT","Malta","MT","60-79","total","weekly",,"project","output/results/europe_corrected_psd_prior_20260830/fitted_model/MT_Y60-79_T.rda","eurostat_weekly","corrected_compact_prediction","available",
"europe__europe__mt__ge80__female","europe","europe","MT","Malta","MT","GE80","female","weekly",,"project","output/results/europe_corrected_psd_prior_20260830/fitted_model/MT_Y_GE80_F.rda","eurostat_weekly","corrected_compact_prediction","available",
"europe__europe__mt__ge80__male","europe","europe","MT","Malta","MT","GE80","male","weekly",,"project","output/results/europe_corrected_psd_prior_20260830/fitted_model/MT_Y_GE80_M.rda","eurostat_weekly","corrected_compact_prediction","available",
"europe__europe__mt__ge80__total","europe","europe","MT","Malta","MT","GE80","total","weekly",,"project","output/results/europe_corrected_psd_prior_20260830/fitted_model/MT_Y_GE80_T.rda","eurostat_weekly","corrected_compact_prediction","available",
"europe__europe__me__20-39__female","europe","europe","ME","Montenegro","ME","20-39","female","weekly",,"project","output/results/europe_corrected_psd_prior_20260830/fitted_model/ME_Y20-39_F.rda","eurostat_weekly","corrected_compact_prediction","available",
"europe__europe__me__20-39__male","europe","europe","ME","Montenegro","ME","20-39","male","weekly",,"project","output/results/europe_corrected_psd_prior_20260830/fitted_model/ME_Y20-39_M.rda","eurostat_weekly","corrected_compact_prediction","available",
"europe__europe__me__20-39__total","europe","europe","ME","Montenegro","ME","20-39","total","weekly",,"project","output/results/europe_corrected_psd_prior_20260830/fitted_model/ME_Y20-39_T.rda","eurostat_weekly","corrected_compact_prediction","available",
"europe__europe__me__40-59__female","europe","europe","ME","Montenegro","ME","40-59","female","weekly",,"project","output/results/europe_corrected_psd_prior_20260830/fitted_model/ME_Y40-59_F.rda","eurostat_weekly","corrected_compact_prediction","available",
"europe__europe__me__40-59__male","europe","europe","ME","Montenegro","ME","40-59","male","weekly",,"project","output/results/europe_corrected_psd_prior_20260830/fitted_model/ME_Y40-59_M.rda","eurostat_weekly","corrected_compact_prediction","available",
"europe__europe__me__40-59__total","europe","europe","ME","Montenegro","ME","40-59","total","weekly",,"project","output/results/europe_corrected_psd_prior_20260830/fitted_model/ME_Y40-59_T.rda","eurostat_weekly","corrected_compact_prediction","available",
"europe__europe__me__60-79__female","europe","europe","ME","Montenegro","ME","60-79","female","weekly",,"project","output/results/europe_corrected_psd_prior_20260830/fitted_model/ME_Y60-79_F.rda","eurostat_weekly","corrected_compact_prediction","available",
"europe__europe__me__60-79__male","europe","europe","ME","Montenegro","ME","60-79","male","weekly",,"project","output/results/europe_corrected_psd_prior_20260830/fitted_model/ME_Y60-79_M.rda","eurostat_weekly","corrected_compact_prediction","available",
"europe__europe__me__60-79__total","europe","europe","ME","Montenegro","ME","60-79","total","weekly",,"project","output/results/europe_corrected_psd_prior_20260830/fitted_model/ME_Y60-79_T.rda","eurostat_weekly","corrected_compact_prediction","available",
"europe__europe__me__ge80__female","europe","europe","ME","Montenegro","ME","GE80","female","weekly",,"project","output/results/europe_corrected_psd_prior_20260830/fitted_model/ME_Y_GE80_F.rda","eurostat_weekly","corrected_compact_prediction","available",
"europe__europe__me__ge80__male","europe","europe","ME","Montenegro","ME","GE80","male","weekly",,"project","output/results/europe_corrected_psd_prior_20260830/fitted_model/ME_Y_GE80_M.rda","eurostat_weekly","corrected_compact_prediction","available",
"europe__europe__me__ge80__total","europe","europe","ME","Montenegro","ME","GE80","total","weekly",,"project","output/results/europe_corrected_psd_prior_20260830/fitted_model/ME_Y_GE80_T.rda","eurostat_weekly","corrected_compact_prediction","available",
"europe__europe__nl__20-39__female","europe","europe","NL","Netherlands","NL","20-39","female","weekly",,"project","output/results/europe_corrected_psd_prior_20260830/fitted_model/NL_Y20-39_F.rda","eurostat_weekly","corrected_compact_prediction","available",
"europe__europe__nl__20-39__male","europe","europe","NL","Netherlands","NL","20-39","male","weekly",,"project","output/results/europe_corrected_psd_prior_20260830/fitted_model/NL_Y20-39_M.rda","eurostat_weekly","corrected_compact_prediction","available",
"europe__europe__nl__20-39__total","europe","europe","NL","Netherlands","NL","20-39","total","weekly",,"project","output/results/europe_corrected_psd_prior_20260830/fitted_model/NL_Y20-39_T.rda","eurostat_weekly","corrected_compact_prediction","available",
"europe__europe__nl__40-59__female","europe","europe","NL","Netherlands","NL","40-59","female","weekly",,"project","output/results/europe_corrected_psd_prior_20260830/fitted_model/NL_Y40-59_F.rda","eurostat_weekly","corrected_compact_prediction","available",
"europe__europe__nl__40-59__male","europe","europe","NL","Netherlands","NL","40-59","male","weekly",,"project","output/results/europe_corrected_psd_prior_20260830/fitted_model/NL_Y40-59_M.rda","eurostat_weekly","corrected_compact_prediction","available",
"europe__europe__nl__40-59__total","europe","europe","NL","Netherlands","NL","40-59","total","weekly",,"project","output/results/europe_corrected_psd_prior_20260830/fitted_model/NL_Y40-59_T.rda","eurostat_weekly","corrected_compact_prediction","available",
"europe__europe__nl__60-79__female","europe","europe","NL","Netherlands","NL","60-79","female","weekly",,"project","output/results/europe_corrected_psd_prior_20260830/fitted_model/NL_Y60-79_F.rda","eurostat_weekly","corrected_compact_prediction","available",
"europe__europe__nl__60-79__male","europe","europe","NL","Netherlands","NL","60-79","male","weekly",,"project","output/results/europe_corrected_psd_prior_20260830/fitted_model/NL_Y60-79_M.rda","eurostat_weekly","corrected_compact_prediction","available",
"europe__europe__nl__60-79__total","europe","europe","NL","Netherlands","NL","60-79","total","weekly",,"project","output/results/europe_corrected_psd_prior_20260830/fitted_model/NL_Y60-79_T.rda","eurostat_weekly","corrected_compact_prediction","available",
"europe__europe__nl__ge80__female","europe","europe","NL","Netherlands","NL","GE80","female","weekly",,"project","output/results/europe_corrected_psd_prior_20260830/fitted_model/NL_Y_GE80_F.rda","eurostat_weekly","corrected_compact_prediction","available",
"europe__europe__nl__ge80__male","europe","europe","NL","Netherlands","NL","GE80","male","weekly",,"project","output/results/europe_corrected_psd_prior_20260830/fitted_model/NL_Y_GE80_M.rda","eurostat_weekly","corrected_compact_prediction","available",
"europe__europe__nl__ge80__total","europe","europe","NL","Netherlands","NL","GE80","total","weekly",,"project","output/results/europe_corrected_psd_prior_20260830/fitted_model/NL_Y_GE80_T.rda","eurostat_weekly","corrected_compact_prediction","available",
"europe__europe__no__20-39__female","europe","europe","NO","Norway","NO","20-39","female","weekly",,"project","output/results/europe_corrected_psd_prior_20260830/fitted_model/NO_Y20-39_F.rda","eurostat_weekly","corrected_compact_prediction","available",
"europe__europe__no__20-39__male","europe","europe","NO","Norway","NO","20-39","male","weekly",,"project","output/results/europe_corrected_psd_prior_20260830/fitted_model/NO_Y20-39_M.rda","eurostat_weekly","corrected_compact_prediction","available",
"europe__europe__no__20-39__total","europe","europe","NO","Norway","NO","20-39","total","weekly",,"project","output/results/europe_corrected_psd_prior_20260830/fitted_model/NO_Y20-39_T.rda","eurostat_weekly","corrected_compact_prediction","available",
"europe__europe__no__40-59__female","europe","europe","NO","Norway","NO","40-59","female","weekly",,"project","output/results/europe_corrected_psd_prior_20260830/fitted_model/NO_Y40-59_F.rda","eurostat_weekly","corrected_compact_prediction","available",
"europe__europe__no__40-59__male","europe","europe","NO","Norway","NO","40-59","male","weekly",,"project","output/results/europe_corrected_psd_prior_20260830/fitted_model/NO_Y40-59_M.rda","eurostat_weekly","corrected_compact_prediction","available",
"europe__europe__no__40-59__total","europe","europe","NO","Norway","NO","40-59","total","weekly",,"project","output/results/europe_corrected_psd_prior_20260830/fitted_model/NO_Y40-59_T.rda","eurostat_weekly","corrected_compact_prediction","available",
"europe__europe__no__60-79__female","europe","europe","NO","Norway","NO","60-79","female","weekly",,"project","output/results/europe_corrected_psd_prior_20260830/fitted_model/NO_Y60-79_F.rda","eurostat_weekly","corrected_compact_prediction","available",
"europe__europe__no__60-79__male","europe","europe","NO","Norway","NO","60-79","male","weekly",,"project","output/results/europe_corrected_psd_prior_20260830/fitted_model/NO_Y60-79_M.rda","eurostat_weekly","corrected_compact_prediction","available",
"europe__europe__no__60-79__total","europe","europe","NO","Norway","NO","60-79","total","weekly",,"project","output/results/europe_corrected_psd_prior_20260830/fitted_model/NO_Y60-79_T.rda","eurostat_weekly","corrected_compact_prediction","available",
"europe__europe__no__ge80__female","europe","europe","NO","Norway","NO","GE80","female","weekly",,"project","output/results/europe_corrected_psd_prior_20260830/fitted_model/NO_Y_GE80_F.rda","eurostat_weekly","corrected_compact_prediction","available",
"europe__europe__no__ge80__male","europe","europe","NO","Norway","NO","GE80","male","weekly",,"project","output/results/europe_corrected_psd_prior_20260830/fitted_model/NO_Y_GE80_M.rda","eurostat_weekly","corrected_compact_prediction","available",
"europe__europe__no__ge80__total","europe","europe","NO","Norway","NO","GE80","total","weekly",,"project","output/results/europe_corrected_psd_prior_20260830/fitted_model/NO_Y_GE80_T.rda","eurostat_weekly","corrected_compact_prediction","available",
"europe__europe__pl__20-39__female","europe","europe","PL","Poland","PL","20-39","female","weekly",,"project","output/results/europe_corrected_psd_prior_20260830/fitted_model/PL_Y20-39_F.rda","eurostat_weekly","corrected_compact_prediction","available",
"europe__europe__pl__20-39__male","europe","europe","PL","Poland","PL","20-39","male","weekly",,"project","output/results/europe_corrected_psd_prior_20260830/fitted_model/PL_Y20-39_M.rda","eurostat_weekly","corrected_compact_prediction","available",
"europe__europe__pl__20-39__total","europe","europe","PL","Poland","PL","20-39","total","weekly",,"project","output/results/europe_corrected_psd_prior_20260830/fitted_model/PL_Y20-39_T.rda","eurostat_weekly","corrected_compact_prediction","available",
"europe__europe__pl__40-59__female","europe","europe","PL","Poland","PL","40-59","female","weekly",,"project","output/results/europe_corrected_psd_prior_20260830/fitted_model/PL_Y40-59_F.rda","eurostat_weekly","corrected_compact_prediction","available",
"europe__europe__pl__40-59__male","europe","europe","PL","Poland","PL","40-59","male","weekly",,"project","output/results/europe_corrected_psd_prior_20260830/fitted_model/PL_Y40-59_M.rda","eurostat_weekly","corrected_compact_prediction","available",
"europe__europe__pl__40-59__total","europe","europe","PL","Poland","PL","40-59","total","weekly",,"project","output/results/europe_corrected_psd_prior_20260830/fitted_model/PL_Y40-59_T.rda","eurostat_weekly","corrected_compact_prediction","available",
"europe__europe__pl__60-79__female","europe","europe","PL","Poland","PL","60-79","female","weekly",,"project","output/results/europe_corrected_psd_prior_20260830/fitted_model/PL_Y60-79_F.rda","eurostat_weekly","corrected_compact_prediction","available",
"europe__europe__pl__60-79__male","europe","europe","PL","Poland","PL","60-79","male","weekly",,"project","output/results/europe_corrected_psd_prior_20260830/fitted_model/PL_Y60-79_M.rda","eurostat_weekly","corrected_compact_prediction","available",
"europe__europe__pl__60-79__total","europe","europe","PL","Poland","PL","60-79","total","weekly",,"project","output/results/europe_corrected_psd_prior_20260830/fitted_model/PL_Y60-79_T.rda","eurostat_weekly","corrected_compact_prediction","available",
"europe__europe__pl__ge80__female","europe","europe","PL","Poland","PL","GE80","female","weekly",,"project","output/results/europe_corrected_psd_prior_20260830/fitted_model/PL_Y_GE80_F.rda","eurostat_weekly","corrected_compact_prediction","available",
"europe__europe__pl__ge80__male","europe","europe","PL","Poland","PL","GE80","male","weekly",,"project","output/results/europe_corrected_psd_prior_20260830/fitted_model/PL_Y_GE80_M.rda","eurostat_weekly","corrected_compact_prediction","available",
"europe__europe__pl__ge80__total","europe","europe","PL","Poland","PL","GE80","total","weekly",,"project","output/results/europe_corrected_psd_prior_20260830/fitted_model/PL_Y_GE80_T.rda","eurostat_weekly","corrected_compact_prediction","available",
"europe__europe__pt__20-39__female","europe","europe","PT","Portugal","PT","20-39","female","weekly",,"project","output/results/europe_corrected_psd_prior_20260830/fitted_model/PT_Y20-39_F.rda","eurostat_weekly","corrected_compact_prediction","available",
"europe__europe__pt__20-39__male","europe","europe","PT","Portugal","PT","20-39","male","weekly",,"project","output/results/europe_corrected_psd_prior_20260830/fitted_model/PT_Y20-39_M.rda","eurostat_weekly","corrected_compact_prediction","available",
"europe__europe__pt__20-39__total","europe","europe","PT","Portugal","PT","20-39","total","weekly",,"project","output/results/europe_corrected_psd_prior_20260830/fitted_model/PT_Y20-39_T.rda","eurostat_weekly","corrected_compact_prediction","available",
"europe__europe__pt__40-59__female","europe","europe","PT","Portugal","PT","40-59","female","weekly",,"project","output/results/europe_corrected_psd_prior_20260830/fitted_model/PT_Y40-59_F.rda","eurostat_weekly","corrected_compact_prediction","available",
"europe__europe__pt__40-59__male","europe","europe","PT","Portugal","PT","40-59","male","weekly",,"project","output/results/europe_corrected_psd_prior_20260830/fitted_model/PT_Y40-59_M.rda","eurostat_weekly","corrected_compact_prediction","available",
"europe__europe__pt__40-59__total","europe","europe","PT","Portugal","PT","40-59","total","weekly",,"project","output/results/europe_corrected_psd_prior_20260830/fitted_model/PT_Y40-59_T.rda","eurostat_weekly","corrected_compact_prediction","available",
"europe__europe__pt__60-79__female","europe","europe","PT","Portugal","PT","60-79","female","weekly",,"project","output/results/europe_corrected_psd_prior_20260830/fitted_model/PT_Y60-79_F.rda","eurostat_weekly","corrected_compact_prediction","available",
"europe__europe__pt__60-79__male","europe","europe","PT","Portugal","PT","60-79","male","weekly",,"project","output/results/europe_corrected_psd_prior_20260830/fitted_model/PT_Y60-79_M.rda","eurostat_weekly","corrected_compact_prediction","available",
"europe__europe__pt__60-79__total","europe","europe","PT","Portugal","PT","60-79","total","weekly",,"project","output/results/europe_corrected_psd_prior_20260830/fitted_model/PT_Y60-79_T.rda","eurostat_weekly","corrected_compact_prediction","available",
"europe__europe__pt__ge80__female","europe","europe","PT","Portugal","PT","GE80","female","weekly",,"project","output/results/europe_corrected_psd_prior_20260830/fitted_model/PT_Y_GE80_F.rda","eurostat_weekly","corrected_compact_prediction","available",
"europe__europe__pt__ge80__male","europe","europe","PT","Portugal","PT","GE80","male","weekly",,"project","output/results/europe_corrected_psd_prior_20260830/fitted_model/PT_Y_GE80_M.rda","eurostat_weekly","corrected_compact_prediction","available",
"europe__europe__pt__ge80__total","europe","europe","PT","Portugal","PT","GE80","total","weekly",,"project","output/results/europe_corrected_psd_prior_20260830/fitted_model/PT_Y_GE80_T.rda","eurostat_weekly","corrected_compact_prediction","available",
"europe__europe__ro__20-39__female","europe","europe","RO","Romania","RO","20-39","female","weekly",,"project","output/results/europe_corrected_psd_prior_20260830/fitted_model/RO_Y20-39_F.rda","eurostat_weekly","corrected_compact_prediction","available",
"europe__europe__ro__20-39__male","europe","europe","RO","Romania","RO","20-39","male","weekly",,"project","output/results/europe_corrected_psd_prior_20260830/fitted_model/RO_Y20-39_M.rda","eurostat_weekly","corrected_compact_prediction","available",
"europe__europe__ro__20-39__total","europe","europe","RO","Romania","RO","20-39","total","weekly",,"project","output/results/europe_corrected_psd_prior_20260830/fitted_model/RO_Y20-39_T.rda","eurostat_weekly","corrected_compact_prediction","available",
"europe__europe__ro__40-59__female","europe","europe","RO","Romania","RO","40-59","female","weekly",,"project","output/results/europe_corrected_psd_prior_20260830/fitted_model/RO_Y40-59_F.rda","eurostat_weekly","corrected_compact_prediction","available",
"europe__europe__ro__40-59__male","europe","europe","RO","Romania","RO","40-59","male","weekly",,"project","output/results/europe_corrected_psd_prior_20260830/fitted_model/RO_Y40-59_M.rda","eurostat_weekly","corrected_compact_prediction","available",
"europe__europe__ro__40-59__total","europe","europe","RO","Romania","RO","40-59","total","weekly",,"project","output/results/europe_corrected_psd_prior_20260830/fitted_model/RO_Y40-59_T.rda","eurostat_weekly","corrected_compact_prediction","available",
"europe__europe__ro__60-79__female","europe","europe","RO","Romania","RO","60-79","female","weekly",,"project","output/results/europe_corrected_psd_prior_20260830/fitted_model/RO_Y60-79_F.rda","eurostat_weekly","corrected_compact_prediction","available",
"europe__europe__ro__60-79__male","europe","europe","RO","Romania","RO","60-79","male","weekly",,"project","output/results/europe_corrected_psd_prior_20260830/fitted_model/RO_Y60-79_M.rda","eurostat_weekly","corrected_compact_prediction","available",
"europe__europe__ro__60-79__total","europe","europe","RO","Romania","RO","60-79","total","weekly",,"project","output/results/europe_corrected_psd_prior_20260830/fitted_model/RO_Y60-79_T.rda","eurostat_weekly","corrected_compact_prediction","available",
"europe__europe__ro__ge80__female","europe","europe","RO","Romania","RO","GE80","female","weekly",,"project","output/results/europe_corrected_psd_prior_20260830/fitted_model/RO_Y_GE80_F.rda","eurostat_weekly","corrected_compact_prediction","available",
"europe__europe__ro__ge80__male","europe","europe","RO","Romania","RO","GE80","male","weekly",,"project","output/results/europe_corrected_psd_prior_20260830/fitted_model/RO_Y_GE80_M.rda","eurostat_weekly","corrected_compact_prediction","available",
"europe__europe__ro__ge80__total","europe","europe","RO","Romania","RO","GE80","total","weekly",,"project","output/results/europe_corrected_psd_prior_20260830/fitted_model/RO_Y_GE80_T.rda","eurostat_weekly","corrected_compact_prediction","available",
"europe__europe__rs__20-39__female","europe","europe","RS","Serbia","RS","20-39","female","weekly",,"project","output/results/europe_corrected_psd_prior_20260830/fitted_model/RS_Y20-39_F.rda","eurostat_weekly","corrected_compact_prediction","available",
"europe__europe__rs__20-39__male","europe","europe","RS","Serbia","RS","20-39","male","weekly",,"project","output/results/europe_corrected_psd_prior_20260830/fitted_model/RS_Y20-39_M.rda","eurostat_weekly","corrected_compact_prediction","available",
"europe__europe__rs__20-39__total","europe","europe","RS","Serbia","RS","20-39","total","weekly",,"project","output/results/europe_corrected_psd_prior_20260830/fitted_model/RS_Y20-39_T.rda","eurostat_weekly","corrected_compact_prediction","available",
"europe__europe__rs__40-59__female","europe","europe","RS","Serbia","RS","40-59","female","weekly",,"project","output/results/europe_corrected_psd_prior_20260830/fitted_model/RS_Y40-59_F.rda","eurostat_weekly","corrected_compact_prediction","available",
"europe__europe__rs__40-59__male","europe","europe","RS","Serbia","RS","40-59","male","weekly",,"project","output/results/europe_corrected_psd_prior_20260830/fitted_model/RS_Y40-59_M.rda","eurostat_weekly","corrected_compact_prediction","available",
"europe__europe__rs__40-59__total","europe","europe","RS","Serbia","RS","40-59","total","weekly",,"project","output/results/europe_corrected_psd_prior_20260830/fitted_model/RS_Y40-59_T.rda","eurostat_weekly","corrected_compact_prediction","available",
"europe__europe__rs__60-79__female","europe","europe","RS","Serbia","RS","60-79","female","weekly",,"project","output/results/europe_corrected_psd_prior_20260830/fitted_model/RS_Y60-79_F.rda","eurostat_weekly","corrected_compact_prediction","available",
"europe__europe__rs__60-79__male","europe","europe","RS","Serbia","RS","60-79","male","weekly",,"project","output/results/europe_corrected_psd_prior_20260830/fitted_model/RS_Y60-79_M.rda","eurostat_weekly","corrected_compact_prediction","available",
"europe__europe__rs__60-79__total","europe","europe","RS","Serbia","RS","60-79","total","weekly",,"project","output/results/europe_corrected_psd_prior_20260830/fitted_model/RS_Y60-79_T.rda","eurostat_weekly","corrected_compact_prediction","available",
"europe__europe__rs__ge80__female","europe","europe","RS","Serbia","RS","GE80","female","weekly",,"project","output/results/europe_corrected_psd_prior_20260830/fitted_model/RS_Y_GE80_F.rda","eurostat_weekly","corrected_compact_prediction","available",
"europe__europe__rs__ge80__male","europe","europe","RS","Serbia","RS","GE80","male","weekly",,"project","output/results/europe_corrected_psd_prior_20260830/fitted_model/RS_Y_GE80_M.rda","eurostat_weekly","corrected_compact_prediction","available",
"europe__europe__rs__ge80__total","europe","europe","RS","Serbia","RS","GE80","total","weekly",,"project","output/results/europe_corrected_psd_prior_20260830/fitted_model/RS_Y_GE80_T.rda","eurostat_weekly","corrected_compact_prediction","available",
"europe__europe__sk__20-39__female","europe","europe","SK","Slovakia","SK","20-39","female","weekly",,"project","output/results/europe_corrected_psd_prior_20260830/fitted_model/SK_Y20-39_F.rda","eurostat_weekly","corrected_compact_prediction","available",
"europe__europe__sk__20-39__male","europe","europe","SK","Slovakia","SK","20-39","male","weekly",,"project","output/results/europe_corrected_psd_prior_20260830/fitted_model/SK_Y20-39_M.rda","eurostat_weekly","corrected_compact_prediction","available",
"europe__europe__sk__20-39__total","europe","europe","SK","Slovakia","SK","20-39","total","weekly",,"project","output/results/europe_corrected_psd_prior_20260830/fitted_model/SK_Y20-39_T.rda","eurostat_weekly","corrected_compact_prediction","available",
"europe__europe__sk__40-59__female","europe","europe","SK","Slovakia","SK","40-59","female","weekly",,"project","output/results/europe_corrected_psd_prior_20260830/fitted_model/SK_Y40-59_F.rda","eurostat_weekly","corrected_compact_prediction","available",
"europe__europe__sk__40-59__male","europe","europe","SK","Slovakia","SK","40-59","male","weekly",,"project","output/results/europe_corrected_psd_prior_20260830/fitted_model/SK_Y40-59_M.rda","eurostat_weekly","corrected_compact_prediction","available",
"europe__europe__sk__40-59__total","europe","europe","SK","Slovakia","SK","40-59","total","weekly",,"project","output/results/europe_corrected_psd_prior_20260830/fitted_model/SK_Y40-59_T.rda","eurostat_weekly","corrected_compact_prediction","available",
"europe__europe__sk__60-79__female","europe","europe","SK","Slovakia","SK","60-79","female","weekly",,"project","output/results/europe_corrected_psd_prior_20260830/fitted_model/SK_Y60-79_F.rda","eurostat_weekly","corrected_compact_prediction","available",
"europe__europe__sk__60-79__male","europe","europe","SK","Slovakia","SK","60-79","male","weekly",,"project","output/results/europe_corrected_psd_prior_20260830/fitted_model/SK_Y60-79_M.rda","eurostat_weekly","corrected_compact_prediction","available",
"europe__europe__sk__60-79__total","europe","europe","SK","Slovakia","SK","60-79","total","weekly",,"project","output/results/europe_corrected_psd_prior_20260830/fitted_model/SK_Y60-79_T.rda","eurostat_weekly","corrected_compact_prediction","available",
"europe__europe__sk__ge80__female","europe","europe","SK","Slovakia","SK","GE80","female","weekly",,"project","output/results/europe_corrected_psd_prior_20260830/fitted_model/SK_Y_GE80_F.rda","eurostat_weekly","corrected_compact_prediction","available",
"europe__europe__sk__ge80__male","europe","europe","SK","Slovakia","SK","GE80","male","weekly",,"project","output/results/europe_corrected_psd_prior_20260830/fitted_model/SK_Y_GE80_M.rda","eurostat_weekly","corrected_compact_prediction","available",
"europe__europe__sk__ge80__total","europe","europe","SK","Slovakia","SK","GE80","total","weekly",,"project","output/results/europe_corrected_psd_prior_20260830/fitted_model/SK_Y_GE80_T.rda","eurostat_weekly","corrected_compact_prediction","available",
"europe__europe__si__20-39__female","europe","europe","SI","Slovenia","SI","20-39","female","weekly",,"project","output/results/europe_corrected_psd_prior_20260830/fitted_model/SI_Y20-39_F.rda","eurostat_weekly","corrected_compact_prediction","available",
"europe__europe__si__20-39__male","europe","europe","SI","Slovenia","SI","20-39","male","weekly",,"project","output/results/europe_corrected_psd_prior_20260830/fitted_model/SI_Y20-39_M.rda","eurostat_weekly","corrected_compact_prediction","available",
"europe__europe__si__20-39__total","europe","europe","SI","Slovenia","SI","20-39","total","weekly",,"project","output/results/europe_corrected_psd_prior_20260830/fitted_model/SI_Y20-39_T.rda","eurostat_weekly","corrected_compact_prediction","available",
"europe__europe__si__40-59__female","europe","europe","SI","Slovenia","SI","40-59","female","weekly",,"project","output/results/europe_corrected_psd_prior_20260830/fitted_model/SI_Y40-59_F.rda","eurostat_weekly","corrected_compact_prediction","available",
"europe__europe__si__40-59__male","europe","europe","SI","Slovenia","SI","40-59","male","weekly",,"project","output/results/europe_corrected_psd_prior_20260830/fitted_model/SI_Y40-59_M.rda","eurostat_weekly","corrected_compact_prediction","available",
"europe__europe__si__40-59__total","europe","europe","SI","Slovenia","SI","40-59","total","weekly",,"project","output/results/europe_corrected_psd_prior_20260830/fitted_model/SI_Y40-59_T.rda","eurostat_weekly","corrected_compact_prediction","available",
"europe__europe__si__60-79__female","europe","europe","SI","Slovenia","SI","60-79","female","weekly",,"project","output/results/europe_corrected_psd_prior_20260830/fitted_model/SI_Y60-79_F.rda","eurostat_weekly","corrected_compact_prediction","available",
"europe__europe__si__60-79__male","europe","europe","SI","Slovenia","SI","60-79","male","weekly",,"project","output/results/europe_corrected_psd_prior_20260830/fitted_model/SI_Y60-79_M.rda","eurostat_weekly","corrected_compact_prediction","available",
"europe__europe__si__60-79__total","europe","europe","SI","Slovenia","SI","60-79","total","weekly",,"project","output/results/europe_corrected_psd_prior_20260830/fitted_model/SI_Y60-79_T.rda","eurostat_weekly","corrected_compact_prediction","available",
"europe__europe__si__ge80__female","europe","europe","SI","Slovenia","SI","GE80","female","weekly",,"project","output/results/europe_corrected_psd_prior_20260830/fitted_model/SI_Y_GE80_F.rda","eurostat_weekly","corrected_compact_prediction","available",
"europe__europe__si__ge80__male","europe","europe","SI","Slovenia","SI","GE80","male","weekly",,"project","output/results/europe_corrected_psd_prior_20260830/fitted_model/SI_Y_GE80_M.rda","eurostat_weekly","corrected_compact_prediction","available",
"europe__europe__si__ge80__total","europe","europe","SI","Slovenia","SI","GE80","total","weekly",,"project","output/results/europe_corrected_psd_prior_20260830/fitted_model/SI_Y_GE80_T.rda","eurostat_weekly","corrected_compact_prediction","available",
"europe__europe__es__20-39__female","europe","europe","ES","Spain","ES","20-39","female","weekly",,"project","output/results/europe_corrected_psd_prior_20260830/fitted_model/ES_Y20-39_F.rda","eurostat_weekly","corrected_compact_prediction","available",
"europe__europe__es__20-39__male","europe","europe","ES","Spain","ES","20-39","male","weekly",,"project","output/results/europe_corrected_psd_prior_20260830/fitted_model/ES_Y20-39_M.rda","eurostat_weekly","corrected_compact_prediction","available",
"europe__europe__es__20-39__total","europe","europe","ES","Spain","ES","20-39","total","weekly",,"project","output/results/europe_corrected_psd_prior_20260830/fitted_model/ES_Y20-39_T.rda","eurostat_weekly","corrected_compact_prediction","available",
"europe__europe__es__40-59__female","europe","europe","ES","Spain","ES","40-59","female","weekly",,"project","output/results/europe_corrected_psd_prior_20260830/fitted_model/ES_Y40-59_F.rda","eurostat_weekly","corrected_compact_prediction","available",
"europe__europe__es__40-59__male","europe","europe","ES","Spain","ES","40-59","male","weekly",,"project","output/results/europe_corrected_psd_prior_20260830/fitted_model/ES_Y40-59_M.rda","eurostat_weekly","corrected_compact_prediction","available",
"europe__europe__es__40-59__total","europe","europe","ES","Spain","ES","40-59","total","weekly",,"project","output/results/europe_corrected_psd_prior_20260830/fitted_model/ES_Y40-59_T.rda","eurostat_weekly","corrected_compact_prediction","available",
"europe__europe__es__60-79__female","europe","europe","ES","Spain","ES","60-79","female","weekly",,"project","output/results/europe_corrected_psd_prior_20260830/fitted_model/ES_Y60-79_F.rda","eurostat_weekly","corrected_compact_prediction","available",
"europe__europe__es__60-79__male","europe","europe","ES","Spain","ES","60-79","male","weekly",,"project","output/results/europe_corrected_psd_prior_20260830/fitted_model/ES_Y60-79_M.rda","eurostat_weekly","corrected_compact_prediction","available",
"europe__europe__es__60-79__total","europe","europe","ES","Spain","ES","60-79","total","weekly",,"project","output/results/europe_corrected_psd_prior_20260830/fitted_model/ES_Y60-79_T.rda","eurostat_weekly","corrected_compact_prediction","available",
"europe__europe__es__ge80__female","europe","europe","ES","Spain","ES","GE80","female","weekly",,"project","output/results/europe_corrected_psd_prior_20260830/fitted_model/ES_Y_GE80_F.rda","eurostat_weekly","corrected_compact_prediction","available",
"europe__europe__es__ge80__male","europe","europe","ES","Spain","ES","GE80","male","weekly",,"project","output/results/europe_corrected_psd_prior_20260830/fitted_model/ES_Y_GE80_M.rda","eurostat_weekly","corrected_compact_prediction","available",
"europe__europe__es__ge80__total","europe","europe","ES","Spain","ES","GE80","total","weekly",,"project","output/results/europe_corrected_psd_prior_20260830/fitted_model/ES_Y_GE80_T.rda","eurostat_weekly","corrected_compact_prediction","available",
"europe__europe__se__20-39__female","europe","europe","SE","Sweden","SE","20-39","female","weekly",,"project","output/results/europe_corrected_psd_prior_20260830/fitted_model/SE_Y20-39_F.rda","eurostat_weekly","corrected_compact_prediction","available",
"europe__europe__se__20-39__male","europe","europe","SE","Sweden","SE","20-39","male","weekly",,"project","output/results/europe_corrected_psd_prior_20260830/fitted_model/SE_Y20-39_M.rda","eurostat_weekly","corrected_compact_prediction","available",
"europe__europe__se__20-39__total","europe","europe","SE","Sweden","SE","20-39","total","weekly",,"project","output/results/europe_corrected_psd_prior_20260830/fitted_model/SE_Y20-39_T.rda","eurostat_weekly","corrected_compact_prediction","available",
"europe__europe__se__40-59__female","europe","europe","SE","Sweden","SE","40-59","female","weekly",,"project","output/results/europe_corrected_psd_prior_20260830/fitted_model/SE_Y40-59_F.rda","eurostat_weekly","corrected_compact_prediction","available",
"europe__europe__se__40-59__male","europe","europe","SE","Sweden","SE","40-59","male","weekly",,"project","output/results/europe_corrected_psd_prior_20260830/fitted_model/SE_Y40-59_M.rda","eurostat_weekly","corrected_compact_prediction","available",
"europe__europe__se__40-59__total","europe","europe","SE","Sweden","SE","40-59","total","weekly",,"project","output/results/europe_corrected_psd_prior_20260830/fitted_model/SE_Y40-59_T.rda","eurostat_weekly","corrected_compact_prediction","available",
"europe__europe__se__60-79__female","europe","europe","SE","Sweden","SE","60-79","female","weekly",,"project","output/results/europe_corrected_psd_prior_20260830/fitted_model/SE_Y60-79_F.rda","eurostat_weekly","corrected_compact_prediction","available",
"europe__europe__se__60-79__male","europe","europe","SE","Sweden","SE","60-79","male","weekly",,"project","output/results/europe_corrected_psd_prior_20260830/fitted_model/SE_Y60-79_M.rda","eurostat_weekly","corrected_compact_prediction","available",
"europe__europe__se__60-79__total","europe","europe","SE","Sweden","SE","60-79","total","weekly",,"project","output/results/europe_corrected_psd_prior_20260830/fitted_model/SE_Y60-79_T.rda","eurostat_weekly","corrected_compact_prediction","available",
"europe__europe__se__ge80__female","europe","europe","SE","Sweden","SE","GE80","female","weekly",,"project","output/results/europe_corrected_psd_prior_20260830/fitted_model/SE_Y_GE80_F.rda","eurostat_weekly","corrected_compact_prediction","available",
"europe__europe__se__ge80__male","europe","europe","SE","Sweden","SE","GE80","male","weekly",,"project","output/results/europe_corrected_psd_prior_20260830/fitted_model/SE_Y_GE80_M.rda","eurostat_weekly","corrected_compact_prediction","available",
"europe__europe__se__ge80__total","europe","europe","SE","Sweden","SE","GE80","total","weekly",,"project","output/results/europe_corrected_psd_prior_20260830/fitted_model/SE_Y_GE80_T.rda","eurostat_weekly","corrected_compact_prediction","available",
"europe__europe__ch__20-39__female","europe","europe","CH","Switzerland","CH","20-39","female","weekly",,"project","output/results/europe_corrected_psd_prior_20260830/fitted_model/CH_Y20-39_F.rda","eurostat_weekly","corrected_compact_prediction","available",
"europe__europe__ch__20-39__male","europe","europe","CH","Switzerland","CH","20-39","male","weekly",,"project","output/results/europe_corrected_psd_prior_20260830/fitted_model/CH_Y20-39_M.rda","eurostat_weekly","corrected_compact_prediction","available",
"europe__europe__ch__20-39__total","europe","europe","CH","Switzerland","CH","20-39","total","weekly",,"project","output/results/europe_corrected_psd_prior_20260830/fitted_model/CH_Y20-39_T.rda","eurostat_weekly","corrected_compact_prediction","available",
"europe__europe__ch__40-59__female","europe","europe","CH","Switzerland","CH","40-59","female","weekly",,"project","output/results/europe_corrected_psd_prior_20260830/fitted_model/CH_Y40-59_F.rda","eurostat_weekly","corrected_compact_prediction","available",
"europe__europe__ch__40-59__male","europe","europe","CH","Switzerland","CH","40-59","male","weekly",,"project","output/results/europe_corrected_psd_prior_20260830/fitted_model/CH_Y40-59_M.rda","eurostat_weekly","corrected_compact_prediction","available",
"europe__europe__ch__40-59__total","europe","europe","CH","Switzerland","CH","40-59","total","weekly",,"project","output/results/europe_corrected_psd_prior_20260830/fitted_model/CH_Y40-59_T.rda","eurostat_weekly","corrected_compact_prediction","available",
"europe__europe__ch__60-79__female","europe","europe","CH","Switzerland","CH","60-79","female","weekly",,"project","output/results/europe_corrected_psd_prior_20260830/fitted_model/CH_Y60-79_F.rda","eurostat_weekly","corrected_compact_prediction","available",
"europe__europe__ch__60-79__male","europe","europe","CH","Switzerland","CH","60-79","male","weekly",,"project","output/results/europe_corrected_psd_prior_20260830/fitted_model/CH_Y60-79_M.rda","eurostat_weekly","corrected_compact_prediction","available",
"europe__europe__ch__60-79__total","europe","europe","CH","Switzerland","CH","60-79","total","weekly",,"project","output/results/europe_corrected_psd_prior_20260830/fitted_model/CH_Y60-79_T.rda","eurostat_weekly","corrected_compact_prediction","available",
"europe__europe__ch__ge80__female","europe","europe","CH","Switzerland","CH","GE80","female","weekly",,"project","output/results/europe_corrected_psd_prior_20260830/fitted_model/CH_Y_GE80_F.rda","eurostat_weekly","corrected_compact_prediction","available",
"europe__europe__ch__ge80__male","europe","europe","CH","Switzerland","CH","GE80","male","weekly",,"project","output/results/europe_corrected_psd_prior_20260830/fitted_model/CH_Y_GE80_M.rda","eurostat_weekly","corrected_compact_prediction","available",
"europe__europe__ch__ge80__total","europe","europe","CH","Switzerland","CH","GE80","total","weekly",,"project","output/results/europe_corrected_psd_prior_20260830/fitted_model/CH_Y_GE80_T.rda","eurostat_weekly","corrected_compact_prediction","available",
"us__us-non-sex__alabama__20-39__total","us_non_sex","north_america","Alabama","Alabama","AL","20-39","total","monthly","2023-08-31","legacy","North_America/non-stratified/USA/fitted_model/Alabama_age_20-39.rda","cdc_wonder_non_sex","historical_compact_prediction","available",
"us__us-non-sex__alabama__40-59__total","us_non_sex","north_america","Alabama","Alabama","AL","40-59","total","monthly","2023-08-31","legacy","North_America/non-stratified/USA/fitted_model/Alabama_age_40-59.rda","cdc_wonder_non_sex","historical_compact_prediction","available",
"us__us-non-sex__alabama__60-79__total","us_non_sex","north_america","Alabama","Alabama","AL","60-79","total","monthly","2023-08-31","legacy","North_America/non-stratified/USA/fitted_model/Alabama_age_60-79.rda","cdc_wonder_non_sex","historical_compact_prediction","available",
"us__us-non-sex__alabama__ge80__total","us_non_sex","north_america","Alabama","Alabama","AL","GE80","total","monthly","2023-08-31","legacy","North_America/non-stratified/USA/fitted_model/Alabama_age_Over 80.rda","cdc_wonder_non_sex","historical_compact_prediction","available",
"us__us-non-sex__alaska__20-39__total","us_non_sex","north_america","Alaska","Alaska","AK","20-39","total","monthly","2023-08-31","legacy","North_America/non-stratified/USA/fitted_model/Alaska_age_20-39.rda","cdc_wonder_non_sex","historical_compact_prediction","available",
"us__us-non-sex__alaska__40-59__total","us_non_sex","north_america","Alaska","Alaska","AK","40-59","total","monthly","2023-08-31","legacy","North_America/non-stratified/USA/fitted_model/Alaska_age_40-59.rda","cdc_wonder_non_sex","historical_compact_prediction","available",
"us__us-non-sex__alaska__60-79__total","us_non_sex","north_america","Alaska","Alaska","AK","60-79","total","monthly","2023-08-31","legacy","North_America/non-stratified/USA/fitted_model/Alaska_age_60-79.rda","cdc_wonder_non_sex","historical_compact_prediction","available",
"us__us-non-sex__alaska__ge80__total","us_non_sex","north_america","Alaska","Alaska","AK","GE80","total","monthly","2023-08-31","legacy","North_America/non-stratified/USA/fitted_model/Alaska_age_Over 80.rda","cdc_wonder_non_sex","historical_compact_prediction","available",
"us__us-non-sex__arizona__20-39__total","us_non_sex","north_america","Arizona","Arizona","AZ","20-39","total","monthly","2023-08-31","legacy","North_America/non-stratified/USA/fitted_model/Arizona_age_20-39.rda","cdc_wonder_non_sex","historical_compact_prediction","available",
"us__us-non-sex__arizona__40-59__total","us_non_sex","north_america","Arizona","Arizona","AZ","40-59","total","monthly","2023-08-31","legacy","North_America/non-stratified/USA/fitted_model/Arizona_age_40-59.rda","cdc_wonder_non_sex","historical_compact_prediction","available",
"us__us-non-sex__arizona__60-79__total","us_non_sex","north_america","Arizona","Arizona","AZ","60-79","total","monthly","2023-08-31","legacy","North_America/non-stratified/USA/fitted_model/Arizona_age_60-79.rda","cdc_wonder_non_sex","historical_compact_prediction","available",
"us__us-non-sex__arizona__ge80__total","us_non_sex","north_america","Arizona","Arizona","AZ","GE80","total","monthly","2023-08-31","legacy","North_America/non-stratified/USA/fitted_model/Arizona_age_Over 80.rda","cdc_wonder_non_sex","historical_compact_prediction","available",
"us__us-non-sex__arkansas__20-39__total","us_non_sex","north_america","Arkansas","Arkansas","AR","20-39","total","monthly","2023-08-31","legacy","North_America/non-stratified/USA/fitted_model/Arkansas_age_20-39.rda","cdc_wonder_non_sex","historical_compact_prediction","available",
"us__us-non-sex__arkansas__40-59__total","us_non_sex","north_america","Arkansas","Arkansas","AR","40-59","total","monthly","2023-08-31","legacy","North_America/non-stratified/USA/fitted_model/Arkansas_age_40-59.rda","cdc_wonder_non_sex","historical_compact_prediction","available",
"us__us-non-sex__arkansas__60-79__total","us_non_sex","north_america","Arkansas","Arkansas","AR","60-79","total","monthly","2023-08-31","legacy","North_America/non-stratified/USA/fitted_model/Arkansas_age_60-79.rda","cdc_wonder_non_sex","historical_compact_prediction","available",
"us__us-non-sex__arkansas__ge80__total","us_non_sex","north_america","Arkansas","Arkansas","AR","GE80","total","monthly","2023-08-31","legacy","North_America/non-stratified/USA/fitted_model/Arkansas_age_Over 80.rda","cdc_wonder_non_sex","historical_compact_prediction","available",
"us__us-non-sex__california__20-39__total","us_non_sex","north_america","California","California","CA","20-39","total","monthly","2023-08-31","legacy","North_America/non-stratified/USA/fitted_model/California_age_20-39.rda","cdc_wonder_non_sex","historical_compact_prediction","available",
"us__us-non-sex__california__40-59__total","us_non_sex","north_america","California","California","CA","40-59","total","monthly","2023-08-31","legacy","North_America/non-stratified/USA/fitted_model/California_age_40-59.rda","cdc_wonder_non_sex","historical_compact_prediction","available",
"us__us-non-sex__california__60-79__total","us_non_sex","north_america","California","California","CA","60-79","total","monthly","2023-08-31","legacy","North_America/non-stratified/USA/fitted_model/California_age_60-79.rda","cdc_wonder_non_sex","historical_compact_prediction","available",
"us__us-non-sex__california__ge80__total","us_non_sex","north_america","California","California","CA","GE80","total","monthly","2023-08-31","legacy","North_America/non-stratified/USA/fitted_model/California_age_Over 80.rda","cdc_wonder_non_sex","historical_compact_prediction","available",
"us__us-non-sex__colorado__20-39__total","us_non_sex","north_america","Colorado","Colorado","CO","20-39","total","monthly","2023-08-31","legacy","North_America/non-stratified/USA/fitted_model/Colorado_age_20-39.rda","cdc_wonder_non_sex","historical_compact_prediction","available",
"us__us-non-sex__colorado__40-59__total","us_non_sex","north_america","Colorado","Colorado","CO","40-59","total","monthly","2023-08-31","legacy","North_America/non-stratified/USA/fitted_model/Colorado_age_40-59.rda","cdc_wonder_non_sex","historical_compact_prediction","available",
"us__us-non-sex__colorado__60-79__total","us_non_sex","north_america","Colorado","Colorado","CO","60-79","total","monthly","2023-08-31","legacy","North_America/non-stratified/USA/fitted_model/Colorado_age_60-79.rda","cdc_wonder_non_sex","historical_compact_prediction","available",
"us__us-non-sex__colorado__ge80__total","us_non_sex","north_america","Colorado","Colorado","CO","GE80","total","monthly","2023-08-31","legacy","North_America/non-stratified/USA/fitted_model/Colorado_age_Over 80.rda","cdc_wonder_non_sex","historical_compact_prediction","available",
"us__us-non-sex__connecticut__20-39__total","us_non_sex","north_america","Connecticut","Connecticut","CT","20-39","total","monthly","2023-08-31","legacy","North_America/non-stratified/USA/fitted_model/Connecticut_age_20-39.rda","cdc_wonder_non_sex","historical_compact_prediction","available",
"us__us-non-sex__connecticut__40-59__total","us_non_sex","north_america","Connecticut","Connecticut","CT","40-59","total","monthly","2023-08-31","legacy","North_America/non-stratified/USA/fitted_model/Connecticut_age_40-59.rda","cdc_wonder_non_sex","historical_compact_prediction","available",
"us__us-non-sex__connecticut__60-79__total","us_non_sex","north_america","Connecticut","Connecticut","CT","60-79","total","monthly","2023-08-31","legacy","North_America/non-stratified/USA/fitted_model/Connecticut_age_60-79.rda","cdc_wonder_non_sex","historical_compact_prediction","available",
"us__us-non-sex__connecticut__ge80__total","us_non_sex","north_america","Connecticut","Connecticut","CT","GE80","total","monthly","2023-08-31","legacy","North_America/non-stratified/USA/fitted_model/Connecticut_age_Over 80.rda","cdc_wonder_non_sex","historical_compact_prediction","available",
"us__us-non-sex__delaware__20-39__total","us_non_sex","north_america","Delaware","Delaware","DE","20-39","total","monthly","2023-08-31","legacy","North_America/non-stratified/USA/fitted_model/Delaware_age_20-39.rda","cdc_wonder_non_sex","historical_compact_prediction","available",
"us__us-non-sex__delaware__40-59__total","us_non_sex","north_america","Delaware","Delaware","DE","40-59","total","monthly","2023-08-31","legacy","North_America/non-stratified/USA/fitted_model/Delaware_age_40-59.rda","cdc_wonder_non_sex","historical_compact_prediction","available",
"us__us-non-sex__delaware__60-79__total","us_non_sex","north_america","Delaware","Delaware","DE","60-79","total","monthly","2023-08-31","legacy","North_America/non-stratified/USA/fitted_model/Delaware_age_60-79.rda","cdc_wonder_non_sex","historical_compact_prediction","available",
"us__us-non-sex__delaware__ge80__total","us_non_sex","north_america","Delaware","Delaware","DE","GE80","total","monthly","2023-08-31","legacy","North_America/non-stratified/USA/fitted_model/Delaware_age_Over 80.rda","cdc_wonder_non_sex","historical_compact_prediction","available",
"us__us-non-sex__district-of-columbia__20-39__total","us_non_sex","north_america","District of Columbia","District of Columbia","DC","20-39","total","monthly","2023-08-31","legacy","North_America/non-stratified/USA/fitted_model/District of Columbia_age_20-39.rda","cdc_wonder_non_sex","historical_compact_prediction","available",
"us__us-non-sex__district-of-columbia__40-59__total","us_non_sex","north_america","District of Columbia","District of Columbia","DC","40-59","total","monthly","2023-08-31","legacy","North_America/non-stratified/USA/fitted_model/District of Columbia_age_40-59.rda","cdc_wonder_non_sex","historical_compact_prediction","available",
"us__us-non-sex__district-of-columbia__60-79__total","us_non_sex","north_america","District of Columbia","District of Columbia","DC","60-79","total","monthly","2023-08-31","legacy","North_America/non-stratified/USA/fitted_model/District of Columbia_age_60-79.rda","cdc_wonder_non_sex","historical_compact_prediction","available",
"us__us-non-sex__district-of-columbia__ge80__total","us_non_sex","north_america","District of Columbia","District of Columbia","DC","GE80","total","monthly","2023-08-31","legacy","North_America/non-stratified/USA/fitted_model/District of Columbia_age_Over 80.rda","cdc_wonder_non_sex","historical_compact_prediction","available",
"us__us-non-sex__florida__20-39__total","us_non_sex","north_america","Florida","Florida","FL","20-39","total","monthly","2023-08-31","legacy","North_America/non-stratified/USA/fitted_model/Florida_age_20-39.rda","cdc_wonder_non_sex","historical_compact_prediction","available",
"us__us-non-sex__florida__40-59__total","us_non_sex","north_america","Florida","Florida","FL","40-59","total","monthly","2023-08-31","legacy","North_America/non-stratified/USA/fitted_model/Florida_age_40-59.rda","cdc_wonder_non_sex","historical_compact_prediction","available",
"us__us-non-sex__florida__60-79__total","us_non_sex","north_america","Florida","Florida","FL","60-79","total","monthly","2023-08-31","legacy","North_America/non-stratified/USA/fitted_model/Florida_age_60-79.rda","cdc_wonder_non_sex","historical_compact_prediction","available",
"us__us-non-sex__florida__ge80__total","us_non_sex","north_america","Florida","Florida","FL","GE80","total","monthly","2023-08-31","legacy","North_America/non-stratified/USA/fitted_model/Florida_age_Over 80.rda","cdc_wonder_non_sex","historical_compact_prediction","available",
"us__us-non-sex__georgia__20-39__total","us_non_sex","north_america","Georgia","Georgia","GA","20-39","total","monthly","2023-08-31","legacy","North_America/non-stratified/USA/fitted_model/Georgia_age_20-39.rda","cdc_wonder_non_sex","historical_compact_prediction","available",
"us__us-non-sex__georgia__40-59__total","us_non_sex","north_america","Georgia","Georgia","GA","40-59","total","monthly","2023-08-31","legacy","North_America/non-stratified/USA/fitted_model/Georgia_age_40-59.rda","cdc_wonder_non_sex","historical_compact_prediction","available",
"us__us-non-sex__georgia__60-79__total","us_non_sex","north_america","Georgia","Georgia","GA","60-79","total","monthly","2023-08-31","legacy","North_America/non-stratified/USA/fitted_model/Georgia_age_60-79.rda","cdc_wonder_non_sex","historical_compact_prediction","available",
"us__us-non-sex__georgia__ge80__total","us_non_sex","north_america","Georgia","Georgia","GA","GE80","total","monthly","2023-08-31","legacy","North_America/non-stratified/USA/fitted_model/Georgia_age_Over 80.rda","cdc_wonder_non_sex","historical_compact_prediction","available",
"us__us-non-sex__hawaii__20-39__total","us_non_sex","north_america","Hawaii","Hawaii","HI","20-39","total","monthly","2023-08-31","legacy","North_America/non-stratified/USA/fitted_model/Hawaii_age_20-39.rda","cdc_wonder_non_sex","historical_compact_prediction","available",
"us__us-non-sex__hawaii__40-59__total","us_non_sex","north_america","Hawaii","Hawaii","HI","40-59","total","monthly","2023-08-31","legacy","North_America/non-stratified/USA/fitted_model/Hawaii_age_40-59.rda","cdc_wonder_non_sex","historical_compact_prediction","available",
"us__us-non-sex__hawaii__60-79__total","us_non_sex","north_america","Hawaii","Hawaii","HI","60-79","total","monthly","2023-08-31","legacy","North_America/non-stratified/USA/fitted_model/Hawaii_age_60-79.rda","cdc_wonder_non_sex","historical_compact_prediction","available",
"us__us-non-sex__hawaii__ge80__total","us_non_sex","north_america","Hawaii","Hawaii","HI","GE80","total","monthly","2023-08-31","legacy","North_America/non-stratified/USA/fitted_model/Hawaii_age_Over 80.rda","cdc_wonder_non_sex","historical_compact_prediction","available",
"us__us-non-sex__idaho__20-39__total","us_non_sex","north_america","Idaho","Idaho","ID","20-39","total","monthly","2023-08-31","legacy","North_America/non-stratified/USA/fitted_model/Idaho_age_20-39.rda","cdc_wonder_non_sex","historical_compact_prediction","available",
"us__us-non-sex__idaho__40-59__total","us_non_sex","north_america","Idaho","Idaho","ID","40-59","total","monthly","2023-08-31","legacy","North_America/non-stratified/USA/fitted_model/Idaho_age_40-59.rda","cdc_wonder_non_sex","historical_compact_prediction","available",
"us__us-non-sex__idaho__60-79__total","us_non_sex","north_america","Idaho","Idaho","ID","60-79","total","monthly","2023-08-31","legacy","North_America/non-stratified/USA/fitted_model/Idaho_age_60-79.rda","cdc_wonder_non_sex","historical_compact_prediction","available",
"us__us-non-sex__idaho__ge80__total","us_non_sex","north_america","Idaho","Idaho","ID","GE80","total","monthly","2023-08-31","legacy","North_America/non-stratified/USA/fitted_model/Idaho_age_Over 80.rda","cdc_wonder_non_sex","historical_compact_prediction","available",
"us__us-non-sex__illinois__20-39__total","us_non_sex","north_america","Illinois","Illinois","IL","20-39","total","monthly","2023-08-31","legacy","North_America/non-stratified/USA/fitted_model/Illinois_age_20-39.rda","cdc_wonder_non_sex","historical_compact_prediction","available",
"us__us-non-sex__illinois__40-59__total","us_non_sex","north_america","Illinois","Illinois","IL","40-59","total","monthly","2023-08-31","legacy","North_America/non-stratified/USA/fitted_model/Illinois_age_40-59.rda","cdc_wonder_non_sex","historical_compact_prediction","available",
"us__us-non-sex__illinois__60-79__total","us_non_sex","north_america","Illinois","Illinois","IL","60-79","total","monthly","2023-08-31","legacy","North_America/non-stratified/USA/fitted_model/Illinois_age_60-79.rda","cdc_wonder_non_sex","historical_compact_prediction","available",
"us__us-non-sex__illinois__ge80__total","us_non_sex","north_america","Illinois","Illinois","IL","GE80","total","monthly","2023-08-31","legacy","North_America/non-stratified/USA/fitted_model/Illinois_age_Over 80.rda","cdc_wonder_non_sex","historical_compact_prediction","available",
"us__us-non-sex__indiana__20-39__total","us_non_sex","north_america","Indiana","Indiana","IN","20-39","total","monthly","2023-08-31","legacy","North_America/non-stratified/USA/fitted_model/Indiana_age_20-39.rda","cdc_wonder_non_sex","historical_compact_prediction","available",
"us__us-non-sex__indiana__40-59__total","us_non_sex","north_america","Indiana","Indiana","IN","40-59","total","monthly","2023-08-31","legacy","North_America/non-stratified/USA/fitted_model/Indiana_age_40-59.rda","cdc_wonder_non_sex","historical_compact_prediction","available",
"us__us-non-sex__indiana__60-79__total","us_non_sex","north_america","Indiana","Indiana","IN","60-79","total","monthly","2023-08-31","legacy","North_America/non-stratified/USA/fitted_model/Indiana_age_60-79.rda","cdc_wonder_non_sex","historical_compact_prediction","available",
"us__us-non-sex__indiana__ge80__total","us_non_sex","north_america","Indiana","Indiana","IN","GE80","total","monthly","2023-08-31","legacy","North_America/non-stratified/USA/fitted_model/Indiana_age_Over 80.rda","cdc_wonder_non_sex","historical_compact_prediction","available",
"us__us-non-sex__iowa__20-39__total","us_non_sex","north_america","Iowa","Iowa","IA","20-39","total","monthly","2023-08-31","legacy","North_America/non-stratified/USA/fitted_model/Iowa_age_20-39.rda","cdc_wonder_non_sex","historical_compact_prediction","available",
"us__us-non-sex__iowa__40-59__total","us_non_sex","north_america","Iowa","Iowa","IA","40-59","total","monthly","2023-08-31","legacy","North_America/non-stratified/USA/fitted_model/Iowa_age_40-59.rda","cdc_wonder_non_sex","historical_compact_prediction","available",
"us__us-non-sex__iowa__60-79__total","us_non_sex","north_america","Iowa","Iowa","IA","60-79","total","monthly","2023-08-31","legacy","North_America/non-stratified/USA/fitted_model/Iowa_age_60-79.rda","cdc_wonder_non_sex","historical_compact_prediction","available",
"us__us-non-sex__iowa__ge80__total","us_non_sex","north_america","Iowa","Iowa","IA","GE80","total","monthly","2023-08-31","legacy","North_America/non-stratified/USA/fitted_model/Iowa_age_Over 80.rda","cdc_wonder_non_sex","historical_compact_prediction","available",
"us__us-non-sex__kansas__20-39__total","us_non_sex","north_america","Kansas","Kansas","KS","20-39","total","monthly","2023-08-31","legacy","North_America/non-stratified/USA/fitted_model/Kansas_age_20-39.rda","cdc_wonder_non_sex","historical_compact_prediction","available",
"us__us-non-sex__kansas__40-59__total","us_non_sex","north_america","Kansas","Kansas","KS","40-59","total","monthly","2023-08-31","legacy","North_America/non-stratified/USA/fitted_model/Kansas_age_40-59.rda","cdc_wonder_non_sex","historical_compact_prediction","available",
"us__us-non-sex__kansas__60-79__total","us_non_sex","north_america","Kansas","Kansas","KS","60-79","total","monthly","2023-08-31","legacy","North_America/non-stratified/USA/fitted_model/Kansas_age_60-79.rda","cdc_wonder_non_sex","historical_compact_prediction","available",
"us__us-non-sex__kansas__ge80__total","us_non_sex","north_america","Kansas","Kansas","KS","GE80","total","monthly","2023-08-31","legacy","North_America/non-stratified/USA/fitted_model/Kansas_age_Over 80.rda","cdc_wonder_non_sex","historical_compact_prediction","available",
"us__us-non-sex__kentucky__20-39__total","us_non_sex","north_america","Kentucky","Kentucky","KY","20-39","total","monthly","2023-08-31","legacy","North_America/non-stratified/USA/fitted_model/Kentucky_age_20-39.rda","cdc_wonder_non_sex","historical_compact_prediction","available",
"us__us-non-sex__kentucky__40-59__total","us_non_sex","north_america","Kentucky","Kentucky","KY","40-59","total","monthly","2023-08-31","legacy","North_America/non-stratified/USA/fitted_model/Kentucky_age_40-59.rda","cdc_wonder_non_sex","historical_compact_prediction","available",
"us__us-non-sex__kentucky__60-79__total","us_non_sex","north_america","Kentucky","Kentucky","KY","60-79","total","monthly","2023-08-31","legacy","North_America/non-stratified/USA/fitted_model/Kentucky_age_60-79.rda","cdc_wonder_non_sex","historical_compact_prediction","available",
"us__us-non-sex__kentucky__ge80__total","us_non_sex","north_america","Kentucky","Kentucky","KY","GE80","total","monthly","2023-08-31","legacy","North_America/non-stratified/USA/fitted_model/Kentucky_age_Over 80.rda","cdc_wonder_non_sex","historical_compact_prediction","available",
"us__us-non-sex__louisiana__20-39__total","us_non_sex","north_america","Louisiana","Louisiana","LA","20-39","total","monthly","2023-08-31","legacy","North_America/non-stratified/USA/fitted_model/Louisiana_age_20-39.rda","cdc_wonder_non_sex","historical_compact_prediction","available",
"us__us-non-sex__louisiana__40-59__total","us_non_sex","north_america","Louisiana","Louisiana","LA","40-59","total","monthly","2023-08-31","legacy","North_America/non-stratified/USA/fitted_model/Louisiana_age_40-59.rda","cdc_wonder_non_sex","historical_compact_prediction","available",
"us__us-non-sex__louisiana__60-79__total","us_non_sex","north_america","Louisiana","Louisiana","LA","60-79","total","monthly","2023-08-31","legacy","North_America/non-stratified/USA/fitted_model/Louisiana_age_60-79.rda","cdc_wonder_non_sex","historical_compact_prediction","available",
"us__us-non-sex__louisiana__ge80__total","us_non_sex","north_america","Louisiana","Louisiana","LA","GE80","total","monthly","2023-08-31","legacy","North_America/non-stratified/USA/fitted_model/Louisiana_age_Over 80.rda","cdc_wonder_non_sex","historical_compact_prediction","available",
"us__us-non-sex__maine__20-39__total","us_non_sex","north_america","Maine","Maine","ME","20-39","total","monthly","2023-08-31","legacy","North_America/non-stratified/USA/fitted_model/Maine_age_20-39.rda","cdc_wonder_non_sex","historical_compact_prediction","available",
"us__us-non-sex__maine__40-59__total","us_non_sex","north_america","Maine","Maine","ME","40-59","total","monthly","2023-08-31","legacy","North_America/non-stratified/USA/fitted_model/Maine_age_40-59.rda","cdc_wonder_non_sex","historical_compact_prediction","available",
"us__us-non-sex__maine__60-79__total","us_non_sex","north_america","Maine","Maine","ME","60-79","total","monthly","2023-08-31","legacy","North_America/non-stratified/USA/fitted_model/Maine_age_60-79.rda","cdc_wonder_non_sex","historical_compact_prediction","available",
"us__us-non-sex__maine__ge80__total","us_non_sex","north_america","Maine","Maine","ME","GE80","total","monthly","2023-08-31","legacy","North_America/non-stratified/USA/fitted_model/Maine_age_Over 80.rda","cdc_wonder_non_sex","historical_compact_prediction","available",
"us__us-non-sex__maryland__20-39__total","us_non_sex","north_america","Maryland","Maryland","MD","20-39","total","monthly","2023-08-31","legacy","North_America/non-stratified/USA/fitted_model/Maryland_age_20-39.rda","cdc_wonder_non_sex","historical_compact_prediction","available",
"us__us-non-sex__maryland__40-59__total","us_non_sex","north_america","Maryland","Maryland","MD","40-59","total","monthly","2023-08-31","legacy","North_America/non-stratified/USA/fitted_model/Maryland_age_40-59.rda","cdc_wonder_non_sex","historical_compact_prediction","available",
"us__us-non-sex__maryland__60-79__total","us_non_sex","north_america","Maryland","Maryland","MD","60-79","total","monthly","2023-08-31","legacy","North_America/non-stratified/USA/fitted_model/Maryland_age_60-79.rda","cdc_wonder_non_sex","historical_compact_prediction","available",
"us__us-non-sex__maryland__ge80__total","us_non_sex","north_america","Maryland","Maryland","MD","GE80","total","monthly","2023-08-31","legacy","North_America/non-stratified/USA/fitted_model/Maryland_age_Over 80.rda","cdc_wonder_non_sex","historical_compact_prediction","available",
"us__us-non-sex__massachusetts__20-39__total","us_non_sex","north_america","Massachusetts","Massachusetts","MA","20-39","total","monthly","2023-08-31","legacy","North_America/non-stratified/USA/fitted_model/Massachusetts_age_20-39.rda","cdc_wonder_non_sex","historical_compact_prediction","available",
"us__us-non-sex__massachusetts__40-59__total","us_non_sex","north_america","Massachusetts","Massachusetts","MA","40-59","total","monthly","2023-08-31","legacy","North_America/non-stratified/USA/fitted_model/Massachusetts_age_40-59.rda","cdc_wonder_non_sex","historical_compact_prediction","available",
"us__us-non-sex__massachusetts__60-79__total","us_non_sex","north_america","Massachusetts","Massachusetts","MA","60-79","total","monthly","2023-08-31","legacy","North_America/non-stratified/USA/fitted_model/Massachusetts_age_60-79.rda","cdc_wonder_non_sex","historical_compact_prediction","available",
"us__us-non-sex__massachusetts__ge80__total","us_non_sex","north_america","Massachusetts","Massachusetts","MA","GE80","total","monthly","2023-08-31","legacy","North_America/non-stratified/USA/fitted_model/Massachusetts_age_Over 80.rda","cdc_wonder_non_sex","historical_compact_prediction","available",
"us__us-non-sex__michigan__20-39__total","us_non_sex","north_america","Michigan","Michigan","MI","20-39","total","monthly","2023-08-31","legacy","North_America/non-stratified/USA/fitted_model/Michigan_age_20-39.rda","cdc_wonder_non_sex","historical_compact_prediction","available",
"us__us-non-sex__michigan__40-59__total","us_non_sex","north_america","Michigan","Michigan","MI","40-59","total","monthly","2023-08-31","legacy","North_America/non-stratified/USA/fitted_model/Michigan_age_40-59.rda","cdc_wonder_non_sex","historical_compact_prediction","available",
"us__us-non-sex__michigan__60-79__total","us_non_sex","north_america","Michigan","Michigan","MI","60-79","total","monthly","2023-08-31","legacy","North_America/non-stratified/USA/fitted_model/Michigan_age_60-79.rda","cdc_wonder_non_sex","historical_compact_prediction","available",
"us__us-non-sex__michigan__ge80__total","us_non_sex","north_america","Michigan","Michigan","MI","GE80","total","monthly","2023-08-31","legacy","North_America/non-stratified/USA/fitted_model/Michigan_age_Over 80.rda","cdc_wonder_non_sex","historical_compact_prediction","available",
"us__us-non-sex__minnesota__20-39__total","us_non_sex","north_america","Minnesota","Minnesota","MN","20-39","total","monthly","2023-08-31","legacy","North_America/non-stratified/USA/fitted_model/Minnesota_age_20-39.rda","cdc_wonder_non_sex","historical_compact_prediction","available",
"us__us-non-sex__minnesota__40-59__total","us_non_sex","north_america","Minnesota","Minnesota","MN","40-59","total","monthly","2023-08-31","legacy","North_America/non-stratified/USA/fitted_model/Minnesota_age_40-59.rda","cdc_wonder_non_sex","historical_compact_prediction","available",
"us__us-non-sex__minnesota__60-79__total","us_non_sex","north_america","Minnesota","Minnesota","MN","60-79","total","monthly","2023-08-31","legacy","North_America/non-stratified/USA/fitted_model/Minnesota_age_60-79.rda","cdc_wonder_non_sex","historical_compact_prediction","available",
"us__us-non-sex__minnesota__ge80__total","us_non_sex","north_america","Minnesota","Minnesota","MN","GE80","total","monthly","2023-08-31","legacy","North_America/non-stratified/USA/fitted_model/Minnesota_age_Over 80.rda","cdc_wonder_non_sex","historical_compact_prediction","available",
"us__us-non-sex__mississippi__20-39__total","us_non_sex","north_america","Mississippi","Mississippi","MS","20-39","total","monthly","2023-08-31","legacy","North_America/non-stratified/USA/fitted_model/Mississippi_age_20-39.rda","cdc_wonder_non_sex","historical_compact_prediction","available",
"us__us-non-sex__mississippi__40-59__total","us_non_sex","north_america","Mississippi","Mississippi","MS","40-59","total","monthly","2023-08-31","legacy","North_America/non-stratified/USA/fitted_model/Mississippi_age_40-59.rda","cdc_wonder_non_sex","historical_compact_prediction","available",
"us__us-non-sex__mississippi__60-79__total","us_non_sex","north_america","Mississippi","Mississippi","MS","60-79","total","monthly","2023-08-31","legacy","North_America/non-stratified/USA/fitted_model/Mississippi_age_60-79.rda","cdc_wonder_non_sex","historical_compact_prediction","available",
"us__us-non-sex__mississippi__ge80__total","us_non_sex","north_america","Mississippi","Mississippi","MS","GE80","total","monthly","2023-08-31","legacy","North_America/non-stratified/USA/fitted_model/Mississippi_age_Over 80.rda","cdc_wonder_non_sex","historical_compact_prediction","available",
"us__us-non-sex__missouri__20-39__total","us_non_sex","north_america","Missouri","Missouri","MO","20-39","total","monthly","2023-08-31","legacy","North_America/non-stratified/USA/fitted_model/Missouri_age_20-39.rda","cdc_wonder_non_sex","historical_compact_prediction","available",
"us__us-non-sex__missouri__40-59__total","us_non_sex","north_america","Missouri","Missouri","MO","40-59","total","monthly","2023-08-31","legacy","North_America/non-stratified/USA/fitted_model/Missouri_age_40-59.rda","cdc_wonder_non_sex","historical_compact_prediction","available",
"us__us-non-sex__missouri__60-79__total","us_non_sex","north_america","Missouri","Missouri","MO","60-79","total","monthly","2023-08-31","legacy","North_America/non-stratified/USA/fitted_model/Missouri_age_60-79.rda","cdc_wonder_non_sex","historical_compact_prediction","available",
"us__us-non-sex__missouri__ge80__total","us_non_sex","north_america","Missouri","Missouri","MO","GE80","total","monthly","2023-08-31","legacy","North_America/non-stratified/USA/fitted_model/Missouri_age_Over 80.rda","cdc_wonder_non_sex","historical_compact_prediction","available",
"us__us-non-sex__montana__20-39__total","us_non_sex","north_america","Montana","Montana","MT","20-39","total","monthly","2023-08-31","legacy","North_America/non-stratified/USA/fitted_model/Montana_age_20-39.rda","cdc_wonder_non_sex","historical_compact_prediction","available",
"us__us-non-sex__montana__40-59__total","us_non_sex","north_america","Montana","Montana","MT","40-59","total","monthly","2023-08-31","legacy","North_America/non-stratified/USA/fitted_model/Montana_age_40-59.rda","cdc_wonder_non_sex","historical_compact_prediction","available",
"us__us-non-sex__montana__60-79__total","us_non_sex","north_america","Montana","Montana","MT","60-79","total","monthly","2023-08-31","legacy","North_America/non-stratified/USA/fitted_model/Montana_age_60-79.rda","cdc_wonder_non_sex","historical_compact_prediction","available",
"us__us-non-sex__montana__ge80__total","us_non_sex","north_america","Montana","Montana","MT","GE80","total","monthly","2023-08-31","legacy","North_America/non-stratified/USA/fitted_model/Montana_age_Over 80.rda","cdc_wonder_non_sex","historical_compact_prediction","available",
"us__us-non-sex__nebraska__20-39__total","us_non_sex","north_america","Nebraska","Nebraska","NE","20-39","total","monthly","2023-08-31","legacy","North_America/non-stratified/USA/fitted_model/Nebraska_age_20-39.rda","cdc_wonder_non_sex","historical_compact_prediction","available",
"us__us-non-sex__nebraska__40-59__total","us_non_sex","north_america","Nebraska","Nebraska","NE","40-59","total","monthly","2023-08-31","legacy","North_America/non-stratified/USA/fitted_model/Nebraska_age_40-59.rda","cdc_wonder_non_sex","historical_compact_prediction","available",
"us__us-non-sex__nebraska__60-79__total","us_non_sex","north_america","Nebraska","Nebraska","NE","60-79","total","monthly","2023-08-31","legacy","North_America/non-stratified/USA/fitted_model/Nebraska_age_60-79.rda","cdc_wonder_non_sex","historical_compact_prediction","available",
"us__us-non-sex__nebraska__ge80__total","us_non_sex","north_america","Nebraska","Nebraska","NE","GE80","total","monthly","2023-08-31","legacy","North_America/non-stratified/USA/fitted_model/Nebraska_age_Over 80.rda","cdc_wonder_non_sex","historical_compact_prediction","available",
"us__us-non-sex__nevada__20-39__total","us_non_sex","north_america","Nevada","Nevada","NV","20-39","total","monthly","2023-08-31","legacy","North_America/non-stratified/USA/fitted_model/Nevada_age_20-39.rda","cdc_wonder_non_sex","historical_compact_prediction","available",
"us__us-non-sex__nevada__40-59__total","us_non_sex","north_america","Nevada","Nevada","NV","40-59","total","monthly","2023-08-31","legacy","North_America/non-stratified/USA/fitted_model/Nevada_age_40-59.rda","cdc_wonder_non_sex","historical_compact_prediction","available",
"us__us-non-sex__nevada__60-79__total","us_non_sex","north_america","Nevada","Nevada","NV","60-79","total","monthly","2023-08-31","legacy","North_America/non-stratified/USA/fitted_model/Nevada_age_60-79.rda","cdc_wonder_non_sex","historical_compact_prediction","available",
"us__us-non-sex__nevada__ge80__total","us_non_sex","north_america","Nevada","Nevada","NV","GE80","total","monthly","2023-08-31","legacy","North_America/non-stratified/USA/fitted_model/Nevada_age_Over 80.rda","cdc_wonder_non_sex","historical_compact_prediction","available",
"us__us-non-sex__new-hampshire__20-39__total","us_non_sex","north_america","New Hampshire","New Hampshire","NH","20-39","total","monthly","2023-08-31","legacy","North_America/non-stratified/USA/fitted_model/New Hampshire_age_20-39.rda","cdc_wonder_non_sex","historical_compact_prediction","available",
"us__us-non-sex__new-hampshire__40-59__total","us_non_sex","north_america","New Hampshire","New Hampshire","NH","40-59","total","monthly","2023-08-31","legacy","North_America/non-stratified/USA/fitted_model/New Hampshire_age_40-59.rda","cdc_wonder_non_sex","historical_compact_prediction","available",
"us__us-non-sex__new-hampshire__60-79__total","us_non_sex","north_america","New Hampshire","New Hampshire","NH","60-79","total","monthly","2023-08-31","legacy","North_America/non-stratified/USA/fitted_model/New Hampshire_age_60-79.rda","cdc_wonder_non_sex","historical_compact_prediction","available",
"us__us-non-sex__new-hampshire__ge80__total","us_non_sex","north_america","New Hampshire","New Hampshire","NH","GE80","total","monthly","2023-08-31","legacy","North_America/non-stratified/USA/fitted_model/New Hampshire_age_Over 80.rda","cdc_wonder_non_sex","historical_compact_prediction","available",
"us__us-non-sex__new-jersey__20-39__total","us_non_sex","north_america","New Jersey","New Jersey","NJ","20-39","total","monthly","2023-08-31","legacy","North_America/non-stratified/USA/fitted_model/New Jersey_age_20-39.rda","cdc_wonder_non_sex","historical_compact_prediction","available",
"us__us-non-sex__new-jersey__40-59__total","us_non_sex","north_america","New Jersey","New Jersey","NJ","40-59","total","monthly","2023-08-31","legacy","North_America/non-stratified/USA/fitted_model/New Jersey_age_40-59.rda","cdc_wonder_non_sex","historical_compact_prediction","available",
"us__us-non-sex__new-jersey__60-79__total","us_non_sex","north_america","New Jersey","New Jersey","NJ","60-79","total","monthly","2023-08-31","legacy","North_America/non-stratified/USA/fitted_model/New Jersey_age_60-79.rda","cdc_wonder_non_sex","historical_compact_prediction","available",
"us__us-non-sex__new-jersey__ge80__total","us_non_sex","north_america","New Jersey","New Jersey","NJ","GE80","total","monthly","2023-08-31","legacy","North_America/non-stratified/USA/fitted_model/New Jersey_age_Over 80.rda","cdc_wonder_non_sex","historical_compact_prediction","available",
"us__us-non-sex__new-mexico__20-39__total","us_non_sex","north_america","New Mexico","New Mexico","NM","20-39","total","monthly","2023-08-31","legacy","North_America/non-stratified/USA/fitted_model/New Mexico_age_20-39.rda","cdc_wonder_non_sex","historical_compact_prediction","available",
"us__us-non-sex__new-mexico__40-59__total","us_non_sex","north_america","New Mexico","New Mexico","NM","40-59","total","monthly","2023-08-31","legacy","North_America/non-stratified/USA/fitted_model/New Mexico_age_40-59.rda","cdc_wonder_non_sex","historical_compact_prediction","available",
"us__us-non-sex__new-mexico__60-79__total","us_non_sex","north_america","New Mexico","New Mexico","NM","60-79","total","monthly","2023-08-31","legacy","North_America/non-stratified/USA/fitted_model/New Mexico_age_60-79.rda","cdc_wonder_non_sex","historical_compact_prediction","available",
"us__us-non-sex__new-mexico__ge80__total","us_non_sex","north_america","New Mexico","New Mexico","NM","GE80","total","monthly","2023-08-31","legacy","North_America/non-stratified/USA/fitted_model/New Mexico_age_Over 80.rda","cdc_wonder_non_sex","historical_compact_prediction","available",
"us__us-non-sex__new-york__20-39__total","us_non_sex","north_america","New York","New York","NY","20-39","total","monthly","2023-08-31","legacy","North_America/non-stratified/USA/fitted_model/New York_age_20-39.rda","cdc_wonder_non_sex","historical_compact_prediction","available",
"us__us-non-sex__new-york__40-59__total","us_non_sex","north_america","New York","New York","NY","40-59","total","monthly","2023-08-31","legacy","North_America/non-stratified/USA/fitted_model/New York_age_40-59.rda","cdc_wonder_non_sex","historical_compact_prediction","available",
"us__us-non-sex__new-york__60-79__total","us_non_sex","north_america","New York","New York","NY","60-79","total","monthly","2023-08-31","legacy","North_America/non-stratified/USA/fitted_model/New York_age_60-79.rda","cdc_wonder_non_sex","historical_compact_prediction","available",
"us__us-non-sex__new-york__ge80__total","us_non_sex","north_america","New York","New York","NY","GE80","total","monthly","2023-08-31","legacy","North_America/non-stratified/USA/fitted_model/New York_age_Over 80.rda","cdc_wonder_non_sex","historical_compact_prediction","available",
"us__us-non-sex__north-carolina__20-39__total","us_non_sex","north_america","North Carolina","North Carolina","NC","20-39","total","monthly","2023-08-31","legacy","North_America/non-stratified/USA/fitted_model/North Carolina_age_20-39.rda","cdc_wonder_non_sex","historical_compact_prediction","available",
"us__us-non-sex__north-carolina__40-59__total","us_non_sex","north_america","North Carolina","North Carolina","NC","40-59","total","monthly","2023-08-31","legacy","North_America/non-stratified/USA/fitted_model/North Carolina_age_40-59.rda","cdc_wonder_non_sex","historical_compact_prediction","available",
"us__us-non-sex__north-carolina__60-79__total","us_non_sex","north_america","North Carolina","North Carolina","NC","60-79","total","monthly","2023-08-31","legacy","North_America/non-stratified/USA/fitted_model/North Carolina_age_60-79.rda","cdc_wonder_non_sex","historical_compact_prediction","available",
"us__us-non-sex__north-carolina__ge80__total","us_non_sex","north_america","North Carolina","North Carolina","NC","GE80","total","monthly","2023-08-31","legacy","North_America/non-stratified/USA/fitted_model/North Carolina_age_Over 80.rda","cdc_wonder_non_sex","historical_compact_prediction","available",
"us__us-non-sex__north-dakota__20-39__total","us_non_sex","north_america","North Dakota","North Dakota","ND","20-39","total","monthly","2023-08-31","legacy","North_America/non-stratified/USA/fitted_model/North Dakota_age_20-39.rda","cdc_wonder_non_sex","historical_compact_prediction","available",
"us__us-non-sex__north-dakota__40-59__total","us_non_sex","north_america","North Dakota","North Dakota","ND","40-59","total","monthly","2023-08-31","legacy","North_America/non-stratified/USA/fitted_model/North Dakota_age_40-59.rda","cdc_wonder_non_sex","historical_compact_prediction","available",
"us__us-non-sex__north-dakota__60-79__total","us_non_sex","north_america","North Dakota","North Dakota","ND","60-79","total","monthly","2023-08-31","legacy","North_America/non-stratified/USA/fitted_model/North Dakota_age_60-79.rda","cdc_wonder_non_sex","historical_compact_prediction","available",
"us__us-non-sex__north-dakota__ge80__total","us_non_sex","north_america","North Dakota","North Dakota","ND","GE80","total","monthly","2023-08-31","legacy","North_America/non-stratified/USA/fitted_model/North Dakota_age_Over 80.rda","cdc_wonder_non_sex","historical_compact_prediction","available",
"us__us-non-sex__ohio__20-39__total","us_non_sex","north_america","Ohio","Ohio","OH","20-39","total","monthly","2023-08-31","legacy","North_America/non-stratified/USA/fitted_model/Ohio_age_20-39.rda","cdc_wonder_non_sex","historical_compact_prediction","available",
"us__us-non-sex__ohio__40-59__total","us_non_sex","north_america","Ohio","Ohio","OH","40-59","total","monthly","2023-08-31","legacy","North_America/non-stratified/USA/fitted_model/Ohio_age_40-59.rda","cdc_wonder_non_sex","historical_compact_prediction","available",
"us__us-non-sex__ohio__60-79__total","us_non_sex","north_america","Ohio","Ohio","OH","60-79","total","monthly","2023-08-31","legacy","North_America/non-stratified/USA/fitted_model/Ohio_age_60-79.rda","cdc_wonder_non_sex","historical_compact_prediction","available",
"us__us-non-sex__ohio__ge80__total","us_non_sex","north_america","Ohio","Ohio","OH","GE80","total","monthly","2023-08-31","legacy","North_America/non-stratified/USA/fitted_model/Ohio_age_Over 80.rda","cdc_wonder_non_sex","historical_compact_prediction","available",
"us__us-non-sex__oklahoma__20-39__total","us_non_sex","north_america","Oklahoma","Oklahoma","OK","20-39","total","monthly","2023-08-31","legacy","North_America/non-stratified/USA/fitted_model/Oklahoma_age_20-39.rda","cdc_wonder_non_sex","historical_compact_prediction","available",
"us__us-non-sex__oklahoma__40-59__total","us_non_sex","north_america","Oklahoma","Oklahoma","OK","40-59","total","monthly","2023-08-31","legacy","North_America/non-stratified/USA/fitted_model/Oklahoma_age_40-59.rda","cdc_wonder_non_sex","historical_compact_prediction","available",
"us__us-non-sex__oklahoma__60-79__total","us_non_sex","north_america","Oklahoma","Oklahoma","OK","60-79","total","monthly","2023-08-31","legacy","North_America/non-stratified/USA/fitted_model/Oklahoma_age_60-79.rda","cdc_wonder_non_sex","historical_compact_prediction","available",
"us__us-non-sex__oklahoma__ge80__total","us_non_sex","north_america","Oklahoma","Oklahoma","OK","GE80","total","monthly","2023-08-31","legacy","North_America/non-stratified/USA/fitted_model/Oklahoma_age_Over 80.rda","cdc_wonder_non_sex","historical_compact_prediction","available",
"us__us-non-sex__oregon__20-39__total","us_non_sex","north_america","Oregon","Oregon","OR","20-39","total","monthly","2023-08-31","legacy","North_America/non-stratified/USA/fitted_model/Oregon_age_20-39.rda","cdc_wonder_non_sex","historical_compact_prediction","available",
"us__us-non-sex__oregon__40-59__total","us_non_sex","north_america","Oregon","Oregon","OR","40-59","total","monthly","2023-08-31","legacy","North_America/non-stratified/USA/fitted_model/Oregon_age_40-59.rda","cdc_wonder_non_sex","historical_compact_prediction","available",
"us__us-non-sex__oregon__60-79__total","us_non_sex","north_america","Oregon","Oregon","OR","60-79","total","monthly","2023-08-31","legacy","North_America/non-stratified/USA/fitted_model/Oregon_age_60-79.rda","cdc_wonder_non_sex","historical_compact_prediction","available",
"us__us-non-sex__oregon__ge80__total","us_non_sex","north_america","Oregon","Oregon","OR","GE80","total","monthly","2023-08-31","legacy","North_America/non-stratified/USA/fitted_model/Oregon_age_Over 80.rda","cdc_wonder_non_sex","historical_compact_prediction","available",
"us__us-non-sex__pennsylvania__20-39__total","us_non_sex","north_america","Pennsylvania","Pennsylvania","PA","20-39","total","monthly","2023-08-31","legacy","North_America/non-stratified/USA/fitted_model/Pennsylvania_age_20-39.rda","cdc_wonder_non_sex","historical_compact_prediction","available",
"us__us-non-sex__pennsylvania__40-59__total","us_non_sex","north_america","Pennsylvania","Pennsylvania","PA","40-59","total","monthly","2023-08-31","legacy","North_America/non-stratified/USA/fitted_model/Pennsylvania_age_40-59.rda","cdc_wonder_non_sex","historical_compact_prediction","available",
"us__us-non-sex__pennsylvania__60-79__total","us_non_sex","north_america","Pennsylvania","Pennsylvania","PA","60-79","total","monthly","2023-08-31","legacy","North_America/non-stratified/USA/fitted_model/Pennsylvania_age_60-79.rda","cdc_wonder_non_sex","historical_compact_prediction","available",
"us__us-non-sex__pennsylvania__ge80__total","us_non_sex","north_america","Pennsylvania","Pennsylvania","PA","GE80","total","monthly","2023-08-31","legacy","North_America/non-stratified/USA/fitted_model/Pennsylvania_age_Over 80.rda","cdc_wonder_non_sex","historical_compact_prediction","available",
"us__us-non-sex__rhode-island__20-39__total","us_non_sex","north_america","Rhode Island","Rhode Island","RI","20-39","total","monthly","2023-08-31","legacy","North_America/non-stratified/USA/fitted_model/Rhode Island_age_20-39.rda","cdc_wonder_non_sex","historical_compact_prediction","available",
"us__us-non-sex__rhode-island__40-59__total","us_non_sex","north_america","Rhode Island","Rhode Island","RI","40-59","total","monthly","2023-08-31","legacy","North_America/non-stratified/USA/fitted_model/Rhode Island_age_40-59.rda","cdc_wonder_non_sex","historical_compact_prediction","available",
"us__us-non-sex__rhode-island__60-79__total","us_non_sex","north_america","Rhode Island","Rhode Island","RI","60-79","total","monthly","2023-08-31","legacy","North_America/non-stratified/USA/fitted_model/Rhode Island_age_60-79.rda","cdc_wonder_non_sex","historical_compact_prediction","available",
"us__us-non-sex__rhode-island__ge80__total","us_non_sex","north_america","Rhode Island","Rhode Island","RI","GE80","total","monthly","2023-08-31","legacy","North_America/non-stratified/USA/fitted_model/Rhode Island_age_Over 80.rda","cdc_wonder_non_sex","historical_compact_prediction","available",
"us__us-non-sex__south-carolina__20-39__total","us_non_sex","north_america","South Carolina","South Carolina","SC","20-39","total","monthly","2023-08-31","legacy","North_America/non-stratified/USA/fitted_model/South Carolina_age_20-39.rda","cdc_wonder_non_sex","historical_compact_prediction","available",
"us__us-non-sex__south-carolina__40-59__total","us_non_sex","north_america","South Carolina","South Carolina","SC","40-59","total","monthly","2023-08-31","legacy","North_America/non-stratified/USA/fitted_model/South Carolina_age_40-59.rda","cdc_wonder_non_sex","historical_compact_prediction","available",
"us__us-non-sex__south-carolina__60-79__total","us_non_sex","north_america","South Carolina","South Carolina","SC","60-79","total","monthly","2023-08-31","legacy","North_America/non-stratified/USA/fitted_model/South Carolina_age_60-79.rda","cdc_wonder_non_sex","historical_compact_prediction","available",
"us__us-non-sex__south-carolina__ge80__total","us_non_sex","north_america","South Carolina","South Carolina","SC","GE80","total","monthly","2023-08-31","legacy","North_America/non-stratified/USA/fitted_model/South Carolina_age_Over 80.rda","cdc_wonder_non_sex","historical_compact_prediction","available",
"us__us-non-sex__south-dakota__20-39__total","us_non_sex","north_america","South Dakota","South Dakota","SD","20-39","total","monthly","2023-08-31","legacy","North_America/non-stratified/USA/fitted_model/South Dakota_age_20-39.rda","cdc_wonder_non_sex","historical_compact_prediction","available",
"us__us-non-sex__south-dakota__40-59__total","us_non_sex","north_america","South Dakota","South Dakota","SD","40-59","total","monthly","2023-08-31","legacy","North_America/non-stratified/USA/fitted_model/South Dakota_age_40-59.rda","cdc_wonder_non_sex","historical_compact_prediction","available",
"us__us-non-sex__south-dakota__60-79__total","us_non_sex","north_america","South Dakota","South Dakota","SD","60-79","total","monthly","2023-08-31","legacy","North_America/non-stratified/USA/fitted_model/South Dakota_age_60-79.rda","cdc_wonder_non_sex","historical_compact_prediction","available",
"us__us-non-sex__south-dakota__ge80__total","us_non_sex","north_america","South Dakota","South Dakota","SD","GE80","total","monthly","2023-08-31","legacy","North_America/non-stratified/USA/fitted_model/South Dakota_age_Over 80.rda","cdc_wonder_non_sex","historical_compact_prediction","available",
"us__us-non-sex__tennessee__20-39__total","us_non_sex","north_america","Tennessee","Tennessee","TN","20-39","total","monthly","2023-08-31","legacy","North_America/non-stratified/USA/fitted_model/Tennessee_age_20-39.rda","cdc_wonder_non_sex","historical_compact_prediction","available",
"us__us-non-sex__tennessee__40-59__total","us_non_sex","north_america","Tennessee","Tennessee","TN","40-59","total","monthly","2023-08-31","legacy","North_America/non-stratified/USA/fitted_model/Tennessee_age_40-59.rda","cdc_wonder_non_sex","historical_compact_prediction","available",
"us__us-non-sex__tennessee__60-79__total","us_non_sex","north_america","Tennessee","Tennessee","TN","60-79","total","monthly","2023-08-31","legacy","North_America/non-stratified/USA/fitted_model/Tennessee_age_60-79.rda","cdc_wonder_non_sex","historical_compact_prediction","available",
"us__us-non-sex__tennessee__ge80__total","us_non_sex","north_america","Tennessee","Tennessee","TN","GE80","total","monthly","2023-08-31","legacy","North_America/non-stratified/USA/fitted_model/Tennessee_age_Over 80.rda","cdc_wonder_non_sex","historical_compact_prediction","available",
"us__us-non-sex__texas__20-39__total","us_non_sex","north_america","Texas","Texas","TX","20-39","total","monthly","2023-08-31","legacy","North_America/non-stratified/USA/fitted_model/Texas_age_20-39.rda","cdc_wonder_non_sex","historical_compact_prediction","available",
"us__us-non-sex__texas__40-59__total","us_non_sex","north_america","Texas","Texas","TX","40-59","total","monthly","2023-08-31","legacy","North_America/non-stratified/USA/fitted_model/Texas_age_40-59.rda","cdc_wonder_non_sex","historical_compact_prediction","available",
"us__us-non-sex__texas__60-79__total","us_non_sex","north_america","Texas","Texas","TX","60-79","total","monthly","2023-08-31","legacy","North_America/non-stratified/USA/fitted_model/Texas_age_60-79.rda","cdc_wonder_non_sex","historical_compact_prediction","available",
"us__us-non-sex__texas__ge80__total","us_non_sex","north_america","Texas","Texas","TX","GE80","total","monthly","2023-08-31","legacy","North_America/non-stratified/USA/fitted_model/Texas_age_Over 80.rda","cdc_wonder_non_sex","historical_compact_prediction","available",
"us__us-non-sex__utah__20-39__total","us_non_sex","north_america","Utah","Utah","UT","20-39","total","monthly","2023-08-31","legacy","North_America/non-stratified/USA/fitted_model/Utah_age_20-39.rda","cdc_wonder_non_sex","historical_compact_prediction","available",
"us__us-non-sex__utah__40-59__total","us_non_sex","north_america","Utah","Utah","UT","40-59","total","monthly","2023-08-31","legacy","North_America/non-stratified/USA/fitted_model/Utah_age_40-59.rda","cdc_wonder_non_sex","historical_compact_prediction","available",
"us__us-non-sex__utah__60-79__total","us_non_sex","north_america","Utah","Utah","UT","60-79","total","monthly","2023-08-31","legacy","North_America/non-stratified/USA/fitted_model/Utah_age_60-79.rda","cdc_wonder_non_sex","historical_compact_prediction","available",
"us__us-non-sex__utah__ge80__total","us_non_sex","north_america","Utah","Utah","UT","GE80","total","monthly","2023-08-31","legacy","North_America/non-stratified/USA/fitted_model/Utah_age_Over 80.rda","cdc_wonder_non_sex","historical_compact_prediction","available",
"us__us-non-sex__vermont__20-39__total","us_non_sex","north_america","Vermont","Vermont","VT","20-39","total","monthly","2023-08-31","legacy","North_America/non-stratified/USA/fitted_model/Vermont_age_20-39.rda","cdc_wonder_non_sex","historical_compact_prediction","available",
"us__us-non-sex__vermont__40-59__total","us_non_sex","north_america","Vermont","Vermont","VT","40-59","total","monthly","2023-08-31","legacy","North_America/non-stratified/USA/fitted_model/Vermont_age_40-59.rda","cdc_wonder_non_sex","historical_compact_prediction","available",
"us__us-non-sex__vermont__60-79__total","us_non_sex","north_america","Vermont","Vermont","VT","60-79","total","monthly","2023-08-31","legacy","North_America/non-stratified/USA/fitted_model/Vermont_age_60-79.rda","cdc_wonder_non_sex","historical_compact_prediction","available",
"us__us-non-sex__vermont__ge80__total","us_non_sex","north_america","Vermont","Vermont","VT","GE80","total","monthly","2023-08-31","legacy","North_America/non-stratified/USA/fitted_model/Vermont_age_Over 80.rda","cdc_wonder_non_sex","historical_compact_prediction","available",
"us__us-non-sex__virginia__20-39__total","us_non_sex","north_america","Virginia","Virginia","VA","20-39","total","monthly","2023-08-31","legacy","North_America/non-stratified/USA/fitted_model/Virginia_age_20-39.rda","cdc_wonder_non_sex","historical_compact_prediction","available",
"us__us-non-sex__virginia__40-59__total","us_non_sex","north_america","Virginia","Virginia","VA","40-59","total","monthly","2023-08-31","legacy","North_America/non-stratified/USA/fitted_model/Virginia_age_40-59.rda","cdc_wonder_non_sex","historical_compact_prediction","available",
"us__us-non-sex__virginia__60-79__total","us_non_sex","north_america","Virginia","Virginia","VA","60-79","total","monthly","2023-08-31","legacy","North_America/non-stratified/USA/fitted_model/Virginia_age_60-79.rda","cdc_wonder_non_sex","historical_compact_prediction","available",
"us__us-non-sex__virginia__ge80__total","us_non_sex","north_america","Virginia","Virginia","VA","GE80","total","monthly","2023-08-31","legacy","North_America/non-stratified/USA/fitted_model/Virginia_age_Over 80.rda","cdc_wonder_non_sex","historical_compact_prediction","available",
"us__us-non-sex__washington__20-39__total","us_non_sex","north_america","Washington","Washington","WA","20-39","total","monthly","2023-08-31","legacy","North_America/non-stratified/USA/fitted_model/Washington_age_20-39.rda","cdc_wonder_non_sex","historical_compact_prediction","available",
"us__us-non-sex__washington__40-59__total","us_non_sex","north_america","Washington","Washington","WA","40-59","total","monthly","2023-08-31","legacy","North_America/non-stratified/USA/fitted_model/Washington_age_40-59.rda","cdc_wonder_non_sex","historical_compact_prediction","available",
"us__us-non-sex__washington__60-79__total","us_non_sex","north_america","Washington","Washington","WA","60-79","total","monthly","2023-08-31","legacy","North_America/non-stratified/USA/fitted_model/Washington_age_60-79.rda","cdc_wonder_non_sex","historical_compact_prediction","available",
"us__us-non-sex__washington__ge80__total","us_non_sex","north_america","Washington","Washington","WA","GE80","total","monthly","2023-08-31","legacy","North_America/non-stratified/USA/fitted_model/Washington_age_Over 80.rda","cdc_wonder_non_sex","historical_compact_prediction","available",
"us__us-non-sex__west-virginia__20-39__total","us_non_sex","north_america","West Virginia","West Virginia","WV","20-39","total","monthly","2023-08-31","legacy","North_America/non-stratified/USA/fitted_model/West Virginia_age_20-39.rda","cdc_wonder_non_sex","historical_compact_prediction","available",
"us__us-non-sex__west-virginia__40-59__total","us_non_sex","north_america","West Virginia","West Virginia","WV","40-59","total","monthly","2023-08-31","legacy","North_America/non-stratified/USA/fitted_model/West Virginia_age_40-59.rda","cdc_wonder_non_sex","historical_compact_prediction","available",
"us__us-non-sex__west-virginia__60-79__total","us_non_sex","north_america","West Virginia","West Virginia","WV","60-79","total","monthly","2023-08-31","legacy","North_America/non-stratified/USA/fitted_model/West Virginia_age_60-79.rda","cdc_wonder_non_sex","historical_compact_prediction","available",
"us__us-non-sex__west-virginia__ge80__total","us_non_sex","north_america","West Virginia","West Virginia","WV","GE80","total","monthly","2023-08-31","legacy","North_America/non-stratified/USA/fitted_model/West Virginia_age_Over 80.rda","cdc_wonder_non_sex","historical_compact_prediction","available",
"us__us-non-sex__wisconsin__20-39__total","us_non_sex","north_america","Wisconsin","Wisconsin","WI","20-39","total","monthly","2023-08-31","legacy","North_America/non-stratified/USA/fitted_model/Wisconsin_age_20-39.rda","cdc_wonder_non_sex","historical_compact_prediction","available",
"us__us-non-sex__wisconsin__40-59__total","us_non_sex","north_america","Wisconsin","Wisconsin","WI","40-59","total","monthly","2023-08-31","legacy","North_America/non-stratified/USA/fitted_model/Wisconsin_age_40-59.rda","cdc_wonder_non_sex","historical_compact_prediction","available",
"us__us-non-sex__wisconsin__60-79__total","us_non_sex","north_america","Wisconsin","Wisconsin","WI","60-79","total","monthly","2023-08-31","legacy","North_America/non-stratified/USA/fitted_model/Wisconsin_age_60-79.rda","cdc_wonder_non_sex","historical_compact_prediction","available",
"us__us-non-sex__wisconsin__ge80__total","us_non_sex","north_america","Wisconsin","Wisconsin","WI","GE80","total","monthly","2023-08-31","legacy","North_America/non-stratified/USA/fitted_model/Wisconsin_age_Over 80.rda","cdc_wonder_non_sex","historical_compact_prediction","available",
"us__us-non-sex__wyoming__20-39__total","us_non_sex","north_america","Wyoming","Wyoming","WY","20-39","total","monthly","2023-08-31","legacy","North_America/non-stratified/USA/fitted_model/Wyoming_age_20-39.rda","cdc_wonder_non_sex","historical_compact_prediction","available",
"us__us-non-sex__wyoming__40-59__total","us_non_sex","north_america","Wyoming","Wyoming","WY","40-59","total","monthly","2023-08-31","legacy","North_America/non-stratified/USA/fitted_model/Wyoming_age_40-59.rda","cdc_wonder_non_sex","historical_compact_prediction","available",
"us__us-non-sex__wyoming__60-79__total","us_non_sex","north_america","Wyoming","Wyoming","WY","60-79","total","monthly","2023-08-31","legacy","North_America/non-stratified/USA/fitted_model/Wyoming_age_60-79.rda","cdc_wonder_non_sex","historical_compact_prediction","available",
"us__us-non-sex__wyoming__ge80__total","us_non_sex","north_america","Wyoming","Wyoming","WY","GE80","total","monthly","2023-08-31","legacy","North_America/non-stratified/USA/fitted_model/Wyoming_age_Over 80.rda","cdc_wonder_non_sex","historical_compact_prediction","available",
"us__us-sex__alabama__0-44__female","us_sex","north_america","Alabama","Alabama","AL","0-44","female","monthly","2023-08-31","legacy","North_America/sex-stratified/USA/fitted_model/Alabama_age_0-44_sex_F.rda","cdc_wonder_sex","historical_compact_prediction","available",
"us__us-sex__alabama__0-44__male","us_sex","north_america","Alabama","Alabama","AL","0-44","male","monthly","2023-08-31","legacy","North_America/sex-stratified/USA/fitted_model/Alabama_age_0-44_sex_M.rda","cdc_wonder_sex","historical_compact_prediction","available",
"us__us-sex__alabama__45-64__female","us_sex","north_america","Alabama","Alabama","AL","45-64","female","monthly","2023-08-31","legacy","North_America/sex-stratified/USA/fitted_model/Alabama_age_45-64_sex_F.rda","cdc_wonder_sex","historical_compact_prediction","available",
"us__us-sex__alabama__45-64__male","us_sex","north_america","Alabama","Alabama","AL","45-64","male","monthly","2023-08-31","legacy","North_America/sex-stratified/USA/fitted_model/Alabama_age_45-64_sex_M.rda","cdc_wonder_sex","historical_compact_prediction","available",
"us__us-sex__alabama__65-84__female","us_sex","north_america","Alabama","Alabama","AL","65-84","female","monthly","2023-08-31","legacy","North_America/sex-stratified/USA/fitted_model/Alabama_age_65-84_sex_F.rda","cdc_wonder_sex","historical_compact_prediction","available",
"us__us-sex__alabama__65-84__male","us_sex","north_america","Alabama","Alabama","AL","65-84","male","monthly","2023-08-31","legacy","North_America/sex-stratified/USA/fitted_model/Alabama_age_65-84_sex_M.rda","cdc_wonder_sex","historical_compact_prediction","available",
"us__us-sex__alabama__ge85__female","us_sex","north_america","Alabama","Alabama","AL","GE85","female","monthly","2023-08-31","legacy","North_America/sex-stratified/USA/fitted_model/Alabama_age_Over 85_sex_F.rda","cdc_wonder_sex","historical_compact_prediction","available",
"us__us-sex__alabama__ge85__male","us_sex","north_america","Alabama","Alabama","AL","GE85","male","monthly","2023-08-31","legacy","North_America/sex-stratified/USA/fitted_model/Alabama_age_Over 85_sex_M.rda","cdc_wonder_sex","historical_compact_prediction","available",
"us__us-sex__alaska__0-44__female","us_sex","north_america","Alaska","Alaska","AK","0-44","female","monthly","2023-08-31","legacy","North_America/sex-stratified/USA/fitted_model/Alaska_age_0-44_sex_F.rda","cdc_wonder_sex","historical_compact_prediction","available",
"us__us-sex__alaska__0-44__male","us_sex","north_america","Alaska","Alaska","AK","0-44","male","monthly","2023-08-31","legacy","North_America/sex-stratified/USA/fitted_model/Alaska_age_0-44_sex_M.rda","cdc_wonder_sex","historical_compact_prediction","available",
"us__us-sex__alaska__45-64__female","us_sex","north_america","Alaska","Alaska","AK","45-64","female","monthly","2023-08-31","legacy","North_America/sex-stratified/USA/fitted_model/Alaska_age_45-64_sex_F.rda","cdc_wonder_sex","historical_compact_prediction","available",
"us__us-sex__alaska__45-64__male","us_sex","north_america","Alaska","Alaska","AK","45-64","male","monthly","2023-08-31","legacy","North_America/sex-stratified/USA/fitted_model/Alaska_age_45-64_sex_M.rda","cdc_wonder_sex","historical_compact_prediction","available",
"us__us-sex__alaska__65-84__female","us_sex","north_america","Alaska","Alaska","AK","65-84","female","monthly","2023-08-31","legacy","North_America/sex-stratified/USA/fitted_model/Alaska_age_65-84_sex_F.rda","cdc_wonder_sex","historical_compact_prediction","available",
"us__us-sex__alaska__65-84__male","us_sex","north_america","Alaska","Alaska","AK","65-84","male","monthly","2023-08-31","legacy","North_America/sex-stratified/USA/fitted_model/Alaska_age_65-84_sex_M.rda","cdc_wonder_sex","historical_compact_prediction","available",
"us__us-sex__alaska__ge85__female","us_sex","north_america","Alaska","Alaska","AK","GE85","female","monthly","2023-08-31","legacy","North_America/sex-stratified/USA/fitted_model/Alaska_age_Over 85_sex_F.rda","cdc_wonder_sex","historical_compact_prediction","available",
"us__us-sex__alaska__ge85__male","us_sex","north_america","Alaska","Alaska","AK","GE85","male","monthly","2023-08-31","legacy","North_America/sex-stratified/USA/fitted_model/Alaska_age_Over 85_sex_M.rda","cdc_wonder_sex","historical_compact_prediction","available",
"us__us-sex__arizona__0-44__female","us_sex","north_america","Arizona","Arizona","AZ","0-44","female","monthly","2023-08-31","legacy","North_America/sex-stratified/USA/fitted_model/Arizona_age_0-44_sex_F.rda","cdc_wonder_sex","historical_compact_prediction","available",
"us__us-sex__arizona__0-44__male","us_sex","north_america","Arizona","Arizona","AZ","0-44","male","monthly","2023-08-31","legacy","North_America/sex-stratified/USA/fitted_model/Arizona_age_0-44_sex_M.rda","cdc_wonder_sex","historical_compact_prediction","available",
"us__us-sex__arizona__45-64__female","us_sex","north_america","Arizona","Arizona","AZ","45-64","female","monthly","2023-08-31","legacy","North_America/sex-stratified/USA/fitted_model/Arizona_age_45-64_sex_F.rda","cdc_wonder_sex","historical_compact_prediction","available",
"us__us-sex__arizona__45-64__male","us_sex","north_america","Arizona","Arizona","AZ","45-64","male","monthly","2023-08-31","legacy","North_America/sex-stratified/USA/fitted_model/Arizona_age_45-64_sex_M.rda","cdc_wonder_sex","historical_compact_prediction","available",
"us__us-sex__arizona__65-84__female","us_sex","north_america","Arizona","Arizona","AZ","65-84","female","monthly","2023-08-31","legacy","North_America/sex-stratified/USA/fitted_model/Arizona_age_65-84_sex_F.rda","cdc_wonder_sex","historical_compact_prediction","available",
"us__us-sex__arizona__65-84__male","us_sex","north_america","Arizona","Arizona","AZ","65-84","male","monthly","2023-08-31","legacy","North_America/sex-stratified/USA/fitted_model/Arizona_age_65-84_sex_M.rda","cdc_wonder_sex","historical_compact_prediction","available",
"us__us-sex__arizona__ge85__female","us_sex","north_america","Arizona","Arizona","AZ","GE85","female","monthly","2023-08-31","legacy","North_America/sex-stratified/USA/fitted_model/Arizona_age_Over 85_sex_F.rda","cdc_wonder_sex","historical_compact_prediction","available",
"us__us-sex__arizona__ge85__male","us_sex","north_america","Arizona","Arizona","AZ","GE85","male","monthly","2023-08-31","legacy","North_America/sex-stratified/USA/fitted_model/Arizona_age_Over 85_sex_M.rda","cdc_wonder_sex","historical_compact_prediction","available",
"us__us-sex__arkansas__0-44__female","us_sex","north_america","Arkansas","Arkansas","AR","0-44","female","monthly","2023-08-31","legacy","North_America/sex-stratified/USA/fitted_model/Arkansas_age_0-44_sex_F.rda","cdc_wonder_sex","historical_compact_prediction","available",
"us__us-sex__arkansas__0-44__male","us_sex","north_america","Arkansas","Arkansas","AR","0-44","male","monthly","2023-08-31","legacy","North_America/sex-stratified/USA/fitted_model/Arkansas_age_0-44_sex_M.rda","cdc_wonder_sex","historical_compact_prediction","available",
"us__us-sex__arkansas__45-64__female","us_sex","north_america","Arkansas","Arkansas","AR","45-64","female","monthly","2023-08-31","legacy","North_America/sex-stratified/USA/fitted_model/Arkansas_age_45-64_sex_F.rda","cdc_wonder_sex","historical_compact_prediction","available",
"us__us-sex__arkansas__45-64__male","us_sex","north_america","Arkansas","Arkansas","AR","45-64","male","monthly","2023-08-31","legacy","North_America/sex-stratified/USA/fitted_model/Arkansas_age_45-64_sex_M.rda","cdc_wonder_sex","historical_compact_prediction","available",
"us__us-sex__arkansas__65-84__female","us_sex","north_america","Arkansas","Arkansas","AR","65-84","female","monthly","2023-08-31","legacy","North_America/sex-stratified/USA/fitted_model/Arkansas_age_65-84_sex_F.rda","cdc_wonder_sex","historical_compact_prediction","available",
"us__us-sex__arkansas__65-84__male","us_sex","north_america","Arkansas","Arkansas","AR","65-84","male","monthly","2023-08-31","legacy","North_America/sex-stratified/USA/fitted_model/Arkansas_age_65-84_sex_M.rda","cdc_wonder_sex","historical_compact_prediction","available",
"us__us-sex__arkansas__ge85__female","us_sex","north_america","Arkansas","Arkansas","AR","GE85","female","monthly","2023-08-31","legacy","North_America/sex-stratified/USA/fitted_model/Arkansas_age_Over 85_sex_F.rda","cdc_wonder_sex","historical_compact_prediction","available",
"us__us-sex__arkansas__ge85__male","us_sex","north_america","Arkansas","Arkansas","AR","GE85","male","monthly","2023-08-31","legacy","North_America/sex-stratified/USA/fitted_model/Arkansas_age_Over 85_sex_M.rda","cdc_wonder_sex","historical_compact_prediction","available",
"us__us-sex__california__0-44__female","us_sex","north_america","California","California","CA","0-44","female","monthly","2023-08-31","legacy","North_America/sex-stratified/USA/fitted_model/California_age_0-44_sex_F.rda","cdc_wonder_sex","historical_compact_prediction","available",
"us__us-sex__california__0-44__male","us_sex","north_america","California","California","CA","0-44","male","monthly","2023-08-31","legacy","North_America/sex-stratified/USA/fitted_model/California_age_0-44_sex_M.rda","cdc_wonder_sex","historical_compact_prediction","available",
"us__us-sex__california__45-64__female","us_sex","north_america","California","California","CA","45-64","female","monthly","2023-08-31","legacy","North_America/sex-stratified/USA/fitted_model/California_age_45-64_sex_F.rda","cdc_wonder_sex","historical_compact_prediction","available",
"us__us-sex__california__45-64__male","us_sex","north_america","California","California","CA","45-64","male","monthly","2023-08-31","legacy","North_America/sex-stratified/USA/fitted_model/California_age_45-64_sex_M.rda","cdc_wonder_sex","historical_compact_prediction","available",
"us__us-sex__california__65-84__female","us_sex","north_america","California","California","CA","65-84","female","monthly","2023-08-31","legacy","North_America/sex-stratified/USA/fitted_model/California_age_65-84_sex_F.rda","cdc_wonder_sex","historical_compact_prediction","available",
"us__us-sex__california__65-84__male","us_sex","north_america","California","California","CA","65-84","male","monthly","2023-08-31","legacy","North_America/sex-stratified/USA/fitted_model/California_age_65-84_sex_M.rda","cdc_wonder_sex","historical_compact_prediction","available",
"us__us-sex__california__ge85__female","us_sex","north_america","California","California","CA","GE85","female","monthly","2023-08-31","legacy","North_America/sex-stratified/USA/fitted_model/California_age_Over 85_sex_F.rda","cdc_wonder_sex","historical_compact_prediction","available",
"us__us-sex__california__ge85__male","us_sex","north_america","California","California","CA","GE85","male","monthly","2023-08-31","legacy","North_America/sex-stratified/USA/fitted_model/California_age_Over 85_sex_M.rda","cdc_wonder_sex","historical_compact_prediction","available",
"us__us-sex__colorado__0-44__female","us_sex","north_america","Colorado","Colorado","CO","0-44","female","monthly","2023-08-31","legacy","North_America/sex-stratified/USA/fitted_model/Colorado_age_0-44_sex_F.rda","cdc_wonder_sex","historical_compact_prediction","available",
"us__us-sex__colorado__0-44__male","us_sex","north_america","Colorado","Colorado","CO","0-44","male","monthly","2023-08-31","legacy","North_America/sex-stratified/USA/fitted_model/Colorado_age_0-44_sex_M.rda","cdc_wonder_sex","historical_compact_prediction","available",
"us__us-sex__colorado__45-64__female","us_sex","north_america","Colorado","Colorado","CO","45-64","female","monthly","2023-08-31","legacy","North_America/sex-stratified/USA/fitted_model/Colorado_age_45-64_sex_F.rda","cdc_wonder_sex","historical_compact_prediction","available",
"us__us-sex__colorado__45-64__male","us_sex","north_america","Colorado","Colorado","CO","45-64","male","monthly","2023-08-31","legacy","North_America/sex-stratified/USA/fitted_model/Colorado_age_45-64_sex_M.rda","cdc_wonder_sex","historical_compact_prediction","available",
"us__us-sex__colorado__65-84__female","us_sex","north_america","Colorado","Colorado","CO","65-84","female","monthly","2023-08-31","legacy","North_America/sex-stratified/USA/fitted_model/Colorado_age_65-84_sex_F.rda","cdc_wonder_sex","historical_compact_prediction","available",
"us__us-sex__colorado__65-84__male","us_sex","north_america","Colorado","Colorado","CO","65-84","male","monthly","2023-08-31","legacy","North_America/sex-stratified/USA/fitted_model/Colorado_age_65-84_sex_M.rda","cdc_wonder_sex","historical_compact_prediction","available",
"us__us-sex__colorado__ge85__female","us_sex","north_america","Colorado","Colorado","CO","GE85","female","monthly","2023-08-31","legacy","North_America/sex-stratified/USA/fitted_model/Colorado_age_Over 85_sex_F.rda","cdc_wonder_sex","historical_compact_prediction","available",
"us__us-sex__colorado__ge85__male","us_sex","north_america","Colorado","Colorado","CO","GE85","male","monthly","2023-08-31","legacy","North_America/sex-stratified/USA/fitted_model/Colorado_age_Over 85_sex_M.rda","cdc_wonder_sex","historical_compact_prediction","available",
"us__us-sex__connecticut__0-44__female","us_sex","north_america","Connecticut","Connecticut","CT","0-44","female","monthly","2023-08-31","legacy","North_America/sex-stratified/USA/fitted_model/Connecticut_age_0-44_sex_F.rda","cdc_wonder_sex","historical_compact_prediction","available",
"us__us-sex__connecticut__0-44__male","us_sex","north_america","Connecticut","Connecticut","CT","0-44","male","monthly","2023-08-31","legacy","North_America/sex-stratified/USA/fitted_model/Connecticut_age_0-44_sex_M.rda","cdc_wonder_sex","historical_compact_prediction","available",
"us__us-sex__connecticut__45-64__female","us_sex","north_america","Connecticut","Connecticut","CT","45-64","female","monthly","2023-08-31","legacy","North_America/sex-stratified/USA/fitted_model/Connecticut_age_45-64_sex_F.rda","cdc_wonder_sex","historical_compact_prediction","available",
"us__us-sex__connecticut__45-64__male","us_sex","north_america","Connecticut","Connecticut","CT","45-64","male","monthly","2023-08-31","legacy","North_America/sex-stratified/USA/fitted_model/Connecticut_age_45-64_sex_M.rda","cdc_wonder_sex","historical_compact_prediction","available",
"us__us-sex__connecticut__65-84__female","us_sex","north_america","Connecticut","Connecticut","CT","65-84","female","monthly","2023-08-31","legacy","North_America/sex-stratified/USA/fitted_model/Connecticut_age_65-84_sex_F.rda","cdc_wonder_sex","historical_compact_prediction","available",
"us__us-sex__connecticut__65-84__male","us_sex","north_america","Connecticut","Connecticut","CT","65-84","male","monthly","2023-08-31","legacy","North_America/sex-stratified/USA/fitted_model/Connecticut_age_65-84_sex_M.rda","cdc_wonder_sex","historical_compact_prediction","available",
"us__us-sex__connecticut__ge85__female","us_sex","north_america","Connecticut","Connecticut","CT","GE85","female","monthly","2023-08-31","legacy","North_America/sex-stratified/USA/fitted_model/Connecticut_age_Over 85_sex_F.rda","cdc_wonder_sex","historical_compact_prediction","available",
"us__us-sex__connecticut__ge85__male","us_sex","north_america","Connecticut","Connecticut","CT","GE85","male","monthly","2023-08-31","legacy","North_America/sex-stratified/USA/fitted_model/Connecticut_age_Over 85_sex_M.rda","cdc_wonder_sex","historical_compact_prediction","available",
"us__us-sex__delaware__0-44__female","us_sex","north_america","Delaware","Delaware","DE","0-44","female","monthly","2023-08-31","legacy","North_America/sex-stratified/USA/fitted_model/Delaware_age_0-44_sex_F.rda","cdc_wonder_sex","historical_compact_prediction","available",
"us__us-sex__delaware__0-44__male","us_sex","north_america","Delaware","Delaware","DE","0-44","male","monthly","2023-08-31","legacy","North_America/sex-stratified/USA/fitted_model/Delaware_age_0-44_sex_M.rda","cdc_wonder_sex","historical_compact_prediction","available",
"us__us-sex__delaware__45-64__female","us_sex","north_america","Delaware","Delaware","DE","45-64","female","monthly","2023-08-31","legacy","North_America/sex-stratified/USA/fitted_model/Delaware_age_45-64_sex_F.rda","cdc_wonder_sex","historical_compact_prediction","available",
"us__us-sex__delaware__45-64__male","us_sex","north_america","Delaware","Delaware","DE","45-64","male","monthly","2023-08-31","legacy","North_America/sex-stratified/USA/fitted_model/Delaware_age_45-64_sex_M.rda","cdc_wonder_sex","historical_compact_prediction","available",
"us__us-sex__delaware__65-84__female","us_sex","north_america","Delaware","Delaware","DE","65-84","female","monthly","2023-08-31","legacy","North_America/sex-stratified/USA/fitted_model/Delaware_age_65-84_sex_F.rda","cdc_wonder_sex","historical_compact_prediction","available",
"us__us-sex__delaware__65-84__male","us_sex","north_america","Delaware","Delaware","DE","65-84","male","monthly","2023-08-31","legacy","North_America/sex-stratified/USA/fitted_model/Delaware_age_65-84_sex_M.rda","cdc_wonder_sex","historical_compact_prediction","available",
"us__us-sex__delaware__ge85__female","us_sex","north_america","Delaware","Delaware","DE","GE85","female","monthly","2023-08-31","legacy","North_America/sex-stratified/USA/fitted_model/Delaware_age_Over 85_sex_F.rda","cdc_wonder_sex","historical_compact_prediction","available",
"us__us-sex__delaware__ge85__male","us_sex","north_america","Delaware","Delaware","DE","GE85","male","monthly","2023-08-31","legacy","North_America/sex-stratified/USA/fitted_model/Delaware_age_Over 85_sex_M.rda","cdc_wonder_sex","historical_compact_prediction","available",
"us__us-sex__district-of-columbia__0-44__female","us_sex","north_america","District of Columbia","District of Columbia","DC","0-44","female","monthly","2023-08-31","legacy","North_America/sex-stratified/USA/fitted_model/District of Columbia_age_0-44_sex_F.rda","cdc_wonder_sex","historical_compact_prediction","available",
"us__us-sex__district-of-columbia__0-44__male","us_sex","north_america","District of Columbia","District of Columbia","DC","0-44","male","monthly","2023-08-31","legacy","North_America/sex-stratified/USA/fitted_model/District of Columbia_age_0-44_sex_M.rda","cdc_wonder_sex","historical_compact_prediction","available",
"us__us-sex__district-of-columbia__45-64__female","us_sex","north_america","District of Columbia","District of Columbia","DC","45-64","female","monthly","2023-08-31","legacy","North_America/sex-stratified/USA/fitted_model/District of Columbia_age_45-64_sex_F.rda","cdc_wonder_sex","historical_compact_prediction","available",
"us__us-sex__district-of-columbia__45-64__male","us_sex","north_america","District of Columbia","District of Columbia","DC","45-64","male","monthly","2023-08-31","legacy","North_America/sex-stratified/USA/fitted_model/District of Columbia_age_45-64_sex_M.rda","cdc_wonder_sex","historical_compact_prediction","available",
"us__us-sex__district-of-columbia__65-84__female","us_sex","north_america","District of Columbia","District of Columbia","DC","65-84","female","monthly","2023-08-31","legacy","North_America/sex-stratified/USA/fitted_model/District of Columbia_age_65-84_sex_F.rda","cdc_wonder_sex","historical_compact_prediction","available",
"us__us-sex__district-of-columbia__65-84__male","us_sex","north_america","District of Columbia","District of Columbia","DC","65-84","male","monthly","2023-08-31","legacy","North_America/sex-stratified/USA/fitted_model/District of Columbia_age_65-84_sex_M.rda","cdc_wonder_sex","historical_compact_prediction","available",
"us__us-sex__district-of-columbia__ge85__female","us_sex","north_america","District of Columbia","District of Columbia","DC","GE85","female","monthly","2023-08-31","legacy","North_America/sex-stratified/USA/fitted_model/District of Columbia_age_Over 85_sex_F.rda","cdc_wonder_sex","historical_compact_prediction","available",
"us__us-sex__district-of-columbia__ge85__male","us_sex","north_america","District of Columbia","District of Columbia","DC","GE85","male","monthly","2023-08-31","legacy","North_America/sex-stratified/USA/fitted_model/District of Columbia_age_Over 85_sex_M.rda","cdc_wonder_sex","historical_compact_prediction","available",
"us__us-sex__florida__0-44__female","us_sex","north_america","Florida","Florida","FL","0-44","female","monthly","2023-08-31","legacy","North_America/sex-stratified/USA/fitted_model/Florida_age_0-44_sex_F.rda","cdc_wonder_sex","historical_compact_prediction","available",
"us__us-sex__florida__0-44__male","us_sex","north_america","Florida","Florida","FL","0-44","male","monthly","2023-08-31","legacy","North_America/sex-stratified/USA/fitted_model/Florida_age_0-44_sex_M.rda","cdc_wonder_sex","historical_compact_prediction","available",
"us__us-sex__florida__45-64__female","us_sex","north_america","Florida","Florida","FL","45-64","female","monthly","2023-08-31","legacy","North_America/sex-stratified/USA/fitted_model/Florida_age_45-64_sex_F.rda","cdc_wonder_sex","historical_compact_prediction","available",
"us__us-sex__florida__45-64__male","us_sex","north_america","Florida","Florida","FL","45-64","male","monthly","2023-08-31","legacy","North_America/sex-stratified/USA/fitted_model/Florida_age_45-64_sex_M.rda","cdc_wonder_sex","historical_compact_prediction","available",
"us__us-sex__florida__65-84__female","us_sex","north_america","Florida","Florida","FL","65-84","female","monthly","2023-08-31","legacy","North_America/sex-stratified/USA/fitted_model/Florida_age_65-84_sex_F.rda","cdc_wonder_sex","historical_compact_prediction","available",
"us__us-sex__florida__65-84__male","us_sex","north_america","Florida","Florida","FL","65-84","male","monthly","2023-08-31","legacy","North_America/sex-stratified/USA/fitted_model/Florida_age_65-84_sex_M.rda","cdc_wonder_sex","historical_compact_prediction","available",
"us__us-sex__florida__ge85__female","us_sex","north_america","Florida","Florida","FL","GE85","female","monthly","2023-08-31","legacy","North_America/sex-stratified/USA/fitted_model/Florida_age_Over 85_sex_F.rda","cdc_wonder_sex","historical_compact_prediction","available",
"us__us-sex__florida__ge85__male","us_sex","north_america","Florida","Florida","FL","GE85","male","monthly","2023-08-31","legacy","North_America/sex-stratified/USA/fitted_model/Florida_age_Over 85_sex_M.rda","cdc_wonder_sex","historical_compact_prediction","available",
"us__us-sex__georgia__0-44__female","us_sex","north_america","Georgia","Georgia","GA","0-44","female","monthly","2023-08-31","legacy","North_America/sex-stratified/USA/fitted_model/Georgia_age_0-44_sex_F.rda","cdc_wonder_sex","historical_compact_prediction","available",
"us__us-sex__georgia__0-44__male","us_sex","north_america","Georgia","Georgia","GA","0-44","male","monthly","2023-08-31","legacy","North_America/sex-stratified/USA/fitted_model/Georgia_age_0-44_sex_M.rda","cdc_wonder_sex","historical_compact_prediction","available",
"us__us-sex__georgia__45-64__female","us_sex","north_america","Georgia","Georgia","GA","45-64","female","monthly","2023-08-31","legacy","North_America/sex-stratified/USA/fitted_model/Georgia_age_45-64_sex_F.rda","cdc_wonder_sex","historical_compact_prediction","available",
"us__us-sex__georgia__45-64__male","us_sex","north_america","Georgia","Georgia","GA","45-64","male","monthly","2023-08-31","legacy","North_America/sex-stratified/USA/fitted_model/Georgia_age_45-64_sex_M.rda","cdc_wonder_sex","historical_compact_prediction","available",
"us__us-sex__georgia__65-84__female","us_sex","north_america","Georgia","Georgia","GA","65-84","female","monthly","2023-08-31","legacy","North_America/sex-stratified/USA/fitted_model/Georgia_age_65-84_sex_F.rda","cdc_wonder_sex","historical_compact_prediction","available",
"us__us-sex__georgia__65-84__male","us_sex","north_america","Georgia","Georgia","GA","65-84","male","monthly","2023-08-31","legacy","North_America/sex-stratified/USA/fitted_model/Georgia_age_65-84_sex_M.rda","cdc_wonder_sex","historical_compact_prediction","available",
"us__us-sex__georgia__ge85__female","us_sex","north_america","Georgia","Georgia","GA","GE85","female","monthly","2023-08-31","legacy","North_America/sex-stratified/USA/fitted_model/Georgia_age_Over 85_sex_F.rda","cdc_wonder_sex","historical_compact_prediction","available",
"us__us-sex__georgia__ge85__male","us_sex","north_america","Georgia","Georgia","GA","GE85","male","monthly","2023-08-31","legacy","North_America/sex-stratified/USA/fitted_model/Georgia_age_Over 85_sex_M.rda","cdc_wonder_sex","historical_compact_prediction","available",
"us__us-sex__hawaii__0-44__female","us_sex","north_america","Hawaii","Hawaii","HI","0-44","female","monthly","2023-08-31","legacy","North_America/sex-stratified/USA/fitted_model/Hawaii_age_0-44_sex_F.rda","cdc_wonder_sex","historical_compact_prediction","available",
"us__us-sex__hawaii__0-44__male","us_sex","north_america","Hawaii","Hawaii","HI","0-44","male","monthly","2023-08-31","legacy","North_America/sex-stratified/USA/fitted_model/Hawaii_age_0-44_sex_M.rda","cdc_wonder_sex","historical_compact_prediction","available",
"us__us-sex__hawaii__45-64__female","us_sex","north_america","Hawaii","Hawaii","HI","45-64","female","monthly","2023-08-31","legacy","North_America/sex-stratified/USA/fitted_model/Hawaii_age_45-64_sex_F.rda","cdc_wonder_sex","historical_compact_prediction","available",
"us__us-sex__hawaii__45-64__male","us_sex","north_america","Hawaii","Hawaii","HI","45-64","male","monthly","2023-08-31","legacy","North_America/sex-stratified/USA/fitted_model/Hawaii_age_45-64_sex_M.rda","cdc_wonder_sex","historical_compact_prediction","available",
"us__us-sex__hawaii__65-84__female","us_sex","north_america","Hawaii","Hawaii","HI","65-84","female","monthly","2023-08-31","legacy","North_America/sex-stratified/USA/fitted_model/Hawaii_age_65-84_sex_F.rda","cdc_wonder_sex","historical_compact_prediction","available",
"us__us-sex__hawaii__65-84__male","us_sex","north_america","Hawaii","Hawaii","HI","65-84","male","monthly","2023-08-31","legacy","North_America/sex-stratified/USA/fitted_model/Hawaii_age_65-84_sex_M.rda","cdc_wonder_sex","historical_compact_prediction","available",
"us__us-sex__hawaii__ge85__female","us_sex","north_america","Hawaii","Hawaii","HI","GE85","female","monthly","2023-08-31","legacy","North_America/sex-stratified/USA/fitted_model/Hawaii_age_Over 85_sex_F.rda","cdc_wonder_sex","historical_compact_prediction","available",
"us__us-sex__hawaii__ge85__male","us_sex","north_america","Hawaii","Hawaii","HI","GE85","male","monthly","2023-08-31","legacy","North_America/sex-stratified/USA/fitted_model/Hawaii_age_Over 85_sex_M.rda","cdc_wonder_sex","historical_compact_prediction","available",
"us__us-sex__idaho__0-44__female","us_sex","north_america","Idaho","Idaho","ID","0-44","female","monthly","2023-08-31","legacy","North_America/sex-stratified/USA/fitted_model/Idaho_age_0-44_sex_F.rda","cdc_wonder_sex","historical_compact_prediction","available",
"us__us-sex__idaho__0-44__male","us_sex","north_america","Idaho","Idaho","ID","0-44","male","monthly","2023-08-31","legacy","North_America/sex-stratified/USA/fitted_model/Idaho_age_0-44_sex_M.rda","cdc_wonder_sex","historical_compact_prediction","available",
"us__us-sex__idaho__45-64__female","us_sex","north_america","Idaho","Idaho","ID","45-64","female","monthly","2023-08-31","legacy","North_America/sex-stratified/USA/fitted_model/Idaho_age_45-64_sex_F.rda","cdc_wonder_sex","historical_compact_prediction","available",
"us__us-sex__idaho__45-64__male","us_sex","north_america","Idaho","Idaho","ID","45-64","male","monthly","2023-08-31","legacy","North_America/sex-stratified/USA/fitted_model/Idaho_age_45-64_sex_M.rda","cdc_wonder_sex","historical_compact_prediction","available",
"us__us-sex__idaho__65-84__female","us_sex","north_america","Idaho","Idaho","ID","65-84","female","monthly","2023-08-31","legacy","North_America/sex-stratified/USA/fitted_model/Idaho_age_65-84_sex_F.rda","cdc_wonder_sex","historical_compact_prediction","available",
"us__us-sex__idaho__65-84__male","us_sex","north_america","Idaho","Idaho","ID","65-84","male","monthly","2023-08-31","legacy","North_America/sex-stratified/USA/fitted_model/Idaho_age_65-84_sex_M.rda","cdc_wonder_sex","historical_compact_prediction","available",
"us__us-sex__idaho__ge85__female","us_sex","north_america","Idaho","Idaho","ID","GE85","female","monthly","2023-08-31","legacy","North_America/sex-stratified/USA/fitted_model/Idaho_age_Over 85_sex_F.rda","cdc_wonder_sex","historical_compact_prediction","available",
"us__us-sex__idaho__ge85__male","us_sex","north_america","Idaho","Idaho","ID","GE85","male","monthly","2023-08-31","legacy","North_America/sex-stratified/USA/fitted_model/Idaho_age_Over 85_sex_M.rda","cdc_wonder_sex","historical_compact_prediction","available",
"us__us-sex__illinois__0-44__female","us_sex","north_america","Illinois","Illinois","IL","0-44","female","monthly","2023-08-31","legacy","North_America/sex-stratified/USA/fitted_model/Illinois_age_0-44_sex_F.rda","cdc_wonder_sex","historical_compact_prediction","available",
"us__us-sex__illinois__0-44__male","us_sex","north_america","Illinois","Illinois","IL","0-44","male","monthly","2023-08-31","legacy","North_America/sex-stratified/USA/fitted_model/Illinois_age_0-44_sex_M.rda","cdc_wonder_sex","historical_compact_prediction","available",
"us__us-sex__illinois__45-64__female","us_sex","north_america","Illinois","Illinois","IL","45-64","female","monthly","2023-08-31","legacy","North_America/sex-stratified/USA/fitted_model/Illinois_age_45-64_sex_F.rda","cdc_wonder_sex","historical_compact_prediction","available",
"us__us-sex__illinois__45-64__male","us_sex","north_america","Illinois","Illinois","IL","45-64","male","monthly","2023-08-31","legacy","North_America/sex-stratified/USA/fitted_model/Illinois_age_45-64_sex_M.rda","cdc_wonder_sex","historical_compact_prediction","available",
"us__us-sex__illinois__65-84__female","us_sex","north_america","Illinois","Illinois","IL","65-84","female","monthly","2023-08-31","legacy","North_America/sex-stratified/USA/fitted_model/Illinois_age_65-84_sex_F.rda","cdc_wonder_sex","historical_compact_prediction","available",
"us__us-sex__illinois__65-84__male","us_sex","north_america","Illinois","Illinois","IL","65-84","male","monthly","2023-08-31","legacy","North_America/sex-stratified/USA/fitted_model/Illinois_age_65-84_sex_M.rda","cdc_wonder_sex","historical_compact_prediction","available",
"us__us-sex__illinois__ge85__female","us_sex","north_america","Illinois","Illinois","IL","GE85","female","monthly","2023-08-31","legacy","North_America/sex-stratified/USA/fitted_model/Illinois_age_Over 85_sex_F.rda","cdc_wonder_sex","historical_compact_prediction","available",
"us__us-sex__illinois__ge85__male","us_sex","north_america","Illinois","Illinois","IL","GE85","male","monthly","2023-08-31","legacy","North_America/sex-stratified/USA/fitted_model/Illinois_age_Over 85_sex_M.rda","cdc_wonder_sex","historical_compact_prediction","available",
"us__us-sex__indiana__0-44__female","us_sex","north_america","Indiana","Indiana","IN","0-44","female","monthly","2023-08-31","legacy","North_America/sex-stratified/USA/fitted_model/Indiana_age_0-44_sex_F.rda","cdc_wonder_sex","historical_compact_prediction","available",
"us__us-sex__indiana__0-44__male","us_sex","north_america","Indiana","Indiana","IN","0-44","male","monthly","2023-08-31","legacy","North_America/sex-stratified/USA/fitted_model/Indiana_age_0-44_sex_M.rda","cdc_wonder_sex","historical_compact_prediction","available",
"us__us-sex__indiana__45-64__female","us_sex","north_america","Indiana","Indiana","IN","45-64","female","monthly","2023-08-31","legacy","North_America/sex-stratified/USA/fitted_model/Indiana_age_45-64_sex_F.rda","cdc_wonder_sex","historical_compact_prediction","available",
"us__us-sex__indiana__45-64__male","us_sex","north_america","Indiana","Indiana","IN","45-64","male","monthly","2023-08-31","legacy","North_America/sex-stratified/USA/fitted_model/Indiana_age_45-64_sex_M.rda","cdc_wonder_sex","historical_compact_prediction","available",
"us__us-sex__indiana__65-84__female","us_sex","north_america","Indiana","Indiana","IN","65-84","female","monthly","2023-08-31","legacy","North_America/sex-stratified/USA/fitted_model/Indiana_age_65-84_sex_F.rda","cdc_wonder_sex","historical_compact_prediction","available",
"us__us-sex__indiana__65-84__male","us_sex","north_america","Indiana","Indiana","IN","65-84","male","monthly","2023-08-31","legacy","North_America/sex-stratified/USA/fitted_model/Indiana_age_65-84_sex_M.rda","cdc_wonder_sex","historical_compact_prediction","available",
"us__us-sex__indiana__ge85__female","us_sex","north_america","Indiana","Indiana","IN","GE85","female","monthly","2023-08-31","legacy","North_America/sex-stratified/USA/fitted_model/Indiana_age_Over 85_sex_F.rda","cdc_wonder_sex","historical_compact_prediction","available",
"us__us-sex__indiana__ge85__male","us_sex","north_america","Indiana","Indiana","IN","GE85","male","monthly","2023-08-31","legacy","North_America/sex-stratified/USA/fitted_model/Indiana_age_Over 85_sex_M.rda","cdc_wonder_sex","historical_compact_prediction","available",
"us__us-sex__iowa__0-44__female","us_sex","north_america","Iowa","Iowa","IA","0-44","female","monthly","2023-08-31","legacy","North_America/sex-stratified/USA/fitted_model/Iowa_age_0-44_sex_F.rda","cdc_wonder_sex","historical_compact_prediction","available",
"us__us-sex__iowa__0-44__male","us_sex","north_america","Iowa","Iowa","IA","0-44","male","monthly","2023-08-31","legacy","North_America/sex-stratified/USA/fitted_model/Iowa_age_0-44_sex_M.rda","cdc_wonder_sex","historical_compact_prediction","available",
"us__us-sex__iowa__45-64__female","us_sex","north_america","Iowa","Iowa","IA","45-64","female","monthly","2023-08-31","legacy","North_America/sex-stratified/USA/fitted_model/Iowa_age_45-64_sex_F.rda","cdc_wonder_sex","historical_compact_prediction","available",
"us__us-sex__iowa__45-64__male","us_sex","north_america","Iowa","Iowa","IA","45-64","male","monthly","2023-08-31","legacy","North_America/sex-stratified/USA/fitted_model/Iowa_age_45-64_sex_M.rda","cdc_wonder_sex","historical_compact_prediction","available",
"us__us-sex__iowa__65-84__female","us_sex","north_america","Iowa","Iowa","IA","65-84","female","monthly","2023-08-31","legacy","North_America/sex-stratified/USA/fitted_model/Iowa_age_65-84_sex_F.rda","cdc_wonder_sex","historical_compact_prediction","available",
"us__us-sex__iowa__65-84__male","us_sex","north_america","Iowa","Iowa","IA","65-84","male","monthly","2023-08-31","legacy","North_America/sex-stratified/USA/fitted_model/Iowa_age_65-84_sex_M.rda","cdc_wonder_sex","historical_compact_prediction","available",
"us__us-sex__iowa__ge85__female","us_sex","north_america","Iowa","Iowa","IA","GE85","female","monthly","2023-08-31","legacy","North_America/sex-stratified/USA/fitted_model/Iowa_age_Over 85_sex_F.rda","cdc_wonder_sex","historical_compact_prediction","available",
"us__us-sex__iowa__ge85__male","us_sex","north_america","Iowa","Iowa","IA","GE85","male","monthly","2023-08-31","legacy","North_America/sex-stratified/USA/fitted_model/Iowa_age_Over 85_sex_M.rda","cdc_wonder_sex","historical_compact_prediction","available",
"us__us-sex__kansas__0-44__female","us_sex","north_america","Kansas","Kansas","KS","0-44","female","monthly","2023-08-31","legacy","North_America/sex-stratified/USA/fitted_model/Kansas_age_0-44_sex_F.rda","cdc_wonder_sex","historical_compact_prediction","available",
"us__us-sex__kansas__0-44__male","us_sex","north_america","Kansas","Kansas","KS","0-44","male","monthly","2023-08-31","legacy","North_America/sex-stratified/USA/fitted_model/Kansas_age_0-44_sex_M.rda","cdc_wonder_sex","historical_compact_prediction","available",
"us__us-sex__kansas__45-64__female","us_sex","north_america","Kansas","Kansas","KS","45-64","female","monthly","2023-08-31","legacy","North_America/sex-stratified/USA/fitted_model/Kansas_age_45-64_sex_F.rda","cdc_wonder_sex","historical_compact_prediction","available",
"us__us-sex__kansas__45-64__male","us_sex","north_america","Kansas","Kansas","KS","45-64","male","monthly","2023-08-31","legacy","North_America/sex-stratified/USA/fitted_model/Kansas_age_45-64_sex_M.rda","cdc_wonder_sex","historical_compact_prediction","available",
"us__us-sex__kansas__65-84__female","us_sex","north_america","Kansas","Kansas","KS","65-84","female","monthly","2023-08-31","legacy","North_America/sex-stratified/USA/fitted_model/Kansas_age_65-84_sex_F.rda","cdc_wonder_sex","historical_compact_prediction","available",
"us__us-sex__kansas__65-84__male","us_sex","north_america","Kansas","Kansas","KS","65-84","male","monthly","2023-08-31","legacy","North_America/sex-stratified/USA/fitted_model/Kansas_age_65-84_sex_M.rda","cdc_wonder_sex","historical_compact_prediction","available",
"us__us-sex__kansas__ge85__female","us_sex","north_america","Kansas","Kansas","KS","GE85","female","monthly","2023-08-31","legacy","North_America/sex-stratified/USA/fitted_model/Kansas_age_Over 85_sex_F.rda","cdc_wonder_sex","historical_compact_prediction","available",
"us__us-sex__kansas__ge85__male","us_sex","north_america","Kansas","Kansas","KS","GE85","male","monthly","2023-08-31","legacy","North_America/sex-stratified/USA/fitted_model/Kansas_age_Over 85_sex_M.rda","cdc_wonder_sex","historical_compact_prediction","available",
"us__us-sex__kentucky__0-44__female","us_sex","north_america","Kentucky","Kentucky","KY","0-44","female","monthly","2023-08-31","legacy","North_America/sex-stratified/USA/fitted_model/Kentucky_age_0-44_sex_F.rda","cdc_wonder_sex","historical_compact_prediction","available",
"us__us-sex__kentucky__0-44__male","us_sex","north_america","Kentucky","Kentucky","KY","0-44","male","monthly","2023-08-31","legacy","North_America/sex-stratified/USA/fitted_model/Kentucky_age_0-44_sex_M.rda","cdc_wonder_sex","historical_compact_prediction","available",
"us__us-sex__kentucky__45-64__female","us_sex","north_america","Kentucky","Kentucky","KY","45-64","female","monthly","2023-08-31","legacy","North_America/sex-stratified/USA/fitted_model/Kentucky_age_45-64_sex_F.rda","cdc_wonder_sex","historical_compact_prediction","available",
"us__us-sex__kentucky__45-64__male","us_sex","north_america","Kentucky","Kentucky","KY","45-64","male","monthly","2023-08-31","legacy","North_America/sex-stratified/USA/fitted_model/Kentucky_age_45-64_sex_M.rda","cdc_wonder_sex","historical_compact_prediction","available",
"us__us-sex__kentucky__65-84__female","us_sex","north_america","Kentucky","Kentucky","KY","65-84","female","monthly","2023-08-31","legacy","North_America/sex-stratified/USA/fitted_model/Kentucky_age_65-84_sex_F.rda","cdc_wonder_sex","historical_compact_prediction","available",
"us__us-sex__kentucky__65-84__male","us_sex","north_america","Kentucky","Kentucky","KY","65-84","male","monthly","2023-08-31","legacy","North_America/sex-stratified/USA/fitted_model/Kentucky_age_65-84_sex_M.rda","cdc_wonder_sex","historical_compact_prediction","available",
"us__us-sex__kentucky__ge85__female","us_sex","north_america","Kentucky","Kentucky","KY","GE85","female","monthly","2023-08-31","legacy","North_America/sex-stratified/USA/fitted_model/Kentucky_age_Over 85_sex_F.rda","cdc_wonder_sex","historical_compact_prediction","available",
"us__us-sex__kentucky__ge85__male","us_sex","north_america","Kentucky","Kentucky","KY","GE85","male","monthly","2023-08-31","legacy","North_America/sex-stratified/USA/fitted_model/Kentucky_age_Over 85_sex_M.rda","cdc_wonder_sex","historical_compact_prediction","available",
"us__us-sex__louisiana__0-44__female","us_sex","north_america","Louisiana","Louisiana","LA","0-44","female","monthly","2023-08-31","legacy","North_America/sex-stratified/USA/fitted_model/Louisiana_age_0-44_sex_F.rda","cdc_wonder_sex","historical_compact_prediction","available",
"us__us-sex__louisiana__0-44__male","us_sex","north_america","Louisiana","Louisiana","LA","0-44","male","monthly","2023-08-31","legacy","North_America/sex-stratified/USA/fitted_model/Louisiana_age_0-44_sex_M.rda","cdc_wonder_sex","historical_compact_prediction","available",
"us__us-sex__louisiana__45-64__female","us_sex","north_america","Louisiana","Louisiana","LA","45-64","female","monthly","2023-08-31","legacy","North_America/sex-stratified/USA/fitted_model/Louisiana_age_45-64_sex_F.rda","cdc_wonder_sex","historical_compact_prediction","available",
"us__us-sex__louisiana__45-64__male","us_sex","north_america","Louisiana","Louisiana","LA","45-64","male","monthly","2023-08-31","legacy","North_America/sex-stratified/USA/fitted_model/Louisiana_age_45-64_sex_M.rda","cdc_wonder_sex","historical_compact_prediction","available",
"us__us-sex__louisiana__65-84__female","us_sex","north_america","Louisiana","Louisiana","LA","65-84","female","monthly","2023-08-31","legacy","North_America/sex-stratified/USA/fitted_model/Louisiana_age_65-84_sex_F.rda","cdc_wonder_sex","historical_compact_prediction","available",
"us__us-sex__louisiana__65-84__male","us_sex","north_america","Louisiana","Louisiana","LA","65-84","male","monthly","2023-08-31","legacy","North_America/sex-stratified/USA/fitted_model/Louisiana_age_65-84_sex_M.rda","cdc_wonder_sex","historical_compact_prediction","available",
"us__us-sex__louisiana__ge85__female","us_sex","north_america","Louisiana","Louisiana","LA","GE85","female","monthly","2023-08-31","legacy","North_America/sex-stratified/USA/fitted_model/Louisiana_age_Over 85_sex_F.rda","cdc_wonder_sex","historical_compact_prediction","available",
"us__us-sex__louisiana__ge85__male","us_sex","north_america","Louisiana","Louisiana","LA","GE85","male","monthly","2023-08-31","legacy","North_America/sex-stratified/USA/fitted_model/Louisiana_age_Over 85_sex_M.rda","cdc_wonder_sex","historical_compact_prediction","available",
"us__us-sex__maine__0-44__female","us_sex","north_america","Maine","Maine","ME","0-44","female","monthly","2023-08-31","legacy","North_America/sex-stratified/USA/fitted_model/Maine_age_0-44_sex_F.rda","cdc_wonder_sex","historical_compact_prediction","available",
"us__us-sex__maine__0-44__male","us_sex","north_america","Maine","Maine","ME","0-44","male","monthly","2023-08-31","legacy","North_America/sex-stratified/USA/fitted_model/Maine_age_0-44_sex_M.rda","cdc_wonder_sex","historical_compact_prediction","available",
"us__us-sex__maine__45-64__female","us_sex","north_america","Maine","Maine","ME","45-64","female","monthly","2023-08-31","legacy","North_America/sex-stratified/USA/fitted_model/Maine_age_45-64_sex_F.rda","cdc_wonder_sex","historical_compact_prediction","available",
"us__us-sex__maine__45-64__male","us_sex","north_america","Maine","Maine","ME","45-64","male","monthly","2023-08-31","legacy","North_America/sex-stratified/USA/fitted_model/Maine_age_45-64_sex_M.rda","cdc_wonder_sex","historical_compact_prediction","available",
"us__us-sex__maine__65-84__female","us_sex","north_america","Maine","Maine","ME","65-84","female","monthly","2023-08-31","legacy","North_America/sex-stratified/USA/fitted_model/Maine_age_65-84_sex_F.rda","cdc_wonder_sex","historical_compact_prediction","available",
"us__us-sex__maine__65-84__male","us_sex","north_america","Maine","Maine","ME","65-84","male","monthly","2023-08-31","legacy","North_America/sex-stratified/USA/fitted_model/Maine_age_65-84_sex_M.rda","cdc_wonder_sex","historical_compact_prediction","available",
"us__us-sex__maine__ge85__female","us_sex","north_america","Maine","Maine","ME","GE85","female","monthly","2023-08-31","legacy","North_America/sex-stratified/USA/fitted_model/Maine_age_Over 85_sex_F.rda","cdc_wonder_sex","historical_compact_prediction","available",
"us__us-sex__maine__ge85__male","us_sex","north_america","Maine","Maine","ME","GE85","male","monthly","2023-08-31","legacy","North_America/sex-stratified/USA/fitted_model/Maine_age_Over 85_sex_M.rda","cdc_wonder_sex","historical_compact_prediction","available",
"us__us-sex__maryland__0-44__female","us_sex","north_america","Maryland","Maryland","MD","0-44","female","monthly","2023-08-31","legacy","North_America/sex-stratified/USA/fitted_model/Maryland_age_0-44_sex_F.rda","cdc_wonder_sex","historical_compact_prediction","available",
"us__us-sex__maryland__0-44__male","us_sex","north_america","Maryland","Maryland","MD","0-44","male","monthly","2023-08-31","legacy","North_America/sex-stratified/USA/fitted_model/Maryland_age_0-44_sex_M.rda","cdc_wonder_sex","historical_compact_prediction","available",
"us__us-sex__maryland__45-64__female","us_sex","north_america","Maryland","Maryland","MD","45-64","female","monthly","2023-08-31","legacy","North_America/sex-stratified/USA/fitted_model/Maryland_age_45-64_sex_F.rda","cdc_wonder_sex","historical_compact_prediction","available",
"us__us-sex__maryland__45-64__male","us_sex","north_america","Maryland","Maryland","MD","45-64","male","monthly","2023-08-31","legacy","North_America/sex-stratified/USA/fitted_model/Maryland_age_45-64_sex_M.rda","cdc_wonder_sex","historical_compact_prediction","available",
"us__us-sex__maryland__65-84__female","us_sex","north_america","Maryland","Maryland","MD","65-84","female","monthly","2023-08-31","legacy","North_America/sex-stratified/USA/fitted_model/Maryland_age_65-84_sex_F.rda","cdc_wonder_sex","historical_compact_prediction","available",
"us__us-sex__maryland__65-84__male","us_sex","north_america","Maryland","Maryland","MD","65-84","male","monthly","2023-08-31","legacy","North_America/sex-stratified/USA/fitted_model/Maryland_age_65-84_sex_M.rda","cdc_wonder_sex","historical_compact_prediction","available",
"us__us-sex__maryland__ge85__female","us_sex","north_america","Maryland","Maryland","MD","GE85","female","monthly","2023-08-31","legacy","North_America/sex-stratified/USA/fitted_model/Maryland_age_Over 85_sex_F.rda","cdc_wonder_sex","historical_compact_prediction","available",
"us__us-sex__maryland__ge85__male","us_sex","north_america","Maryland","Maryland","MD","GE85","male","monthly","2023-08-31","legacy","North_America/sex-stratified/USA/fitted_model/Maryland_age_Over 85_sex_M.rda","cdc_wonder_sex","historical_compact_prediction","available",
"us__us-sex__massachusetts__0-44__female","us_sex","north_america","Massachusetts","Massachusetts","MA","0-44","female","monthly","2023-08-31","legacy","North_America/sex-stratified/USA/fitted_model/Massachusetts_age_0-44_sex_F.rda","cdc_wonder_sex","historical_compact_prediction","available",
"us__us-sex__massachusetts__0-44__male","us_sex","north_america","Massachusetts","Massachusetts","MA","0-44","male","monthly","2023-08-31","legacy","North_America/sex-stratified/USA/fitted_model/Massachusetts_age_0-44_sex_M.rda","cdc_wonder_sex","historical_compact_prediction","available",
"us__us-sex__massachusetts__45-64__female","us_sex","north_america","Massachusetts","Massachusetts","MA","45-64","female","monthly","2023-08-31","legacy","North_America/sex-stratified/USA/fitted_model/Massachusetts_age_45-64_sex_F.rda","cdc_wonder_sex","historical_compact_prediction","available",
"us__us-sex__massachusetts__45-64__male","us_sex","north_america","Massachusetts","Massachusetts","MA","45-64","male","monthly","2023-08-31","legacy","North_America/sex-stratified/USA/fitted_model/Massachusetts_age_45-64_sex_M.rda","cdc_wonder_sex","historical_compact_prediction","available",
"us__us-sex__massachusetts__65-84__female","us_sex","north_america","Massachusetts","Massachusetts","MA","65-84","female","monthly","2023-08-31","legacy","North_America/sex-stratified/USA/fitted_model/Massachusetts_age_65-84_sex_F.rda","cdc_wonder_sex","historical_compact_prediction","available",
"us__us-sex__massachusetts__65-84__male","us_sex","north_america","Massachusetts","Massachusetts","MA","65-84","male","monthly","2023-08-31","legacy","North_America/sex-stratified/USA/fitted_model/Massachusetts_age_65-84_sex_M.rda","cdc_wonder_sex","historical_compact_prediction","available",
"us__us-sex__massachusetts__ge85__female","us_sex","north_america","Massachusetts","Massachusetts","MA","GE85","female","monthly","2023-08-31","legacy","North_America/sex-stratified/USA/fitted_model/Massachusetts_age_Over 85_sex_F.rda","cdc_wonder_sex","historical_compact_prediction","available",
"us__us-sex__massachusetts__ge85__male","us_sex","north_america","Massachusetts","Massachusetts","MA","GE85","male","monthly","2023-08-31","legacy","North_America/sex-stratified/USA/fitted_model/Massachusetts_age_Over 85_sex_M.rda","cdc_wonder_sex","historical_compact_prediction","available",
"us__us-sex__michigan__0-44__female","us_sex","north_america","Michigan","Michigan","MI","0-44","female","monthly","2023-08-31","legacy","North_America/sex-stratified/USA/fitted_model/Michigan_age_0-44_sex_F.rda","cdc_wonder_sex","historical_compact_prediction","available",
"us__us-sex__michigan__0-44__male","us_sex","north_america","Michigan","Michigan","MI","0-44","male","monthly","2023-08-31","legacy","North_America/sex-stratified/USA/fitted_model/Michigan_age_0-44_sex_M.rda","cdc_wonder_sex","historical_compact_prediction","available",
"us__us-sex__michigan__45-64__female","us_sex","north_america","Michigan","Michigan","MI","45-64","female","monthly","2023-08-31","legacy","North_America/sex-stratified/USA/fitted_model/Michigan_age_45-64_sex_F.rda","cdc_wonder_sex","historical_compact_prediction","available",
"us__us-sex__michigan__45-64__male","us_sex","north_america","Michigan","Michigan","MI","45-64","male","monthly","2023-08-31","legacy","North_America/sex-stratified/USA/fitted_model/Michigan_age_45-64_sex_M.rda","cdc_wonder_sex","historical_compact_prediction","available",
"us__us-sex__michigan__65-84__female","us_sex","north_america","Michigan","Michigan","MI","65-84","female","monthly","2023-08-31","legacy","North_America/sex-stratified/USA/fitted_model/Michigan_age_65-84_sex_F.rda","cdc_wonder_sex","historical_compact_prediction","available",
"us__us-sex__michigan__65-84__male","us_sex","north_america","Michigan","Michigan","MI","65-84","male","monthly","2023-08-31","legacy","North_America/sex-stratified/USA/fitted_model/Michigan_age_65-84_sex_M.rda","cdc_wonder_sex","historical_compact_prediction","available",
"us__us-sex__michigan__ge85__female","us_sex","north_america","Michigan","Michigan","MI","GE85","female","monthly","2023-08-31","legacy","North_America/sex-stratified/USA/fitted_model/Michigan_age_Over 85_sex_F.rda","cdc_wonder_sex","historical_compact_prediction","available",
"us__us-sex__michigan__ge85__male","us_sex","north_america","Michigan","Michigan","MI","GE85","male","monthly","2023-08-31","legacy","North_America/sex-stratified/USA/fitted_model/Michigan_age_Over 85_sex_M.rda","cdc_wonder_sex","historical_compact_prediction","available",
"us__us-sex__minnesota__0-44__female","us_sex","north_america","Minnesota","Minnesota","MN","0-44","female","monthly","2023-08-31","legacy","North_America/sex-stratified/USA/fitted_model/Minnesota_age_0-44_sex_F.rda","cdc_wonder_sex","historical_compact_prediction","available",
"us__us-sex__minnesota__0-44__male","us_sex","north_america","Minnesota","Minnesota","MN","0-44","male","monthly","2023-08-31","legacy","North_America/sex-stratified/USA/fitted_model/Minnesota_age_0-44_sex_M.rda","cdc_wonder_sex","historical_compact_prediction","available",
"us__us-sex__minnesota__45-64__female","us_sex","north_america","Minnesota","Minnesota","MN","45-64","female","monthly","2023-08-31","legacy","North_America/sex-stratified/USA/fitted_model/Minnesota_age_45-64_sex_F.rda","cdc_wonder_sex","historical_compact_prediction","available",
"us__us-sex__minnesota__45-64__male","us_sex","north_america","Minnesota","Minnesota","MN","45-64","male","monthly","2023-08-31","legacy","North_America/sex-stratified/USA/fitted_model/Minnesota_age_45-64_sex_M.rda","cdc_wonder_sex","historical_compact_prediction","available",
"us__us-sex__minnesota__65-84__female","us_sex","north_america","Minnesota","Minnesota","MN","65-84","female","monthly","2023-08-31","legacy","North_America/sex-stratified/USA/fitted_model/Minnesota_age_65-84_sex_F.rda","cdc_wonder_sex","historical_compact_prediction","available",
"us__us-sex__minnesota__65-84__male","us_sex","north_america","Minnesota","Minnesota","MN","65-84","male","monthly","2023-08-31","legacy","North_America/sex-stratified/USA/fitted_model/Minnesota_age_65-84_sex_M.rda","cdc_wonder_sex","historical_compact_prediction","available",
"us__us-sex__minnesota__ge85__female","us_sex","north_america","Minnesota","Minnesota","MN","GE85","female","monthly","2023-08-31","legacy","North_America/sex-stratified/USA/fitted_model/Minnesota_age_Over 85_sex_F.rda","cdc_wonder_sex","historical_compact_prediction","available",
"us__us-sex__minnesota__ge85__male","us_sex","north_america","Minnesota","Minnesota","MN","GE85","male","monthly","2023-08-31","legacy","North_America/sex-stratified/USA/fitted_model/Minnesota_age_Over 85_sex_M.rda","cdc_wonder_sex","historical_compact_prediction","available",
"us__us-sex__mississippi__0-44__female","us_sex","north_america","Mississippi","Mississippi","MS","0-44","female","monthly","2023-08-31","legacy","North_America/sex-stratified/USA/fitted_model/Mississippi_age_0-44_sex_F.rda","cdc_wonder_sex","historical_compact_prediction","available",
"us__us-sex__mississippi__0-44__male","us_sex","north_america","Mississippi","Mississippi","MS","0-44","male","monthly","2023-08-31","legacy","North_America/sex-stratified/USA/fitted_model/Mississippi_age_0-44_sex_M.rda","cdc_wonder_sex","historical_compact_prediction","available",
"us__us-sex__mississippi__45-64__female","us_sex","north_america","Mississippi","Mississippi","MS","45-64","female","monthly","2023-08-31","legacy","North_America/sex-stratified/USA/fitted_model/Mississippi_age_45-64_sex_F.rda","cdc_wonder_sex","historical_compact_prediction","available",
"us__us-sex__mississippi__45-64__male","us_sex","north_america","Mississippi","Mississippi","MS","45-64","male","monthly","2023-08-31","legacy","North_America/sex-stratified/USA/fitted_model/Mississippi_age_45-64_sex_M.rda","cdc_wonder_sex","historical_compact_prediction","available",
"us__us-sex__mississippi__65-84__female","us_sex","north_america","Mississippi","Mississippi","MS","65-84","female","monthly","2023-08-31","legacy","North_America/sex-stratified/USA/fitted_model/Mississippi_age_65-84_sex_F.rda","cdc_wonder_sex","historical_compact_prediction","available",
"us__us-sex__mississippi__65-84__male","us_sex","north_america","Mississippi","Mississippi","MS","65-84","male","monthly","2023-08-31","legacy","North_America/sex-stratified/USA/fitted_model/Mississippi_age_65-84_sex_M.rda","cdc_wonder_sex","historical_compact_prediction","available",
"us__us-sex__mississippi__ge85__female","us_sex","north_america","Mississippi","Mississippi","MS","GE85","female","monthly","2023-08-31","legacy","North_America/sex-stratified/USA/fitted_model/Mississippi_age_Over 85_sex_F.rda","cdc_wonder_sex","historical_compact_prediction","available",
"us__us-sex__mississippi__ge85__male","us_sex","north_america","Mississippi","Mississippi","MS","GE85","male","monthly","2023-08-31","legacy","North_America/sex-stratified/USA/fitted_model/Mississippi_age_Over 85_sex_M.rda","cdc_wonder_sex","historical_compact_prediction","available",
"us__us-sex__missouri__0-44__female","us_sex","north_america","Missouri","Missouri","MO","0-44","female","monthly","2023-08-31","legacy","North_America/sex-stratified/USA/fitted_model/Missouri_age_0-44_sex_F.rda","cdc_wonder_sex","historical_compact_prediction","available",
"us__us-sex__missouri__0-44__male","us_sex","north_america","Missouri","Missouri","MO","0-44","male","monthly","2023-08-31","legacy","North_America/sex-stratified/USA/fitted_model/Missouri_age_0-44_sex_M.rda","cdc_wonder_sex","historical_compact_prediction","available",
"us__us-sex__missouri__45-64__female","us_sex","north_america","Missouri","Missouri","MO","45-64","female","monthly","2023-08-31","legacy","North_America/sex-stratified/USA/fitted_model/Missouri_age_45-64_sex_F.rda","cdc_wonder_sex","historical_compact_prediction","available",
"us__us-sex__missouri__45-64__male","us_sex","north_america","Missouri","Missouri","MO","45-64","male","monthly","2023-08-31","legacy","North_America/sex-stratified/USA/fitted_model/Missouri_age_45-64_sex_M.rda","cdc_wonder_sex","historical_compact_prediction","available",
"us__us-sex__missouri__65-84__female","us_sex","north_america","Missouri","Missouri","MO","65-84","female","monthly","2023-08-31","legacy","North_America/sex-stratified/USA/fitted_model/Missouri_age_65-84_sex_F.rda","cdc_wonder_sex","historical_compact_prediction","available",
"us__us-sex__missouri__65-84__male","us_sex","north_america","Missouri","Missouri","MO","65-84","male","monthly","2023-08-31","legacy","North_America/sex-stratified/USA/fitted_model/Missouri_age_65-84_sex_M.rda","cdc_wonder_sex","historical_compact_prediction","available",
"us__us-sex__missouri__ge85__female","us_sex","north_america","Missouri","Missouri","MO","GE85","female","monthly","2023-08-31","legacy","North_America/sex-stratified/USA/fitted_model/Missouri_age_Over 85_sex_F.rda","cdc_wonder_sex","historical_compact_prediction","available",
"us__us-sex__missouri__ge85__male","us_sex","north_america","Missouri","Missouri","MO","GE85","male","monthly","2023-08-31","legacy","North_America/sex-stratified/USA/fitted_model/Missouri_age_Over 85_sex_M.rda","cdc_wonder_sex","historical_compact_prediction","available",
"us__us-sex__montana__0-44__female","us_sex","north_america","Montana","Montana","MT","0-44","female","monthly","2023-08-31","legacy","North_America/sex-stratified/USA/fitted_model/Montana_age_0-44_sex_F.rda","cdc_wonder_sex","historical_compact_prediction","available",
"us__us-sex__montana__0-44__male","us_sex","north_america","Montana","Montana","MT","0-44","male","monthly","2023-08-31","legacy","North_America/sex-stratified/USA/fitted_model/Montana_age_0-44_sex_M.rda","cdc_wonder_sex","historical_compact_prediction","available",
"us__us-sex__montana__45-64__female","us_sex","north_america","Montana","Montana","MT","45-64","female","monthly","2023-08-31","legacy","North_America/sex-stratified/USA/fitted_model/Montana_age_45-64_sex_F.rda","cdc_wonder_sex","historical_compact_prediction","available",
"us__us-sex__montana__45-64__male","us_sex","north_america","Montana","Montana","MT","45-64","male","monthly","2023-08-31","legacy","North_America/sex-stratified/USA/fitted_model/Montana_age_45-64_sex_M.rda","cdc_wonder_sex","historical_compact_prediction","available",
"us__us-sex__montana__65-84__female","us_sex","north_america","Montana","Montana","MT","65-84","female","monthly","2023-08-31","legacy","North_America/sex-stratified/USA/fitted_model/Montana_age_65-84_sex_F.rda","cdc_wonder_sex","historical_compact_prediction","available",
"us__us-sex__montana__65-84__male","us_sex","north_america","Montana","Montana","MT","65-84","male","monthly","2023-08-31","legacy","North_America/sex-stratified/USA/fitted_model/Montana_age_65-84_sex_M.rda","cdc_wonder_sex","historical_compact_prediction","available",
"us__us-sex__montana__ge85__female","us_sex","north_america","Montana","Montana","MT","GE85","female","monthly","2023-08-31","legacy","North_America/sex-stratified/USA/fitted_model/Montana_age_Over 85_sex_F.rda","cdc_wonder_sex","historical_compact_prediction","available",
"us__us-sex__montana__ge85__male","us_sex","north_america","Montana","Montana","MT","GE85","male","monthly","2023-08-31","legacy","North_America/sex-stratified/USA/fitted_model/Montana_age_Over 85_sex_M.rda","cdc_wonder_sex","historical_compact_prediction","available",
"us__us-sex__nebraska__0-44__female","us_sex","north_america","Nebraska","Nebraska","NE","0-44","female","monthly","2023-08-31","legacy","North_America/sex-stratified/USA/fitted_model/Nebraska_age_0-44_sex_F.rda","cdc_wonder_sex","historical_compact_prediction","available",
"us__us-sex__nebraska__0-44__male","us_sex","north_america","Nebraska","Nebraska","NE","0-44","male","monthly","2023-08-31","legacy","North_America/sex-stratified/USA/fitted_model/Nebraska_age_0-44_sex_M.rda","cdc_wonder_sex","historical_compact_prediction","available",
"us__us-sex__nebraska__45-64__female","us_sex","north_america","Nebraska","Nebraska","NE","45-64","female","monthly","2023-08-31","legacy","North_America/sex-stratified/USA/fitted_model/Nebraska_age_45-64_sex_F.rda","cdc_wonder_sex","historical_compact_prediction","available",
"us__us-sex__nebraska__45-64__male","us_sex","north_america","Nebraska","Nebraska","NE","45-64","male","monthly","2023-08-31","legacy","North_America/sex-stratified/USA/fitted_model/Nebraska_age_45-64_sex_M.rda","cdc_wonder_sex","historical_compact_prediction","available",
"us__us-sex__nebraska__65-84__female","us_sex","north_america","Nebraska","Nebraska","NE","65-84","female","monthly","2023-08-31","legacy","North_America/sex-stratified/USA/fitted_model/Nebraska_age_65-84_sex_F.rda","cdc_wonder_sex","historical_compact_prediction","available",
"us__us-sex__nebraska__65-84__male","us_sex","north_america","Nebraska","Nebraska","NE","65-84","male","monthly","2023-08-31","legacy","North_America/sex-stratified/USA/fitted_model/Nebraska_age_65-84_sex_M.rda","cdc_wonder_sex","historical_compact_prediction","available",
"us__us-sex__nebraska__ge85__female","us_sex","north_america","Nebraska","Nebraska","NE","GE85","female","monthly","2023-08-31","legacy","North_America/sex-stratified/USA/fitted_model/Nebraska_age_Over 85_sex_F.rda","cdc_wonder_sex","historical_compact_prediction","available",
"us__us-sex__nebraska__ge85__male","us_sex","north_america","Nebraska","Nebraska","NE","GE85","male","monthly","2023-08-31","legacy","North_America/sex-stratified/USA/fitted_model/Nebraska_age_Over 85_sex_M.rda","cdc_wonder_sex","historical_compact_prediction","available",
"us__us-sex__nevada__0-44__female","us_sex","north_america","Nevada","Nevada","NV","0-44","female","monthly","2023-08-31","legacy","North_America/sex-stratified/USA/fitted_model/Nevada_age_0-44_sex_F.rda","cdc_wonder_sex","historical_compact_prediction","available",
"us__us-sex__nevada__0-44__male","us_sex","north_america","Nevada","Nevada","NV","0-44","male","monthly","2023-08-31","legacy","North_America/sex-stratified/USA/fitted_model/Nevada_age_0-44_sex_M.rda","cdc_wonder_sex","historical_compact_prediction","available",
"us__us-sex__nevada__45-64__female","us_sex","north_america","Nevada","Nevada","NV","45-64","female","monthly","2023-08-31","legacy","North_America/sex-stratified/USA/fitted_model/Nevada_age_45-64_sex_F.rda","cdc_wonder_sex","historical_compact_prediction","available",
"us__us-sex__nevada__45-64__male","us_sex","north_america","Nevada","Nevada","NV","45-64","male","monthly","2023-08-31","legacy","North_America/sex-stratified/USA/fitted_model/Nevada_age_45-64_sex_M.rda","cdc_wonder_sex","historical_compact_prediction","available",
"us__us-sex__nevada__65-84__female","us_sex","north_america","Nevada","Nevada","NV","65-84","female","monthly","2023-08-31","legacy","North_America/sex-stratified/USA/fitted_model/Nevada_age_65-84_sex_F.rda","cdc_wonder_sex","historical_compact_prediction","available",
"us__us-sex__nevada__65-84__male","us_sex","north_america","Nevada","Nevada","NV","65-84","male","monthly","2023-08-31","legacy","North_America/sex-stratified/USA/fitted_model/Nevada_age_65-84_sex_M.rda","cdc_wonder_sex","historical_compact_prediction","available",
"us__us-sex__nevada__ge85__female","us_sex","north_america","Nevada","Nevada","NV","GE85","female","monthly","2023-08-31","legacy","North_America/sex-stratified/USA/fitted_model/Nevada_age_Over 85_sex_F.rda","cdc_wonder_sex","historical_compact_prediction","available",
"us__us-sex__nevada__ge85__male","us_sex","north_america","Nevada","Nevada","NV","GE85","male","monthly","2023-08-31","legacy","North_America/sex-stratified/USA/fitted_model/Nevada_age_Over 85_sex_M.rda","cdc_wonder_sex","historical_compact_prediction","available",
"us__us-sex__new-hampshire__0-44__female","us_sex","north_america","New Hampshire","New Hampshire","NH","0-44","female","monthly","2023-08-31","legacy","North_America/sex-stratified/USA/fitted_model/New Hampshire_age_0-44_sex_F.rda","cdc_wonder_sex","historical_compact_prediction","available",
"us__us-sex__new-hampshire__0-44__male","us_sex","north_america","New Hampshire","New Hampshire","NH","0-44","male","monthly","2023-08-31","legacy","North_America/sex-stratified/USA/fitted_model/New Hampshire_age_0-44_sex_M.rda","cdc_wonder_sex","historical_compact_prediction","available",
"us__us-sex__new-hampshire__45-64__female","us_sex","north_america","New Hampshire","New Hampshire","NH","45-64","female","monthly","2023-08-31","legacy","North_America/sex-stratified/USA/fitted_model/New Hampshire_age_45-64_sex_F.rda","cdc_wonder_sex","historical_compact_prediction","available",
"us__us-sex__new-hampshire__45-64__male","us_sex","north_america","New Hampshire","New Hampshire","NH","45-64","male","monthly","2023-08-31","legacy","North_America/sex-stratified/USA/fitted_model/New Hampshire_age_45-64_sex_M.rda","cdc_wonder_sex","historical_compact_prediction","available",
"us__us-sex__new-hampshire__65-84__female","us_sex","north_america","New Hampshire","New Hampshire","NH","65-84","female","monthly","2023-08-31","legacy","North_America/sex-stratified/USA/fitted_model/New Hampshire_age_65-84_sex_F.rda","cdc_wonder_sex","historical_compact_prediction","available",
"us__us-sex__new-hampshire__65-84__male","us_sex","north_america","New Hampshire","New Hampshire","NH","65-84","male","monthly","2023-08-31","legacy","North_America/sex-stratified/USA/fitted_model/New Hampshire_age_65-84_sex_M.rda","cdc_wonder_sex","historical_compact_prediction","available",
"us__us-sex__new-hampshire__ge85__female","us_sex","north_america","New Hampshire","New Hampshire","NH","GE85","female","monthly","2023-08-31","legacy","North_America/sex-stratified/USA/fitted_model/New Hampshire_age_Over 85_sex_F.rda","cdc_wonder_sex","historical_compact_prediction","available",
"us__us-sex__new-hampshire__ge85__male","us_sex","north_america","New Hampshire","New Hampshire","NH","GE85","male","monthly","2023-08-31","legacy","North_America/sex-stratified/USA/fitted_model/New Hampshire_age_Over 85_sex_M.rda","cdc_wonder_sex","historical_compact_prediction","available",
"us__us-sex__new-jersey__0-44__female","us_sex","north_america","New Jersey","New Jersey","NJ","0-44","female","monthly","2023-08-31","legacy","North_America/sex-stratified/USA/fitted_model/New Jersey_age_0-44_sex_F.rda","cdc_wonder_sex","historical_compact_prediction","available",
"us__us-sex__new-jersey__0-44__male","us_sex","north_america","New Jersey","New Jersey","NJ","0-44","male","monthly","2023-08-31","legacy","North_America/sex-stratified/USA/fitted_model/New Jersey_age_0-44_sex_M.rda","cdc_wonder_sex","historical_compact_prediction","available",
"us__us-sex__new-jersey__45-64__female","us_sex","north_america","New Jersey","New Jersey","NJ","45-64","female","monthly","2023-08-31","legacy","North_America/sex-stratified/USA/fitted_model/New Jersey_age_45-64_sex_F.rda","cdc_wonder_sex","historical_compact_prediction","available",
"us__us-sex__new-jersey__45-64__male","us_sex","north_america","New Jersey","New Jersey","NJ","45-64","male","monthly","2023-08-31","legacy","North_America/sex-stratified/USA/fitted_model/New Jersey_age_45-64_sex_M.rda","cdc_wonder_sex","historical_compact_prediction","available",
"us__us-sex__new-jersey__65-84__female","us_sex","north_america","New Jersey","New Jersey","NJ","65-84","female","monthly","2023-08-31","legacy","North_America/sex-stratified/USA/fitted_model/New Jersey_age_65-84_sex_F.rda","cdc_wonder_sex","historical_compact_prediction","available",
"us__us-sex__new-jersey__65-84__male","us_sex","north_america","New Jersey","New Jersey","NJ","65-84","male","monthly","2023-08-31","legacy","North_America/sex-stratified/USA/fitted_model/New Jersey_age_65-84_sex_M.rda","cdc_wonder_sex","historical_compact_prediction","available",
"us__us-sex__new-jersey__ge85__female","us_sex","north_america","New Jersey","New Jersey","NJ","GE85","female","monthly","2023-08-31","legacy","North_America/sex-stratified/USA/fitted_model/New Jersey_age_Over 85_sex_F.rda","cdc_wonder_sex","historical_compact_prediction","available",
"us__us-sex__new-jersey__ge85__male","us_sex","north_america","New Jersey","New Jersey","NJ","GE85","male","monthly","2023-08-31","legacy","North_America/sex-stratified/USA/fitted_model/New Jersey_age_Over 85_sex_M.rda","cdc_wonder_sex","historical_compact_prediction","available",
"us__us-sex__new-mexico__0-44__female","us_sex","north_america","New Mexico","New Mexico","NM","0-44","female","monthly","2023-08-31","legacy","North_America/sex-stratified/USA/fitted_model/New Mexico_age_0-44_sex_F.rda","cdc_wonder_sex","historical_compact_prediction","available",
"us__us-sex__new-mexico__0-44__male","us_sex","north_america","New Mexico","New Mexico","NM","0-44","male","monthly","2023-08-31","legacy","North_America/sex-stratified/USA/fitted_model/New Mexico_age_0-44_sex_M.rda","cdc_wonder_sex","historical_compact_prediction","available",
"us__us-sex__new-mexico__45-64__female","us_sex","north_america","New Mexico","New Mexico","NM","45-64","female","monthly","2023-08-31","legacy","North_America/sex-stratified/USA/fitted_model/New Mexico_age_45-64_sex_F.rda","cdc_wonder_sex","historical_compact_prediction","available",
"us__us-sex__new-mexico__45-64__male","us_sex","north_america","New Mexico","New Mexico","NM","45-64","male","monthly","2023-08-31","legacy","North_America/sex-stratified/USA/fitted_model/New Mexico_age_45-64_sex_M.rda","cdc_wonder_sex","historical_compact_prediction","available",
"us__us-sex__new-mexico__65-84__female","us_sex","north_america","New Mexico","New Mexico","NM","65-84","female","monthly","2023-08-31","legacy","North_America/sex-stratified/USA/fitted_model/New Mexico_age_65-84_sex_F.rda","cdc_wonder_sex","historical_compact_prediction","available",
"us__us-sex__new-mexico__65-84__male","us_sex","north_america","New Mexico","New Mexico","NM","65-84","male","monthly","2023-08-31","legacy","North_America/sex-stratified/USA/fitted_model/New Mexico_age_65-84_sex_M.rda","cdc_wonder_sex","historical_compact_prediction","available",
"us__us-sex__new-mexico__ge85__female","us_sex","north_america","New Mexico","New Mexico","NM","GE85","female","monthly","2023-08-31","legacy","North_America/sex-stratified/USA/fitted_model/New Mexico_age_Over 85_sex_F.rda","cdc_wonder_sex","historical_compact_prediction","available",
"us__us-sex__new-mexico__ge85__male","us_sex","north_america","New Mexico","New Mexico","NM","GE85","male","monthly","2023-08-31","legacy","North_America/sex-stratified/USA/fitted_model/New Mexico_age_Over 85_sex_M.rda","cdc_wonder_sex","historical_compact_prediction","available",
"us__us-sex__new-york__0-44__female","us_sex","north_america","New York","New York","NY","0-44","female","monthly","2023-08-31","legacy","North_America/sex-stratified/USA/fitted_model/New York_age_0-44_sex_F.rda","cdc_wonder_sex","historical_compact_prediction","available",
"us__us-sex__new-york__0-44__male","us_sex","north_america","New York","New York","NY","0-44","male","monthly","2023-08-31","legacy","North_America/sex-stratified/USA/fitted_model/New York_age_0-44_sex_M.rda","cdc_wonder_sex","historical_compact_prediction","available",
"us__us-sex__new-york__45-64__female","us_sex","north_america","New York","New York","NY","45-64","female","monthly","2023-08-31","legacy","North_America/sex-stratified/USA/fitted_model/New York_age_45-64_sex_F.rda","cdc_wonder_sex","historical_compact_prediction","available",
"us__us-sex__new-york__45-64__male","us_sex","north_america","New York","New York","NY","45-64","male","monthly","2023-08-31","legacy","North_America/sex-stratified/USA/fitted_model/New York_age_45-64_sex_M.rda","cdc_wonder_sex","historical_compact_prediction","available",
"us__us-sex__new-york__65-84__female","us_sex","north_america","New York","New York","NY","65-84","female","monthly","2023-08-31","legacy","North_America/sex-stratified/USA/fitted_model/New York_age_65-84_sex_F.rda","cdc_wonder_sex","historical_compact_prediction","available",
"us__us-sex__new-york__65-84__male","us_sex","north_america","New York","New York","NY","65-84","male","monthly","2023-08-31","legacy","North_America/sex-stratified/USA/fitted_model/New York_age_65-84_sex_M.rda","cdc_wonder_sex","historical_compact_prediction","available",
"us__us-sex__new-york__ge85__female","us_sex","north_america","New York","New York","NY","GE85","female","monthly","2023-08-31","legacy","North_America/sex-stratified/USA/fitted_model/New York_age_Over 85_sex_F.rda","cdc_wonder_sex","historical_compact_prediction","available",
"us__us-sex__new-york__ge85__male","us_sex","north_america","New York","New York","NY","GE85","male","monthly","2023-08-31","legacy","North_America/sex-stratified/USA/fitted_model/New York_age_Over 85_sex_M.rda","cdc_wonder_sex","historical_compact_prediction","available",
"us__us-sex__north-carolina__0-44__female","us_sex","north_america","North Carolina","North Carolina","NC","0-44","female","monthly","2023-08-31","legacy","North_America/sex-stratified/USA/fitted_model/North Carolina_age_0-44_sex_F.rda","cdc_wonder_sex","historical_compact_prediction","available",
"us__us-sex__north-carolina__0-44__male","us_sex","north_america","North Carolina","North Carolina","NC","0-44","male","monthly","2023-08-31","legacy","North_America/sex-stratified/USA/fitted_model/North Carolina_age_0-44_sex_M.rda","cdc_wonder_sex","historical_compact_prediction","available",
"us__us-sex__north-carolina__45-64__female","us_sex","north_america","North Carolina","North Carolina","NC","45-64","female","monthly","2023-08-31","legacy","North_America/sex-stratified/USA/fitted_model/North Carolina_age_45-64_sex_F.rda","cdc_wonder_sex","historical_compact_prediction","available",
"us__us-sex__north-carolina__45-64__male","us_sex","north_america","North Carolina","North Carolina","NC","45-64","male","monthly","2023-08-31","legacy","North_America/sex-stratified/USA/fitted_model/North Carolina_age_45-64_sex_M.rda","cdc_wonder_sex","historical_compact_prediction","available",
"us__us-sex__north-carolina__65-84__female","us_sex","north_america","North Carolina","North Carolina","NC","65-84","female","monthly","2023-08-31","legacy","North_America/sex-stratified/USA/fitted_model/North Carolina_age_65-84_sex_F.rda","cdc_wonder_sex","historical_compact_prediction","available",
"us__us-sex__north-carolina__65-84__male","us_sex","north_america","North Carolina","North Carolina","NC","65-84","male","monthly","2023-08-31","legacy","North_America/sex-stratified/USA/fitted_model/North Carolina_age_65-84_sex_M.rda","cdc_wonder_sex","historical_compact_prediction","available",
"us__us-sex__north-carolina__ge85__female","us_sex","north_america","North Carolina","North Carolina","NC","GE85","female","monthly","2023-08-31","legacy","North_America/sex-stratified/USA/fitted_model/North Carolina_age_Over 85_sex_F.rda","cdc_wonder_sex","historical_compact_prediction","available",
"us__us-sex__north-carolina__ge85__male","us_sex","north_america","North Carolina","North Carolina","NC","GE85","male","monthly","2023-08-31","legacy","North_America/sex-stratified/USA/fitted_model/North Carolina_age_Over 85_sex_M.rda","cdc_wonder_sex","historical_compact_prediction","available",
"us__us-sex__north-dakota__0-44__female","us_sex","north_america","North Dakota","North Dakota","ND","0-44","female","monthly","2023-08-31","legacy","North_America/sex-stratified/USA/fitted_model/North Dakota_age_0-44_sex_F.rda","cdc_wonder_sex","historical_compact_prediction","available",
"us__us-sex__north-dakota__0-44__male","us_sex","north_america","North Dakota","North Dakota","ND","0-44","male","monthly","2023-08-31","legacy","North_America/sex-stratified/USA/fitted_model/North Dakota_age_0-44_sex_M.rda","cdc_wonder_sex","historical_compact_prediction","available",
"us__us-sex__north-dakota__45-64__female","us_sex","north_america","North Dakota","North Dakota","ND","45-64","female","monthly","2023-08-31","legacy","North_America/sex-stratified/USA/fitted_model/North Dakota_age_45-64_sex_F.rda","cdc_wonder_sex","historical_compact_prediction","available",
"us__us-sex__north-dakota__45-64__male","us_sex","north_america","North Dakota","North Dakota","ND","45-64","male","monthly","2023-08-31","legacy","North_America/sex-stratified/USA/fitted_model/North Dakota_age_45-64_sex_M.rda","cdc_wonder_sex","historical_compact_prediction","available",
"us__us-sex__north-dakota__65-84__female","us_sex","north_america","North Dakota","North Dakota","ND","65-84","female","monthly","2023-08-31","legacy","North_America/sex-stratified/USA/fitted_model/North Dakota_age_65-84_sex_F.rda","cdc_wonder_sex","historical_compact_prediction","available",
"us__us-sex__north-dakota__65-84__male","us_sex","north_america","North Dakota","North Dakota","ND","65-84","male","monthly","2023-08-31","legacy","North_America/sex-stratified/USA/fitted_model/North Dakota_age_65-84_sex_M.rda","cdc_wonder_sex","historical_compact_prediction","available",
"us__us-sex__north-dakota__ge85__female","us_sex","north_america","North Dakota","North Dakota","ND","GE85","female","monthly","2023-08-31","legacy","North_America/sex-stratified/USA/fitted_model/North Dakota_age_Over 85_sex_F.rda","cdc_wonder_sex","historical_compact_prediction","available",
"us__us-sex__north-dakota__ge85__male","us_sex","north_america","North Dakota","North Dakota","ND","GE85","male","monthly","2023-08-31","legacy","North_America/sex-stratified/USA/fitted_model/North Dakota_age_Over 85_sex_M.rda","cdc_wonder_sex","historical_compact_prediction","available",
"us__us-sex__ohio__0-44__female","us_sex","north_america","Ohio","Ohio","OH","0-44","female","monthly","2023-08-31","legacy","North_America/sex-stratified/USA/fitted_model/Ohio_age_0-44_sex_F.rda","cdc_wonder_sex","historical_compact_prediction","available",
"us__us-sex__ohio__0-44__male","us_sex","north_america","Ohio","Ohio","OH","0-44","male","monthly","2023-08-31","legacy","North_America/sex-stratified/USA/fitted_model/Ohio_age_0-44_sex_M.rda","cdc_wonder_sex","historical_compact_prediction","available",
"us__us-sex__ohio__45-64__female","us_sex","north_america","Ohio","Ohio","OH","45-64","female","monthly","2023-08-31","legacy","North_America/sex-stratified/USA/fitted_model/Ohio_age_45-64_sex_F.rda","cdc_wonder_sex","historical_compact_prediction","available",
"us__us-sex__ohio__45-64__male","us_sex","north_america","Ohio","Ohio","OH","45-64","male","monthly","2023-08-31","legacy","North_America/sex-stratified/USA/fitted_model/Ohio_age_45-64_sex_M.rda","cdc_wonder_sex","historical_compact_prediction","available",
"us__us-sex__ohio__65-84__female","us_sex","north_america","Ohio","Ohio","OH","65-84","female","monthly","2023-08-31","legacy","North_America/sex-stratified/USA/fitted_model/Ohio_age_65-84_sex_F.rda","cdc_wonder_sex","historical_compact_prediction","available",
"us__us-sex__ohio__65-84__male","us_sex","north_america","Ohio","Ohio","OH","65-84","male","monthly","2023-08-31","legacy","North_America/sex-stratified/USA/fitted_model/Ohio_age_65-84_sex_M.rda","cdc_wonder_sex","historical_compact_prediction","available",
"us__us-sex__ohio__ge85__female","us_sex","north_america","Ohio","Ohio","OH","GE85","female","monthly","2023-08-31","legacy","North_America/sex-stratified/USA/fitted_model/Ohio_age_Over 85_sex_F.rda","cdc_wonder_sex","historical_compact_prediction","available",
"us__us-sex__ohio__ge85__male","us_sex","north_america","Ohio","Ohio","OH","GE85","male","monthly","2023-08-31","legacy","North_America/sex-stratified/USA/fitted_model/Ohio_age_Over 85_sex_M.rda","cdc_wonder_sex","historical_compact_prediction","available",
"us__us-sex__oklahoma__0-44__female","us_sex","north_america","Oklahoma","Oklahoma","OK","0-44","female","monthly","2023-08-31","legacy","North_America/sex-stratified/USA/fitted_model/Oklahoma_age_0-44_sex_F.rda","cdc_wonder_sex","historical_compact_prediction","available",
"us__us-sex__oklahoma__0-44__male","us_sex","north_america","Oklahoma","Oklahoma","OK","0-44","male","monthly","2023-08-31","legacy","North_America/sex-stratified/USA/fitted_model/Oklahoma_age_0-44_sex_M.rda","cdc_wonder_sex","historical_compact_prediction","available",
"us__us-sex__oklahoma__45-64__female","us_sex","north_america","Oklahoma","Oklahoma","OK","45-64","female","monthly","2023-08-31","legacy","North_America/sex-stratified/USA/fitted_model/Oklahoma_age_45-64_sex_F.rda","cdc_wonder_sex","historical_compact_prediction","available",
"us__us-sex__oklahoma__45-64__male","us_sex","north_america","Oklahoma","Oklahoma","OK","45-64","male","monthly","2023-08-31","legacy","North_America/sex-stratified/USA/fitted_model/Oklahoma_age_45-64_sex_M.rda","cdc_wonder_sex","historical_compact_prediction","available",
"us__us-sex__oklahoma__65-84__female","us_sex","north_america","Oklahoma","Oklahoma","OK","65-84","female","monthly","2023-08-31","legacy","North_America/sex-stratified/USA/fitted_model/Oklahoma_age_65-84_sex_F.rda","cdc_wonder_sex","historical_compact_prediction","available",
"us__us-sex__oklahoma__65-84__male","us_sex","north_america","Oklahoma","Oklahoma","OK","65-84","male","monthly","2023-08-31","legacy","North_America/sex-stratified/USA/fitted_model/Oklahoma_age_65-84_sex_M.rda","cdc_wonder_sex","historical_compact_prediction","available",
"us__us-sex__oklahoma__ge85__female","us_sex","north_america","Oklahoma","Oklahoma","OK","GE85","female","monthly","2023-08-31","legacy","North_America/sex-stratified/USA/fitted_model/Oklahoma_age_Over 85_sex_F.rda","cdc_wonder_sex","historical_compact_prediction","available",
"us__us-sex__oklahoma__ge85__male","us_sex","north_america","Oklahoma","Oklahoma","OK","GE85","male","monthly","2023-08-31","legacy","North_America/sex-stratified/USA/fitted_model/Oklahoma_age_Over 85_sex_M.rda","cdc_wonder_sex","historical_compact_prediction","available",
"us__us-sex__oregon__0-44__female","us_sex","north_america","Oregon","Oregon","OR","0-44","female","monthly","2023-08-31","legacy","North_America/sex-stratified/USA/fitted_model/Oregon_age_0-44_sex_F.rda","cdc_wonder_sex","historical_compact_prediction","available",
"us__us-sex__oregon__0-44__male","us_sex","north_america","Oregon","Oregon","OR","0-44","male","monthly","2023-08-31","legacy","North_America/sex-stratified/USA/fitted_model/Oregon_age_0-44_sex_M.rda","cdc_wonder_sex","historical_compact_prediction","available",
"us__us-sex__oregon__45-64__female","us_sex","north_america","Oregon","Oregon","OR","45-64","female","monthly","2023-08-31","legacy","North_America/sex-stratified/USA/fitted_model/Oregon_age_45-64_sex_F.rda","cdc_wonder_sex","historical_compact_prediction","available",
"us__us-sex__oregon__45-64__male","us_sex","north_america","Oregon","Oregon","OR","45-64","male","monthly","2023-08-31","legacy","North_America/sex-stratified/USA/fitted_model/Oregon_age_45-64_sex_M.rda","cdc_wonder_sex","historical_compact_prediction","available",
"us__us-sex__oregon__65-84__female","us_sex","north_america","Oregon","Oregon","OR","65-84","female","monthly","2023-08-31","legacy","North_America/sex-stratified/USA/fitted_model/Oregon_age_65-84_sex_F.rda","cdc_wonder_sex","historical_compact_prediction","available",
"us__us-sex__oregon__65-84__male","us_sex","north_america","Oregon","Oregon","OR","65-84","male","monthly","2023-08-31","legacy","North_America/sex-stratified/USA/fitted_model/Oregon_age_65-84_sex_M.rda","cdc_wonder_sex","historical_compact_prediction","available",
"us__us-sex__oregon__ge85__female","us_sex","north_america","Oregon","Oregon","OR","GE85","female","monthly","2023-08-31","legacy","North_America/sex-stratified/USA/fitted_model/Oregon_age_Over 85_sex_F.rda","cdc_wonder_sex","historical_compact_prediction","available",
"us__us-sex__oregon__ge85__male","us_sex","north_america","Oregon","Oregon","OR","GE85","male","monthly","2023-08-31","legacy","North_America/sex-stratified/USA/fitted_model/Oregon_age_Over 85_sex_M.rda","cdc_wonder_sex","historical_compact_prediction","available",
"us__us-sex__pennsylvania__0-44__female","us_sex","north_america","Pennsylvania","Pennsylvania","PA","0-44","female","monthly","2023-08-31","legacy","North_America/sex-stratified/USA/fitted_model/Pennsylvania_age_0-44_sex_F.rda","cdc_wonder_sex","historical_compact_prediction","available",
"us__us-sex__pennsylvania__0-44__male","us_sex","north_america","Pennsylvania","Pennsylvania","PA","0-44","male","monthly","2023-08-31","legacy","North_America/sex-stratified/USA/fitted_model/Pennsylvania_age_0-44_sex_M.rda","cdc_wonder_sex","historical_compact_prediction","available",
"us__us-sex__pennsylvania__45-64__female","us_sex","north_america","Pennsylvania","Pennsylvania","PA","45-64","female","monthly","2023-08-31","legacy","North_America/sex-stratified/USA/fitted_model/Pennsylvania_age_45-64_sex_F.rda","cdc_wonder_sex","historical_compact_prediction","available",
"us__us-sex__pennsylvania__45-64__male","us_sex","north_america","Pennsylvania","Pennsylvania","PA","45-64","male","monthly","2023-08-31","legacy","North_America/sex-stratified/USA/fitted_model/Pennsylvania_age_45-64_sex_M.rda","cdc_wonder_sex","historical_compact_prediction","available",
"us__us-sex__pennsylvania__65-84__female","us_sex","north_america","Pennsylvania","Pennsylvania","PA","65-84","female","monthly","2023-08-31","legacy","North_America/sex-stratified/USA/fitted_model/Pennsylvania_age_65-84_sex_F.rda","cdc_wonder_sex","historical_compact_prediction","available",
"us__us-sex__pennsylvania__65-84__male","us_sex","north_america","Pennsylvania","Pennsylvania","PA","65-84","male","monthly","2023-08-31","legacy","North_America/sex-stratified/USA/fitted_model/Pennsylvania_age_65-84_sex_M.rda","cdc_wonder_sex","historical_compact_prediction","available",
"us__us-sex__pennsylvania__ge85__female","us_sex","north_america","Pennsylvania","Pennsylvania","PA","GE85","female","monthly","2023-08-31","legacy","North_America/sex-stratified/USA/fitted_model/Pennsylvania_age_Over 85_sex_F.rda","cdc_wonder_sex","historical_compact_prediction","available",
"us__us-sex__pennsylvania__ge85__male","us_sex","north_america","Pennsylvania","Pennsylvania","PA","GE85","male","monthly","2023-08-31","legacy","North_America/sex-stratified/USA/fitted_model/Pennsylvania_age_Over 85_sex_M.rda","cdc_wonder_sex","historical_compact_prediction","available",
"us__us-sex__rhode-island__0-44__female","us_sex","north_america","Rhode Island","Rhode Island","RI","0-44","female","monthly","2023-08-31","legacy","North_America/sex-stratified/USA/fitted_model/Rhode Island_age_0-44_sex_F.rda","cdc_wonder_sex","historical_compact_prediction","available",
"us__us-sex__rhode-island__0-44__male","us_sex","north_america","Rhode Island","Rhode Island","RI","0-44","male","monthly","2023-08-31","legacy","North_America/sex-stratified/USA/fitted_model/Rhode Island_age_0-44_sex_M.rda","cdc_wonder_sex","historical_compact_prediction","available",
"us__us-sex__rhode-island__45-64__female","us_sex","north_america","Rhode Island","Rhode Island","RI","45-64","female","monthly","2023-08-31","legacy","North_America/sex-stratified/USA/fitted_model/Rhode Island_age_45-64_sex_F.rda","cdc_wonder_sex","historical_compact_prediction","available",
"us__us-sex__rhode-island__45-64__male","us_sex","north_america","Rhode Island","Rhode Island","RI","45-64","male","monthly","2023-08-31","legacy","North_America/sex-stratified/USA/fitted_model/Rhode Island_age_45-64_sex_M.rda","cdc_wonder_sex","historical_compact_prediction","available",
"us__us-sex__rhode-island__65-84__female","us_sex","north_america","Rhode Island","Rhode Island","RI","65-84","female","monthly","2023-08-31","legacy","North_America/sex-stratified/USA/fitted_model/Rhode Island_age_65-84_sex_F.rda","cdc_wonder_sex","historical_compact_prediction","available",
"us__us-sex__rhode-island__65-84__male","us_sex","north_america","Rhode Island","Rhode Island","RI","65-84","male","monthly","2023-08-31","legacy","North_America/sex-stratified/USA/fitted_model/Rhode Island_age_65-84_sex_M.rda","cdc_wonder_sex","historical_compact_prediction","available",
"us__us-sex__rhode-island__ge85__female","us_sex","north_america","Rhode Island","Rhode Island","RI","GE85","female","monthly","2023-08-31","legacy","North_America/sex-stratified/USA/fitted_model/Rhode Island_age_Over 85_sex_F.rda","cdc_wonder_sex","historical_compact_prediction","available",
"us__us-sex__rhode-island__ge85__male","us_sex","north_america","Rhode Island","Rhode Island","RI","GE85","male","monthly","2023-08-31","legacy","North_America/sex-stratified/USA/fitted_model/Rhode Island_age_Over 85_sex_M.rda","cdc_wonder_sex","historical_compact_prediction","available",
"us__us-sex__south-carolina__0-44__female","us_sex","north_america","South Carolina","South Carolina","SC","0-44","female","monthly","2023-08-31","legacy","North_America/sex-stratified/USA/fitted_model/South Carolina_age_0-44_sex_F.rda","cdc_wonder_sex","historical_compact_prediction","available",
"us__us-sex__south-carolina__0-44__male","us_sex","north_america","South Carolina","South Carolina","SC","0-44","male","monthly","2023-08-31","legacy","North_America/sex-stratified/USA/fitted_model/South Carolina_age_0-44_sex_M.rda","cdc_wonder_sex","historical_compact_prediction","available",
"us__us-sex__south-carolina__45-64__female","us_sex","north_america","South Carolina","South Carolina","SC","45-64","female","monthly","2023-08-31","legacy","North_America/sex-stratified/USA/fitted_model/South Carolina_age_45-64_sex_F.rda","cdc_wonder_sex","historical_compact_prediction","available",
"us__us-sex__south-carolina__45-64__male","us_sex","north_america","South Carolina","South Carolina","SC","45-64","male","monthly","2023-08-31","legacy","North_America/sex-stratified/USA/fitted_model/South Carolina_age_45-64_sex_M.rda","cdc_wonder_sex","historical_compact_prediction","available",
"us__us-sex__south-carolina__65-84__female","us_sex","north_america","South Carolina","South Carolina","SC","65-84","female","monthly","2023-08-31","legacy","North_America/sex-stratified/USA/fitted_model/South Carolina_age_65-84_sex_F.rda","cdc_wonder_sex","historical_compact_prediction","available",
"us__us-sex__south-carolina__65-84__male","us_sex","north_america","South Carolina","South Carolina","SC","65-84","male","monthly","2023-08-31","legacy","North_America/sex-stratified/USA/fitted_model/South Carolina_age_65-84_sex_M.rda","cdc_wonder_sex","historical_compact_prediction","available",
"us__us-sex__south-carolina__ge85__female","us_sex","north_america","South Carolina","South Carolina","SC","GE85","female","monthly","2023-08-31","legacy","North_America/sex-stratified/USA/fitted_model/South Carolina_age_Over 85_sex_F.rda","cdc_wonder_sex","historical_compact_prediction","available",
"us__us-sex__south-carolina__ge85__male","us_sex","north_america","South Carolina","South Carolina","SC","GE85","male","monthly","2023-08-31","legacy","North_America/sex-stratified/USA/fitted_model/South Carolina_age_Over 85_sex_M.rda","cdc_wonder_sex","historical_compact_prediction","available",
"us__us-sex__south-dakota__0-44__female","us_sex","north_america","South Dakota","South Dakota","SD","0-44","female","monthly","2023-08-31","legacy","North_America/sex-stratified/USA/fitted_model/South Dakota_age_0-44_sex_F.rda","cdc_wonder_sex","historical_compact_prediction","available",
"us__us-sex__south-dakota__0-44__male","us_sex","north_america","South Dakota","South Dakota","SD","0-44","male","monthly","2023-08-31","legacy","North_America/sex-stratified/USA/fitted_model/South Dakota_age_0-44_sex_M.rda","cdc_wonder_sex","historical_compact_prediction","available",
"us__us-sex__south-dakota__45-64__female","us_sex","north_america","South Dakota","South Dakota","SD","45-64","female","monthly","2023-08-31","legacy","North_America/sex-stratified/USA/fitted_model/South Dakota_age_45-64_sex_F.rda","cdc_wonder_sex","historical_compact_prediction","available",
"us__us-sex__south-dakota__45-64__male","us_sex","north_america","South Dakota","South Dakota","SD","45-64","male","monthly","2023-08-31","legacy","North_America/sex-stratified/USA/fitted_model/South Dakota_age_45-64_sex_M.rda","cdc_wonder_sex","historical_compact_prediction","available",
"us__us-sex__south-dakota__65-84__female","us_sex","north_america","South Dakota","South Dakota","SD","65-84","female","monthly","2023-08-31","legacy","North_America/sex-stratified/USA/fitted_model/South Dakota_age_65-84_sex_F.rda","cdc_wonder_sex","historical_compact_prediction","available",
"us__us-sex__south-dakota__65-84__male","us_sex","north_america","South Dakota","South Dakota","SD","65-84","male","monthly","2023-08-31","legacy","North_America/sex-stratified/USA/fitted_model/South Dakota_age_65-84_sex_M.rda","cdc_wonder_sex","historical_compact_prediction","available",
"us__us-sex__south-dakota__ge85__female","us_sex","north_america","South Dakota","South Dakota","SD","GE85","female","monthly","2023-08-31","legacy","North_America/sex-stratified/USA/fitted_model/South Dakota_age_Over 85_sex_F.rda","cdc_wonder_sex","historical_compact_prediction","available",
"us__us-sex__south-dakota__ge85__male","us_sex","north_america","South Dakota","South Dakota","SD","GE85","male","monthly","2023-08-31","legacy","North_America/sex-stratified/USA/fitted_model/South Dakota_age_Over 85_sex_M.rda","cdc_wonder_sex","historical_compact_prediction","available",
"us__us-sex__tennessee__0-44__female","us_sex","north_america","Tennessee","Tennessee","TN","0-44","female","monthly","2023-08-31","legacy","North_America/sex-stratified/USA/fitted_model/Tennessee_age_0-44_sex_F.rda","cdc_wonder_sex","historical_compact_prediction","available",
"us__us-sex__tennessee__0-44__male","us_sex","north_america","Tennessee","Tennessee","TN","0-44","male","monthly","2023-08-31","legacy","North_America/sex-stratified/USA/fitted_model/Tennessee_age_0-44_sex_M.rda","cdc_wonder_sex","historical_compact_prediction","available",
"us__us-sex__tennessee__45-64__female","us_sex","north_america","Tennessee","Tennessee","TN","45-64","female","monthly","2023-08-31","legacy","North_America/sex-stratified/USA/fitted_model/Tennessee_age_45-64_sex_F.rda","cdc_wonder_sex","historical_compact_prediction","available",
"us__us-sex__tennessee__45-64__male","us_sex","north_america","Tennessee","Tennessee","TN","45-64","male","monthly","2023-08-31","legacy","North_America/sex-stratified/USA/fitted_model/Tennessee_age_45-64_sex_M.rda","cdc_wonder_sex","historical_compact_prediction","available",
"us__us-sex__tennessee__65-84__female","us_sex","north_america","Tennessee","Tennessee","TN","65-84","female","monthly","2023-08-31","legacy","North_America/sex-stratified/USA/fitted_model/Tennessee_age_65-84_sex_F.rda","cdc_wonder_sex","historical_compact_prediction","available",
"us__us-sex__tennessee__65-84__male","us_sex","north_america","Tennessee","Tennessee","TN","65-84","male","monthly","2023-08-31","legacy","North_America/sex-stratified/USA/fitted_model/Tennessee_age_65-84_sex_M.rda","cdc_wonder_sex","historical_compact_prediction","available",
"us__us-sex__tennessee__ge85__female","us_sex","north_america","Tennessee","Tennessee","TN","GE85","female","monthly","2023-08-31","legacy","North_America/sex-stratified/USA/fitted_model/Tennessee_age_Over 85_sex_F.rda","cdc_wonder_sex","historical_compact_prediction","available",
"us__us-sex__tennessee__ge85__male","us_sex","north_america","Tennessee","Tennessee","TN","GE85","male","monthly","2023-08-31","legacy","North_America/sex-stratified/USA/fitted_model/Tennessee_age_Over 85_sex_M.rda","cdc_wonder_sex","historical_compact_prediction","available",
"us__us-sex__texas__0-44__female","us_sex","north_america","Texas","Texas","TX","0-44","female","monthly","2023-08-31","legacy","North_America/sex-stratified/USA/fitted_model/Texas_age_0-44_sex_F.rda","cdc_wonder_sex","historical_compact_prediction","available",
"us__us-sex__texas__0-44__male","us_sex","north_america","Texas","Texas","TX","0-44","male","monthly","2023-08-31","legacy","North_America/sex-stratified/USA/fitted_model/Texas_age_0-44_sex_M.rda","cdc_wonder_sex","historical_compact_prediction","available",
"us__us-sex__texas__45-64__female","us_sex","north_america","Texas","Texas","TX","45-64","female","monthly","2023-08-31","legacy","North_America/sex-stratified/USA/fitted_model/Texas_age_45-64_sex_F.rda","cdc_wonder_sex","historical_compact_prediction","available",
"us__us-sex__texas__45-64__male","us_sex","north_america","Texas","Texas","TX","45-64","male","monthly","2023-08-31","legacy","North_America/sex-stratified/USA/fitted_model/Texas_age_45-64_sex_M.rda","cdc_wonder_sex","historical_compact_prediction","available",
"us__us-sex__texas__65-84__female","us_sex","north_america","Texas","Texas","TX","65-84","female","monthly","2023-08-31","legacy","North_America/sex-stratified/USA/fitted_model/Texas_age_65-84_sex_F.rda","cdc_wonder_sex","historical_compact_prediction","available",
"us__us-sex__texas__65-84__male","us_sex","north_america","Texas","Texas","TX","65-84","male","monthly","2023-08-31","legacy","North_America/sex-stratified/USA/fitted_model/Texas_age_65-84_sex_M.rda","cdc_wonder_sex","historical_compact_prediction","available",
"us__us-sex__texas__ge85__female","us_sex","north_america","Texas","Texas","TX","GE85","female","monthly","2023-08-31","legacy","North_America/sex-stratified/USA/fitted_model/Texas_age_Over 85_sex_F.rda","cdc_wonder_sex","historical_compact_prediction","available",
"us__us-sex__texas__ge85__male","us_sex","north_america","Texas","Texas","TX","GE85","male","monthly","2023-08-31","legacy","North_America/sex-stratified/USA/fitted_model/Texas_age_Over 85_sex_M.rda","cdc_wonder_sex","historical_compact_prediction","available",
"us__us-sex__utah__0-44__female","us_sex","north_america","Utah","Utah","UT","0-44","female","monthly","2023-08-31","legacy","North_America/sex-stratified/USA/fitted_model/Utah_age_0-44_sex_F.rda","cdc_wonder_sex","historical_compact_prediction","available",
"us__us-sex__utah__0-44__male","us_sex","north_america","Utah","Utah","UT","0-44","male","monthly","2023-08-31","legacy","North_America/sex-stratified/USA/fitted_model/Utah_age_0-44_sex_M.rda","cdc_wonder_sex","historical_compact_prediction","available",
"us__us-sex__utah__45-64__female","us_sex","north_america","Utah","Utah","UT","45-64","female","monthly","2023-08-31","legacy","North_America/sex-stratified/USA/fitted_model/Utah_age_45-64_sex_F.rda","cdc_wonder_sex","historical_compact_prediction","available",
"us__us-sex__utah__45-64__male","us_sex","north_america","Utah","Utah","UT","45-64","male","monthly","2023-08-31","legacy","North_America/sex-stratified/USA/fitted_model/Utah_age_45-64_sex_M.rda","cdc_wonder_sex","historical_compact_prediction","available",
"us__us-sex__utah__65-84__female","us_sex","north_america","Utah","Utah","UT","65-84","female","monthly","2023-08-31","legacy","North_America/sex-stratified/USA/fitted_model/Utah_age_65-84_sex_F.rda","cdc_wonder_sex","historical_compact_prediction","available",
"us__us-sex__utah__65-84__male","us_sex","north_america","Utah","Utah","UT","65-84","male","monthly","2023-08-31","legacy","North_America/sex-stratified/USA/fitted_model/Utah_age_65-84_sex_M.rda","cdc_wonder_sex","historical_compact_prediction","available",
"us__us-sex__utah__ge85__female","us_sex","north_america","Utah","Utah","UT","GE85","female","monthly","2023-08-31","legacy","North_America/sex-stratified/USA/fitted_model/Utah_age_Over 85_sex_F.rda","cdc_wonder_sex","historical_compact_prediction","available",
"us__us-sex__utah__ge85__male","us_sex","north_america","Utah","Utah","UT","GE85","male","monthly","2023-08-31","legacy","North_America/sex-stratified/USA/fitted_model/Utah_age_Over 85_sex_M.rda","cdc_wonder_sex","historical_compact_prediction","available",
"us__us-sex__vermont__0-44__female","us_sex","north_america","Vermont","Vermont","VT","0-44","female","monthly","2023-08-31","legacy","North_America/sex-stratified/USA/fitted_model/Vermont_age_0-44_sex_F.rda","cdc_wonder_sex","historical_compact_prediction","model_failed","Registered historical model failure"
"us__us-sex__vermont__0-44__male","us_sex","north_america","Vermont","Vermont","VT","0-44","male","monthly","2023-08-31","legacy","North_America/sex-stratified/USA/fitted_model/Vermont_age_0-44_sex_M.rda","cdc_wonder_sex","historical_compact_prediction","available",
"us__us-sex__vermont__45-64__female","us_sex","north_america","Vermont","Vermont","VT","45-64","female","monthly","2023-08-31","legacy","North_America/sex-stratified/USA/fitted_model/Vermont_age_45-64_sex_F.rda","cdc_wonder_sex","historical_compact_prediction","available",
"us__us-sex__vermont__45-64__male","us_sex","north_america","Vermont","Vermont","VT","45-64","male","monthly","2023-08-31","legacy","North_America/sex-stratified/USA/fitted_model/Vermont_age_45-64_sex_M.rda","cdc_wonder_sex","historical_compact_prediction","available",
"us__us-sex__vermont__65-84__female","us_sex","north_america","Vermont","Vermont","VT","65-84","female","monthly","2023-08-31","legacy","North_America/sex-stratified/USA/fitted_model/Vermont_age_65-84_sex_F.rda","cdc_wonder_sex","historical_compact_prediction","available",
"us__us-sex__vermont__65-84__male","us_sex","north_america","Vermont","Vermont","VT","65-84","male","monthly","2023-08-31","legacy","North_America/sex-stratified/USA/fitted_model/Vermont_age_65-84_sex_M.rda","cdc_wonder_sex","historical_compact_prediction","available",
"us__us-sex__vermont__ge85__female","us_sex","north_america","Vermont","Vermont","VT","GE85","female","monthly","2023-08-31","legacy","North_America/sex-stratified/USA/fitted_model/Vermont_age_Over 85_sex_F.rda","cdc_wonder_sex","historical_compact_prediction","available",
"us__us-sex__vermont__ge85__male","us_sex","north_america","Vermont","Vermont","VT","GE85","male","monthly","2023-08-31","legacy","North_America/sex-stratified/USA/fitted_model/Vermont_age_Over 85_sex_M.rda","cdc_wonder_sex","historical_compact_prediction","available",
"us__us-sex__virginia__0-44__female","us_sex","north_america","Virginia","Virginia","VA","0-44","female","monthly","2023-08-31","legacy","North_America/sex-stratified/USA/fitted_model/Virginia_age_0-44_sex_F.rda","cdc_wonder_sex","historical_compact_prediction","available",
"us__us-sex__virginia__0-44__male","us_sex","north_america","Virginia","Virginia","VA","0-44","male","monthly","2023-08-31","legacy","North_America/sex-stratified/USA/fitted_model/Virginia_age_0-44_sex_M.rda","cdc_wonder_sex","historical_compact_prediction","available",
"us__us-sex__virginia__45-64__female","us_sex","north_america","Virginia","Virginia","VA","45-64","female","monthly","2023-08-31","legacy","North_America/sex-stratified/USA/fitted_model/Virginia_age_45-64_sex_F.rda","cdc_wonder_sex","historical_compact_prediction","available",
"us__us-sex__virginia__45-64__male","us_sex","north_america","Virginia","Virginia","VA","45-64","male","monthly","2023-08-31","legacy","North_America/sex-stratified/USA/fitted_model/Virginia_age_45-64_sex_M.rda","cdc_wonder_sex","historical_compact_prediction","available",
"us__us-sex__virginia__65-84__female","us_sex","north_america","Virginia","Virginia","VA","65-84","female","monthly","2023-08-31","legacy","North_America/sex-stratified/USA/fitted_model/Virginia_age_65-84_sex_F.rda","cdc_wonder_sex","historical_compact_prediction","available",
"us__us-sex__virginia__65-84__male","us_sex","north_america","Virginia","Virginia","VA","65-84","male","monthly","2023-08-31","legacy","North_America/sex-stratified/USA/fitted_model/Virginia_age_65-84_sex_M.rda","cdc_wonder_sex","historical_compact_prediction","available",
"us__us-sex__virginia__ge85__female","us_sex","north_america","Virginia","Virginia","VA","GE85","female","monthly","2023-08-31","legacy","North_America/sex-stratified/USA/fitted_model/Virginia_age_Over 85_sex_F.rda","cdc_wonder_sex","historical_compact_prediction","available",
"us__us-sex__virginia__ge85__male","us_sex","north_america","Virginia","Virginia","VA","GE85","male","monthly","2023-08-31","legacy","North_America/sex-stratified/USA/fitted_model/Virginia_age_Over 85_sex_M.rda","cdc_wonder_sex","historical_compact_prediction","available",
"us__us-sex__washington__0-44__female","us_sex","north_america","Washington","Washington","WA","0-44","female","monthly","2023-08-31","legacy","North_America/sex-stratified/USA/fitted_model/Washington_age_0-44_sex_F.rda","cdc_wonder_sex","historical_compact_prediction","available",
"us__us-sex__washington__0-44__male","us_sex","north_america","Washington","Washington","WA","0-44","male","monthly","2023-08-31","legacy","North_America/sex-stratified/USA/fitted_model/Washington_age_0-44_sex_M.rda","cdc_wonder_sex","historical_compact_prediction","available",
"us__us-sex__washington__45-64__female","us_sex","north_america","Washington","Washington","WA","45-64","female","monthly","2023-08-31","legacy","North_America/sex-stratified/USA/fitted_model/Washington_age_45-64_sex_F.rda","cdc_wonder_sex","historical_compact_prediction","available",
"us__us-sex__washington__45-64__male","us_sex","north_america","Washington","Washington","WA","45-64","male","monthly","2023-08-31","legacy","North_America/sex-stratified/USA/fitted_model/Washington_age_45-64_sex_M.rda","cdc_wonder_sex","historical_compact_prediction","available",
"us__us-sex__washington__65-84__female","us_sex","north_america","Washington","Washington","WA","65-84","female","monthly","2023-08-31","legacy","North_America/sex-stratified/USA/fitted_model/Washington_age_65-84_sex_F.rda","cdc_wonder_sex","historical_compact_prediction","available",
"us__us-sex__washington__65-84__male","us_sex","north_america","Washington","Washington","WA","65-84","male","monthly","2023-08-31","legacy","North_America/sex-stratified/USA/fitted_model/Washington_age_65-84_sex_M.rda","cdc_wonder_sex","historical_compact_prediction","available",
"us__us-sex__washington__ge85__female","us_sex","north_america","Washington","Washington","WA","GE85","female","monthly","2023-08-31","legacy","North_America/sex-stratified/USA/fitted_model/Washington_age_Over 85_sex_F.rda","cdc_wonder_sex","historical_compact_prediction","available",
"us__us-sex__washington__ge85__male","us_sex","north_america","Washington","Washington","WA","GE85","male","monthly","2023-08-31","legacy","North_America/sex-stratified/USA/fitted_model/Washington_age_Over 85_sex_M.rda","cdc_wonder_sex","historical_compact_prediction","available",
"us__us-sex__west-virginia__0-44__female","us_sex","north_america","West Virginia","West Virginia","WV","0-44","female","monthly","2023-08-31","legacy","North_America/sex-stratified/USA/fitted_model/West Virginia_age_0-44_sex_F.rda","cdc_wonder_sex","historical_compact_prediction","available",
"us__us-sex__west-virginia__0-44__male","us_sex","north_america","West Virginia","West Virginia","WV","0-44","male","monthly","2023-08-31","legacy","North_America/sex-stratified/USA/fitted_model/West Virginia_age_0-44_sex_M.rda","cdc_wonder_sex","historical_compact_prediction","available",
"us__us-sex__west-virginia__45-64__female","us_sex","north_america","West Virginia","West Virginia","WV","45-64","female","monthly","2023-08-31","legacy","North_America/sex-stratified/USA/fitted_model/West Virginia_age_45-64_sex_F.rda","cdc_wonder_sex","historical_compact_prediction","available",
"us__us-sex__west-virginia__45-64__male","us_sex","north_america","West Virginia","West Virginia","WV","45-64","male","monthly","2023-08-31","legacy","North_America/sex-stratified/USA/fitted_model/West Virginia_age_45-64_sex_M.rda","cdc_wonder_sex","historical_compact_prediction","available",
"us__us-sex__west-virginia__65-84__female","us_sex","north_america","West Virginia","West Virginia","WV","65-84","female","monthly","2023-08-31","legacy","North_America/sex-stratified/USA/fitted_model/West Virginia_age_65-84_sex_F.rda","cdc_wonder_sex","historical_compact_prediction","available",
"us__us-sex__west-virginia__65-84__male","us_sex","north_america","West Virginia","West Virginia","WV","65-84","male","monthly","2023-08-31","legacy","North_America/sex-stratified/USA/fitted_model/West Virginia_age_65-84_sex_M.rda","cdc_wonder_sex","historical_compact_prediction","available",
"us__us-sex__west-virginia__ge85__female","us_sex","north_america","West Virginia","West Virginia","WV","GE85","female","monthly","2023-08-31","legacy","North_America/sex-stratified/USA/fitted_model/West Virginia_age_Over 85_sex_F.rda","cdc_wonder_sex","historical_compact_prediction","available",
"us__us-sex__west-virginia__ge85__male","us_sex","north_america","West Virginia","West Virginia","WV","GE85","male","monthly","2023-08-31","legacy","North_America/sex-stratified/USA/fitted_model/West Virginia_age_Over 85_sex_M.rda","cdc_wonder_sex","historical_compact_prediction","available",
"us__us-sex__wisconsin__0-44__female","us_sex","north_america","Wisconsin","Wisconsin","WI","0-44","female","monthly","2023-08-31","legacy","North_America/sex-stratified/USA/fitted_model/Wisconsin_age_0-44_sex_F.rda","cdc_wonder_sex","historical_compact_prediction","available",
"us__us-sex__wisconsin__0-44__male","us_sex","north_america","Wisconsin","Wisconsin","WI","0-44","male","monthly","2023-08-31","legacy","North_America/sex-stratified/USA/fitted_model/Wisconsin_age_0-44_sex_M.rda","cdc_wonder_sex","historical_compact_prediction","available",
"us__us-sex__wisconsin__45-64__female","us_sex","north_america","Wisconsin","Wisconsin","WI","45-64","female","monthly","2023-08-31","legacy","North_America/sex-stratified/USA/fitted_model/Wisconsin_age_45-64_sex_F.rda","cdc_wonder_sex","historical_compact_prediction","available",
"us__us-sex__wisconsin__45-64__male","us_sex","north_america","Wisconsin","Wisconsin","WI","45-64","male","monthly","2023-08-31","legacy","North_America/sex-stratified/USA/fitted_model/Wisconsin_age_45-64_sex_M.rda","cdc_wonder_sex","historical_compact_prediction","available",
"us__us-sex__wisconsin__65-84__female","us_sex","north_america","Wisconsin","Wisconsin","WI","65-84","female","monthly","2023-08-31","legacy","North_America/sex-stratified/USA/fitted_model/Wisconsin_age_65-84_sex_F.rda","cdc_wonder_sex","historical_compact_prediction","available",
"us__us-sex__wisconsin__65-84__male","us_sex","north_america","Wisconsin","Wisconsin","WI","65-84","male","monthly","2023-08-31","legacy","North_America/sex-stratified/USA/fitted_model/Wisconsin_age_65-84_sex_M.rda","cdc_wonder_sex","historical_compact_prediction","available",
"us__us-sex__wisconsin__ge85__female","us_sex","north_america","Wisconsin","Wisconsin","WI","GE85","female","monthly","2023-08-31","legacy","North_America/sex-stratified/USA/fitted_model/Wisconsin_age_Over 85_sex_F.rda","cdc_wonder_sex","historical_compact_prediction","available",
"us__us-sex__wisconsin__ge85__male","us_sex","north_america","Wisconsin","Wisconsin","WI","GE85","male","monthly","2023-08-31","legacy","North_America/sex-stratified/USA/fitted_model/Wisconsin_age_Over 85_sex_M.rda","cdc_wonder_sex","historical_compact_prediction","available",
"us__us-sex__wyoming__0-44__female","us_sex","north_america","Wyoming","Wyoming","WY","0-44","female","monthly","2023-08-31","legacy","North_America/sex-stratified/USA/fitted_model/Wyoming_age_0-44_sex_F.rda","cdc_wonder_sex","historical_compact_prediction","available",
"us__us-sex__wyoming__0-44__male","us_sex","north_america","Wyoming","Wyoming","WY","0-44","male","monthly","2023-08-31","legacy","North_America/sex-stratified/USA/fitted_model/Wyoming_age_0-44_sex_M.rda","cdc_wonder_sex","historical_compact_prediction","available",
"us__us-sex__wyoming__45-64__female","us_sex","north_america","Wyoming","Wyoming","WY","45-64","female","monthly","2023-08-31","legacy","North_America/sex-stratified/USA/fitted_model/Wyoming_age_45-64_sex_F.rda","cdc_wonder_sex","historical_compact_prediction","available",
"us__us-sex__wyoming__45-64__male","us_sex","north_america","Wyoming","Wyoming","WY","45-64","male","monthly","2023-08-31","legacy","North_America/sex-stratified/USA/fitted_model/Wyoming_age_45-64_sex_M.rda","cdc_wonder_sex","historical_compact_prediction","available",
"us__us-sex__wyoming__65-84__female","us_sex","north_america","Wyoming","Wyoming","WY","65-84","female","monthly","2023-08-31","legacy","North_America/sex-stratified/USA/fitted_model/Wyoming_age_65-84_sex_F.rda","cdc_wonder_sex","historical_compact_prediction","available",
"us__us-sex__wyoming__65-84__male","us_sex","north_america","Wyoming","Wyoming","WY","65-84","male","monthly","2023-08-31","legacy","North_America/sex-stratified/USA/fitted_model/Wyoming_age_65-84_sex_M.rda","cdc_wonder_sex","historical_compact_prediction","available",
"us__us-sex__wyoming__ge85__female","us_sex","north_america","Wyoming","Wyoming","WY","GE85","female","monthly","2023-08-31","legacy","North_America/sex-stratified/USA/fitted_model/Wyoming_age_Over 85_sex_F.rda","cdc_wonder_sex","historical_compact_prediction","available",
"us__us-sex__wyoming__ge85__male","us_sex","north_america","Wyoming","Wyoming","WY","GE85","male","monthly","2023-08-31","legacy","North_America/sex-stratified/USA/fitted_model/Wyoming_age_Over 85_sex_M.rda","cdc_wonder_sex","historical_compact_prediction","available",
"canada__canada-non-sex__ab__0-44__total","canada_non_sex","north_america","AB","AB","AB","0-44","total","weekly",,"legacy","North_America/non-stratified/Canada/fitted_model/AB_age_0-44.rda","statcan_weekly","historical_compact_prediction","available",
"canada__canada-non-sex__ab__45-64__total","canada_non_sex","north_america","AB","AB","AB","45-64","total","weekly",,"legacy","North_America/non-stratified/Canada/fitted_model/AB_age_45-64.rda","statcan_weekly","historical_compact_prediction","available",
"canada__canada-non-sex__ab__65-84__total","canada_non_sex","north_america","AB","AB","AB","65-84","total","weekly",,"legacy","North_America/non-stratified/Canada/fitted_model/AB_age_65-84.rda","statcan_weekly","historical_compact_prediction","available",
"canada__canada-non-sex__ab__85plus__total","canada_non_sex","north_america","AB","AB","AB","85+","total","weekly",,"legacy","North_America/non-stratified/Canada/fitted_model/AB_age_over 85.rda","statcan_weekly","historical_compact_prediction","available",
"canada__canada-non-sex__bc__0-44__total","canada_non_sex","north_america","BC","BC","BC","0-44","total","weekly",,"legacy","North_America/non-stratified/Canada/fitted_model/BC_age_0-44.rda","statcan_weekly","historical_compact_prediction","available",
"canada__canada-non-sex__bc__45-64__total","canada_non_sex","north_america","BC","BC","BC","45-64","total","weekly",,"legacy","North_America/non-stratified/Canada/fitted_model/BC_age_45-64.rda","statcan_weekly","historical_compact_prediction","available",
"canada__canada-non-sex__bc__65-84__total","canada_non_sex","north_america","BC","BC","BC","65-84","total","weekly",,"legacy","North_America/non-stratified/Canada/fitted_model/BC_age_65-84.rda","statcan_weekly","historical_compact_prediction","available",
"canada__canada-non-sex__bc__85plus__total","canada_non_sex","north_america","BC","BC","BC","85+","total","weekly",,"legacy","North_America/non-stratified/Canada/fitted_model/BC_age_over 85.rda","statcan_weekly","historical_compact_prediction","available",
"canada__canada-non-sex__mb__0-44__total","canada_non_sex","north_america","MB","MB","MB","0-44","total","weekly",,"legacy","North_America/non-stratified/Canada/fitted_model/MB_age_0-44.rda","statcan_weekly","historical_compact_prediction","available",
"canada__canada-non-sex__mb__45-64__total","canada_non_sex","north_america","MB","MB","MB","45-64","total","weekly",,"legacy","North_America/non-stratified/Canada/fitted_model/MB_age_45-64.rda","statcan_weekly","historical_compact_prediction","available",
"canada__canada-non-sex__mb__65-84__total","canada_non_sex","north_america","MB","MB","MB","65-84","total","weekly",,"legacy","North_America/non-stratified/Canada/fitted_model/MB_age_65-84.rda","statcan_weekly","historical_compact_prediction","available",
"canada__canada-non-sex__mb__85plus__total","canada_non_sex","north_america","MB","MB","MB","85+","total","weekly",,"legacy","North_America/non-stratified/Canada/fitted_model/MB_age_over 85.rda","statcan_weekly","historical_compact_prediction","available",
"canada__canada-non-sex__nb__0-44__total","canada_non_sex","north_america","NB","NB","NB","0-44","total","weekly",,"legacy","North_America/non-stratified/Canada/fitted_model/NB_age_0-44.rda","statcan_weekly","historical_compact_prediction","available",
"canada__canada-non-sex__nb__45-64__total","canada_non_sex","north_america","NB","NB","NB","45-64","total","weekly",,"legacy","North_America/non-stratified/Canada/fitted_model/NB_age_45-64.rda","statcan_weekly","historical_compact_prediction","available",
"canada__canada-non-sex__nb__65-84__total","canada_non_sex","north_america","NB","NB","NB","65-84","total","weekly",,"legacy","North_America/non-stratified/Canada/fitted_model/NB_age_65-84.rda","statcan_weekly","historical_compact_prediction","available",
"canada__canada-non-sex__nb__85plus__total","canada_non_sex","north_america","NB","NB","NB","85+","total","weekly",,"legacy","North_America/non-stratified/Canada/fitted_model/NB_age_over 85.rda","statcan_weekly","historical_compact_prediction","available",
"canada__canada-non-sex__nl__0-44__total","canada_non_sex","north_america","NL","NL","NL","0-44","total","weekly",,"legacy","North_America/non-stratified/Canada/fitted_model/NL_age_0-44.rda","statcan_weekly","historical_compact_prediction","available",
"canada__canada-non-sex__nl__45-64__total","canada_non_sex","north_america","NL","NL","NL","45-64","total","weekly",,"legacy","North_America/non-stratified/Canada/fitted_model/NL_age_45-64.rda","statcan_weekly","historical_compact_prediction","available",
"canada__canada-non-sex__nl__65-84__total","canada_non_sex","north_america","NL","NL","NL","65-84","total","weekly",,"legacy","North_America/non-stratified/Canada/fitted_model/NL_age_65-84.rda","statcan_weekly","historical_compact_prediction","available",
"canada__canada-non-sex__nl__85plus__total","canada_non_sex","north_america","NL","NL","NL","85+","total","weekly",,"legacy","North_America/non-stratified/Canada/fitted_model/NL_age_over 85.rda","statcan_weekly","historical_compact_prediction","available",
"canada__canada-non-sex__ns__0-44__total","canada_non_sex","north_america","NS","NS","NS","0-44","total","weekly",,"legacy","North_America/non-stratified/Canada/fitted_model/NS_age_0-44.rda","statcan_weekly","historical_compact_prediction","available",
"canada__canada-non-sex__ns__45-64__total","canada_non_sex","north_america","NS","NS","NS","45-64","total","weekly",,"legacy","North_America/non-stratified/Canada/fitted_model/NS_age_45-64.rda","statcan_weekly","historical_compact_prediction","available",
"canada__canada-non-sex__ns__65-84__total","canada_non_sex","north_america","NS","NS","NS","65-84","total","weekly",,"legacy","North_America/non-stratified/Canada/fitted_model/NS_age_65-84.rda","statcan_weekly","historical_compact_prediction","available",
"canada__canada-non-sex__ns__85plus__total","canada_non_sex","north_america","NS","NS","NS","85+","total","weekly",,"legacy","North_America/non-stratified/Canada/fitted_model/NS_age_over 85.rda","statcan_weekly","historical_compact_prediction","available",
"canada__canada-non-sex__on__0-44__total","canada_non_sex","north_america","ON","ON","ON","0-44","total","weekly",,"legacy","North_America/non-stratified/Canada/fitted_model/ON_age_0-44.rda","statcan_weekly","historical_compact_prediction","available",
"canada__canada-non-sex__on__45-64__total","canada_non_sex","north_america","ON","ON","ON","45-64","total","weekly",,"legacy","North_America/non-stratified/Canada/fitted_model/ON_age_45-64.rda","statcan_weekly","historical_compact_prediction","available",
"canada__canada-non-sex__on__65-84__total","canada_non_sex","north_america","ON","ON","ON","65-84","total","weekly",,"legacy","North_America/non-stratified/Canada/fitted_model/ON_age_65-84.rda","statcan_weekly","historical_compact_prediction","available",
"canada__canada-non-sex__on__85plus__total","canada_non_sex","north_america","ON","ON","ON","85+","total","weekly",,"legacy","North_America/non-stratified/Canada/fitted_model/ON_age_over 85.rda","statcan_weekly","historical_compact_prediction","available",
"canada__canada-non-sex__pe__0-44__total","canada_non_sex","north_america","PE","PE","PE","0-44","total","weekly",,"legacy","North_America/non-stratified/Canada/fitted_model/PE_age_0-44.rda","statcan_weekly","historical_compact_prediction","available",
"canada__canada-non-sex__pe__45-64__total","canada_non_sex","north_america","PE","PE","PE","45-64","total","weekly",,"legacy","North_America/non-stratified/Canada/fitted_model/PE_age_45-64.rda","statcan_weekly","historical_compact_prediction","available",
"canada__canada-non-sex__pe__65-84__total","canada_non_sex","north_america","PE","PE","PE","65-84","total","weekly",,"legacy","North_America/non-stratified/Canada/fitted_model/PE_age_65-84.rda","statcan_weekly","historical_compact_prediction","available",
"canada__canada-non-sex__pe__85plus__total","canada_non_sex","north_america","PE","PE","PE","85+","total","weekly",,"legacy","North_America/non-stratified/Canada/fitted_model/PE_age_over 85.rda","statcan_weekly","historical_compact_prediction","available",
"canada__canada-non-sex__qc__0-44__total","canada_non_sex","north_america","QC","QC","QC","0-44","total","weekly",,"legacy","North_America/non-stratified/Canada/fitted_model/QC_age_0-44.rda","statcan_weekly","historical_compact_prediction","available",
"canada__canada-non-sex__qc__45-64__total","canada_non_sex","north_america","QC","QC","QC","45-64","total","weekly",,"legacy","North_America/non-stratified/Canada/fitted_model/QC_age_45-64.rda","statcan_weekly","historical_compact_prediction","available",
"canada__canada-non-sex__qc__65-84__total","canada_non_sex","north_america","QC","QC","QC","65-84","total","weekly",,"legacy","North_America/non-stratified/Canada/fitted_model/QC_age_65-84.rda","statcan_weekly","historical_compact_prediction","available",
"canada__canada-non-sex__qc__85plus__total","canada_non_sex","north_america","QC","QC","QC","85+","total","weekly",,"legacy","North_America/non-stratified/Canada/fitted_model/QC_age_over 85.rda","statcan_weekly","historical_compact_prediction","available",
"canada__canada-non-sex__sk__0-44__total","canada_non_sex","north_america","SK","SK","SK","0-44","total","weekly",,"legacy","North_America/non-stratified/Canada/fitted_model/SK_age_0-44.rda","statcan_weekly","historical_compact_prediction","available",
"canada__canada-non-sex__sk__45-64__total","canada_non_sex","north_america","SK","SK","SK","45-64","total","weekly",,"legacy","North_America/non-stratified/Canada/fitted_model/SK_age_45-64.rda","statcan_weekly","historical_compact_prediction","available",
"canada__canada-non-sex__sk__65-84__total","canada_non_sex","north_america","SK","SK","SK","65-84","total","weekly",,"legacy","North_America/non-stratified/Canada/fitted_model/SK_age_65-84.rda","statcan_weekly","historical_compact_prediction","available",
"canada__canada-non-sex__sk__85plus__total","canada_non_sex","north_america","SK","SK","SK","85+","total","weekly",,"legacy","North_America/non-stratified/Canada/fitted_model/SK_age_over 85.rda","statcan_weekly","historical_compact_prediction","available",
"canada__canada-sex__ab__0-44__female","canada_sex","north_america","AB","AB","AB","0-44","female","weekly",,"legacy","North_America/sex-stratified/Canada/fitted_model/AB_age_0-44_sex_Females.rda","statcan_weekly","historical_compact_prediction","available",
"canada__canada-sex__ab__0-44__male","canada_sex","north_america","AB","AB","AB","0-44","male","weekly",,"legacy","North_America/sex-stratified/Canada/fitted_model/AB_age_0-44_sex_Males.rda","statcan_weekly","historical_compact_prediction","available",
"canada__canada-sex__ab__45-64__female","canada_sex","north_america","AB","AB","AB","45-64","female","weekly",,"legacy","North_America/sex-stratified/Canada/fitted_model/AB_age_45-64_sex_Females.rda","statcan_weekly","historical_compact_prediction","available",
"canada__canada-sex__ab__45-64__male","canada_sex","north_america","AB","AB","AB","45-64","male","weekly",,"legacy","North_America/sex-stratified/Canada/fitted_model/AB_age_45-64_sex_Males.rda","statcan_weekly","historical_compact_prediction","available",
"canada__canada-sex__ab__65-84__female","canada_sex","north_america","AB","AB","AB","65-84","female","weekly",,"legacy","North_America/sex-stratified/Canada/fitted_model/AB_age_65-84_sex_Females.rda","statcan_weekly","historical_compact_prediction","available",
"canada__canada-sex__ab__65-84__male","canada_sex","north_america","AB","AB","AB","65-84","male","weekly",,"legacy","North_America/sex-stratified/Canada/fitted_model/AB_age_65-84_sex_Males.rda","statcan_weekly","historical_compact_prediction","available",
"canada__canada-sex__ab__85plus__female","canada_sex","north_america","AB","AB","AB","85+","female","weekly",,"legacy","North_America/sex-stratified/Canada/fitted_model/AB_age_over 85_sex_Females.rda","statcan_weekly","historical_compact_prediction","available",
"canada__canada-sex__ab__85plus__male","canada_sex","north_america","AB","AB","AB","85+","male","weekly",,"legacy","North_America/sex-stratified/Canada/fitted_model/AB_age_over 85_sex_Males.rda","statcan_weekly","historical_compact_prediction","available",
"canada__canada-sex__bc__0-44__female","canada_sex","north_america","BC","BC","BC","0-44","female","weekly",,"legacy","North_America/sex-stratified/Canada/fitted_model/BC_age_0-44_sex_Females.rda","statcan_weekly","historical_compact_prediction","available",
"canada__canada-sex__bc__0-44__male","canada_sex","north_america","BC","BC","BC","0-44","male","weekly",,"legacy","North_America/sex-stratified/Canada/fitted_model/BC_age_0-44_sex_Males.rda","statcan_weekly","historical_compact_prediction","available",
"canada__canada-sex__bc__45-64__female","canada_sex","north_america","BC","BC","BC","45-64","female","weekly",,"legacy","North_America/sex-stratified/Canada/fitted_model/BC_age_45-64_sex_Females.rda","statcan_weekly","historical_compact_prediction","available",
"canada__canada-sex__bc__45-64__male","canada_sex","north_america","BC","BC","BC","45-64","male","weekly",,"legacy","North_America/sex-stratified/Canada/fitted_model/BC_age_45-64_sex_Males.rda","statcan_weekly","historical_compact_prediction","available",
"canada__canada-sex__bc__65-84__female","canada_sex","north_america","BC","BC","BC","65-84","female","weekly",,"legacy","North_America/sex-stratified/Canada/fitted_model/BC_age_65-84_sex_Females.rda","statcan_weekly","historical_compact_prediction","available",
"canada__canada-sex__bc__65-84__male","canada_sex","north_america","BC","BC","BC","65-84","male","weekly",,"legacy","North_America/sex-stratified/Canada/fitted_model/BC_age_65-84_sex_Males.rda","statcan_weekly","historical_compact_prediction","available",
"canada__canada-sex__bc__85plus__female","canada_sex","north_america","BC","BC","BC","85+","female","weekly",,"legacy","North_America/sex-stratified/Canada/fitted_model/BC_age_over 85_sex_Females.rda","statcan_weekly","historical_compact_prediction","available",
"canada__canada-sex__bc__85plus__male","canada_sex","north_america","BC","BC","BC","85+","male","weekly",,"legacy","North_America/sex-stratified/Canada/fitted_model/BC_age_over 85_sex_Males.rda","statcan_weekly","historical_compact_prediction","available",
"canada__canada-sex__mb__0-44__female","canada_sex","north_america","MB","MB","MB","0-44","female","weekly",,"legacy","North_America/sex-stratified/Canada/fitted_model/MB_age_0-44_sex_Females.rda","statcan_weekly","historical_compact_prediction","available",
"canada__canada-sex__mb__0-44__male","canada_sex","north_america","MB","MB","MB","0-44","male","weekly",,"legacy","North_America/sex-stratified/Canada/fitted_model/MB_age_0-44_sex_Males.rda","statcan_weekly","historical_compact_prediction","available",
"canada__canada-sex__mb__45-64__female","canada_sex","north_america","MB","MB","MB","45-64","female","weekly",,"legacy","North_America/sex-stratified/Canada/fitted_model/MB_age_45-64_sex_Females.rda","statcan_weekly","historical_compact_prediction","available",
"canada__canada-sex__mb__45-64__male","canada_sex","north_america","MB","MB","MB","45-64","male","weekly",,"legacy","North_America/sex-stratified/Canada/fitted_model/MB_age_45-64_sex_Males.rda","statcan_weekly","historical_compact_prediction","available",
"canada__canada-sex__mb__65-84__female","canada_sex","north_america","MB","MB","MB","65-84","female","weekly",,"legacy","North_America/sex-stratified/Canada/fitted_model/MB_age_65-84_sex_Females.rda","statcan_weekly","historical_compact_prediction","available",
"canada__canada-sex__mb__65-84__male","canada_sex","north_america","MB","MB","MB","65-84","male","weekly",,"legacy","North_America/sex-stratified/Canada/fitted_model/MB_age_65-84_sex_Males.rda","statcan_weekly","historical_compact_prediction","available",
"canada__canada-sex__mb__85plus__female","canada_sex","north_america","MB","MB","MB","85+","female","weekly",,"legacy","North_America/sex-stratified/Canada/fitted_model/MB_age_over 85_sex_Females.rda","statcan_weekly","historical_compact_prediction","available",
"canada__canada-sex__mb__85plus__male","canada_sex","north_america","MB","MB","MB","85+","male","weekly",,"legacy","North_America/sex-stratified/Canada/fitted_model/MB_age_over 85_sex_Males.rda","statcan_weekly","historical_compact_prediction","available",
"canada__canada-sex__nb__0-44__female","canada_sex","north_america","NB","NB","NB","0-44","female","weekly",,"legacy","North_America/sex-stratified/Canada/fitted_model/NB_age_0-44_sex_Females.rda","statcan_weekly","historical_compact_prediction","available",
"canada__canada-sex__nb__0-44__male","canada_sex","north_america","NB","NB","NB","0-44","male","weekly",,"legacy","North_America/sex-stratified/Canada/fitted_model/NB_age_0-44_sex_Males.rda","statcan_weekly","historical_compact_prediction","available",
"canada__canada-sex__nb__45-64__female","canada_sex","north_america","NB","NB","NB","45-64","female","weekly",,"legacy","North_America/sex-stratified/Canada/fitted_model/NB_age_45-64_sex_Females.rda","statcan_weekly","historical_compact_prediction","available",
"canada__canada-sex__nb__45-64__male","canada_sex","north_america","NB","NB","NB","45-64","male","weekly",,"legacy","North_America/sex-stratified/Canada/fitted_model/NB_age_45-64_sex_Males.rda","statcan_weekly","historical_compact_prediction","available",
"canada__canada-sex__nb__65-84__female","canada_sex","north_america","NB","NB","NB","65-84","female","weekly",,"legacy","North_America/sex-stratified/Canada/fitted_model/NB_age_65-84_sex_Females.rda","statcan_weekly","historical_compact_prediction","available",
"canada__canada-sex__nb__65-84__male","canada_sex","north_america","NB","NB","NB","65-84","male","weekly",,"legacy","North_America/sex-stratified/Canada/fitted_model/NB_age_65-84_sex_Males.rda","statcan_weekly","historical_compact_prediction","available",
"canada__canada-sex__nb__85plus__female","canada_sex","north_america","NB","NB","NB","85+","female","weekly",,"legacy","North_America/sex-stratified/Canada/fitted_model/NB_age_over 85_sex_Females.rda","statcan_weekly","historical_compact_prediction","available",
"canada__canada-sex__nb__85plus__male","canada_sex","north_america","NB","NB","NB","85+","male","weekly",,"legacy","North_America/sex-stratified/Canada/fitted_model/NB_age_over 85_sex_Males.rda","statcan_weekly","historical_compact_prediction","available",
"canada__canada-sex__nl__0-44__female","canada_sex","north_america","NL","NL","NL","0-44","female","weekly",,"legacy","North_America/sex-stratified/Canada/fitted_model/NL_age_0-44_sex_Females.rda","statcan_weekly","historical_compact_prediction","available",
"canada__canada-sex__nl__0-44__male","canada_sex","north_america","NL","NL","NL","0-44","male","weekly",,"legacy","North_America/sex-stratified/Canada/fitted_model/NL_age_0-44_sex_Males.rda","statcan_weekly","historical_compact_prediction","available",
"canada__canada-sex__nl__45-64__female","canada_sex","north_america","NL","NL","NL","45-64","female","weekly",,"legacy","North_America/sex-stratified/Canada/fitted_model/NL_age_45-64_sex_Females.rda","statcan_weekly","historical_compact_prediction","available",
"canada__canada-sex__nl__45-64__male","canada_sex","north_america","NL","NL","NL","45-64","male","weekly",,"legacy","North_America/sex-stratified/Canada/fitted_model/NL_age_45-64_sex_Males.rda","statcan_weekly","historical_compact_prediction","available",
"canada__canada-sex__nl__65-84__female","canada_sex","north_america","NL","NL","NL","65-84","female","weekly",,"legacy","North_America/sex-stratified/Canada/fitted_model/NL_age_65-84_sex_Females.rda","statcan_weekly","historical_compact_prediction","available",
"canada__canada-sex__nl__65-84__male","canada_sex","north_america","NL","NL","NL","65-84","male","weekly",,"legacy","North_America/sex-stratified/Canada/fitted_model/NL_age_65-84_sex_Males.rda","statcan_weekly","historical_compact_prediction","available",
"canada__canada-sex__nl__85plus__female","canada_sex","north_america","NL","NL","NL","85+","female","weekly",,"legacy","North_America/sex-stratified/Canada/fitted_model/NL_age_over 85_sex_Females.rda","statcan_weekly","historical_compact_prediction","available",
"canada__canada-sex__nl__85plus__male","canada_sex","north_america","NL","NL","NL","85+","male","weekly",,"legacy","North_America/sex-stratified/Canada/fitted_model/NL_age_over 85_sex_Males.rda","statcan_weekly","historical_compact_prediction","available",
"canada__canada-sex__ns__0-44__female","canada_sex","north_america","NS","NS","NS","0-44","female","weekly",,"legacy","North_America/sex-stratified/Canada/fitted_model/NS_age_0-44_sex_Females.rda","statcan_weekly","historical_compact_prediction","available",
"canada__canada-sex__ns__0-44__male","canada_sex","north_america","NS","NS","NS","0-44","male","weekly",,"legacy","North_America/sex-stratified/Canada/fitted_model/NS_age_0-44_sex_Males.rda","statcan_weekly","historical_compact_prediction","available",
"canada__canada-sex__ns__45-64__female","canada_sex","north_america","NS","NS","NS","45-64","female","weekly",,"legacy","North_America/sex-stratified/Canada/fitted_model/NS_age_45-64_sex_Females.rda","statcan_weekly","historical_compact_prediction","available",
"canada__canada-sex__ns__45-64__male","canada_sex","north_america","NS","NS","NS","45-64","male","weekly",,"legacy","North_America/sex-stratified/Canada/fitted_model/NS_age_45-64_sex_Males.rda","statcan_weekly","historical_compact_prediction","available",
"canada__canada-sex__ns__65-84__female","canada_sex","north_america","NS","NS","NS","65-84","female","weekly",,"legacy","North_America/sex-stratified/Canada/fitted_model/NS_age_65-84_sex_Females.rda","statcan_weekly","historical_compact_prediction","available",
"canada__canada-sex__ns__65-84__male","canada_sex","north_america","NS","NS","NS","65-84","male","weekly",,"legacy","North_America/sex-stratified/Canada/fitted_model/NS_age_65-84_sex_Males.rda","statcan_weekly","historical_compact_prediction","available",
"canada__canada-sex__ns__85plus__female","canada_sex","north_america","NS","NS","NS","85+","female","weekly",,"legacy","North_America/sex-stratified/Canada/fitted_model/NS_age_over 85_sex_Females.rda","statcan_weekly","historical_compact_prediction","available",
"canada__canada-sex__ns__85plus__male","canada_sex","north_america","NS","NS","NS","85+","male","weekly",,"legacy","North_America/sex-stratified/Canada/fitted_model/NS_age_over 85_sex_Males.rda","statcan_weekly","historical_compact_prediction","available",
"canada__canada-sex__on__0-44__female","canada_sex","north_america","ON","ON","ON","0-44","female","weekly",,"legacy","North_America/sex-stratified/Canada/fitted_model/ON_age_0-44_sex_Females.rda","statcan_weekly","historical_compact_prediction","available",
"canada__canada-sex__on__0-44__male","canada_sex","north_america","ON","ON","ON","0-44","male","weekly",,"legacy","North_America/sex-stratified/Canada/fitted_model/ON_age_0-44_sex_Males.rda","statcan_weekly","historical_compact_prediction","available",
"canada__canada-sex__on__45-64__female","canada_sex","north_america","ON","ON","ON","45-64","female","weekly",,"legacy","North_America/sex-stratified/Canada/fitted_model/ON_age_45-64_sex_Females.rda","statcan_weekly","historical_compact_prediction","available",
"canada__canada-sex__on__45-64__male","canada_sex","north_america","ON","ON","ON","45-64","male","weekly",,"legacy","North_America/sex-stratified/Canada/fitted_model/ON_age_45-64_sex_Males.rda","statcan_weekly","historical_compact_prediction","available",
"canada__canada-sex__on__65-84__female","canada_sex","north_america","ON","ON","ON","65-84","female","weekly",,"legacy","North_America/sex-stratified/Canada/fitted_model/ON_age_65-84_sex_Females.rda","statcan_weekly","historical_compact_prediction","available",
"canada__canada-sex__on__65-84__male","canada_sex","north_america","ON","ON","ON","65-84","male","weekly",,"legacy","North_America/sex-stratified/Canada/fitted_model/ON_age_65-84_sex_Males.rda","statcan_weekly","historical_compact_prediction","available",
"canada__canada-sex__on__85plus__female","canada_sex","north_america","ON","ON","ON","85+","female","weekly",,"legacy","North_America/sex-stratified/Canada/fitted_model/ON_age_over 85_sex_Females.rda","statcan_weekly","historical_compact_prediction","available",
"canada__canada-sex__on__85plus__male","canada_sex","north_america","ON","ON","ON","85+","male","weekly",,"legacy","North_America/sex-stratified/Canada/fitted_model/ON_age_over 85_sex_Males.rda","statcan_weekly","historical_compact_prediction","available",
"canada__canada-sex__qc__0-44__female","canada_sex","north_america","QC","QC","QC","0-44","female","weekly",,"legacy","North_America/sex-stratified/Canada/fitted_model/QC_age_0-44_sex_Females.rda","statcan_weekly","historical_compact_prediction","available",
"canada__canada-sex__qc__0-44__male","canada_sex","north_america","QC","QC","QC","0-44","male","weekly",,"legacy","North_America/sex-stratified/Canada/fitted_model/QC_age_0-44_sex_Males.rda","statcan_weekly","historical_compact_prediction","available",
"canada__canada-sex__qc__45-64__female","canada_sex","north_america","QC","QC","QC","45-64","female","weekly",,"legacy","North_America/sex-stratified/Canada/fitted_model/QC_age_45-64_sex_Females.rda","statcan_weekly","historical_compact_prediction","available",
"canada__canada-sex__qc__45-64__male","canada_sex","north_america","QC","QC","QC","45-64","male","weekly",,"legacy","North_America/sex-stratified/Canada/fitted_model/QC_age_45-64_sex_Males.rda","statcan_weekly","historical_compact_prediction","available",
"canada__canada-sex__qc__65-84__female","canada_sex","north_america","QC","QC","QC","65-84","female","weekly",,"legacy","North_America/sex-stratified/Canada/fitted_model/QC_age_65-84_sex_Females.rda","statcan_weekly","historical_compact_prediction","available",
"canada__canada-sex__qc__65-84__male","canada_sex","north_america","QC","QC","QC","65-84","male","weekly",,"legacy","North_America/sex-stratified/Canada/fitted_model/QC_age_65-84_sex_Males.rda","statcan_weekly","historical_compact_prediction","available",
"canada__canada-sex__qc__85plus__female","canada_sex","north_america","QC","QC","QC","85+","female","weekly",,"legacy","North_America/sex-stratified/Canada/fitted_model/QC_age_over 85_sex_Females.rda","statcan_weekly","historical_compact_prediction","available",
"canada__canada-sex__qc__85plus__male","canada_sex","north_america","QC","QC","QC","85+","male","weekly",,"legacy","North_America/sex-stratified/Canada/fitted_model/QC_age_over 85_sex_Males.rda","statcan_weekly","historical_compact_prediction","available",
"canada__canada-sex__sk__0-44__female","canada_sex","north_america","SK","SK","SK","0-44","female","weekly",,"legacy","North_America/sex-stratified/Canada/fitted_model/SK_age_0-44_sex_Females.rda","statcan_weekly","historical_compact_prediction","available",
"canada__canada-sex__sk__0-44__male","canada_sex","north_america","SK","SK","SK","0-44","male","weekly",,"legacy","North_America/sex-stratified/Canada/fitted_model/SK_age_0-44_sex_Males.rda","statcan_weekly","historical_compact_prediction","available",
"canada__canada-sex__sk__45-64__female","canada_sex","north_america","SK","SK","SK","45-64","female","weekly",,"legacy","North_America/sex-stratified/Canada/fitted_model/SK_age_45-64_sex_Females.rda","statcan_weekly","historical_compact_prediction","available",
"canada__canada-sex__sk__45-64__male","canada_sex","north_america","SK","SK","SK","45-64","male","weekly",,"legacy","North_America/sex-stratified/Canada/fitted_model/SK_age_45-64_sex_Males.rda","statcan_weekly","historical_compact_prediction","available",
"canada__canada-sex__sk__65-84__female","canada_sex","north_america","SK","SK","SK","65-84","female","weekly",,"legacy","North_America/sex-stratified/Canada/fitted_model/SK_age_65-84_sex_Females.rda","statcan_weekly","historical_compact_prediction","available",
"canada__canada-sex__sk__65-84__male","canada_sex","north_america","SK","SK","SK","65-84","male","weekly",,"legacy","North_America/sex-stratified/Canada/fitted_model/SK_age_65-84_sex_Males.rda","statcan_weekly","historical_compact_prediction","available",
"canada__canada-sex__sk__85plus__female","canada_sex","north_america","SK","SK","SK","85+","female","weekly",,"legacy","North_America/sex-stratified/Canada/fitted_model/SK_age_over 85_sex_Females.rda","statcan_weekly","historical_compact_prediction","available",
"canada__canada-sex__sk__85plus__male","canada_sex","north_america","SK","SK","SK","85+","male","weekly",,"legacy","North_America/sex-stratified/Canada/fitted_model/SK_age_over 85_sex_Males.rda","statcan_weekly","historical_compact_prediction","available",
"europe__england-wales__england-wales__65-84__total","england_wales","europe","UK","England and Wales","UK","65-84","total","weekly",,"project","output/results/england_wales_corrected_20260830/fitted_model/England_Wales_65_84.rda","ons_england_wales","corrected_compact_prediction","available",
"europe__england-wales__england-wales__85plus__total","england_wales","europe","UK","England and Wales","UK","85+","total","weekly",,"project","output/results/england_wales_corrected_20260830/fitted_model/England_Wales_85_plus.rda","ons_england_wales","corrected_compact_prediction","available",
"europe__england-wales__england-wales__under-65__total","england_wales","europe","UK","England and Wales","UK","Under 65","total","weekly",,"project","output/results/england_wales_corrected_20260830/fitted_model/England_Wales_under_65.rda","ons_england_wales","corrected_compact_prediction","available",
"europe__ireland__ireland__25-44__total","ireland","europe","IE","Republic of Ireland","IE","25-44","total","quarterly",,"project","output/results/ireland_corrected_20260830/fitted_model/Ireland_25_44.rda","cso_ireland_quarterly","corrected_compact_prediction","available",
"europe__ireland__ireland__45-64__total","ireland","europe","IE","Republic of Ireland","IE","45-64","total","quarterly",,"project","output/results/ireland_corrected_20260830/fitted_model/Ireland_45_64.rda","cso_ireland_quarterly","corrected_compact_prediction","available",
"europe__ireland__ireland__65-84__total","ireland","europe","IE","Republic of Ireland","IE","65-84","total","quarterly",,"project","output/results/ireland_corrected_20260830/fitted_model/Ireland_65_84.rda","cso_ireland_quarterly","corrected_compact_prediction","available",
"europe__ireland__ireland__85plus__total","ireland","europe","IE","Republic of Ireland","IE","85+","total","quarterly",,"project","output/results/ireland_corrected_20260830/fitted_model/Ireland_85_plus.rda","cso_ireland_quarterly","corrected_compact_prediction","available",
